row_index,fold,y_true,proba,pred
0,2,0,0.2543654441833496,0
1,1,1,0.031719014048576355,0
2,3,0,0.00046469387598335743,0
3,3,0,0.002475807908922434,0
4,2,1,0.015899399295449257,0
5,2,1,0.054559849202632904,0
6,4,1,0.9528757333755493,1
7,1,1,0.4329167604446411,0
8,3,1,0.10770474374294281,0
9,2,1,0.9962128400802612,1
10,2,1,0.9455102682113647,1
11,2,1,0.9997177720069885,1
12,1,1,0.05540326237678528,0
13,3,0,0.567369818687439,1
14,0,1,0.4847846031188965,0
15,1,0,0.5019066333770752,1
16,0,0,0.11069311946630478,0
17,3,0,0.0805998221039772,0
18,4,1,0.9920207858085632,1
19,2,1,0.5575346946716309,1
20,2,0,0.09137798845767975,0
21,4,0,0.9010446071624756,1
22,4,0,0.9888689517974854,1
23,4,0,0.9847787022590637,1
24,4,1,0.6964974403381348,1
25,4,0,0.9856583476066589,1
26,4,0,0.9007683396339417,1
27,0,0,0.015705138444900513,0
28,3,1,0.9987757802009583,1
29,2,0,0.05275210738182068,0
30,3,0,0.8065612316131592,1
31,0,0,0.0463208332657814,0
32,4,0,0.16082948446273804,0
33,2,1,0.03884827345609665,0
34,2,1,0.9974996447563171,1
35,2,1,0.02412136271595955,0
36,2,1,0.9986569881439209,1
37,3,0,0.6684649586677551,1
38,1,0,0.14020955562591553,0
39,2,0,0.000513469974976033,0
40,3,0,0.8601683974266052,1
41,2,1,0.7514280676841736,1
42,2,0,0.0010711218928918242,0
43,0,0,0.49280619621276855,0
44,0,1,0.6677644848823547,1
45,0,1,0.5510522723197937,1
46,0,0,0.027856454253196716,0
47,0,1,0.996667206287384,1
48,0,0,0.034807223826646805,0
49,1,0,0.02061241865158081,0
50,4,0,0.00018322326650377363,0
51,3,1,0.8538239002227783,1
52,4,1,0.8945156931877136,1
53,4,1,0.962028980255127,1
54,4,1,0.4150853753089905,0
55,0,0,0.7435406446456909,1
56,3,0,0.022790050134062767,0
57,0,0,0.2923085689544678,0
58,4,1,0.9950326681137085,1
59,0,1,0.6679468154907227,1
60,1,0,0.14250516891479492,0
61,4,1,0.6348158717155457,1
62,4,1,0.34860801696777344,0
63,4,0,0.23236291110515594,0
64,2,0,0.02546081133186817,0
65,1,1,0.1496978998184204,0
66,1,0,0.3818393051624298,0
67,1,0,0.9924507737159729,1
68,4,0,0.029083499684929848,0
69,0,0,0.1814526915550232,0
70,1,1,0.9997945427894592,1
71,2,1,0.7497960925102234,1
72,2,1,0.9583685994148254,1
73,4,0,0.01853339746594429,0
74,2,0,0.5635741353034973,1
75,0,0,0.005360066425055265,0
76,0,1,0.997077465057373,1
77,0,1,0.99623703956604,1
78,1,1,0.02095543034374714,0
79,0,1,0.9993461966514587,1
80,3,0,0.2914891242980957,0
81,3,1,0.5215291976928711,1
82,2,1,0.6953759789466858,1
83,2,1,0.47394314408302307,0
84,2,0,0.3444749712944031,0
85,1,0,0.7032046318054199,1
86,1,1,0.489573210477829,0
87,1,1,0.489573210477829,0
88,3,0,0.910365879535675,1
89,3,0,0.16304002702236176,0
90,3,1,0.9365130662918091,1
91,4,0,0.2591002285480499,0
92,1,1,0.5479474067687988,1
93,4,1,0.9062243700027466,1
94,3,0,0.04164450988173485,0
95,3,1,0.2819294035434723,0
96,0,1,0.6384196281433105,1
97,0,0,0.5632843375205994,1
98,2,0,0.225633904337883,0
99,0,0,0.012356195598840714,0
100,3,0,0.49914056062698364,0
101,3,0,0.057569656521081924,0
102,3,1,0.4836328625679016,0
103,4,0,0.00046620858483947814,0
104,3,0,0.012421585619449615,0
105,3,1,0.32423049211502075,0
106,3,1,0.9748968482017517,1
107,0,1,0.9763005971908569,1
108,1,1,0.998880922794342,1
109,3,1,0.9475703239440918,1
110,2,0,0.24932502210140228,0
111,2,1,0.8026014566421509,1
112,0,1,0.5129831433296204,1
113,3,0,0.0004813940613530576,0
114,3,1,0.9811888337135315,1
115,1,1,0.9822300672531128,1
116,0,0,0.005080485250800848,0
117,2,0,0.8007689714431763,1
118,0,1,0.9965358972549438,1
119,0,0,0.03679320961236954,0
120,1,0,0.01868773065507412,0
121,1,0,0.013060608878731728,0
122,1,1,0.4166470170021057,0
123,4,1,0.9950326681137085,1
124,4,0,0.0036916707176715136,0
125,3,1,0.8602768778800964,1
126,0,0,0.4904947578907013,0
127,1,1,0.7501462697982788,1
128,3,0,0.0028858506120741367,0
129,0,1,0.999208390712738,1
130,2,1,0.45083609223365784,0
131,4,0,0.07715016603469849,0
132,4,0,0.13516609370708466,0
133,0,1,0.15366357564926147,0
134,2,0,0.17696310579776764,0
135,0,1,0.4924863576889038,0
136,3,0,0.02285655215382576,0
137,4,1,0.6262250542640686,1
138,4,0,0.7146525979042053,1
139,4,0,0.17567484080791473,0
140,0,0,0.004125253297388554,0
141,4,1,0.9791207313537598,1
142,4,1,0.979258120059967,1
143,3,1,0.6085503697395325,1
144,3,0,0.4586186408996582,0
145,1,1,0.9721028804779053,1
146,4,1,0.9950326681137085,1
147,4,0,0.026288865134119987,0
148,1,0,0.5430874824523926,1
149,3,0,0.00875193439424038,0
150,4,1,0.3525722026824951,0
151,2,1,0.5569176077842712,1
152,2,1,0.4014608561992645,0
153,1,0,0.14321723580360413,0
154,3,0,0.0026679604779928923,0
155,0,0,0.0002980323042720556,0
156,4,1,0.5738849639892578,1
157,4,0,0.6268211007118225,1
158,4,1,0.6268211007118225,1
159,4,0,0.020167233422398567,0
160,2,1,0.9880403876304626,1
161,0,1,0.12855024635791779,0
162,3,0,0.07394177466630936,0
163,3,1,0.2825649082660675,0
164,1,0,0.4810211658477783,0
165,2,0,0.5111214518547058,1
166,1,1,0.489573210477829,0
167,1,0,0.5479474067687988,1
168,1,0,0.102536141872406,0
169,2,1,0.9981008172035217,1
170,2,0,0.021360233426094055,0
171,2,1,0.9974996447563171,1
172,4,1,0.13586626946926117,0
173,4,0,0.07066057622432709,0
174,3,0,0.3253055810928345,0
175,4,1,0.23881015181541443,0
176,4,0,0.5577399134635925,1
177,1,1,0.7501462697982788,1
178,3,1,0.9979867935180664,1
179,3,1,0.9990394711494446,1
180,3,1,0.9971444010734558,1
181,0,1,0.11138811707496643,0
182,4,1,0.9989919066429138,1
183,2,0,0.02782168984413147,0
184,3,1,0.936547040939331,1
185,1,0,0.7997947335243225,1
186,4,1,0.979721188545227,1
187,1,1,0.0059583596885204315,0
188,1,1,0.9942506551742554,1
189,1,0,0.043336037546396255,0
190,4,0,0.005737129598855972,0
191,0,0,0.08773476630449295,0
192,1,0,0.035377584397792816,0
193,2,0,0.028023621067404747,0
194,1,0,0.0055247461423277855,0
195,1,1,0.7501462697982788,1
196,2,1,0.5583712458610535,1
197,2,1,0.5575346946716309,1
198,2,0,0.7514280676841736,1
199,0,0,0.4999468922615051,0
200,1,0,0.041458576917648315,0
201,2,0,0.7665215730667114,1
202,2,1,0.7514280676841736,1
203,0,0,0.05205175280570984,0
204,0,0,0.011761253699660301,0
205,0,0,0.005812258459627628,0
206,0,1,0.42226311564445496,0
207,0,0,0.08824644237756729,0
208,0,0,0.003949709702283144,0
209,0,0,0.6121176481246948,1
210,3,0,0.08446430414915085,0
211,3,1,0.9816486835479736,1
212,3,1,0.35950323939323425,0
213,0,0,0.5599288940429688,1
214,3,0,0.006160873454064131,0
215,4,1,0.3112224042415619,0
216,3,0,0.028972135856747627,0
217,1,0,0.005086613353341818,0
218,0,0,0.5535549521446228,1
219,1,0,0.005001560784876347,0
220,1,0,0.6570870280265808,1
221,2,1,0.9837755560874939,1
222,4,0,0.048546746373176575,0
223,2,1,0.9751190543174744,1
224,1,0,0.00014329729310702533,0
225,2,0,0.11813527345657349,0
226,4,0,0.489818274974823,0
227,0,1,0.9891864657402039,1
228,0,1,0.9965106844902039,1
229,4,1,0.9993559718132019,1
230,4,0,0.0041944789700210094,0
231,1,0,0.0019309683702886105,0
232,0,0,0.006351407617330551,0
233,3,0,0.3746648132801056,0
234,4,1,0.9972047209739685,1
235,4,0,0.06677759438753128,0
236,4,0,0.07482561469078064,0
237,4,1,0.11769670993089676,0
238,0,1,0.8972047567367554,1
239,3,0,0.030945923179388046,0
240,3,1,0.9944122433662415,1
241,0,0,0.013503959402441978,0
242,3,0,0.17811676859855652,0
243,4,0,0.3655626177787781,0
244,0,1,0.3718838691711426,0
245,1,1,0.9942622184753418,1
246,4,0,0.1684493124485016,0
247,1,1,0.9217697381973267,1
248,3,0,0.19138698279857635,0
249,1,1,0.9965879917144775,1
250,4,1,0.9840132594108582,1
251,2,0,0.041159071028232574,0
252,3,0,0.02003207430243492,0
253,2,1,0.976969838142395,1
254,2,1,0.5739963054656982,1
255,1,1,0.6168839931488037,1
256,2,1,0.36017337441444397,0
257,0,1,0.9679229855537415,1
258,0,1,0.9839510917663574,1
259,1,0,0.8993638753890991,1
260,1,1,0.9825260639190674,1
261,1,0,0.05151064321398735,0
262,0,0,0.3242034614086151,0
263,2,1,0.9972153902053833,1
264,2,1,0.9227321743965149,1
265,2,1,0.9968953132629395,1
266,2,1,0.9775952696800232,1
267,2,1,0.9985151886940002,1
268,3,1,0.9291542172431946,1
269,3,1,0.9990690350532532,1
270,2,1,0.14946232736110687,0
271,2,1,0.9982299208641052,1
272,1,0,0.8258657455444336,1
273,2,0,0.03476107120513916,0
274,0,1,0.4027373492717743,0
275,2,0,0.0010519144125282764,0
276,2,0,0.029900602996349335,0
277,0,0,0.1045444905757904,0
278,4,1,0.8283740878105164,1
279,3,0,0.119541697204113,0
280,3,0,0.0071396720595657825,0
281,2,1,0.27952060103416443,0
282,4,1,0.6121575832366943,1
283,2,1,0.4998612701892853,0
284,4,1,0.5003616809844971,1
285,2,0,0.003056873567402363,0
286,3,1,0.6523453593254089,1
287,2,1,0.9954583644866943,1
288,2,1,0.9980691075325012,1
289,3,0,0.31616494059562683,0
290,3,0,0.14687862992286682,0
291,3,0,0.07424981892108917,0
292,0,0,0.46408846974372864,0
293,3,0,0.766148567199707,1
294,4,0,0.489818274974823,0
295,2,1,0.25468432903289795,0
296,3,1,0.9957608580589294,1
297,3,1,0.9999204874038696,1
298,3,0,0.6055748462677002,1
299,3,0,0.09675051271915436,0
300,2,1,0.9943483471870422,1
301,1,0,0.00014152548101264983,0
302,0,0,0.4570974111557007,0
303,3,1,0.9958463311195374,1
304,3,1,0.009677338413894176,0
305,3,1,0.9958347082138062,1
306,0,1,0.5220222473144531,1
307,1,1,0.9983178377151489,1
308,2,0,0.5608140826225281,1
309,1,0,0.016325877979397774,0
310,0,0,0.3918866515159607,0
311,2,1,0.7421495318412781,1
312,1,0,0.2876536250114441,0
313,0,1,0.9892715215682983,1
314,2,1,0.3197021186351776,0
315,2,1,0.7091150283813477,1
316,4,0,0.3035438656806946,0
317,0,1,0.5774021148681641,1
318,3,1,0.9881560802459717,1
319,2,0,0.43756914138793945,0
320,3,1,0.2825649082660675,0
321,3,1,0.6523453593254089,1
322,1,0,0.22872331738471985,0
323,4,0,0.04428556188941002,0
324,3,1,0.0755988135933876,0
325,3,0,0.059117693454027176,0
326,3,0,0.3505748212337494,0
327,3,1,0.993719220161438,1
328,3,1,0.010281340219080448,0
329,3,0,0.008602484129369259,0
330,1,1,0.9822300672531128,1
331,1,0,0.007780212908983231,0
332,2,0,0.3342761993408203,0
333,0,0,0.20585061609745026,0
334,4,1,0.128567636013031,0
335,4,0,0.0048008570447564125,0
336,0,0,0.0014259903691709042,0
337,0,1,0.9994388222694397,1
338,0,0,0.00872783362865448,0
339,0,1,0.9994762539863586,1
340,0,1,0.9987377524375916,1
341,0,0,0.6394299268722534,1
342,0,1,0.9982154369354248,1
343,1,1,0.11677143722772598,0
344,0,1,0.9854832887649536,1
345,1,1,0.9960861206054688,1
346,1,1,0.9847350120544434,1
347,3,0,0.26200875639915466,0
348,4,0,0.0003978539607487619,0
349,4,0,0.6850250959396362,1
350,4,1,0.5267172455787659,1
351,4,1,0.2829923927783966,0
352,0,0,0.23046128451824188,0
353,1,0,0.5340501070022583,1
354,1,0,0.5916737914085388,1
355,1,0,0.042266856878995895,0
356,2,1,0.9558945894241333,1
357,0,0,0.07960833609104156,0
358,0,0,0.008749998174607754,0
359,0,0,0.0003703749389387667,0
360,0,1,0.5220222473144531,1
361,0,1,0.9955354928970337,1
362,3,0,7.398305751848966e-05,0
363,1,0,0.04901359975337982,0
364,1,0,0.01020906399935484,0
365,4,1,0.9902424216270447,1
366,0,1,0.0816543698310852,0
367,4,0,0.17908133566379547,0
368,0,0,0.005074005573987961,0
369,0,0,0.31545597314834595,0
370,0,0,0.5621634125709534,1
371,2,0,0.024328604340553284,0
372,2,0,0.5179919600486755,1
373,0,0,0.03904357925057411,0
374,0,0,0.07221488654613495,0
375,4,1,0.8235381245613098,1
376,3,0,0.28147006034851074,0
377,1,0,0.46554866433143616,0
378,1,1,0.9989023208618164,1
379,1,0,0.00028426037169992924,0
380,1,1,0.9968063831329346,1
381,0,1,0.9875028729438782,1
382,3,0,0.02138061262667179,0
383,3,1,0.9968968629837036,1
384,3,1,0.9777315258979797,1
385,0,1,0.7795253396034241,1
386,1,1,0.7887967228889465,1
387,0,1,0.9986106157302856,1
388,0,1,0.9845426082611084,1
389,0,1,0.6447886824607849,1
390,2,1,0.9905052781105042,1
391,0,0,0.12807442247867584,0
392,1,1,0.8793794512748718,1
393,1,0,0.0001174151839222759,0
394,2,1,0.9948458671569824,1
395,0,1,0.5220222473144531,1
396,4,1,0.2933398485183716,0
397,4,0,0.04885970428586006,0
398,3,0,0.008502776734530926,0
399,3,0,0.6999447345733643,1
400,1,1,0.9990609288215637,1
401,4,0,0.31449344754219055,0
402,0,0,0.11090335249900818,0
403,4,0,0.745612382888794,1
404,1,0,0.0488799549639225,0
405,0,0,0.02401311881840229,0
406,0,0,0.029905853793025017,0
407,1,0,0.014871597290039062,0
408,4,1,0.9968024492263794,1
409,2,1,0.12771841883659363,0
410,0,0,0.004862532485276461,0
411,4,1,0.6826019883155823,1
412,3,1,0.5464924573898315,1
413,3,1,0.3428078889846802,0
414,4,1,0.9984147548675537,1
415,3,1,0.9845126271247864,1
416,4,1,0.9986899495124817,1
417,2,1,0.9985712766647339,1
418,2,1,0.9986796975135803,1
419,2,1,0.9986796975135803,1
420,3,0,0.026959240436553955,0
421,4,1,0.6662160754203796,1
422,4,0,0.6018292903900146,1
423,4,0,0.6268211007118225,1
424,0,1,0.9976477026939392,1
425,0,0,0.0663006603717804,0
426,1,1,0.4166470170021057,0
427,3,1,0.9270880818367004,1
428,0,1,0.17201976478099823,0
429,0,1,0.49491655826568604,0
430,0,0,0.4924863576889038,0
431,4,0,0.035441379994153976,0
432,4,0,0.22201524674892426,0
433,2,0,0.0048111360520124435,0
434,2,1,0.49895986914634705,0
435,2,0,0.4794004261493683,0
436,2,0,0.7062974572181702,1
437,3,1,0.9890261292457581,1
438,3,1,0.8295915126800537,1
439,0,0,0.0005163436289876699,0
440,0,1,0.9994508624076843,1
441,3,0,0.0915406197309494,0
442,0,1,0.5551944971084595,1
443,2,0,0.03042398765683174,0
444,4,0,0.016651269048452377,0
445,4,1,0.985385537147522,1
446,4,1,0.9970212578773499,1
447,4,0,0.006132425740361214,0
448,4,0,0.04167381674051285,0
449,2,1,0.5635741353034973,1
450,2,0,0.0977952852845192,0
451,1,0,0.05004124343395233,0
452,4,0,0.022417711094021797,0
453,1,0,0.02360817976295948,0
454,1,0,0.6168839931488037,1
455,2,1,0.5635741353034973,1
456,3,1,0.9694743156433105,1
457,2,1,0.999333918094635,1
458,3,1,0.9890261292457581,1
459,3,0,0.18222928047180176,0
460,3,1,0.17012467980384827,0
461,2,0,0.3499651849269867,0
462,0,0,0.08364995568990707,0
463,2,1,0.9716459512710571,1
464,2,0,0.037644289433956146,0
465,1,0,0.05696840584278107,0
466,3,1,0.9993289709091187,1
467,3,1,0.9995682835578918,1
468,3,1,0.9988592863082886,1
469,3,0,0.7782365083694458,1
470,3,1,0.9993289709091187,1
471,3,1,0.9936105608940125,1
472,3,1,0.9816486835479736,1
473,2,1,0.5002344846725464,1
474,1,1,0.999451220035553,1
475,4,1,0.9998819828033447,1
476,4,1,0.99753737449646,1
477,3,1,0.5638678669929504,1
478,1,1,0.9994716048240662,1
479,4,0,0.01785263419151306,0
480,2,0,0.03445550799369812,0
481,0,1,0.8149800896644592,1
482,1,1,0.4329167604446411,0
483,4,0,0.08335815370082855,0
484,3,1,0.533730149269104,1
485,3,0,0.41965803503990173,0
486,0,1,0.41372430324554443,0
487,4,1,0.7916982769966125,1
488,2,0,0.44921237230300903,0
489,2,1,0.9924528002738953,1
490,3,0,0.0007099717622622848,0
491,1,0,0.6168839931488037,1
492,0,0,0.6677644848823547,1
493,0,1,0.5938247442245483,1
494,0,0,0.05442137271165848,0
495,3,0,0.00012982058979105204,0
496,3,0,0.006917333230376244,0
497,1,0,0.026409832760691643,0
498,4,1,0.6913447380065918,1
499,2,1,0.9880403876304626,1
500,2,1,0.9954788684844971,1
501,2,1,0.9665482044219971,1
502,2,1,0.99226975440979,1
503,2,0,0.001550590037368238,0
504,2,1,0.9924528002738953,1
505,2,0,0.22774845361709595,0
506,1,0,0.052247725427150726,0
507,0,0,0.18345926702022552,0
508,3,0,0.025571895763278008,0
509,4,0,0.3505535125732422,0
510,4,1,0.19976457953453064,0
511,0,1,0.12629826366901398,0
512,2,1,0.9948458671569824,1
513,3,1,0.008201438933610916,0
514,4,0,0.09479572623968124,0
515,4,1,0.9997151494026184,1
516,3,1,0.9831777215003967,1
517,3,1,0.9888439178466797,1
518,1,1,0.9990390539169312,1
519,1,0,0.013256686739623547,0
520,3,1,0.9634779095649719,1
521,1,0,0.22990378737449646,0
522,1,0,0.4571603834629059,0
523,1,1,0.3983997106552124,0
524,0,1,0.0184040330350399,0
525,4,0,0.09581265598535538,0
526,3,0,0.08722855150699615,0
527,3,1,0.9881560802459717,1
528,3,1,0.9748968482017517,1
529,3,0,0.00010523029777687043,0
530,4,0,0.06112087890505791,0
531,1,1,0.4411807060241699,0
532,4,1,0.5577399134635925,1
533,1,0,0.05720216780900955,0
534,1,1,0.9965879917144775,1
535,0,1,0.5673132538795471,1
536,4,1,0.9953959584236145,1
537,0,1,0.9971222281455994,1
538,0,0,0.9939901828765869,1
539,0,1,0.9932928085327148,1
540,0,1,0.9862686991691589,1
541,0,1,0.9976905584335327,1
542,0,0,0.007061795797199011,0
543,0,1,0.9967471361160278,1
544,4,0,0.004261634778231382,0
545,0,0,0.13843122124671936,0
546,4,1,0.9811329245567322,1
547,4,0,0.6243714690208435,1
548,2,0,0.03824133425951004,0
549,4,1,0.3720053732395172,0
550,1,0,0.1272377222776413,0
551,2,1,0.3342761993408203,0
552,2,0,0.13912333548069,0
553,4,1,0.9752997756004333,1
554,4,1,0.996349573135376,1
555,4,1,0.996349573135376,1
556,4,1,0.9846547842025757,1
557,1,1,0.9859482049942017,1
558,1,1,0.9931038022041321,1
559,0,0,0.12673179805278778,0
560,4,1,0.9962924122810364,1
561,1,0,0.04715495556592941,0
562,0,0,0.5510522723197937,1
563,4,0,0.30879393219947815,0
564,4,0,0.010968842543661594,0
565,0,0,0.46408846974372864,0
566,4,0,0.003389169694855809,0
567,1,0,0.6977071166038513,1
568,4,0,0.0063910214230418205,0
569,0,1,0.1262027770280838,0
570,3,1,0.4491184651851654,0
571,3,0,0.4491184651851654,0
572,2,0,0.5635741353034973,1
573,2,1,0.9974996447563171,1
574,2,1,0.9974996447563171,1
575,2,0,0.17772002518177032,0
576,2,1,0.9981008172035217,1
577,2,1,0.9981271624565125,1
578,0,1,0.9855380058288574,1
579,0,0,0.11818286031484604,0
580,0,1,0.9855380058288574,1
581,0,0,0.02178173139691353,0
582,0,0,0.002243906492367387,0
583,0,0,0.8019416332244873,1
584,0,0,0.23063671588897705,0
585,4,1,0.6268211007118225,1
586,4,0,0.7119364738464355,1
587,2,0,0.17009538412094116,0
588,3,1,0.6523453593254089,1
589,0,1,0.9908792972564697,1
590,1,1,0.24610432982444763,0
591,1,0,0.47407326102256775,0
592,1,1,0.4571603834629059,0
593,1,1,0.6482250690460205,1
594,2,1,0.731346607208252,1
595,1,0,0.15517835319042206,0
596,0,1,0.9990185499191284,1
597,0,1,0.9994827508926392,1
598,0,1,0.4027373492717743,0
599,1,1,0.017569342628121376,0
600,0,0,0.07565423846244812,0
601,3,1,0.9858893156051636,1
602,1,1,0.9924830794334412,1
603,3,0,0.15166953206062317,0
604,2,0,0.06946657598018646,0
605,0,1,0.966428816318512,1
606,4,0,0.023617204278707504,0
607,2,0,0.02539721131324768,0
608,2,0,0.01720256730914116,0
609,4,0,0.24777351319789886,0
610,2,1,0.997219443321228,1
611,0,1,0.8384786248207092,1
612,1,0,0.004490046761929989,0
613,0,1,0.9942711591720581,1
614,0,1,0.9658650159835815,1
615,0,0,0.8165260553359985,1
616,0,1,0.999208390712738,1
617,0,1,0.999208390712738,1
618,3,1,0.029810039326548576,0
619,1,1,0.917743444442749,1
620,4,0,0.009531110525131226,0
621,1,1,0.9988375306129456,1
622,1,1,0.990440845489502,1
623,1,1,0.9924830794334412,1
624,1,0,0.3580712378025055,0
625,1,1,0.5628645420074463,1
626,3,1,0.12098249793052673,0
627,1,1,0.03337271511554718,0
628,2,0,0.0184911098331213,0
629,0,1,0.36102649569511414,0
630,0,0,0.2152143120765686,0
631,0,0,0.7895712852478027,1
632,3,1,0.5464924573898315,1
633,4,0,0.5577399134635925,1
634,0,0,0.02577410824596882,0
635,3,1,0.0051976460963487625,0
636,0,0,0.0005796934710815549,0
637,0,1,0.9769789576530457,1
638,0,0,0.10095565021038055,0
639,1,0,0.06442003697156906,0
640,1,0,0.059172432869672775,0
641,2,1,0.40189892053604126,0
642,4,0,0.0036606392823159695,0
643,1,0,0.33533111214637756,0
644,4,0,0.5577399134635925,1
645,2,0,0.6953759789466858,1
646,4,0,0.04637313634157181,0
647,3,0,0.5813554525375366,1
648,3,0,0.593352198600769,1
649,3,0,0.593352198600769,1
650,0,1,0.991151750087738,1
651,1,0,0.08052725344896317,0
652,0,1,0.7999444603919983,1
653,0,1,0.99623703956604,1
654,0,1,0.9855380058288574,1
655,0,0,0.18394875526428223,0
656,2,1,0.9973970651626587,1
657,4,0,0.006517782807350159,0
658,2,0,0.008487329818308353,0
659,1,0,0.04045024886727333,0
660,2,1,0.9981051683425903,1
661,4,1,0.9887806177139282,1
662,0,0,0.3575475811958313,0
663,2,0,0.6015735864639282,1
664,0,1,0.42226311564445496,0
665,3,1,0.9845126271247864,1
666,2,0,0.018831798806786537,0
667,4,1,0.2753530740737915,0
668,2,1,0.3882264196872711,0
669,0,1,0.9949788451194763,1
670,4,0,0.014238392002880573,0
671,0,1,0.9936058521270752,1
672,4,0,0.26681432127952576,0
673,4,1,0.5577399134635925,1
674,3,1,0.7494962215423584,1
675,2,1,0.780025064945221,1
676,2,1,0.4155395030975342,0
677,4,1,0.9490199089050293,1
678,4,1,0.9397438764572144,1
679,0,1,0.9854832887649536,1
680,4,0,0.016396718099713326,0
681,4,0,0.0018507579807192087,0
682,4,1,0.9975898265838623,1
683,3,0,0.01007662620395422,0
684,0,1,0.7265684008598328,1
685,0,0,0.6041935086250305,1
686,0,1,0.4143660068511963,0
687,0,0,0.6622039675712585,1
688,0,0,0.5510522723197937,1
689,0,1,0.6677644848823547,1
690,0,1,0.6677644848823547,1
691,3,1,0.8284861445426941,1
692,0,0,0.07549896091222763,0
693,2,0,0.20123901963233948,0
694,4,0,0.0029530213214457035,0
695,2,0,0.45083609223365784,0
696,3,1,0.21219083666801453,0
697,3,1,0.06253621727228165,0
698,3,1,0.26736271381378174,0
699,1,0,0.8817929029464722,1
700,3,0,0.037132155150175095,0
701,0,0,0.04796045273542404,0
702,2,0,0.048945680260658264,0
703,0,0,0.9945916533470154,1
704,1,1,0.8342480063438416,1
705,0,0,0.027289744466543198,0
706,0,1,0.9976905584335327,1
707,0,0,0.1858581006526947,0
708,4,1,0.5577399134635925,1
709,4,0,0.5577399134635925,1
710,4,0,0.023238541558384895,0
711,1,1,0.9334744811058044,1
712,1,0,0.0073371874168515205,0
713,3,1,0.9928568601608276,1
714,1,1,0.9970468878746033,1
715,3,1,0.9995682835578918,1
716,3,0,0.0003636112087406218,0
717,3,1,0.9988592863082886,1
718,1,0,0.2428453266620636,0
719,0,1,0.9965927004814148,1
720,3,0,0.6523453593254089,1
721,4,0,0.23354631662368774,0
722,1,1,0.019383504986763,0
723,1,0,0.015024651773273945,0
724,4,0,0.09971674531698227,0
725,4,0,0.009837735444307327,0
726,4,1,0.9557142853736877,1
727,3,1,0.9995682835578918,1
728,0,0,0.5632843375205994,1
729,0,0,0.26231861114501953,0
730,0,0,0.19254186749458313,0
731,0,0,0.46408846974372864,0
732,0,1,0.49491655826568604,0
733,0,1,0.642362654209137,1
734,4,0,0.49078816175460815,0
735,1,0,0.0014836278278380632,0
736,1,1,0.9786034226417542,1
737,1,1,0.777513861656189,1
738,1,1,0.9926900267601013,1
739,0,0,0.47162023186683655,0
740,1,1,0.9402309656143188,1
741,1,0,0.6025866866111755,1
742,4,0,0.01582229696214199,0
743,1,0,0.015125030651688576,0
744,1,1,0.9900273680686951,1
745,1,1,0.9986453652381897,1
746,2,0,0.024120459333062172,0
747,2,1,0.7514280676841736,1
748,4,0,0.6018292903900146,1
749,2,0,0.08722922205924988,0
750,4,0,0.012195677496492863,0
751,4,0,0.00028911870322190225,0
752,4,1,0.9070017337799072,1
753,1,1,0.4166470170021057,0
754,0,0,0.5510522723197937,1
755,3,0,0.04506557434797287,0
756,2,1,0.9801446199417114,1
757,2,1,0.9931077361106873,1
758,4,0,0.19712649285793304,0
759,0,1,0.9976477026939392,1
760,0,0,0.10309118777513504,0
761,1,1,0.9843554496765137,1
762,2,0,0.16068653762340546,0
763,1,1,0.990440845489502,1
764,0,1,0.9386599659919739,1
765,0,0,0.057283852249383926,0
766,1,1,0.4571603834629059,0
767,1,0,0.27330902218818665,0
768,2,1,0.9716459512710571,1
769,2,0,0.11868033558130264,0
770,2,0,0.020267486572265625,0
771,2,1,0.9969884753227234,1
772,3,0,0.015900906175374985,0
773,3,1,0.9934306740760803,1
774,3,1,0.9936438798904419,1
775,1,1,0.9900273680686951,1
776,3,0,0.27541977167129517,0
777,2,0,0.0004034975136164576,0
778,1,0,0.44064897298812866,0
779,4,1,0.9270058870315552,1
780,1,1,0.4166470170021057,0
781,1,1,0.47574949264526367,0
782,0,0,0.0567498542368412,0
783,0,1,0.28859972953796387,0
784,2,1,0.5950139760971069,1
785,1,1,0.7021484375,1
786,4,0,0.00878382008522749,0
787,2,1,0.7514280676841736,1
788,2,1,0.2812766134738922,0
789,3,0,0.0581294447183609,0
790,3,1,0.055601246654987335,0
791,0,1,0.9883883595466614,1
792,3,1,0.14800815284252167,0
793,3,1,0.9845126271247864,1
794,1,0,0.12877967953681946,0
795,3,0,0.05429684370756149,0
796,4,0,0.29986461997032166,0
797,2,0,0.003788784146308899,0
798,2,0,0.06579861044883728,0
799,4,0,0.22028671205043793,0
800,2,0,0.5635741353034973,1
801,3,1,0.9777315258979797,1
802,3,1,0.99641352891922,1
803,0,1,0.965013325214386,1
804,0,1,0.998909592628479,1
805,3,1,0.4482502341270447,0
806,1,0,0.3169408142566681,0
807,0,1,0.8896296620368958,1
808,2,1,0.6953759789466858,1
809,3,0,0.025933822616934776,0
810,2,0,0.6953759789466858,1
811,2,0,0.3492811322212219,0
812,2,0,0.3504656255245209,0
813,0,1,0.998909592628479,1
814,0,1,0.9994388222694397,1
815,4,0,0.701131284236908,1
816,3,1,0.6505963206291199,1
817,2,0,0.5867636799812317,1
818,1,0,0.22940587997436523,0
819,0,1,0.9568162560462952,1
820,3,0,0.006745829712599516,0
821,4,0,0.5097302794456482,1
822,2,0,0.5002344846725464,1
823,3,0,0.5172444581985474,1
824,1,1,0.9934493899345398,1
825,2,0,0.09589739888906479,0
826,0,0,0.4025147557258606,0
827,2,0,0.010759471915662289,0
828,1,0,0.010036015883088112,0
829,4,0,0.6429930329322815,1
830,4,1,0.6300165057182312,1
831,1,0,0.8359163403511047,1
832,1,1,0.9998372793197632,1
833,1,0,0.40760281682014465,0
834,3,1,0.8601683974266052,1
835,3,0,0.49914056062698364,0
836,4,1,0.5039284825325012,1
837,0,0,0.4472007751464844,0
838,0,1,0.9904360175132751,1
839,4,1,0.4932602047920227,0
840,0,0,0.5739089846611023,1
841,2,0,0.2609120011329651,0
842,4,0,0.23441554605960846,0
843,1,1,0.617333710193634,1
844,4,0,0.0023876861669123173,0
845,4,0,0.16774943470954895,0
846,0,1,0.5220222473144531,1
847,0,0,0.01066901721060276,0
848,0,1,0.06890139728784561,0
849,0,1,0.996510922908783,1
850,1,0,0.00016849153325892985,0
851,0,0,0.47819021344184875,0
852,4,0,0.010908391326665878,0
853,2,0,0.24643370509147644,0
854,0,0,0.4904557466506958,0
855,3,1,0.9881560802459717,1
856,3,0,0.01667819544672966,0
857,0,1,0.9973405003547668,1
858,3,1,0.9988592863082886,1
859,3,0,0.42034557461738586,0
860,0,0,0.16311854124069214,0
861,0,1,0.996667206287384,1
862,0,1,0.993224024772644,1
863,2,1,0.9998152852058411,1
864,2,0,0.003082969691604376,0
865,2,0,0.13551762700080872,0
866,0,1,0.7265684008598328,1
867,0,0,0.07809624075889587,0
868,3,1,0.7494962215423584,1
869,1,1,0.44835349917411804,0
870,0,1,0.9191115498542786,1
871,3,1,0.8945463299751282,1
872,3,0,0.020188968628644943,0
873,3,0,0.024493088945746422,0
874,4,0,0.12875822186470032,0
875,0,1,0.695284903049469,1
876,2,1,0.43224596977233887,0
877,0,1,0.7225368618965149,1
878,4,1,0.32538139820098877,0
879,3,0,0.05506948009133339,0
880,3,0,0.04175809025764465,0
881,2,0,0.01440689992159605,0
882,2,0,0.7665215730667114,1
883,4,1,0.14222873747348785,0
884,3,0,0.13878555595874786,0
885,2,1,0.7421495318412781,1
886,3,1,0.6523453593254089,1
887,2,0,0.011640210635960102,0
888,4,0,0.2881114184856415,0
889,3,0,0.6751204133033752,1
890,3,1,0.7418836951255798,1
891,4,1,0.9920207858085632,1
892,0,0,0.13278928399085999,0
893,2,1,0.766282320022583,1
894,3,1,0.9748968482017517,1
895,3,1,0.9870826005935669,1
896,3,0,0.0060731456615030766,0
897,3,0,0.019923409447073936,0
898,2,0,0.023811008781194687,0
899,0,1,0.993224024772644,1
900,1,1,0.7501462697982788,1
901,4,0,0.627902626991272,1
902,0,0,0.15008768439292908,0
903,3,1,0.9785038828849792,1
904,3,0,0.49914056062698364,0
905,1,0,0.2377493679523468,0
906,2,1,0.9775952696800232,1
907,4,1,0.3112224042415619,0
908,4,0,0.08727934956550598,0
909,1,1,0.6660549640655518,1
910,4,0,0.14865067601203918,0
911,0,0,0.5477397441864014,1
912,4,0,0.0997820496559143,0
913,4,1,0.6429930329322815,1
914,0,0,0.09646068513393402,0
915,4,1,0.489818274974823,0
916,4,0,0.5163089036941528,1
917,4,1,0.44162681698799133,0
918,2,1,0.41160422563552856,0
919,3,0,0.3371468186378479,0
920,0,0,0.8267686367034912,1
921,0,1,0.1750648319721222,0
922,0,0,0.6041935086250305,1
923,0,0,0.6460741758346558,1
924,3,0,0.49914056062698364,0
925,3,1,0.9891397953033447,1
926,3,0,0.0003533115959726274,0
927,3,1,0.14790455996990204,0
928,2,0,0.0015792571939527988,0
929,3,1,0.9961363673210144,1
930,3,0,0.0009819312253966928,0
931,3,0,0.309021919965744,0
932,3,0,0.4426441788673401,0
933,4,0,0.17895591259002686,0
934,1,1,0.9977458119392395,1
935,2,0,0.8127237558364868,1
936,3,1,0.9937307834625244,1
937,3,0,0.054431989789009094,0
938,0,0,0.5220222473144531,1
939,1,1,0.9960285425186157,1
940,1,0,0.020247023552656174,0
941,1,1,0.990440845489502,1
942,0,1,0.9892420172691345,1
943,3,0,0.002843116642907262,0
944,2,0,0.03299960866570473,0
945,2,1,0.3482089936733246,0
946,4,1,0.3212381601333618,0
947,1,1,0.9988375306129456,1
948,1,1,0.9994295239448547,1
949,4,0,0.0676259770989418,0
950,2,0,0.43026578426361084,0
951,2,1,0.7514280676841736,1
952,1,0,0.4329167604446411,0
953,4,1,0.9970212578773499,1
954,4,0,0.17466819286346436,0
955,2,0,0.32484665513038635,0
956,1,1,0.7501462697982788,1
957,4,1,0.7235183715820312,1
958,2,1,0.9888471364974976,1
959,0,0,0.08305549621582031,0
960,2,0,0.26529204845428467,0
961,1,1,0.489573210477829,0
962,1,0,0.15364257991313934,0
963,1,0,0.7277770042419434,1
964,0,0,0.16240528225898743,0
965,1,0,0.4329167604446411,0
966,2,1,0.9974996447563171,1
967,2,0,0.33591678738594055,0
968,2,0,0.019922815263271332,0
969,2,1,0.9985405206680298,1
970,3,1,0.9777315258979797,1
971,3,0,0.06158209219574928,0
972,4,0,0.009610136970877647,0
973,1,0,0.6168839931488037,1
974,0,1,0.5420964360237122,1
975,1,0,0.04282974824309349,0
976,0,1,0.9754534363746643,1
977,4,1,0.5163089036941528,1
978,1,0,0.03795740753412247,0
979,1,1,0.16029518842697144,0
980,1,1,0.9728758335113525,1
981,3,0,0.17325212061405182,0
982,2,0,0.5776464939117432,1
983,2,0,0.012706241570413113,0
984,0,0,0.10470162332057953,0
985,0,1,0.49280619621276855,0
986,4,1,0.6082646250724792,1
987,3,1,0.990915834903717,1
988,3,1,0.9777315258979797,1
989,1,0,0.39752471446990967,0
990,2,0,0.19437068700790405,0
991,4,0,0.03828952834010124,0
992,4,1,0.8472045660018921,1
993,1,1,0.824767529964447,1
994,1,1,0.9875619411468506,1
995,4,1,0.997140645980835,1
996,3,0,0.04864828288555145,0
997,0,0,0.05701572820544243,0
998,1,0,0.14531351625919342,0
999,3,1,0.06385339796543121,0
1000,3,1,0.9749329686164856,1
1001,0,1,0.9859508872032166,1
1002,0,1,0.9839751720428467,1
1003,2,0,0.716235876083374,1
1004,4,0,0.030424633994698524,0
1005,3,1,0.998306393623352,1
1006,3,1,0.9988592863082886,1
1007,2,0,0.45083609223365784,0
1008,1,0,0.009002909064292908,0
1009,2,0,0.861583948135376,1
1010,1,0,0.32771602272987366,0
1011,4,0,0.7642212510108948,1
1012,0,0,0.04110770672559738,0
1013,1,1,0.9745272994041443,1
1014,1,1,0.9745272994041443,1
1015,1,1,0.01386876031756401,0
1016,4,0,0.03540731966495514,0
1017,0,0,0.23611827194690704,0
1018,0,1,0.6271580457687378,1
1019,0,0,0.4143660068511963,0
1020,0,0,0.6271580457687378,1
1021,2,1,0.48177939653396606,0
1022,0,1,0.6041935086250305,1
1023,3,0,0.5452311038970947,1
1024,2,1,0.9533049464225769,1
1025,2,0,0.3398401737213135,0
1026,4,1,0.9752997756004333,1
1027,2,1,0.45467671751976013,0
1028,2,0,0.08894403278827667,0
1029,2,1,0.9926539659500122,1
1030,1,0,0.03563660755753517,0
1031,3,1,0.3667926788330078,0
1032,4,0,0.6824674010276794,1
1033,2,0,0.024983467534184456,0
1034,2,1,0.9974996447563171,1
1035,2,0,0.0010443018982186913,0
1036,4,0,0.07160703092813492,0
1037,4,0,0.014317980036139488,0
1038,0,0,0.021138980984687805,0
1039,0,0,0.042784273624420166,0
1040,0,1,0.9958525896072388,1
1041,0,0,0.003493781201541424,0
1042,0,1,0.9997121691703796,1
1043,1,1,0.9984361529350281,1
1044,2,1,0.45688146352767944,0
1045,3,0,0.036512281745672226,0
1046,3,0,0.12098249793052673,0
1047,3,1,0.6505963206291199,1
1048,0,1,0.4949861764907837,0
1049,1,1,0.9951796531677246,1
1050,0,1,0.4027373492717743,0
1051,4,0,0.12349505722522736,0
1052,1,1,0.6319964528083801,1
1053,0,0,0.0003247391141485423,0
1054,2,1,0.998185932636261,1
1055,0,0,0.010351002216339111,0
1056,1,0,0.3728577792644501,0
1057,4,1,0.9821418523788452,1
1058,0,0,0.3298138976097107,0
1059,2,1,0.04516967013478279,0
1060,1,1,0.9875204563140869,1
1061,4,1,0.9558084607124329,1
1062,4,1,0.8950355648994446,1
1063,4,1,0.998712420463562,1
1064,4,1,0.9998270869255066,1
1065,3,1,0.5464924573898315,1
1066,1,1,0.6806548237800598,1
1067,0,1,0.3134514093399048,0
1068,0,0,0.12429323047399521,0
1069,0,0,0.14629456400871277,0
1070,2,0,0.0037517137825489044,0
1071,4,1,0.9899436235427856,1
1072,3,1,0.9960283041000366,1
1073,3,0,0.013469523750245571,0
1074,3,0,0.8066133856773376,1
1075,0,1,0.9992955923080444,1
1076,3,1,0.9714985489845276,1
1077,3,1,0.9850386381149292,1
1078,3,0,0.1003621369600296,0
1079,3,1,0.6368768215179443,1
1080,3,0,0.4836328625679016,0
1081,3,0,0.47804883122444153,0
1082,3,0,0.4836328625679016,0
1083,3,0,0.5836770534515381,1
1084,0,0,0.5551944971084595,1
1085,0,0,0.5966343879699707,1
1086,2,1,0.7514280676841736,1
1087,0,1,0.9908792972564697,1
1088,0,1,0.9745436906814575,1
1089,0,1,0.9974520802497864,1
1090,2,0,0.6558708548545837,1
1091,0,1,0.7225368618965149,1
1092,0,0,0.031623825430870056,0
1093,0,1,0.9989481568336487,1
1094,0,1,0.9991236329078674,1
1095,0,0,0.007389550097286701,0
1096,1,1,0.9542468786239624,1
1097,3,1,0.7545464038848877,1
1098,0,0,0.2704218924045563,0
1099,0,0,0.07027289271354675,0
1100,0,1,0.9908792972564697,1
1101,0,1,0.9935303330421448,1
1102,2,0,0.735690176486969,1
1103,4,1,0.985385537147522,1
1104,1,0,0.09599796682596207,0
1105,1,0,0.009662063792347908,0
1106,1,0,0.14098067581653595,0
1107,3,1,0.13550297915935516,0
1108,1,1,0.5430874824523926,1
1109,0,1,0.991151750087738,1
1110,0,1,0.9967471361160278,1
1111,1,0,0.26169124245643616,0
1112,1,1,0.9976747632026672,1
1113,2,0,0.5929861068725586,1
1114,3,1,0.9970910549163818,1
1115,1,1,0.0033932870719581842,0
1116,3,1,0.8675664067268372,1
1117,0,0,0.023542478680610657,0
1118,0,1,0.4949861764907837,0
1119,0,0,0.4949861764907837,0
1120,0,0,0.5632843375205994,1
1121,2,1,0.3348385989665985,0
1122,0,0,0.3134514093399048,0
1123,3,0,0.7249392867088318,1
1124,0,0,0.3134514093399048,0
1125,0,0,0.3134514093399048,0
1126,4,0,0.004616857040673494,0
1127,3,1,0.23009726405143738,0
1128,3,0,0.007439773064106703,0
1129,1,0,0.058883074671030045,0
1130,1,1,0.9976747632026672,1
1131,1,1,0.9987492561340332,1
1132,3,1,0.3890070617198944,0
1133,4,0,0.41887444257736206,0
1134,4,1,0.8457237482070923,1
1135,0,0,0.027204561978578568,0
1136,1,0,0.0069112698547542095,0
1137,1,0,0.04770893603563309,0
1138,1,0,0.007259948644787073,0
1139,0,1,0.4472007751464844,0
1140,0,0,0.08222029358148575,0
1141,0,0,0.5250434279441833,1
1142,0,0,0.5632843375205994,1
1143,0,1,0.5632843375205994,1
1144,0,0,0.5632843375205994,1
1145,0,1,0.18984147906303406,0
1146,0,0,0.532751202583313,1
1147,0,1,0.49491655826568604,0
1148,1,0,0.020289652049541473,0
1149,2,1,0.7702874541282654,1
1150,3,1,0.8601683974266052,1
1151,0,1,0.4027373492717743,0
1152,4,1,0.8125582337379456,1
1153,2,0,0.0013870166148990393,0
1154,0,0,0.046939048916101456,0
1155,2,0,0.43224596977233887,0
1156,3,0,0.04727531597018242,0
1157,2,0,0.06279730051755905,0
1158,3,1,0.999091386795044,1
1159,3,1,0.8543249368667603,1
1160,0,1,0.9191115498542786,1
1161,2,1,0.47218742966651917,0
1162,1,1,0.6843887567520142,1
1163,1,0,0.020309584215283394,0
1164,2,0,0.2641054093837738,0
1165,0,1,0.9990185499191284,1
1166,0,0,0.002722063334658742,0
1167,4,1,0.5318195223808289,1
1168,3,1,0.46693333983421326,0
1169,2,1,0.8144931197166443,1
1170,2,0,0.13095346093177795,0
1171,4,1,0.9941173791885376,1
1172,2,1,0.9979257583618164,1
1173,3,1,0.45239898562431335,0
1174,3,1,0.17177805304527283,0
1175,3,1,0.9984554052352905,1
1176,4,0,0.013171974569559097,0
1177,4,0,0.00044191989582031965,0
1178,2,0,0.013213193975389004,0
1179,4,1,0.6877521872520447,1
1180,3,0,0.03122442401945591,0
1181,0,0,0.09437872469425201,0
1182,0,0,0.46796783804893494,0
1183,1,1,0.9924830794334412,1
1184,1,1,0.990356981754303,1
1185,0,0,0.002746101701632142,0
1186,1,0,0.0067901406437158585,0
1187,1,0,0.28190454840660095,0
1188,3,1,0.5638678669929504,1
1189,3,0,0.12851443886756897,0
1190,1,0,0.06394632160663605,0
1191,2,0,0.010517780669033527,0
1192,1,1,0.6657336950302124,1
1193,2,0,0.2431391477584839,0
1194,3,0,0.5638678669929504,1
1195,3,0,0.008560657501220703,0
1196,3,0,0.11635502427816391,0
1197,3,0,0.6371257901191711,1
1198,4,1,0.9954690933227539,1
1199,3,1,0.7088707089424133,1
1200,3,0,0.5464924573898315,1
1201,3,0,0.7823221683502197,1
1202,3,0,0.010799472220242023,0
1203,1,1,0.9745272994041443,1
1204,0,0,0.021815527230501175,0
1205,0,1,0.9949788451194763,1
1206,3,1,0.9968968629837036,1
1207,3,1,0.9976062774658203,1
1208,3,0,0.016682114452123642,0
1209,3,0,0.04177166521549225,0
1210,0,0,0.4949861764907837,0
1211,0,0,0.13788624107837677,0
1212,3,0,0.0029103830456733704,0
1213,3,1,0.9115938544273376,1
1214,3,1,0.8893308639526367,1
1215,0,0,0.09221905469894409,0
1216,4,1,0.9070017337799072,1
1217,4,1,0.9858888983726501,1
1218,4,0,0.5811123847961426,1
1219,2,0,0.09493470937013626,0
1220,2,1,0.6866437196731567,1
1221,2,0,0.11398179829120636,0
1222,2,1,0.9903692603111267,1
1223,1,1,0.7753099799156189,1
1224,1,0,0.8477804660797119,1
1225,1,0,0.806681752204895,1
1226,1,1,0.8477804660797119,1
1227,1,0,0.7686557769775391,1
1228,1,1,0.9410904049873352,1
1229,4,1,0.8336350917816162,1
1230,4,1,0.9956527948379517,1
1231,2,0,0.45083609223365784,0
1232,4,1,0.9942833781242371,1
1233,4,0,0.0036537153646349907,0
1234,4,0,0.005142910871654749,0
1235,4,1,0.998589813709259,1
1236,1,1,0.039671141654253006,0
1237,3,0,0.00836794450879097,0
1238,0,1,0.99623703956604,1
1239,0,0,0.10083857923746109,0
1240,2,0,0.10688447952270508,0
1241,3,1,0.7386001944541931,1
1242,1,1,0.9722795486450195,1
1243,1,0,0.0005144326714798808,0
1244,1,0,0.016326047480106354,0
1245,2,1,0.3342761993408203,0
1246,4,1,0.9396272897720337,1
1247,1,0,0.6482250690460205,1
1248,1,0,0.4673675298690796,0
1249,1,1,0.46554866433143616,0
1250,1,1,0.39503851532936096,0
1251,1,0,0.13355405628681183,0
1252,1,1,0.758980393409729,1
1253,1,0,0.0026342272758483887,0
1254,1,0,0.023439418524503708,0
1255,3,0,0.4491184651851654,0
1256,1,0,0.0210722628980875,0
1257,1,1,0.8375324010848999,1
1258,1,1,0.4166470170021057,0
1259,1,0,0.2606302499771118,0
1260,0,0,0.4132843613624573,0
1261,4,0,0.5113617777824402,1
1262,3,1,0.5464924573898315,1
1263,0,0,0.36631137132644653,0
1264,4,0,0.489818274974823,0
1265,4,0,0.15761440992355347,0
1266,0,0,0.28968513011932373,0
1267,3,1,0.8069274425506592,1
1268,2,0,0.014696982689201832,0
1269,2,1,0.9980691075325012,1
1270,1,1,0.5783756971359253,1
1271,4,0,0.021128637716174126,0
1272,1,0,0.08342958986759186,0
1273,1,0,0.3295520544052124,0
1274,0,0,0.23084448277950287,0
1275,2,0,0.06545084714889526,0
1276,1,1,0.946372389793396,1
1277,1,0,0.006354288198053837,0
1278,1,1,0.989282488822937,1
1279,1,1,0.9932394027709961,1
1280,0,1,0.5510522723197937,1
1281,2,0,0.0066305953077971935,0
1282,2,1,0.9891037940979004,1
1283,1,1,0.8430214524269104,1
1284,4,0,0.9129252433776855,1
1285,4,0,0.009816832840442657,0
1286,4,1,0.9991075396537781,1
1287,2,1,0.38348686695098877,0
1288,1,0,0.44064897298812866,0
1289,3,0,0.1382327675819397,0
1290,3,0,0.16330774128437042,0
1291,0,0,0.4949861764907837,0
1292,4,0,0.632216215133667,1
1293,4,0,0.5113617777824402,1
1294,1,1,0.9913879036903381,1
1295,1,0,0.30929839611053467,0
1296,1,1,0.004877388942986727,0
1297,3,0,0.012438144534826279,0
1298,3,0,0.0025588874705135822,0
1299,0,1,0.5535549521446228,1
1300,3,0,0.9412714242935181,1
1301,3,1,0.9969838261604309,1
1302,1,0,0.03189869970083237,0
1303,0,0,0.5632843375205994,1
1304,0,1,0.18841533362865448,0
1305,0,1,0.06581331044435501,0
1306,1,1,0.9024643301963806,1
1307,3,0,0.08865512162446976,0
1308,0,1,0.3718838691711426,0
1309,4,0,0.007360548712313175,0
1310,3,1,0.8594955801963806,1
1311,0,1,0.6622039675712585,1
1312,0,1,0.996667206287384,1
1313,0,0,0.011927733197808266,0
1314,0,0,0.06732294708490372,0
1315,4,0,0.005509668495506048,0
1316,4,0,0.005386041477322578,0
1317,4,1,0.5059953927993774,1
1318,0,0,0.22207051515579224,0
1319,2,1,0.26044660806655884,0
1320,2,0,0.4789019823074341,0
1321,0,1,0.7670251131057739,1
1322,4,0,0.16215397417545319,0
1323,0,1,0.5535549521446228,1
1324,0,1,0.7473763227462769,1
1325,1,0,0.009092845022678375,0
1326,4,0,0.004968695808202028,0
1327,0,0,0.0006736834184266627,0
1328,0,0,0.47618043422698975,0
1329,2,0,0.025008440017700195,0
1330,2,1,0.052556924521923065,0
1331,3,0,0.26664015650749207,0
1332,2,0,0.12067686766386032,0
1333,3,0,0.22575567662715912,0
1334,2,0,0.4025542140007019,0
1335,0,0,0.00591108575463295,0
1336,3,1,0.8835088014602661,1
1337,0,0,0.3718838691711426,0
1338,2,0,0.011709016747772694,0
1339,2,0,0.018543297424912453,0
1340,4,0,0.4286658465862274,0
1341,3,0,0.9051036238670349,1
1342,3,0,0.06563745439052582,0
1343,3,1,0.9988592863082886,1
1344,3,1,0.9979867935180664,1
1345,3,1,0.9995682835578918,1
1346,2,1,0.9455102682113647,1
1347,2,0,0.019295647740364075,0
1348,2,1,0.956432580947876,1
1349,2,1,0.9876015782356262,1
1350,2,1,0.9455102682113647,1
1351,4,0,0.10325584560632706,0
1352,3,1,0.593352198600769,1
1353,3,1,0.593352198600769,1
1354,1,1,0.9970468878746033,1
1355,1,1,0.989282488822937,1
1356,1,0,0.1548984944820404,0
1357,2,0,0.020409155637025833,0
1358,3,0,0.6559141874313354,1
1359,3,1,0.024305006489157677,0
1360,4,0,0.3501138687133789,0
1361,2,0,0.059974800795316696,0
1362,2,1,0.6322669982910156,1
1363,2,0,0.5583712458610535,1
1364,3,0,0.053276486694812775,0
1365,1,0,0.23887653648853302,0
1366,2,0,0.14753714203834534,0
1367,1,0,0.1520652174949646,0
1368,4,0,0.5506994724273682,1
1369,1,1,0.3295520544052124,0
1370,4,1,0.7727003693580627,1
1371,0,1,0.8412595391273499,1
1372,0,1,0.671033501625061,1
1373,1,0,0.026013309136033058,0
1374,1,1,0.9979769587516785,1
1375,1,0,0.0003398365806788206,0
1376,4,0,0.003651537699624896,0
1377,4,1,0.9990204572677612,1
1378,4,0,0.0014381359796971083,0
1379,1,1,0.9890636801719666,1
1380,4,0,0.1598394513130188,0
1381,4,0,6.930446397745982e-05,0
1382,4,1,0.9975989460945129,1
1383,1,0,0.062127042561769485,0
1384,1,1,0.47967037558555603,0
1385,4,0,0.3443109095096588,0
1386,0,1,0.9994388222694397,1
1387,0,1,0.9339849352836609,1
1388,0,1,0.9994388222694397,1
1389,0,1,0.8028041124343872,1
1390,0,0,0.009451407007873058,0
1391,4,0,0.001351437414996326,0
1392,2,0,0.710924506187439,1
1393,2,1,0.6498034000396729,1
1394,0,1,0.7448911070823669,1
1395,1,0,0.4329167604446411,0
1396,0,1,0.5621634125709534,1
1397,1,0,0.4167478680610657,0
1398,3,0,0.06128121539950371,0
1399,4,0,0.008800828829407692,0
1400,3,1,0.9777315258979797,1
1401,1,0,0.010946699418127537,0
1402,1,0,0.009469334036111832,0
1403,3,1,0.9887247681617737,1
1404,1,0,0.040856730192899704,0
1405,4,0,0.11716404557228088,0
1406,0,1,0.9839751720428467,1
1407,3,1,0.17850597202777863,0
1408,1,0,0.03970867395401001,0
1409,4,0,0.0022436140570789576,0
1410,0,1,0.13596507906913757,0
1411,0,0,0.16837149858474731,0
1412,0,1,0.6041935086250305,1
1413,2,0,0.07332061231136322,0
1414,1,0,0.10341204702854156,0
1415,1,0,0.17195923626422882,0
1416,1,0,0.3368139863014221,0
1417,1,0,0.4571603834629059,0
1418,1,1,0.8374398350715637,1
1419,1,1,0.3747270107269287,0
1420,4,0,0.2172732651233673,0
1421,1,1,0.41654250025749207,0
1422,1,1,0.46554866433143616,0
1423,3,0,0.008524700999259949,0
1424,4,0,0.0709012970328331,0
1425,4,0,0.047083910554647446,0
1426,4,1,0.577029824256897,1
1427,4,1,0.4649876654148102,0
1428,4,0,0.32079145312309265,0
1429,3,0,0.013556599617004395,0
1430,4,0,0.1360866278409958,0
1431,0,0,0.008081424050033092,0
1432,0,0,0.02599073201417923,0
1433,2,1,0.08264345675706863,0
1434,2,1,0.9968953132629395,1
1435,2,0,0.06825911998748779,0
1436,2,0,0.0006833389052189887,0
1437,2,0,0.04863414168357849,0
1438,4,1,0.524827241897583,1
1439,1,1,0.9745272994041443,1
1440,1,1,0.9992192983627319,1
1441,1,1,0.9972659349441528,1
1442,2,1,0.5635741353034973,1
1443,4,1,0.09424170851707458,0
1444,4,0,0.2741386592388153,0
1445,3,1,0.9949283599853516,1
1446,3,1,0.5196226239204407,1
1447,4,1,0.02754509449005127,0
1448,3,1,0.9984962940216064,1
1449,3,1,0.4395243525505066,0
1450,2,0,0.0323307104408741,0
1451,2,0,0.0035583695862442255,0
1452,4,0,0.24668662250041962,0
1453,2,1,0.9897333979606628,1
1454,2,1,0.9989401698112488,1
1455,2,0,0.004827180411666632,0
1456,2,1,0.9962175488471985,1
1457,2,0,0.003959602676331997,0
1458,4,1,0.2423778474330902,0
1459,2,0,0.00030053441878408194,0
1460,2,1,0.9954788684844971,1
1461,3,0,0.02953486703336239,0
1462,1,1,0.1549329310655594,0
1463,4,0,0.6401594281196594,1
1464,4,1,0.998700737953186,1
1465,4,1,0.979258120059967,1
1466,3,0,0.05683808773756027,0
1467,4,0,0.004451994318515062,0
1468,3,1,0.022102773189544678,0
1469,3,0,0.6505963206291199,1
1470,0,0,0.001791842863894999,0
1471,0,0,0.05437105521559715,0
1472,0,0,0.04415936395525932,0
1473,4,0,0.21914610266685486,0
1474,3,0,0.10108630359172821,0
1475,0,0,0.9875310063362122,1
1476,1,0,0.25978919863700867,0
1477,3,1,0.927658200263977,1
1478,3,0,0.19710229337215424,0
1479,1,1,0.7997947335243225,1
1480,1,1,0.9795397520065308,1
1481,4,0,0.01496493723243475,0
1482,4,0,0.10809113830327988,0
1483,2,0,0.0076353708282113075,0
1484,2,0,0.03582435101270676,0
1485,0,1,0.18764279782772064,0
1486,4,0,0.008180346339941025,0
1487,2,1,0.7079432606697083,1
1488,2,0,0.10304665565490723,0
1489,2,0,0.004886592738330364,0
1490,4,1,0.9653586149215698,1
1491,2,1,0.9725038409233093,1
1492,1,0,0.06244676560163498,0
1493,0,0,0.6271580457687378,1
1494,2,1,0.7514280676841736,1
1495,1,1,0.9512073397636414,1
1496,1,1,0.9882932305335999,1
1497,2,1,0.9771094918251038,1
1498,2,0,0.039734601974487305,0
1499,0,1,0.9932611584663391,1
1500,0,1,0.9964978694915771,1
1501,3,0,0.01745622605085373,0
1502,4,1,0.19732092320919037,0
1503,4,1,0.999657392501831,1
1504,1,1,0.9737579226493835,1
1505,2,1,0.5569176077842712,1
1506,4,1,0.9660584330558777,1
1507,4,1,0.9986259937286377,1
1508,3,0,0.010010569356381893,0
1509,4,0,0.0010824048658832908,0
1510,0,0,0.1128283366560936,0
1511,0,1,0.6271580457687378,1
1512,0,1,0.5560527443885803,1
1513,0,0,0.0033962056040763855,0
1514,3,1,0.025962602347135544,0
1515,4,0,0.04192236438393593,0
1516,1,1,0.43501001596450806,0
1517,2,1,0.9964943528175354,1
1518,2,1,0.9667409062385559,1
1519,3,0,0.09598073363304138,0
1520,2,0,0.07428619265556335,0
1521,2,0,0.005426071118563414,0
1522,3,1,0.6371257901191711,1
1523,3,1,0.5482103824615479,1
1524,1,0,0.48702794313430786,0
1525,4,1,0.6429930329322815,1
1526,1,1,0.1689312607049942,0
1527,1,0,0.16228549182415009,0
1528,1,1,0.9646872878074646,1
1529,4,1,0.6348158717155457,1
1530,4,1,0.030595291405916214,0
1531,4,1,0.5059953927993774,1
1532,1,1,0.9926939010620117,1
1533,1,0,0.1842545121908188,0
1534,2,0,0.6560268998146057,1
1535,2,1,0.9986796975135803,1
1536,1,1,0.5628645420074463,1
1537,1,0,0.41654250025749207,0
1538,0,0,0.004327906761318445,0
1539,0,0,0.009587327018380165,0
1540,4,1,0.9990204572677612,1
1541,2,1,0.5583712458610535,1
1542,2,1,0.7514280676841736,1
1543,3,0,0.739484429359436,1
1544,2,0,0.031798478215932846,0
1545,2,0,0.7215999960899353,1
1546,3,1,0.49914056062698364,0
1547,2,0,0.027418967336416245,0
1548,4,1,0.3069143295288086,0
1549,2,0,0.05265964940190315,0
1550,0,0,0.7408112287521362,1
1551,2,1,0.6882460117340088,1
1552,2,0,0.09809516370296478,0
1553,3,0,0.8462655544281006,1
1554,4,1,0.6262250542640686,1
1555,2,0,0.40189892053604126,0
1556,2,1,0.7665215730667114,1
1557,2,1,0.5608140826225281,1
1558,1,0,0.26820966601371765,0
1559,2,0,0.006991294212639332,0
1560,3,1,0.8999055027961731,1
1561,1,0,0.041358139365911484,0
1562,2,0,0.0008750353008508682,0
1563,4,1,0.026807870715856552,0
1564,3,0,0.35423973202705383,0
1565,3,0,0.10941384732723236,0
1566,1,0,0.7193526029586792,1
1567,1,0,0.008553068153560162,0
1568,1,1,0.9854567646980286,1
1569,1,0,0.5054463744163513,1
1570,0,0,0.23850472271442413,0
1571,4,1,0.6826019883155823,1
1572,1,1,0.942145049571991,1
1573,0,0,0.027327241376042366,0
1574,1,0,0.006677360739558935,0
1575,1,1,0.9930182695388794,1
1576,1,0,0.008419973775744438,0
1577,1,0,0.02917175367474556,0
1578,1,0,0.5340501070022583,1
1579,1,0,0.0012516779825091362,0
1580,0,0,0.026973001658916473,0
1581,0,0,0.10071251541376114,0
1582,1,0,0.4166470170021057,0
1583,4,0,0.49078816175460815,0
1584,1,0,0.6690446734428406,1
1585,4,0,0.27437350153923035,0
1586,0,1,0.9807495474815369,1
1587,1,0,0.2815052270889282,0
1588,4,0,0.5003616809844971,1
1589,4,1,0.6018292903900146,1
1590,0,0,0.038727276027202606,0
1591,1,0,0.3795965313911438,0
1592,2,0,0.5970938205718994,1
1593,4,1,0.5577399134635925,1
1594,0,0,0.017751500010490417,0
1595,1,0,0.0014880473027005792,0
1596,4,1,0.6850250959396362,1
1597,1,0,0.04228592291474342,0
1598,1,0,0.00212741456925869,0
1599,2,0,0.016620153561234474,0
1600,1,1,0.6392823457717896,1
1601,0,1,0.17829671502113342,0
1602,4,1,0.9984147548675537,1
1603,4,0,0.00023919214436318725,0
1604,4,0,0.2760670781135559,0
1605,4,1,0.9060938954353333,1
1606,2,0,0.21373216807842255,0
1607,3,0,0.07228443771600723,0
1608,2,0,0.8023546934127808,1
1609,0,1,0.09629938006401062,0
1610,1,0,0.10136973112821579,0
1611,2,0,0.01941096968948841,0
1612,2,1,0.9818681478500366,1
1613,0,0,0.013631345704197884,0
1614,2,0,0.32627764344215393,0
1615,2,1,0.5357415676116943,1
1616,2,0,0.010704305954277515,0
1617,2,0,0.41179153323173523,0
1618,2,0,0.0006643719389103353,0
1619,1,0,0.5018985867500305,1
1620,4,0,0.5059953927993774,1
1621,1,0,0.5916737914085388,1
1622,4,1,0.16243556141853333,0
1623,4,0,0.0025568013079464436,0
1624,2,1,0.5422337651252747,1
1625,2,0,0.7514280676841736,1
1626,1,0,0.017806382849812508,0
1627,3,0,0.0047586290165781975,0
1628,0,1,0.8781402111053467,1
1629,4,0,0.08865703642368317,0
1630,3,1,0.980480432510376,1
1631,3,0,0.032422296702861786,0
1632,2,0,0.0046652378514409065,0
1633,1,1,0.016515593975782394,0
1634,2,1,0.5165764689445496,1
1635,4,1,0.6939153671264648,1
1636,4,1,0.5180692672729492,1
1637,2,0,0.4085196554660797,0
1638,1,1,0.5430874824523926,1
1639,4,0,0.5318195223808289,1
1640,3,0,0.3313722312450409,0
1641,0,1,0.5739089846611023,1
1642,4,1,0.5163089036941528,1
1643,1,0,0.009165841154754162,0
1644,3,0,0.32577332854270935,0
1645,2,0,0.0006903815665282309,0
1646,4,1,0.9863070845603943,1
1647,2,1,0.10809384286403656,0
1648,0,0,0.037007901817560196,0
1649,0,0,0.6041935086250305,1
1650,0,1,0.6041935086250305,1
1651,1,0,0.6514164805412292,1
1652,1,1,0.04124762862920761,0
1653,4,1,0.489818274974823,0
1654,2,0,0.47394314408302307,0
1655,1,0,0.038637153804302216,0
1656,3,0,0.471072256565094,0
1657,4,0,0.018910812214016914,0
1658,1,0,0.46425753831863403,0
1659,0,1,0.17203392088413239,0
1660,0,0,0.1260346621274948,0
1661,0,1,0.999157190322876,1
1662,1,1,0.9916565418243408,1
1663,2,0,0.482513427734375,0
1664,0,0,0.027723779901862144,0
1665,2,1,0.9972153902053833,1
1666,2,1,0.006689121015369892,0
1667,2,1,0.7111738920211792,1
1668,2,1,0.9991969466209412,1
1669,0,0,0.029690828174352646,0
1670,2,1,0.9920686483383179,1
1671,2,1,0.998185932636261,1
1672,2,1,0.8282501101493835,1
1673,0,0,0.01664792001247406,0
1674,3,1,0.28814512491226196,0
1675,2,1,0.5752774477005005,1
1676,1,0,0.8775829076766968,1
1677,3,0,0.4586186408996582,0
1678,1,1,0.15139524638652802,0
1679,1,1,0.9999836683273315,1
1680,3,0,0.4913422763347626,0
1681,1,0,0.06719193607568741,0
1682,2,0,0.1260201334953308,0
1683,2,0,0.53328937292099,1
1684,1,0,0.3890288174152374,0
1685,4,0,0.01997157745063305,0
1686,1,0,0.0014035170897841454,0
1687,0,1,0.9991828799247742,1
1688,0,1,0.9913994073867798,1
1689,0,0,0.0052440897561609745,0
1690,0,0,0.16026973724365234,0
1691,4,1,0.2933398485183716,0
1692,4,0,0.561629593372345,1
1693,4,0,0.4033057391643524,0
1694,4,1,0.5059953927993774,1
1695,4,1,0.4033057391643524,0
1696,3,0,0.010414297692477703,0
1697,0,0,0.012148250825703144,0
1698,1,1,0.9932739734649658,1
1699,1,1,0.4329167604446411,0
1700,4,0,0.24777351319789886,0
1701,3,0,0.06104540079832077,0
1702,3,0,0.6035184264183044,1
1703,2,0,0.013095356523990631,0
1704,2,1,0.53328937292099,1
1705,4,0,0.10609021782875061,0
1706,0,1,0.1876397281885147,0
1707,4,0,0.04677380248904228,0
1708,0,1,0.7467641830444336,1
1709,0,1,0.999803364276886,1
1710,4,0,0.07077892124652863,0
1711,4,1,0.7727003693580627,1
1712,0,0,0.3939083218574524,0
1713,4,1,0.37196555733680725,0
1714,3,1,0.03400572016835213,0
1715,3,0,0.8325169086456299,1
1716,2,0,0.013614417053759098,0
1717,2,1,0.013064935803413391,0
1718,3,1,0.9816288948059082,1
1719,3,1,0.9988868832588196,1
1720,3,1,0.5426728129386902,1
1721,3,1,0.4236050248146057,0
1722,3,1,0.9949283599853516,1
1723,3,0,0.10963831096887589,0
1724,4,0,0.489818274974823,0
1725,0,0,0.0008237463189288974,0
1726,1,1,0.9454494714736938,1
1727,4,1,0.4344157874584198,0
1728,1,0,0.02667933888733387,0
1729,1,0,0.05873643606901169,0
1730,0,0,0.03262888640165329,0
1731,2,1,0.3504656255245209,0
1732,2,1,0.3504656255245209,0
1733,1,0,0.03780883550643921,0
1734,4,0,0.02898785099387169,0
1735,3,0,0.02933521568775177,0
1736,4,0,0.010976750403642654,0
1737,2,0,0.3599138855934143,0
1738,2,0,0.04095962643623352,0
1739,0,1,0.6464253664016724,1
1740,0,1,0.9731278419494629,1
1741,4,1,0.4677130877971649,0
1742,3,0,0.7389484643936157,1
1743,2,1,0.516562283039093,1
1744,0,0,0.9637637138366699,1
1745,0,1,0.9875310063362122,1
1746,2,0,0.0017077203374356031,0
1747,2,0,0.7244155406951904,1
1748,4,1,0.9783480763435364,1
1749,4,0,0.0069836778566241264,0
1750,1,1,0.5912366509437561,1
1751,2,0,0.014460609294474125,0
1752,4,0,0.4033057391643524,0
1753,4,0,0.5059953927993774,1
1754,4,1,0.5059953927993774,1
1755,4,0,0.5059953927993774,1
1756,4,0,0.05904967337846756,0
1757,4,0,0.5059953927993774,1
1758,4,0,0.03764679655432701,0
1759,0,1,0.9931514263153076,1
1760,4,1,0.9983086585998535,1
1761,2,0,0.4711918532848358,0
1762,3,1,0.6505963206291199,1
1763,3,0,0.76360023021698,1
1764,0,0,0.031703975051641464,0
1765,3,0,0.1517118513584137,0
1766,4,0,0.02767818048596382,0
1767,1,0,0.23604907095432281,0
1768,0,0,0.02227925695478916,0
1769,2,1,0.4761071503162384,0
1770,4,1,0.9999445676803589,1
1771,1,1,0.9875204563140869,1
1772,3,0,0.3667926788330078,0
1773,1,0,0.03785904496908188,0
1774,4,0,0.34264838695526123,0
1775,2,1,0.019286252558231354,0
1776,0,0,0.040746018290519714,0
1777,2,0,0.6427578330039978,1
1778,1,0,0.7432990670204163,1
1779,1,0,0.7993469834327698,1
1780,4,1,0.07492681592702866,0
1781,3,1,0.12702006101608276,0
1782,4,0,0.0027981940656900406,0
1783,2,1,0.02877616323530674,0
1784,2,1,0.7413262724876404,1
1785,3,0,0.739484429359436,1
1786,1,0,0.14905370771884918,0
1787,4,1,0.9812770485877991,1
1788,4,1,0.969142735004425,1
1789,2,0,0.08594761788845062,0
1790,1,0,0.6906469464302063,1
1791,4,0,0.0025315892416983843,0
1792,3,0,0.5464924573898315,1
1793,2,0,0.8255034685134888,1
1794,1,0,0.011454884894192219,0
1795,3,0,0.5097653865814209,1
1796,0,0,0.005266547668725252,0
1797,2,1,0.9918465614318848,1
1798,2,0,0.006412097252905369,0
1799,3,0,0.9831950068473816,1
1800,3,1,0.984051525592804,1
1801,3,1,0.3236583173274994,0
1802,3,0,0.023137906566262245,0
1803,4,0,0.8178672194480896,1
1804,2,1,0.8030960559844971,1
1805,2,1,0.9973347187042236,1
1806,1,0,0.520161509513855,1
1807,0,0,0.4969143569469452,0
1808,1,0,0.009731296449899673,0
1809,0,1,0.8529111742973328,1
1810,3,1,0.9991193413734436,1
1811,3,1,0.16224758327007294,0
1812,4,0,0.8193548917770386,1
1813,4,0,0.4489131271839142,0
1814,2,1,0.7877874374389648,1
1815,0,0,0.07767724990844727,0
1816,0,0,0.022185390815138817,0
1817,1,0,0.7738231420516968,1
1818,4,0,0.07850687950849533,0
1819,3,0,0.11926146596670151,0
1820,4,0,0.46628811955451965,0
1821,1,0,0.014466473832726479,0
1822,2,0,0.22516793012619019,0
1823,2,0,0.17366819083690643,0
1824,1,0,0.056061409413814545,0
1825,2,0,0.04508247599005699,0
1826,0,0,0.003631703555583954,0
1827,0,1,0.0833354964852333,0
1828,1,0,0.4620284140110016,0
1829,3,1,0.9714985489845276,1
1830,3,0,0.0018294096225872636,0
1831,3,1,0.952386736869812,1
1832,0,1,0.5167903900146484,1
1833,0,1,0.9684328436851501,1
1834,1,1,0.47024497389793396,0
1835,1,0,0.2724262475967407,0
1836,2,0,0.7540846467018127,1
1837,2,1,0.6427578330039978,1
1838,0,0,0.043553389608860016,0
1839,1,0,0.43962088227272034,0
1840,0,1,0.502934992313385,1
1841,2,1,0.6241215467453003,1
1842,2,1,0.08771289885044098,0
1843,2,0,0.04324913024902344,0
1844,0,1,0.9802489876747131,1
1845,3,0,0.0051430207677185535,0
1846,4,0,0.00259773968718946,0
1847,0,1,0.9999703168869019,1
1848,0,1,0.9924903512001038,1
1849,0,1,0.9994388222694397,1
1850,0,0,0.003455911995843053,0
1851,0,1,0.9993914365768433,1
1852,0,1,0.9995068311691284,1
1853,0,1,0.9989481568336487,1
1854,4,1,0.9653586149215698,1
1855,4,1,0.5943352580070496,1
1856,3,0,0.09450093656778336,0
1857,2,1,0.522616982460022,1
1858,2,0,0.04311738908290863,0
1859,2,1,0.4782602787017822,0
1860,2,0,0.17034006118774414,0
1861,4,0,0.11076997220516205,0
1862,2,1,0.9995399713516235,1
1863,4,1,0.9960430860519409,1
1864,4,0,0.5977907776832581,1
1865,2,0,0.07449716329574585,0
1866,0,1,0.8768038749694824,1
1867,0,1,0.9875310063362122,1
1868,2,0,0.018031315878033638,0
1869,0,1,0.0099315932020545,0
1870,4,0,0.027357302606105804,0
1871,4,0,0.42411312460899353,0
1872,0,1,0.8680753707885742,1
1873,0,0,0.24462774395942688,0
1874,0,1,0.9994049072265625,1
1875,2,0,0.02446231059730053,0
1876,4,0,0.013642768375575542,0
1877,1,0,0.6127644181251526,1
1878,3,0,0.3934536576271057,0
1879,3,0,0.7070486545562744,1
1880,3,1,0.9996559619903564,1
1881,4,0,0.2700216472148895,0
1882,4,1,0.979258120059967,1
1883,4,1,0.9977787137031555,1
1884,3,1,0.8340349197387695,1
1885,0,0,0.5475578308105469,1
1886,2,0,0.0016364635666832328,0
1887,3,0,0.07358308881521225,0
1888,0,1,0.03278319165110588,0
1889,1,1,0.9954545497894287,1
1890,1,0,0.00205449340865016,0
1891,2,0,0.30806100368499756,0
1892,3,1,0.3934536576271057,0
1893,0,1,0.6390769481658936,1
1894,3,1,0.4471115171909332,0
1895,3,1,0.45263537764549255,0
1896,3,0,0.02978553995490074,0
1897,1,1,0.7727387547492981,1
1898,2,0,0.5136855244636536,1
1899,3,0,0.9066347479820251,1
1900,2,1,0.9820505380630493,1
1901,1,0,0.030071821063756943,0
1902,3,0,0.2596270740032196,0
1903,3,1,0.9990690350532532,1
1904,3,1,0.9988592863082886,1
1905,2,1,0.4229787588119507,0
1906,0,0,0.051613446325063705,0
1907,1,1,0.9683733582496643,1
1908,3,1,0.601787269115448,1
1909,3,1,0.7108483910560608,1
1910,3,0,0.8513961434364319,1
1911,4,1,0.9368165135383606,1
1912,4,1,0.6063013076782227,1
1913,2,0,0.0016042664647102356,0
1914,3,0,0.19996313750743866,0
1915,0,0,0.2021566480398178,0
1916,0,1,0.04982790723443031,0
1917,0,1,0.45207130908966064,0
1918,0,1,0.4708438217639923,0
1919,0,1,0.5436245799064636,1
1920,0,0,0.6464253664016724,1
1921,1,0,0.5533959865570068,1
1922,0,0,0.11118575930595398,0
1923,0,0,0.004358327016234398,0
1924,1,1,0.7884938716888428,1
1925,0,1,0.4613132178783417,0
1926,4,0,0.05641990527510643,0
1927,1,1,0.9955559372901917,1
1928,1,0,0.038650840520858765,0
1929,3,0,0.7152177691459656,1
1930,1,0,0.009847238659858704,0
1931,3,1,0.4908216893672943,0
1932,4,1,0.9743836522102356,1
1933,4,0,0.0023049465380609035,0
1934,2,1,0.061266131699085236,0
1935,2,0,0.19279390573501587,0
1936,2,1,0.9410408139228821,1
1937,1,0,0.07765432447195053,0
1938,0,0,0.0007590189925394952,0
1939,0,1,0.9995658993721008,1
1940,4,0,0.13061173260211945,0
1941,2,0,0.012886437587440014,0
1942,0,1,0.5213184356689453,1
1943,1,0,0.010585839860141277,0
1944,4,0,0.13019785284996033,0
1945,0,0,0.0025884099304676056,0
1946,0,1,0.8764227032661438,1
1947,1,0,0.0015471199294552207,0
1948,0,1,0.9421943426132202,1
1949,0,1,0.07111049443483353,0
1950,4,1,0.8701373934745789,1
1951,3,0,0.5389133095741272,1
1952,0,1,0.25790029764175415,0
1953,2,0,0.05483265221118927,0
1954,3,1,0.3876062333583832,0
1955,0,0,0.10763709992170334,0
1956,4,1,0.9864587187767029,1
1957,0,0,0.017808884382247925,0
1958,1,0,0.0019398042932152748,0
1959,4,0,0.0018811076879501343,0
1960,4,0,0.12266241759061813,0
1961,3,1,0.980480432510376,1
1962,1,0,0.02350984700024128,0
1963,1,0,0.028240518644452095,0
1964,1,0,0.004968584980815649,0
1965,0,1,0.9994388222694397,1
1966,3,1,0.978007972240448,1
1967,1,1,0.14760565757751465,0
1968,0,0,0.019791970029473305,0
1969,3,0,0.08598199486732483,0
1970,1,0,0.368976354598999,0
1971,4,0,0.8193548917770386,1
1972,1,0,0.00026723352493718266,0
1973,4,0,0.1436719447374344,0
1974,2,0,0.7478040456771851,1
1975,4,0,0.2781386077404022,0
1976,3,0,0.007112550549209118,0
1977,4,1,0.9998270869255066,1
1978,4,1,0.9957658052444458,1
1979,3,0,0.5895611643791199,1
1980,2,0,0.005473137833178043,0
1981,3,0,0.6621068716049194,1
1982,3,1,0.8999139070510864,1
1983,3,0,0.4482031464576721,0
1984,3,0,0.6621068716049194,1
1985,3,1,0.7522865533828735,1
1986,3,0,0.060601856559515,0
1987,0,0,0.01781156286597252,0
1988,2,0,0.06277225911617279,0
1989,1,1,0.011045251041650772,0
1990,2,0,0.039080217480659485,0
1991,0,0,0.04566241055727005,0
1992,3,0,0.17622965574264526,0
1993,1,0,0.06196501851081848,0
1994,4,0,0.07772062718868256,0
1995,4,1,0.99112868309021,1
1996,2,0,0.09271631389856339,0
1997,1,0,0.0034517087042331696,0
1998,1,0,0.02974286861717701,0
1999,1,0,0.27838224172592163,0
2000,1,1,0.9795397520065308,1
2001,1,1,0.9957572817802429,1
2002,1,1,0.9957572817802429,1
2003,1,1,0.5715311169624329,1
2004,0,1,0.9934759736061096,1
2005,4,1,0.6564096212387085,1
2006,4,1,0.9634576439857483,1
2007,3,1,0.9840559959411621,1
2008,1,0,0.3027680218219757,0
2009,3,0,0.7070486545562744,1
2010,0,0,0.8403226137161255,1
2011,3,0,0.8008304834365845,1
2012,0,1,0.007250270340591669,0
2013,4,0,0.02411837875843048,0
2014,3,1,0.998306393623352,1
2015,3,0,0.8340349197387695,1
2016,4,0,0.003671005368232727,0
2017,1,0,0.4788886308670044,0
2018,1,0,0.05417250841856003,0
2019,3,0,0.07634738832712173,0
2020,1,1,0.33501937985420227,0
2021,1,1,0.9667121767997742,1
2022,0,1,0.9933139681816101,1
2023,0,1,0.9922729730606079,1
2024,0,1,0.9923431277275085,1
2025,1,0,0.013728250749409199,0
2026,0,1,0.9908792972564697,1
2027,3,0,0.5490041971206665,1
2028,1,1,0.9778285026550293,1
2029,1,0,0.7366294264793396,1
2030,3,0,0.11507244408130646,0
2031,1,0,0.00026606000028550625,0
2032,2,1,0.1830785721540451,0
2033,3,1,0.6621068716049194,1
2034,2,1,0.6582561731338501,1
2035,0,1,0.9897688627243042,1
2036,0,0,0.008038166910409927,0
2037,3,0,0.035401180386543274,0
2038,3,0,0.005991270300000906,0
2039,3,0,0.007868862710893154,0
2040,3,0,0.12331345677375793,0
2041,2,0,0.5472461581230164,1
2042,0,0,0.009370711632072926,0
2043,0,0,0.13271097838878632,0
2044,3,0,0.015761220827698708,0
2045,3,0,0.14859023690223694,0
2046,2,1,0.9944238066673279,1
2047,4,0,0.11542186141014099,0
2048,4,0,0.6027024388313293,1
2049,2,1,0.3206234574317932,0
2050,3,0,7.348320650635287e-05,0
2051,3,1,0.9988545179367065,1
2052,3,1,0.927658200263977,1
2053,3,0,0.0011169837089255452,0
2054,0,1,0.6321622133255005,1
2055,2,0,0.06626345962285995,0
2056,3,1,0.434002161026001,0
2057,0,0,0.006248962599784136,0
2058,0,0,0.06973394751548767,0
2059,2,1,0.999313235282898,1
2060,2,0,0.04695118963718414,0
2061,0,0,0.060831308364868164,0
2062,0,0,0.10593918710947037,0
2063,2,0,0.06316162645816803,0
2064,1,0,0.6017057299613953,1
2065,2,1,0.6844538450241089,1
2066,2,0,0.0013822930632159114,0
2067,3,1,0.9951174259185791,1
2068,3,1,0.9904494881629944,1
2069,3,1,0.9823367595672607,1
2070,3,0,0.4286573827266693,0
2071,3,1,0.5576595067977905,1
2072,4,1,0.6508591771125793,1
2073,3,1,0.6621068716049194,1
2074,2,0,0.07299257814884186,0
2075,2,1,0.05992931127548218,0
2076,0,0,0.6625729203224182,1
2077,0,0,0.010786719620227814,0
2078,2,0,0.4149700403213501,0
2079,4,0,0.018097255378961563,0
2080,4,0,0.7552041411399841,1
2081,4,0,0.8556992411613464,1
2082,3,0,0.247197687625885,0
2083,4,1,0.9899929165840149,1
2084,4,1,0.9899929165840149,1
2085,4,0,0.2387840747833252,0
2086,4,0,0.8211317658424377,1
2087,1,0,0.1938827484846115,0
2088,4,1,0.9960430860519409,1
2089,4,0,0.00576152466237545,0
2090,2,0,0.5361256003379822,1
2091,0,1,0.07517840713262558,0
2092,0,1,0.9993461966514587,1
2093,1,1,0.9390852451324463,1
2094,4,1,0.05908060073852539,0
2095,0,0,0.06176703795790672,0
2096,3,1,0.036927688866853714,0
2097,4,0,0.0012700168881565332,0
2098,4,0,0.023262210190296173,0
2099,0,0,0.06192063167691231,0
2100,2,0,0.08889047801494598,0
2101,1,0,0.024562500417232513,0
2102,3,1,0.9957281947135925,1
2103,3,1,0.9743916392326355,1
2104,3,1,0.47719332575798035,0
2105,4,1,0.9423929452896118,1
2106,2,1,0.997219443321228,1
2107,4,1,0.5977907776832581,1
2108,2,1,0.33744996786117554,0
2109,1,0,0.4789142310619354,0
2110,0,0,0.013035991229116917,0
2111,0,1,0.010723967105150223,0
2112,0,0,0.0021323144901543856,0
2113,3,1,0.31848466396331787,0
2114,1,0,0.7271747589111328,1
2115,4,1,0.9719622731208801,1
2116,3,1,0.6054807901382446,1
2117,4,1,0.4135884642601013,0
2118,0,1,0.6055091619491577,1
2119,4,1,0.4135884642601013,0
2120,2,0,0.009756436571478844,0
2121,1,1,0.9962573051452637,1
2122,1,1,0.9962573051452637,1
2123,1,0,0.049492061138153076,0
2124,2,0,0.5220223069190979,1
2125,0,1,0.9976905584335327,1
2126,0,0,0.0027641775086522102,0
2127,0,0,0.0025000302121043205,0
2128,2,1,0.6514240503311157,1
2129,1,0,0.05929125100374222,0
2130,0,0,0.0013683782890439034,0
2131,0,0,0.09185490757226944,0
2132,2,0,0.7553855776786804,1
2133,3,1,0.9825186729431152,1
2134,4,0,0.4504881203174591,0
2135,4,0,0.2921193838119507,0
2136,4,0,0.06238989531993866,0
2137,1,0,0.018396949395537376,0
2138,1,0,0.026500191539525986,0
2139,0,1,0.45207130908966064,0
2140,1,0,0.05532165244221687,0
2141,2,0,0.131905198097229,0
2142,3,0,0.004691983573138714,0
2143,3,0,0.00019295101810712367,0
2144,0,1,0.1476716548204422,0
2145,0,0,0.013550186529755592,0
2146,0,0,0.1422070860862732,0
2147,2,0,0.0004718879354186356,0
2148,3,1,0.03560279309749603,0
2149,1,0,0.5739604234695435,1
2150,2,1,0.9646233916282654,1
2151,2,1,0.6367641687393188,1
2152,2,0,0.02246079407632351,0
2153,2,1,0.9997182488441467,1
2154,2,1,0.9970824122428894,1
2155,2,0,0.3550516664981842,0
2156,4,1,0.9957658052444458,1
2157,4,0,0.39383673667907715,0
2158,4,0,0.0010714903473854065,0
2159,4,1,0.9709252715110779,1
2160,3,0,0.7143888473510742,1
2161,1,1,0.9990805387496948,1
2162,1,1,0.9974433183670044,1
2163,1,0,0.001070552272722125,0
2164,1,1,0.9941086769104004,1
2165,3,0,0.14600291848182678,0
2166,0,0,0.4969143569469452,0
2167,4,0,0.008331995457410812,0
2168,1,0,0.6017057299613953,1
2169,1,1,0.9847350120544434,1
2170,3,1,0.5476142168045044,1
2171,1,0,0.05034106969833374,0
2172,4,0,0.12756013870239258,0
2173,3,0,0.7771928310394287,1
2174,3,0,0.5211660265922546,1
2175,1,1,0.47761422395706177,0
2176,2,0,0.6033836007118225,1
2177,2,1,0.9381222128868103,1
2178,2,1,0.9820505380630493,1
2179,2,0,0.004254419356584549,0
2180,3,0,0.27116772532463074,0
2181,2,1,0.9963257908821106,1
2182,2,0,0.00036350463051348925,0
2183,2,1,0.7073895931243896,1
2184,4,0,0.11338943243026733,0
2185,2,0,0.05427172780036926,0
2186,2,0,0.6532760262489319,1
2187,3,1,0.6357071399688721,1
2188,3,0,0.5482596158981323,1
2189,2,0,0.046141237020492554,0
2190,4,1,0.6953915953636169,1
2191,4,0,0.4677130877971649,0
2192,4,1,0.3976871967315674,0
2193,4,1,0.8569109439849854,1
2194,4,0,0.004940000828355551,0
2195,4,0,0.4135884642601013,0
2196,2,0,0.006928135175257921,0
2197,0,0,0.23826287686824799,0
2198,4,1,0.9763420820236206,1
2199,0,0,0.022247007116675377,0
2200,3,0,0.4264504909515381,0
2201,3,1,0.987015962600708,1
2202,3,1,0.9774661660194397,1
2203,4,0,0.5220433473587036,1
2204,2,1,0.5138471126556396,1
2205,3,0,0.7143888473510742,1
2206,2,1,0.44905009865760803,0
2207,4,1,0.9874312877655029,1
2208,4,1,0.01306516956537962,0
2209,3,1,0.9943082928657532,1
2210,0,0,0.9807495474815369,1
2211,2,0,0.05312328785657883,0
2212,2,0,0.013695569708943367,0
2213,0,0,0.4008297324180603,0
2214,4,0,0.0017746050143614411,0
2215,0,1,0.14837056398391724,0
2216,1,1,0.38565418124198914,0
2217,1,0,0.020021477714180946,0
2218,3,1,0.9891198873519897,1
2219,2,0,0.16130340099334717,0
2220,0,0,0.2013166844844818,0
2221,2,0,0.32066383957862854,0
2222,2,0,0.7248969674110413,1
2223,2,1,0.3809988796710968,0
2224,2,1,0.354835569858551,0
2225,2,0,0.6299614310264587,1
2226,2,0,0.3140546977519989,0
2227,1,1,0.8258657455444336,1
2228,4,0,0.007112118881195784,0
2229,3,1,0.061840154230594635,0
2230,1,0,0.01091709453612566,0
2231,1,0,0.0008748614927753806,0
2232,2,0,0.01009661890566349,0
2233,1,1,0.5070579051971436,1
2234,2,0,0.07241130620241165,0
2235,0,0,0.11006483435630798,0
2236,4,0,0.10663441568613052,0
2237,3,0,0.9868733286857605,1
2238,3,0,0.563122570514679,1
2239,3,0,0.056973978877067566,0
2240,4,1,0.5298148989677429,1
2241,2,0,0.7478040456771851,1
2242,1,0,0.05367372930049896,0
2243,1,0,0.1317930370569229,0
2244,1,1,0.9962849617004395,1
2245,1,1,0.9857088327407837,1
2246,1,1,0.9913655519485474,1
2247,2,1,0.9905373454093933,1
2248,4,0,0.06838767975568771,0
2249,0,1,0.45207130908966064,0
2250,2,1,0.4143327474594116,0
2251,1,1,0.9501892328262329,1
2252,4,1,0.4626111686229706,0
2253,1,1,0.3764812648296356,0
2254,0,0,0.0005179446889087558,0
2255,1,0,0.01314704492688179,0
2256,0,0,0.07348241657018661,0
2257,2,1,0.7478040456771851,1
2258,4,1,0.07197291404008865,0
2259,2,0,0.5138471126556396,1
2260,2,1,0.9763869643211365,1
2261,0,1,0.9959502220153809,1
2262,0,1,0.9934759736061096,1
2263,4,1,0.9991075396537781,1
2264,3,0,0.0997573733329773,0
2265,4,0,0.021947041153907776,0
2266,4,0,0.24844828248023987,0
2267,1,1,0.9758350849151611,1
2268,0,0,0.0006869661156088114,0
2269,1,0,0.013309245929121971,0
2270,2,1,0.9820505380630493,1
2271,3,1,0.13564053177833557,0
2272,0,0,0.08919231593608856,0
2273,0,1,0.9807495474815369,1
2274,4,0,0.17875365912914276,0
2275,3,0,0.3556467294692993,0
2276,3,0,0.11399959027767181,0
2277,2,1,0.4170653820037842,0
2278,1,1,0.9795397520065308,1
2279,0,0,0.23367299139499664,0
2280,1,1,0.9932739734649658,1
2281,0,0,0.47815391421318054,0
2282,2,0,0.09347947686910629,0
2283,1,1,0.22876541316509247,0
2284,3,0,0.13717474043369293,0
2285,1,0,0.0443434976041317,0
2286,1,0,0.7884938716888428,1
2287,2,1,0.7478040456771851,1
2288,4,1,0.4793761074542999,0
2289,4,1,0.5817661285400391,1
2290,3,0,0.5070573091506958,1
2291,3,0,0.45263537764549255,0
2292,2,0,0.6691041588783264,1
2293,3,0,0.11989352107048035,0
2294,2,0,0.06880713999271393,0
2295,3,0,0.060259733349084854,0
2296,3,0,0.002751794410869479,0
2297,2,0,0.04976066201925278,0
2298,1,0,0.004363361746072769,0
2299,0,1,0.9883870482444763,1
2300,0,0,0.0004902058281004429,0
2301,3,0,0.026120811700820923,0
2302,0,1,0.9930160045623779,1
2303,0,1,0.998932421207428,1
2304,1,0,0.5533959865570068,1
2305,4,0,0.6949135065078735,1
2306,0,0,0.12969361245632172,0
2307,2,0,0.010089334100484848,0
2308,2,0,0.06262360513210297,0
2309,2,0,0.008588908240199089,0
2310,1,0,0.013515552505850792,0
2311,0,1,0.9908792972564697,1
2312,2,0,0.2801882028579712,0
2313,0,1,0.9875310063362122,1
2314,0,0,0.17371344566345215,0
2315,3,0,0.017847517505288124,0
2316,3,0,0.01845000684261322,0
2317,0,1,0.9993388056755066,1
2318,4,0,0.0067295171320438385,0
2319,2,0,0.014689374715089798,0
2320,3,0,0.06260360777378082,0
2321,3,1,0.9935729503631592,1
2322,2,0,0.40492361783981323,0
2323,2,0,0.13631662726402283,0
2324,0,0,0.0034671660978347063,0
2325,0,1,0.975498616695404,1
2326,0,0,0.0976877212524414,0
2327,3,1,0.9986749291419983,1
2328,3,1,0.9938306212425232,1
2329,4,0,0.8289996981620789,1
2330,1,1,0.7907437086105347,1
2331,1,0,0.03323476016521454,0
2332,1,1,0.9988375306129456,1
2333,2,0,0.026232143864035606,0
2334,1,0,0.0011718336027115583,0
2335,1,1,0.9985107779502869,1
2336,4,0,0.2811577618122101,0
2337,3,1,0.9850386381149292,1
2338,3,1,0.9960283041000366,1
2339,0,1,0.554175078868866,1
2340,1,0,0.9317784905433655,1
2341,3,0,0.17850597202777863,0
2342,0,1,0.9867594838142395,1
2343,1,1,0.9947726130485535,1
2344,2,1,0.9980096220970154,1
2345,0,1,0.9913994073867798,1
2346,1,1,0.623625636100769,1
2347,4,1,0.10141128301620483,0
2348,4,0,0.0024955237749964,0
2349,2,1,0.6114139556884766,1
2350,1,0,0.12882041931152344,0
2351,1,1,0.993313729763031,1
2352,2,0,0.05728603154420853,0
2353,2,1,0.9962128400802612,1
2354,1,0,0.4788886308670044,0
2355,4,1,0.8345574736595154,1
2356,0,0,0.02956203743815422,0
2357,3,0,0.0008817593916319311,0
2358,3,0,0.0196449626237154,0
2359,1,1,0.9986305236816406,1
2360,1,0,0.31368643045425415,0
2361,4,0,0.797137975692749,1
2362,1,0,0.15064087510108948,0
2363,1,0,0.006470882799476385,0
2364,2,1,0.010962555184960365,0
2365,0,0,0.048239707946777344,0
2366,1,0,0.08694371581077576,0
2367,1,1,0.9931994080543518,1
2368,1,0,0.07816547900438309,0
2369,3,1,0.6555150747299194,1
2370,1,0,0.13879002630710602,0
2371,0,1,0.7042524218559265,1
2372,4,1,0.4504881203174591,0
2373,4,1,0.4504881203174591,0
2374,1,1,0.9942622184753418,1
2375,2,1,0.997219443321228,1
2376,2,1,0.9455102682113647,1
2377,2,1,0.9992874264717102,1
2378,0,1,0.9927634596824646,1
2379,0,1,0.6606760621070862,1
2380,0,1,0.3492419421672821,0
2381,0,1,0.9953472018241882,1
2382,3,0,0.05834369733929634,0
2383,2,1,0.48372387886047363,0
2384,2,0,0.009618491865694523,0
2385,2,0,0.5297397375106812,1
2386,4,0,0.002695022616535425,0
2387,0,1,0.9867594838142395,1
2388,0,0,0.007184282410889864,0
2389,4,1,0.9986580610275269,1
2390,3,1,0.9916433095932007,1
2391,2,0,0.006751864217221737,0
2392,3,1,0.01329956203699112,0
2393,2,1,0.9992287158966064,1
2394,2,1,0.9995294809341431,1
2395,0,1,0.9971222281455994,1
2396,3,0,0.24443753063678741,0
2397,2,0,0.0025670742616057396,0
2398,2,0,0.05779925733804703,0
2399,1,0,0.024646468460559845,0
2400,1,0,0.008182509802281857,0
2401,2,0,0.017592765390872955,0
2402,0,0,0.5141998529434204,1
2403,3,1,0.20011402666568756,0
2404,0,1,0.9930160045623779,1
2405,0,1,0.998932421207428,1
2406,0,0,0.3994234502315521,0
2407,0,0,0.013439200818538666,0
2408,0,1,0.9930160045623779,1
2409,3,0,0.5144994258880615,1
2410,3,0,0.11578640341758728,0
2411,3,1,0.8340349197387695,1
2412,3,0,0.6763834357261658,1
2413,4,0,0.04273908957839012,0
2414,3,0,0.19703228771686554,0
2415,3,0,0.44801560044288635,0
2416,4,0,0.08938217908143997,0
2417,0,1,0.9982154369354248,1
2418,3,1,0.9957371950149536,1
2419,3,1,0.9935729503631592,1
2420,0,0,0.014611462131142616,0
2421,3,1,0.9935729503631592,1
2422,0,0,0.08977685123682022,0
2423,3,1,0.980480432510376,1
2424,4,1,0.9716708064079285,1
2425,4,0,0.022548668086528778,0
2426,3,0,0.0018752453615888953,0
2427,2,0,0.5422337651252747,1
2428,2,1,0.9820505380630493,1
2429,1,0,0.1249585896730423,0
2430,1,1,0.9418966770172119,1
2431,1,0,0.22876541316509247,0
2432,1,1,0.9918234944343567,1
2433,4,0,0.04327346384525299,0
2434,4,0,0.20541834831237793,0
2435,0,1,0.9995068311691284,1
2436,0,1,0.9987377524375916,1
2437,0,1,0.5202142000198364,1
2438,0,1,0.9831191897392273,1
2439,4,1,0.5097965002059937,1
2440,0,0,0.6552412509918213,1
2441,3,0,0.3704466223716736,0
2442,4,1,0.8391632437705994,1
2443,3,0,0.1457882821559906,0
2444,1,0,0.12415684014558792,0
2445,4,0,0.21548792719841003,0
2446,2,1,0.7478040456771851,1
2447,4,0,0.029501136392354965,0
2448,2,0,0.14611966907978058,0
2449,4,0,0.006266056094318628,0
2450,4,1,0.9225391745567322,1
2451,4,0,0.2353808432817459,0
2452,4,0,0.012255385518074036,0
2453,1,1,0.9924141764640808,1
2454,3,0,0.3922325670719147,0
2455,3,1,0.9840559959411621,1
2456,0,1,0.10825823992490768,0
2457,1,0,0.0688130110502243,0
2458,2,0,0.020236440002918243,0
2459,4,0,0.028490636497735977,0
2460,3,0,0.45263537764549255,0
2461,2,0,0.053324081003665924,0
2462,0,0,0.41783010959625244,0
2463,1,1,0.9511991143226624,1
2464,1,0,0.008552477695047855,0
2465,1,1,0.9962849617004395,1
2466,1,1,0.8178790807723999,1
2467,1,1,0.9986453652381897,1
2468,1,0,0.003353853477165103,0
2469,1,0,0.007154336664825678,0
2470,0,0,0.092693030834198,0
2471,4,0,0.8169832229614258,1
2472,3,0,0.6253537535667419,1
2473,2,1,0.999333918094635,1
2474,0,1,0.42038822174072266,0
2475,1,0,0.5128912925720215,1
2476,4,0,0.01314218807965517,0
2477,0,0,0.11316391080617905,0
2478,0,1,0.3667384386062622,0
2479,3,0,0.06063272804021835,0
2480,0,0,0.11787275969982147,0
2481,0,1,0.4969143569469452,0
2482,4,0,0.008236456662416458,0
2483,4,1,0.020287081599235535,0
2484,1,1,0.9226855635643005,1
2485,0,0,0.42226311564445496,0
2486,0,0,0.03504004329442978,0
2487,4,0,0.0026170113123953342,0
2488,4,0,0.05353890359401703,0
2489,4,0,0.05962894856929779,0
2490,4,0,0.014459976926445961,0
2491,3,0,0.1746044158935547,0
2492,1,1,0.984622061252594,1
2493,0,1,0.1395815908908844,0
2494,4,0,0.022841880097985268,0
2495,3,1,0.4103354513645172,0
2496,3,0,0.4471115171909332,0
2497,3,0,0.030785130336880684,0
2498,2,1,0.8903518915176392,1
2499,2,0,0.002594652818515897,0
2500,1,0,0.029551677405834198,0
2501,3,1,0.053004804998636246,0
2502,2,0,0.0416220985352993,0
2503,2,1,0.6934794187545776,1
2504,1,0,0.029116127640008926,0
2505,3,0,0.024129580706357956,0
2506,2,0,0.2918195426464081,0
2507,2,0,0.052883755415678024,0
2508,2,0,0.1208166554570198,0
2509,2,0,0.9973254203796387,1
2510,3,0,0.00552847795188427,0
2511,2,0,0.1996726095676422,0
2512,1,0,0.32740628719329834,0
2513,2,0,0.05379170551896095,0
2514,4,1,0.5097965002059937,1
2515,4,1,0.4626111686229706,0
2516,2,0,0.5388637781143188,1
2517,0,0,0.026929723098874092,0
2518,3,1,0.9993589520454407,1
2519,2,1,0.5219722986221313,1
2520,2,1,0.9990264177322388,1
2521,1,1,0.1376698762178421,0
2522,0,1,0.995169460773468,1
2523,0,1,0.9923431277275085,1
2524,0,0,0.0029453434981405735,0
2525,0,1,0.8933885097503662,1
2526,1,1,0.9990609288215637,1
2527,1,1,0.4788886308670044,0
2528,2,0,0.6503911018371582,1
2529,1,0,0.025384433567523956,0
2530,2,1,0.998289167881012,1
2531,4,0,0.04205330088734627,0
2532,4,0,0.323230117559433,0
2533,4,1,0.4677130877971649,0
2534,4,0,0.707077145576477,1
2535,2,1,0.9912664294242859,1
2536,4,1,0.9991338849067688,1
2537,4,1,0.9989172220230103,1
2538,1,1,0.9947723746299744,1
2539,1,0,0.10495442152023315,0
2540,4,0,0.1921173632144928,0
2541,3,0,0.76360023021698,1
2542,3,0,0.010950705967843533,0
2543,1,1,0.6017057299613953,1
2544,3,1,0.3442564904689789,0
2545,2,0,0.008018476888537407,0
2546,3,1,0.4908216893672943,0
2547,4,1,0.8193548917770386,1
2548,4,0,0.4504881203174591,0
2549,3,1,0.912635326385498,1
2550,4,0,0.04101090505719185,0
2551,2,1,0.7402904629707336,1
2552,2,0,0.031663358211517334,0
2553,1,0,0.00503996666520834,0
2554,2,1,0.6241215467453003,1
2555,1,1,0.4229114353656769,0
2556,2,0,0.02102987840771675,0
2557,0,0,0.03749915957450867,0
2558,1,0,0.02659210003912449,0
2559,1,0,0.2588682472705841,0
2560,1,1,0.8209070563316345,1
2561,4,1,0.17152653634548187,0
2562,4,1,0.025868674740195274,0
2563,0,1,0.9953729510307312,1
2564,2,0,0.5297397375106812,1
2565,2,0,0.6114139556884766,1
2566,2,1,0.4042712450027466,0
2567,3,0,0.1621294468641281,0
2568,4,0,0.01087913103401661,0
2569,0,1,0.9913994073867798,1
2570,1,0,0.029033873230218887,0
2571,4,1,0.5817661285400391,1
2572,2,0,0.029855119064450264,0
2573,3,0,0.14689256250858307,0
2574,3,0,0.7070486545562744,1
2575,3,1,0.7070486545562744,1
2576,1,0,0.035171300172805786,0
2577,1,0,0.023618832230567932,0
2578,3,1,0.4028165638446808,0
2579,3,1,0.1132371723651886,0
2580,4,0,0.0027492111548781395,0
2581,3,1,0.016631441190838814,0
2582,3,0,0.3934536576271057,0
2583,3,0,0.7070486545562744,1
2584,4,0,0.6469888091087341,1
2585,1,0,0.9519177675247192,1
2586,2,0,0.004995441995561123,0
2587,0,0,0.816656231880188,1
2588,3,0,0.10882258415222168,0
2589,3,0,0.8092954754829407,1
2590,3,0,0.005731512326747179,0
2591,4,1,0.012694546021521091,0
2592,1,1,0.9924141764640808,1
2593,4,0,0.6274031400680542,1
2594,3,0,0.6253537535667419,1
2595,1,1,0.9970468878746033,1
2596,1,0,0.0055898139253258705,0
2597,3,1,0.4298151135444641,0
2598,3,1,0.9983348250389099,1
2599,2,1,0.5844182968139648,1
2600,2,0,0.6850071549415588,1
2601,0,0,0.6625729203224182,1
2602,2,0,0.49312078952789307,0
2603,1,1,0.9947726130485535,1
2604,1,0,0.22817111015319824,0
2605,1,0,0.023349104449152946,0
2606,1,0,0.0006515212007798254,0
2607,1,1,0.9985952973365784,1
2608,2,1,0.6465349793434143,1
2609,1,1,0.11693423986434937,0
2610,1,1,0.9999651908874512,1
2611,1,0,0.27384015917778015,0
2612,3,0,0.041147515177726746,0
2613,0,0,0.2588626444339752,0
2614,2,0,0.0005849509034305811,0
2615,2,1,0.9974690675735474,1
2616,3,0,0.02340676821768284,0
2617,3,1,0.5855908989906311,1
2618,0,0,0.0006022154702804983,0
2619,0,1,0.9297161102294922,1
2620,1,0,0.031786464154720306,0
2621,1,0,0.009774244390428066,0
2622,3,0,0.027679957449436188,0
2623,0,0,0.6625729203224182,1
2624,0,1,0.5436245799064636,1
2625,0,1,0.5232865214347839,1
2626,2,0,0.7478040456771851,1
2627,3,0,0.09334581345319748,0
2628,4,1,0.033902015537023544,0
2629,0,1,0.5504525303840637,1
2630,3,1,0.7522865533828735,1
2631,2,0,0.43215352296829224,0
2632,3,1,0.9935729503631592,1
2633,3,1,0.9979503750801086,1
2634,3,1,0.3041864037513733,0
2635,3,0,0.026821866631507874,0
2636,2,1,0.4143327474594116,0
2637,0,1,0.5621857643127441,1
2638,1,1,0.6873495578765869,1
2639,1,0,0.4138859510421753,0
2640,1,1,0.6873495578765869,1
2641,1,1,0.6017057299613953,1
2642,1,0,0.5819082260131836,1
2643,2,1,0.9820505380630493,1
2644,2,1,0.9994630217552185,1
2645,0,1,0.8225569128990173,1
2646,0,0,0.007083495147526264,0
2647,0,0,0.018743829801678658,0
2648,4,1,0.03019251860678196,0
2649,4,0,0.02734922245144844,0
2650,4,0,0.021916523575782776,0
2651,4,1,0.2103801667690277,0
2652,4,0,0.0002226446522399783,0
2653,4,0,0.002269262447953224,0
2654,0,0,0.11818286031484604,0
2655,1,1,0.9992340803146362,1
2656,1,0,0.1282348483800888,0
2657,1,0,0.11587762087583542,0
2658,4,1,0.4657231867313385,0
2659,3,1,0.6555150747299194,1
2660,4,0,0.021466944366693497,0
2661,3,1,0.8255856037139893,1
2662,1,0,0.13878686726093292,0
2663,2,0,0.5241914391517639,1
2664,4,0,0.0745467096567154,0
2665,2,1,0.9992874264717102,1
2666,2,1,0.9970299005508423,1
2667,2,1,0.9991969466209412,1
2668,3,1,0.9960283041000366,1
2669,1,1,0.003643857082352042,0
2670,1,1,0.7539002299308777,1
2671,3,1,0.28814512491226196,0
2672,2,0,0.0458439476788044,0
2673,2,0,0.019806351512670517,0
2674,2,1,0.05875147506594658,0
2675,0,1,0.9990185499191284,1
2676,0,0,0.9757375717163086,1
2677,4,0,0.07764196395874023,0
2678,3,1,0.8761667609214783,1
2679,2,1,0.41950473189353943,0
2680,1,1,0.981261134147644,1
2681,1,1,0.9737579226493835,1
2682,4,1,0.05018213391304016,0
2683,1,0,0.1526632308959961,0
2684,1,1,0.999612033367157,1
2685,4,0,0.1620509922504425,0
2686,1,0,0.007391089573502541,0
2687,0,1,0.9833125472068787,1
2688,1,0,0.7647765874862671,1
2689,0,0,0.5056797862052917,1
2690,4,0,0.5943352580070496,1
2691,3,1,0.5112018585205078,1
2692,2,0,0.05380244553089142,0
2693,0,0,0.03847566246986389,0
2694,0,0,0.24554038047790527,0
2695,1,0,0.0011733431601896882,0
2696,1,1,0.9246538877487183,1
2697,0,0,0.7666866183280945,1
2698,4,1,0.43865060806274414,0
2699,4,0,0.8569109439849854,1
2700,4,1,0.7797347903251648,1
2701,0,0,0.7623363137245178,1
2702,4,0,0.4135884642601013,0
2703,3,0,0.02383095771074295,0
2704,1,0,0.024571189656853676,0
2705,0,1,0.08773617446422577,0
2706,1,0,0.005283578764647245,0
2707,1,1,0.9118875861167908,1
2708,4,0,0.11198626458644867,0
2709,4,1,0.09296267479658127,0
2710,0,0,0.512077271938324,1
2711,2,0,0.014629624783992767,0
2712,3,0,0.018322311341762543,0
2713,4,1,0.9198657274246216,1
2714,3,0,0.3934536576271057,0
2715,2,0,0.03139932081103325,0
2716,4,0,0.7797347903251648,1
2717,2,0,0.8683356046676636,1
2718,1,0,0.1249585896730423,0
2719,0,0,0.023041335865855217,0
2720,2,1,0.9133455157279968,1
2721,2,1,0.9937385320663452,1
2722,2,1,0.9950495362281799,1
2723,0,1,0.46807169914245605,0
2724,4,1,0.34596097469329834,0
2725,4,1,0.9932680726051331,1
2726,2,0,0.817776083946228,1
2727,3,1,0.9961418509483337,1
2728,1,0,0.315822958946228,0
2729,1,1,0.9968063831329346,1
2730,1,1,0.990349531173706,1
2731,0,1,0.5475578308105469,1
2732,3,0,0.050992198288440704,0
2733,3,0,0.6069311499595642,1
2734,4,0,0.00012863172742072493,0
2735,3,0,0.02454066462814808,0
2736,4,1,0.9949093461036682,1
2737,0,1,0.37879952788352966,0
2738,1,0,0.003987555857747793,0
2739,2,0,0.029324235394597054,0
2740,2,0,0.5138471126556396,1
2741,3,0,0.1396019011735916,0
2742,2,0,0.7826801538467407,1
2743,2,0,0.6937990784645081,1
2744,2,1,0.354835569858551,0
2745,0,1,0.5855481028556824,1
2746,0,1,0.9678348898887634,1
2747,2,0,0.5138471126556396,1
2748,4,0,0.04727219417691231,0
2749,0,1,0.9714056849479675,1
2750,0,1,0.01579718291759491,0
2751,2,0,0.004031024873256683,0
2752,1,0,0.002835130086168647,0
2753,1,0,0.27607855200767517,0
2754,2,0,0.37743642926216125,0
2755,2,0,0.008723866194486618,0
2756,0,0,0.00595658365637064,0
2757,0,0,0.21918357908725739,0
2758,0,0,0.21487917006015778,0
2759,0,1,0.9681941270828247,1
2760,4,1,0.5977907776832581,1
2761,0,0,0.039088714867830276,0
2762,4,0,0.09145117551088333,0
2763,2,1,0.9937645196914673,1
2764,0,1,0.21070662140846252,0
2765,4,0,0.20798909664154053,0
2766,2,0,0.2543654441833496,0
2767,1,1,0.9983178377151489,1
2768,0,1,0.3957195281982422,0
2769,0,0,0.000268660020083189,0
2770,4,0,0.060820072889328,0
2771,4,0,0.00021734040637966245,0
2772,4,1,0.5097965002059937,1
2773,0,0,0.12752676010131836,0
2774,1,0,0.04700671508908272,0
2775,2,0,0.04292157292366028,0
2776,0,1,0.9974520802497864,1
2777,0,1,0.9967895150184631,1
2778,1,0,0.2421550154685974,0
2779,4,1,0.9992282390594482,1
2780,2,0,0.05567261576652527,0
2781,4,0,0.000868268427439034,0
2782,4,1,0.9923101663589478,1
2783,4,1,0.9993213415145874,1
2784,4,1,0.4307204484939575,0
2785,1,0,0.006349833682179451,0
2786,1,1,0.9935146570205688,1
2787,4,0,0.01935100369155407,0
2788,3,1,0.6098523736000061,1
2789,4,0,0.001908989972434938,0
2790,3,0,0.026822896674275398,0
2791,2,0,0.053689874708652496,0
2792,1,0,0.0036156284622848034,0
2793,4,1,0.8639345765113831,1
2794,4,0,0.003762113396078348,0
2795,0,0,0.06565018743276596,0
2796,1,0,0.0005102360155433416,0
2797,4,0,0.11932637542486191,0
2798,0,0,0.009314170107245445,0
2799,0,0,0.04839107766747475,0
2800,0,0,0.025815747678279877,0
2801,3,1,0.9706382155418396,1
2802,2,1,0.46781739592552185,0
2803,0,1,0.3612895905971527,0
2804,0,0,0.03943067044019699,0
2805,4,0,0.4626111686229706,0
2806,2,0,0.5138471126556396,1
2807,3,0,0.026301635429263115,0
2808,3,1,0.8395828604698181,1
2809,2,1,0.17118848860263824,0
2810,2,1,0.9773844480514526,1
2811,1,0,0.2474205642938614,0
2812,1,0,0.5819082260131836,1
2813,1,0,0.4138859510421753,0
2814,4,0,0.025076577439904213,0
2815,3,0,0.01072205975651741,0
2816,2,0,0.9703293442726135,1
2817,0,0,0.17663148045539856,0
2818,3,0,0.013171453960239887,0
2819,2,0,0.7444849610328674,1
2820,1,0,0.0123007632791996,0
2821,0,0,0.16888077557086945,0
2822,2,0,0.031448692083358765,0
2823,0,0,0.4969143569469452,0
2824,0,1,0.5510023236274719,1
2825,0,0,0.0033550632651895285,0
2826,2,0,0.4711918532848358,0
2827,1,1,0.28614044189453125,0
2828,4,0,0.0019420795142650604,0
2829,3,0,0.13306958973407745,0
2830,1,0,0.053985003381967545,0
2831,2,0,0.02023649401962757,0
2832,4,0,0.0021629466209560633,0
2833,3,0,0.16285644471645355,0
2834,1,0,0.5820956230163574,1
2835,3,0,0.001710200565867126,0
2836,2,0,0.09422139823436737,0
2837,4,1,0.6817159056663513,1
2838,4,1,0.4677130877971649,0
2839,0,0,0.9336416721343994,1
2840,2,1,0.5472461581230164,1
2841,4,1,0.35515260696411133,0
2842,3,0,0.0029207407496869564,0
2843,3,1,0.4471115171909332,0
2844,2,0,0.05838458985090256,0
2845,2,1,0.4143327474594116,0
2846,2,1,0.9968953132629395,1
2847,2,0,0.0002841698587872088,0
2848,1,1,0.9885029196739197,1
2849,4,1,0.5817661285400391,1
2850,3,0,0.009062250144779682,0
2851,0,0,0.12096277624368668,0
2852,0,1,0.9916614294052124,1
2853,0,1,0.999583899974823,1
2854,2,1,0.9870139360427856,1
2855,2,0,0.08253873884677887,0
2856,1,1,0.9957160353660583,1
2857,3,0,0.003738432889804244,0
2858,3,1,0.20100802183151245,0
2859,3,0,0.32098594307899475,0
2860,0,1,0.9857041835784912,1
2861,2,0,0.0010435067815706134,0
2862,1,1,0.9926447868347168,1
2863,0,0,0.016268819570541382,0
2864,4,1,0.5321412086486816,1
2865,3,0,0.2778143882751465,0
2866,2,1,0.541867733001709,1
2867,1,1,0.3728577792644501,0
2868,4,0,0.35916829109191895,0
2869,4,1,0.1591925173997879,0
2870,4,1,0.4307204484939575,0
2871,2,1,0.9913226366043091,1
2872,0,0,0.0026171968784183264,0
2873,0,1,0.2778654992580414,0
2874,0,1,0.45207130908966064,0
2875,2,1,0.011597711592912674,0
2876,3,0,0.05317540839314461,0
2877,2,0,0.4734106659889221,0
2878,2,1,0.9294416904449463,1
2879,2,1,0.9941165447235107,1
2880,4,0,0.28065672516822815,0
2881,0,0,0.3853645622730255,0
2882,2,0,0.01945112645626068,0
2883,2,0,0.5138471126556396,1
2884,0,0,0.052093226462602615,0
2885,3,1,0.3428078889846802,0
2886,3,0,0.00484822690486908,0
2887,4,1,0.5298948287963867,1
2888,4,1,0.6953915953636169,1
2889,3,1,0.9918063879013062,1
2890,3,1,0.009910637512803078,0
2891,3,1,0.9917761087417603,1
2892,1,1,0.9024578928947449,1
2893,1,1,0.9256443977355957,1
2894,1,0,0.013861901126801968,0
2895,0,0,0.014215976931154728,0
2896,1,1,0.6094604134559631,1
2897,1,1,0.4620284140110016,0
2898,1,1,0.5819082260131836,1
2899,3,1,0.9706382155418396,1
2900,4,0,0.516710638999939,1
2901,4,1,0.9748153686523438,1
2902,3,1,0.4482031464576721,0
2903,2,0,0.03180832415819168,0
2904,4,0,0.0679612010717392,0
2905,1,0,0.9063445925712585,1
2906,1,0,0.02065819874405861,0
2907,0,1,0.993743360042572,1
2908,1,1,0.9954155683517456,1
2909,1,1,0.046432849019765854,0
2910,1,1,0.646026611328125,1
2911,1,1,0.6017057299613953,1
2912,1,0,0.6017057299613953,1
2913,3,0,0.07898318767547607,0
2914,2,1,0.9948899745941162,1
2915,1,0,0.005502592772245407,0
2916,2,1,0.354835569858551,0
2917,2,0,0.005336840637028217,0
2918,2,0,0.6299614310264587,1
2919,1,0,0.216294527053833,0
2920,1,0,0.891771674156189,1
2921,3,0,0.6253537535667419,1
2922,3,1,0.985382080078125,1
2923,1,1,0.6682024598121643,1
2924,0,1,0.20542071759700775,0
2925,0,1,0.6812760829925537,1
2926,2,0,0.9671390056610107,1
2927,4,1,0.8512673377990723,1
2928,2,1,0.9707794189453125,1
2929,3,1,0.9881560802459717,1
2930,4,1,0.6928064227104187,1
2931,3,0,0.006404345855116844,0
2932,0,0,0.01724955067038536,0
2933,3,0,0.2028312236070633,0
2934,2,1,0.9823833703994751,1
2935,0,1,0.9950156807899475,1
2936,0,1,0.998909592628479,1
2937,4,0,0.06086448207497597,0
2938,3,0,0.5532191395759583,1
2939,1,1,0.9859634041786194,1
2940,1,0,0.012809759005904198,0
2941,3,1,0.9988440275192261,1
2942,0,0,0.16780751943588257,0
2943,0,1,0.34612613916397095,0
2944,2,0,0.354835569858551,0
2945,2,0,0.036028116941452026,0
2946,2,1,0.6034336090087891,1
2947,2,0,0.5389376282691956,1
2948,2,0,0.7552217841148376,1
2949,2,0,0.522616982460022,1
2950,1,0,0.1480112373828888,0
2951,0,0,0.006682996172457933,0
2952,2,0,0.011374099180102348,0
2953,4,0,0.3061862289905548,0
2954,4,0,0.4657231867313385,0
2955,1,0,0.05554686114192009,0
2956,1,0,0.019726373255252838,0
2957,1,0,0.00041910517029464245,0
2958,4,1,0.7134836316108704,1
2959,0,0,0.2351565808057785,0
2960,1,1,0.996795117855072,1
2961,2,0,0.009112651459872723,0
2962,2,0,0.0020845921244472265,0
2963,2,0,0.02416805364191532,0
2964,1,0,0.000892134674359113,0
2965,0,0,0.13034912943840027,0
2966,0,0,0.4708438217639923,0
2967,3,0,0.06666330993175507,0
2968,3,0,0.006572071462869644,0
2969,1,1,0.6017057299613953,1
2970,2,1,0.522616982460022,1
2971,2,1,0.6937990784645081,1
2972,2,1,0.9134767651557922,1
2973,4,0,0.5635636448860168,1
2974,3,1,0.7542087435722351,1
2975,3,0,0.1073833778500557,0
2976,1,0,0.4138859510421753,0
2977,2,0,0.4701955318450928,0
2978,2,0,0.012406526133418083,0
2979,0,0,0.11137592047452927,0
2980,2,0,0.10830237716436386,0
2981,4,1,0.9428402185440063,1
2982,3,1,0.9986006617546082,1
2983,3,1,0.9997952580451965,1
2984,0,0,0.1547999083995819,0
2985,2,1,0.9785299897193909,1
2986,2,1,0.9926936626434326,1
2987,4,1,0.9976403713226318,1
2988,1,0,0.9080951809883118,1
2989,3,1,0.8222255110740662,1
2990,3,0,0.0061584822833538055,0
2991,2,0,0.06265921890735626,0
2992,2,0,0.010287320241332054,0
2993,0,1,0.9914318323135376,1
2994,2,0,0.09446237981319427,0
2995,3,0,0.3428078889846802,0
2996,4,1,0.5297878980636597,1
2997,0,0,0.8083020448684692,1
2998,0,0,0.45207130908966064,0
2999,3,0,0.36988794803619385,0
3000,2,0,0.00802407693117857,0
3001,0,0,0.2021566480398178,0
3002,3,0,0.027340777218341827,0
3003,4,0,0.6030043959617615,1
3004,1,1,0.995511531829834,1
3005,2,1,0.6033836007118225,1
3006,0,1,0.9961718916893005,1
3007,3,0,0.76360023021698,1
3008,3,0,0.003171957563608885,0
3009,0,0,0.1681773066520691,0
3010,0,0,0.08329328149557114,0
3011,1,0,0.23115511238574982,0
3012,3,1,0.9529693722724915,1
3013,1,1,0.08874053508043289,0
3014,4,0,0.53014075756073,1
3015,4,1,0.39124491810798645,0
3016,4,1,0.9433315396308899,1
3017,4,1,0.851401686668396,1
3018,0,0,0.47815391421318054,0
3019,2,1,0.49312078952789307,0
3020,2,0,0.18335239589214325,0
3021,2,0,0.06455403566360474,0
3022,3,1,0.20954693853855133,0
3023,3,0,0.17027732729911804,0
3024,4,1,0.998695433139801,1
3025,4,1,0.9991338849067688,1
3026,4,1,0.9991338849067688,1
3027,4,1,0.9991338849067688,1
3028,1,1,0.7647765874862671,1
3029,4,0,0.1119551807641983,0
3030,1,1,0.9992192983627319,1
3031,1,1,0.9993126392364502,1
3032,1,1,0.9912436008453369,1
3033,0,0,0.014343506656587124,0
3034,0,0,0.20307107269763947,0
3035,1,0,0.006242102012038231,0
3036,1,0,0.03947538509964943,0
3037,0,1,0.7218043208122253,1
3038,0,1,0.6625729203224182,1
3039,0,1,0.4185730814933777,0
3040,2,1,0.10383099317550659,0
3041,4,0,0.20011897385120392,0
3042,0,1,0.6464253664016724,1
3043,1,1,0.9994716048240662,1
3044,4,0,0.010807355865836143,0
3045,1,1,0.9985107779502869,1
3046,1,1,0.9739236831665039,1
3047,1,1,0.9972659349441528,1
3048,0,1,0.3252730965614319,0
3049,2,1,0.6114139556884766,1
3050,2,0,0.5138471126556396,1
3051,3,0,0.0016291148494929075,0
3052,3,1,0.8010019063949585,1
3053,3,0,0.18211635947227478,0
3054,4,1,0.31448420882225037,0
3055,2,0,0.2389688640832901,0
3056,3,1,0.9706382155418396,1
3057,3,0,0.0021694605238735676,0
3058,3,1,0.7604299187660217,1
3059,3,1,0.3934536576271057,0
3060,3,1,0.5020032525062561,1
3061,3,1,0.10518209636211395,0
3062,1,1,0.9941086769104004,1
3063,3,0,0.9424107074737549,1
3064,3,0,0.031467996537685394,0
3065,3,0,0.2991814911365509,0
3066,1,0,0.3627947270870209,0
3067,3,1,0.9831265807151794,1
3068,3,0,0.7740773558616638,1
3069,0,0,0.0005939821130596101,0
3070,2,1,0.999333918094635,1
3071,3,0,0.5410017967224121,1
3072,1,0,0.007167255971580744,0
3073,3,0,0.004268309101462364,0
3074,1,1,0.5936979055404663,1
3075,1,1,0.9983178377151489,1
3076,1,1,0.9903690218925476,1
3077,1,1,0.9990609288215637,1
3078,1,1,0.9972659349441528,1
3079,4,0,0.5009158849716187,1
3080,2,1,0.4143327474594116,0
3081,2,1,0.9970824122428894,1
3082,2,1,0.9986133575439453,1
3083,1,1,0.9955108165740967,1
3084,1,1,0.9971016049385071,1
3085,4,1,0.6722466945648193,1
3086,0,0,0.6629043817520142,1
3087,4,0,0.018865220248699188,0
3088,1,0,0.020781654864549637,0
3089,2,1,0.3169327974319458,0
3090,0,0,0.009597492404282093,0
3091,0,1,0.34992867708206177,0
3092,4,0,0.028384191915392876,0
3093,4,1,0.9546787142753601,1
3094,4,1,0.9918885827064514,1
3095,4,1,0.9916000366210938,1
3096,4,1,0.9994927644729614,1
3097,4,0,0.0006071861134842038,0
3098,4,0,0.0019001042237505317,0
3099,2,1,0.6114139556884766,1
3100,2,0,0.5472461581230164,1
3101,0,1,0.4969143569469452,0
3102,4,0,0.7752351760864258,1
3103,0,0,0.20854856073856354,0
3104,3,1,0.9935808181762695,1
3105,1,1,0.9967227578163147,1
3106,3,0,0.7746755480766296,1
3107,4,0,0.01001743320375681,0
3108,4,1,0.9990166425704956,1
3109,4,0,0.012412791140377522,0
3110,4,1,0.9923834204673767,1
3111,4,1,0.7630512714385986,1
3112,4,1,0.9965169429779053,1
3113,1,0,0.3764812648296356,0
3114,3,0,0.9168364405632019,1
3115,4,1,0.11833682656288147,0
3116,0,1,0.9969231486320496,1
3117,0,1,0.9983533620834351,1
3118,0,1,0.9981784820556641,1
3119,3,0,0.8754040002822876,1
3120,2,0,0.06142743304371834,0
3121,1,1,0.48778870701789856,0
3122,1,0,0.697632908821106,1
3123,3,0,0.1942787617444992,0
3124,4,1,0.5097965002059937,1
3125,4,0,0.0834336206316948,0
3126,4,0,0.02220315858721733,0
3127,2,1,0.7303662896156311,1
3128,1,1,0.9955108165740967,1
3129,4,0,0.07382175326347351,0
3130,0,0,0.5450564026832581,1
3131,1,0,0.6110893487930298,1
3132,2,1,0.3169327974319458,0
3133,1,0,0.04504816606640816,0
3134,4,0,0.03220180422067642,0
3135,0,0,0.0170611422508955,0
3136,4,1,0.7805412411689758,1
3137,0,1,0.998353123664856,1
3138,2,0,0.5472461581230164,1
3139,3,1,0.9120814204216003,1
3140,4,1,0.9924152493476868,1
3141,0,1,0.9908792972564697,1
3142,0,0,0.17656368017196655,0
3143,4,1,0.42383527755737305,0
3144,4,1,0.4307204484939575,0
3145,4,1,0.44087132811546326,0
3146,4,1,0.35916829109191895,0
3147,2,1,0.7324244379997253,1
3148,2,0,0.527471661567688,1
3149,4,1,0.9791207313537598,1
3150,2,0,0.022182054817676544,0
3151,0,1,0.8830681443214417,1
3152,0,0,0.3591429889202118,0
3153,0,1,0.04855241999030113,0
3154,2,1,0.7073895931243896,1
3155,3,0,0.5895611643791199,1
3156,3,1,0.14689256250858307,0
3157,3,0,0.5020032525062561,1
3158,1,0,0.004150863271206617,0
3159,1,0,0.0015163024654611945,0
3160,0,1,0.5504525303840637,1
3161,0,0,0.06739474833011627,0
3162,2,1,0.7478040456771851,1
3163,1,0,0.0001328353100689128,0
3164,1,1,0.9947726130485535,1
3165,1,1,0.9988466501235962,1
3166,4,0,0.5817661285400391,1
3167,3,0,0.00912099052220583,0
3168,4,1,0.7435852289199829,1
3169,2,1,0.9976429343223572,1
3170,4,0,0.026016272604465485,0
3171,3,0,0.5070573091506958,1
3172,0,0,0.011277451179921627,0
3173,0,1,0.9539957046508789,1
3174,0,1,0.9522439241409302,1
3175,3,1,0.4482031464576721,0
3176,3,0,0.03540608659386635,0
3177,0,0,0.311590313911438,0
3178,3,0,0.17437437176704407,0
3179,2,1,0.9986133575439453,1
3180,2,1,0.6061550378799438,1
3181,3,1,0.7831205725669861,1
3182,3,1,0.985382080078125,1
3183,1,0,0.08158213645219803,0
3184,3,0,0.00031109119299799204,0
3185,1,1,0.4788886308670044,0
3186,4,0,0.014940719120204449,0
3187,4,1,0.4307204484939575,0
3188,0,1,0.5436245799064636,1
3189,4,0,0.1334301233291626,0
3190,4,1,0.9991075396537781,1
3191,4,1,0.9842405319213867,1
3192,4,1,0.9977929592132568,1
3193,4,0,0.0011165480827912688,0
3194,0,0,0.14518937468528748,0
3195,2,0,0.6082901358604431,1
3196,2,0,0.017847953364253044,0
3197,3,1,0.41704490780830383,0
3198,0,1,0.9999849796295166,1
3199,0,1,0.9987377524375916,1
3200,0,1,0.925923228263855,1
3201,0,1,0.994321346282959,1
3202,0,0,0.5665802955627441,1
3203,0,1,0.5475578308105469,1
3204,2,0,0.5769805312156677,1
3205,1,0,0.03933422267436981,0
3206,2,1,0.052277155220508575,0
3207,2,1,0.9648597240447998,1
3208,4,0,0.4626111686229706,0
3209,4,0,0.4626111686229706,0
3210,1,1,0.996795117855072,1
3211,2,1,0.4734106659889221,0
3212,0,1,0.9917827844619751,1
3213,3,1,0.5895611643791199,1
3214,1,0,0.1506500542163849,0
3215,2,1,0.9880403876304626,1
3216,0,0,0.03558959811925888,0
3217,0,0,0.4969143569469452,0
3218,0,0,0.07422594726085663,0
3219,4,0,0.0922909677028656,0
3220,2,1,0.3684854209423065,0
3221,3,1,0.9870826005935669,1
3222,0,0,0.4969143569469452,0
3223,0,1,0.6438717246055603,1
3224,3,0,0.3964970111846924,0
3225,2,1,0.9455102682113647,1
3226,2,0,0.040077753365039825,0
3227,2,1,0.9981786012649536,1
3228,2,1,0.9831263422966003,1
3229,0,1,0.9990185499191284,1
3230,0,0,0.011456785723567009,0
3231,0,1,0.9998440742492676,1
3232,4,1,0.39124491810798645,0
3233,4,1,0.39124491810798645,0
3234,4,1,0.39124491810798645,0
3235,4,0,0.053449470549821854,0
3236,1,0,0.8729085922241211,1
3237,1,0,0.3202357292175293,0
3238,3,0,0.25224003195762634,0
3239,1,0,0.4788886308670044,0
3240,4,1,0.9764142036437988,1
3241,2,0,0.2337164729833603,0
3242,2,1,0.9817039370536804,1
3243,2,1,0.9940921664237976,1
3244,3,1,0.40530237555503845,0
3245,1,0,0.0007765800692141056,0
3246,1,0,0.7883954644203186,1
3247,1,0,0.7707614302635193,1
3248,4,0,0.03457248583436012,0
3249,4,1,0.9721338152885437,1
3250,2,1,0.9985706806182861,1
3251,2,1,0.05765644833445549,0
3252,2,0,0.17505070567131042,0
3253,0,0,0.1847524344921112,0
3254,1,1,0.9998773336410522,1
3255,1,1,0.9839558005332947,1
3256,1,1,0.9986453652381897,1
3257,1,1,0.9962849617004395,1
3258,3,1,0.985382080078125,1
3259,3,0,0.012137063778936863,0
3260,3,0,0.7881205677986145,1
3261,1,0,0.5566336512565613,1
3262,1,1,0.48778870701789856,0
3263,3,1,0.19540707767009735,0
3264,1,0,0.48778870701789856,0
3265,0,0,0.03780470788478851,0
3266,3,1,0.4482031464576721,0
3267,2,1,0.9963349103927612,1
3268,2,0,0.045546699315309525,0
3269,2,0,0.9005972743034363,1
3270,0,0,0.01988140121102333,0
3271,1,0,0.9885029196739197,1
3272,1,1,0.9954155683517456,1
3273,2,1,0.5472461581230164,1
3274,4,1,0.5618574619293213,1
3275,4,1,0.4677130877971649,0
3276,4,1,0.4677130877971649,0
3277,4,0,0.06355322897434235,0
3278,2,1,0.39720597863197327,0
3279,3,1,0.9694743156433105,1
3280,1,1,0.9993334412574768,1
3281,1,1,0.9621650576591492,1
3282,1,1,0.9954155683517456,1
3283,3,0,0.024828357622027397,0
3284,2,1,0.9507893323898315,1
3285,1,1,0.6017057299613953,1
3286,2,0,0.0394587442278862,0
3287,2,1,0.9918088316917419,1
3288,4,0,0.2453676015138626,0
3289,0,0,0.01708320342004299,0
3290,2,0,0.07548023760318756,0
3291,2,1,0.993543267250061,1
3292,4,1,0.9397438764572144,1
3293,1,0,0.07707501947879791,0
3294,2,0,0.101542167365551,0
3295,3,1,0.7522865533828735,1
3296,1,1,0.9955108165740967,1
3297,4,1,0.9282621741294861,1
3298,4,1,0.9933115243911743,1
3299,4,1,0.9934213757514954,1
3300,1,0,0.7263943552970886,1
3301,4,0,0.28148847818374634,0
3302,0,1,0.5785076022148132,1
3303,4,0,0.3868681788444519,0
3304,4,0,0.5298948287963867,1
3305,4,0,0.4657231867313385,0
3306,4,0,0.21140575408935547,0
3307,4,1,0.9984147548675537,1
3308,3,0,0.013513173907995224,0
3309,3,1,0.1012905016541481,0
3310,3,1,0.4908216893672943,0
3311,3,0,0.0015272755408659577,0
3312,0,1,0.995025098323822,1
3313,2,0,0.019059989601373672,0
3314,2,1,0.0946008712053299,0
3315,1,1,0.9954155683517456,1
3316,1,1,0.07485474646091461,0
3317,0,0,0.0797678679227829,0
3318,4,0,0.0024595593567937613,0
3319,4,1,0.6953915953636169,1
3320,3,0,0.4482031464576721,0
3321,0,1,0.6625729203224182,1
3322,2,1,0.8159681558609009,1
3323,4,0,0.8208854794502258,1
3324,0,0,0.053353115916252136,0
3325,1,1,0.996795117855072,1
3326,4,1,0.08275064080953598,0
3327,3,0,0.0029888704884797335,0
3328,4,0,0.31290948390960693,0
3329,2,1,0.0297081358730793,0
3330,1,0,0.16226941347122192,0
3331,0,1,0.9718977808952332,1
3332,0,0,0.033065445721149445,0
3333,2,1,0.03080340474843979,0
3334,0,1,0.8838523030281067,1
3335,4,0,0.010927011258900166,0
3336,1,0,0.32281771302223206,0
3337,1,0,0.2141232192516327,0
3338,2,0,0.008742321282625198,0
3339,4,1,0.4529910683631897,0
3340,3,0,0.015532677061855793,0
3341,1,1,0.7306807637214661,1
3342,0,1,0.9992856383323669,1
3343,0,1,0.9914318323135376,1
3344,2,0,0.7241518497467041,1
3345,1,0,0.16088411211967468,0
3346,3,1,0.4471115171909332,0
3347,4,1,0.9666839838027954,1
3348,3,1,0.8513961434364319,1
3349,1,0,0.6906469464302063,1
3350,1,1,0.9885029196739197,1
3351,3,1,0.9963933825492859,1
3352,3,1,0.988978922367096,1
3353,3,1,0.5864760875701904,1
3354,2,0,0.0019771491643041372,0
3355,2,0,0.010430089198052883,0
3356,2,1,0.91463702917099,1
3357,2,1,0.9973347187042236,1
3358,0,1,0.5504525303840637,1
3359,1,1,0.8610800504684448,1
3360,4,1,0.35016006231307983,0
3361,0,1,0.7593318819999695,1
3362,2,0,0.027500074356794357,0
3363,4,0,0.36530861258506775,0
3364,4,1,0.9142227172851562,1
3365,1,1,0.6046221852302551,1
3366,0,0,0.0019533452577888966,0
3367,1,1,0.9947726130485535,1
3368,3,1,0.9975149631500244,1
3369,3,0,0.15826979279518127,0
3370,1,0,0.21019217371940613,0
3371,4,1,0.16592933237552643,0
3372,1,1,0.5128912925720215,1
3373,4,0,0.12324607372283936,0
3374,2,1,0.9856852293014526,1
3375,0,0,0.12884312868118286,0
3376,3,0,0.09092079848051071,0
3377,1,1,0.7982656359672546,1
3378,3,0,0.023186208680272102,0
3379,4,1,0.9996211528778076,1
3380,1,0,0.13629896938800812,0
3381,2,0,0.4782602787017822,0
3382,2,1,0.6114139556884766,1
3383,2,0,0.11853739619255066,0
3384,0,1,0.47445857524871826,0
3385,2,0,0.02976127713918686,0
3386,1,1,0.9955108165740967,1
3387,3,1,0.9773855805397034,1
3388,3,1,0.9566876888275146,1
3389,3,1,0.9773369431495667,1
3390,3,1,0.9773855805397034,1
3391,3,1,0.9773855805397034,1
3392,4,1,0.9997151494026184,1
3393,1,0,0.014997776597738266,0
3394,4,1,0.475435346364975,0
3395,0,0,0.4969143569469452,0
3396,2,0,0.05621736869215965,0
3397,4,0,0.6178102493286133,1
3398,4,0,0.2546318471431732,0
3399,0,0,0.0011067347368225455,0
3400,1,1,0.5819082260131836,1
3401,1,1,0.9887063503265381,1
3402,2,0,0.5154708027839661,1
3403,2,1,0.9745528697967529,1
3404,2,1,0.9992223978042603,1
3405,4,1,0.9924152493476868,1
3406,0,1,0.6812760829925537,1
3407,4,1,0.9397438764572144,1
3408,4,1,0.9975989460945129,1
3409,3,0,0.11133185029029846,0
3410,1,1,0.6162881851196289,1
3411,2,0,0.23077158629894257,0
3412,4,1,0.06089285761117935,0
3413,1,0,0.692911684513092,1
3414,2,0,0.001392333535477519,0
3415,2,1,0.9973347187042236,1
3416,4,1,0.9997485280036926,1
3417,4,0,0.029991349205374718,0
3418,3,1,0.9918063879013062,1
3419,0,0,0.42070233821868896,0
3420,3,1,0.9948484897613525,1
3421,3,1,0.9950448274612427,1
3422,3,1,0.9951241612434387,1
3423,3,1,0.03767918422818184,0
3424,0,0,0.00410404521971941,0
3425,3,0,0.02570481412112713,0
3426,3,1,0.9246695637702942,1
3427,0,1,0.9940845370292664,1
3428,0,1,0.9525266885757446,1
3429,0,1,0.9940845370292664,1
3430,0,0,0.004723943769931793,0
3431,4,0,0.29679903388023376,0
3432,1,0,0.1249585896730423,0
3433,1,1,0.8584023118019104,1
3434,1,0,0.3675040304660797,0
3435,3,0,0.7868831753730774,1
3436,1,0,0.0944732204079628,0
3437,1,0,0.024089930579066277,0
3438,1,1,0.8360231518745422,1
3439,1,0,0.5970571637153625,1
3440,1,1,0.9822675585746765,1
3441,1,1,0.8230635523796082,1
3442,2,0,0.174208402633667,0
3443,2,0,0.2634257674217224,0
3444,2,0,0.7001653909683228,1
3445,3,1,0.9979881048202515,1
3446,3,0,0.0015024549793452024,0
3447,3,1,0.9984265565872192,1
3448,3,1,0.9983348250389099,1
3449,3,1,0.9991729855537415,1
3450,3,1,0.9971007704734802,1
3451,3,0,0.9904706478118896,1
3452,2,0,0.3646969199180603,0
3453,3,0,0.5048519968986511,1
3454,3,0,0.41998350620269775,0
3455,3,1,0.2716830372810364,0
3456,3,0,0.5756121873855591,1
3457,2,1,0.9725921154022217,1
3458,2,0,0.15024341642856598,0
3459,0,1,0.998353123664856,1
3460,3,1,0.9246695637702942,1
3461,3,1,0.457070916891098,0
3462,0,1,0.854290246963501,1
3463,3,1,0.6366103291511536,1
3464,2,1,0.957536518573761,1
3465,2,0,0.0022504280786961317,0
3466,2,1,0.9885608553886414,1
3467,2,0,0.0026925080455839634,0
3468,2,0,0.09798243641853333,0
3469,0,1,0.6608371138572693,1
3470,0,1,0.9908615350723267,1
3471,0,0,0.39281779527664185,0
3472,4,1,0.9841256141662598,1
3473,2,0,0.6846945881843567,1
3474,2,1,0.9433428049087524,1
3475,1,0,0.22947286069393158,0
3476,1,1,0.9737579226493835,1
3477,1,0,0.4811343252658844,0
3478,1,1,0.5695177316665649,1
3479,2,0,0.9249454736709595,1
3480,4,1,0.09298905730247498,0
3481,1,0,0.015033821575343609,0
3482,3,0,0.6212128400802612,1
3483,3,1,0.9748968482017517,1
3484,3,0,0.0002891459735110402,0
3485,3,1,0.9963749051094055,1
3486,4,1,0.9826998710632324,1
3487,0,1,0.9967895150184631,1
3488,0,1,0.9745436906814575,1
3489,4,0,0.0010847531957551837,0
3490,0,0,0.0539049431681633,0
3491,0,1,0.1480555534362793,0
3492,3,0,0.03353500738739967,0
3493,0,0,0.11316618323326111,0
3494,2,1,0.46820124983787537,0
3495,2,0,0.5422337651252747,1
3496,0,0,0.5602093935012817,1
3497,0,1,0.9981784820556641,1
3498,3,1,0.9123460054397583,1
3499,2,0,0.09080567955970764,0
3500,2,1,0.9115321636199951,1
3501,0,1,0.905677318572998,1
3502,4,1,0.5334654450416565,1
3503,0,1,0.3527578115463257,0
3504,4,1,0.9923072457313538,1
3505,4,0,0.0015244531678035855,0
3506,4,1,0.8378937244415283,1
3507,3,0,0.04311591386795044,0
3508,2,1,0.6353553533554077,1
3509,3,0,9.629900887375697e-05,0
3510,2,1,0.5458322167396545,1
3511,2,1,0.1250067800283432,0
3512,4,1,0.9047215580940247,1
3513,4,1,0.507541298866272,1
3514,4,1,0.5858575105667114,1
3515,3,0,0.015220536850392818,0
3516,2,0,0.6353553533554077,1
3517,3,0,0.49433407187461853,0
3518,1,1,0.9980238676071167,1
3519,1,1,0.9980238676071167,1
3520,4,1,0.9539152979850769,1
3521,0,1,0.998909592628479,1
3522,2,1,0.49450263381004333,0
3523,2,1,0.8724835515022278,1
3524,2,0,0.031576503068208694,0
3525,3,0,0.08742628991603851,0
3526,0,0,0.00034081024932675064,0
3527,1,0,0.5695177316665649,1
3528,2,0,0.6059016585350037,1
3529,2,0,0.015176299959421158,0
3530,1,1,0.9977306723594666,1
3531,1,1,0.9963269829750061,1
3532,3,1,0.91893070936203,1
3533,1,0,0.11875088512897491,0
3534,1,1,0.9275910258293152,1
3535,3,1,0.5756121873855591,1
3536,4,1,0.9739866256713867,1
3537,1,1,0.9986453652381897,1
3538,4,1,0.9971580505371094,1
3539,4,0,0.5015801191329956,1
3540,4,1,0.9959208965301514,1
3541,0,0,0.0028121890500187874,0
3542,4,0,0.13231909275054932,0
3543,0,0,0.07685132324695587,0
3544,1,0,0.4477434456348419,0
3545,4,1,0.9090603590011597,1
3546,1,0,0.3085697591304779,0
3547,3,1,0.9886051416397095,1
3548,1,0,0.003593774978071451,0
3549,2,0,0.8333280682563782,1
3550,0,1,0.9964815378189087,1
3551,3,0,0.016324009746313095,0
3552,0,0,0.6543968915939331,1
3553,4,0,0.1302568018436432,0
3554,0,0,0.21090386807918549,0
3555,4,1,0.9826998710632324,1
3556,3,0,0.08013726025819778,0
3557,0,0,0.1287257820367813,0
3558,1,1,0.181642085313797,0
3559,2,1,0.1112925112247467,0
3560,4,0,0.02569342404603958,0
3561,2,0,0.5261176824569702,1
3562,3,0,0.1122058629989624,0
3563,1,0,0.42602431774139404,0
3564,4,0,0.9527413249015808,1
3565,2,1,0.3443470001220703,0
3566,4,1,0.5033444762229919,1
3567,1,0,0.01134774275124073,0
3568,4,0,0.12686064839363098,0
3569,2,0,0.07837612926959991,0
3570,0,1,0.6006202697753906,1
3571,2,0,0.21694254875183105,0
3572,3,0,0.07485269755125046,0
3573,3,0,0.02370159886777401,0
3574,3,0,0.08369208872318268,0
3575,3,1,0.9986006617546082,1
3576,3,1,0.9999839067459106,1
3577,3,1,0.9991729855537415,1
3578,3,1,0.9971007704734802,1
3579,3,1,0.9384955167770386,1
3580,3,1,0.999091386795044,1
3581,2,0,0.031190576031804085,0
3582,0,1,0.9924209713935852,1
3583,3,1,0.9291898608207703,1
3584,4,1,0.4511973559856415,0
3585,1,1,0.9197468161582947,1
3586,2,1,0.9684288501739502,1
3587,4,1,0.9958168864250183,1
3588,1,1,0.028364233672618866,0
3589,1,0,0.4462890625,0
3590,2,0,0.5636208653450012,1
3591,4,1,0.8066315054893494,1
3592,4,0,0.6441278457641602,1
3593,2,0,0.07434066385030746,0
3594,1,1,0.9926447868347168,1
3595,2,0,0.22283406555652618,0
3596,2,1,0.3848326802253723,0
3597,4,0,0.008889351040124893,0
3598,3,1,0.7602370977401733,1
3599,3,0,0.7602370977401733,1
3600,3,1,0.7602370977401733,1
3601,4,1,0.41596055030822754,0
3602,3,1,0.9004570841789246,1
3603,3,0,0.9232478737831116,1
3604,3,1,0.9993589520454407,1
3605,1,1,0.9992192983627319,1
3606,0,1,0.9832255244255066,1
3607,0,0,0.034610290080308914,0
3608,0,0,0.4273350238800049,0
3609,0,1,0.4145756661891937,0
3610,0,0,0.107162244617939,0
3611,1,0,0.020149672403931618,0
3612,0,1,0.9993914365768433,1
3613,0,0,0.8247247934341431,1
3614,0,1,0.9993914365768433,1
3615,0,1,0.6003694534301758,1
3616,3,1,0.7602370977401733,1
3617,3,1,0.9246695637702942,1
3618,3,1,0.8917983770370483,1
3619,1,0,0.1249585896730423,0
3620,1,0,0.017568247392773628,0
3621,1,1,0.7942845225334167,1
3622,4,1,0.9802767038345337,1
3623,2,0,0.5298618674278259,1
3624,4,1,0.9090603590011597,1
3625,2,1,0.9511806964874268,1
3626,1,0,0.5470966100692749,1
3627,1,0,0.35533636808395386,0
3628,1,1,0.4811343252658844,0
3629,1,0,0.6907356381416321,1
3630,1,0,0.25001004338264465,0
3631,1,1,0.4811343252658844,0
3632,1,0,0.689721405506134,1
3633,2,1,0.9173218011856079,1
3634,2,1,0.9987686276435852,1
3635,2,0,0.24845078587532043,0
3636,1,1,0.7520301342010498,1
3637,4,1,0.8020755052566528,1
3638,3,1,0.0944916307926178,0
3639,3,0,0.28134244680404663,0
3640,3,0,0.8886224031448364,1
3641,2,1,0.9173218011856079,1
3642,0,0,0.25517070293426514,0
3643,0,1,0.9993782043457031,1
3644,2,0,0.011248086579144001,0
3645,4,0,0.06387336552143097,0
3646,2,1,0.7870522737503052,1
3647,2,1,0.568800687789917,1
3648,4,0,0.054444629698991776,0
3649,1,1,0.35533636808395386,0
3650,1,1,0.4811343252658844,0
3651,2,1,0.9271714687347412,1
3652,4,0,0.05504946410655975,0
3653,1,0,0.006356543395668268,0
3654,1,1,0.831037163734436,1
3655,0,0,0.03267503157258034,0
3656,0,1,0.9830296635627747,1
3657,0,0,0.13388673961162567,0
3658,2,0,0.020836858078837395,0
3659,3,1,0.8103697896003723,1
3660,4,1,0.4717468321323395,0
3661,0,1,0.9303340315818787,1
3662,3,0,0.8767460584640503,1
3663,3,0,0.007957875728607178,0
3664,2,1,0.9625736474990845,1
3665,2,1,0.9966534972190857,1
3666,2,1,0.9974039196968079,1
3667,2,1,0.9968928098678589,1
3668,4,0,0.021509520709514618,0
3669,1,0,0.006887654773890972,0
3670,4,0,0.5009738802909851,1
3671,0,0,0.9056470990180969,1
3672,3,0,0.00548367016017437,0
3673,2,0,0.5298618674278259,1
3674,0,0,0.006227120757102966,0
3675,3,0,0.021874018013477325,0
3676,0,0,0.046702269464731216,0
3677,1,1,0.9618887901306152,1
3678,0,0,0.053227927535772324,0
3679,4,0,0.937559962272644,1
3680,0,1,0.9010409116744995,1
3681,2,0,0.2523951232433319,0
3682,1,0,0.001262117177248001,0
3683,2,0,0.06970204412937164,0
3684,1,1,0.4811343252658844,0
3685,3,0,0.2029627114534378,0
3686,0,1,0.998353123664856,1
3687,3,1,0.5057028532028198,1
3688,1,0,0.31766724586486816,0
3689,3,1,0.44054463505744934,0
3690,4,1,0.9050748944282532,1
3691,4,0,0.6149473786354065,1
3692,2,1,0.8768113851547241,1
3693,2,1,0.2634257674217224,0
3694,0,0,0.08684984594583511,0
3695,4,0,0.6334507465362549,1
3696,1,1,0.7297707200050354,1
3697,3,0,0.52353835105896,1
3698,0,1,0.9522439241409302,1
3699,3,1,0.007213443983346224,0
3700,0,1,0.8814605474472046,1
3701,2,1,0.9987812638282776,1
3702,0,1,0.8785564303398132,1
3703,1,1,0.5695177316665649,1
3704,2,0,0.04253564029932022,0
3705,1,1,0.8364386558532715,1
3706,0,0,0.045586008578538895,0
3707,0,0,0.07824400812387466,0
3708,0,0,0.05572359636425972,0
3709,4,1,0.7138476967811584,1
3710,1,0,0.03224027901887894,0
3711,0,0,0.04700561612844467,0
3712,1,0,0.051379334181547165,0
3713,1,1,0.9980149269104004,1
3714,4,0,0.42192983627319336,0
3715,3,0,0.24392437934875488,0
3716,4,0,0.028668830171227455,0
3717,4,0,0.42192983627319336,0
3718,4,0,0.42192983627319336,0
3719,4,1,0.45089080929756165,0
3720,3,1,0.17575831711292267,0
3721,2,0,0.10406414419412613,0
3722,1,1,0.5058693885803223,1
3723,4,0,0.8910502195358276,1
3724,1,1,0.8973827362060547,1
3725,3,0,0.2701505720615387,0
3726,1,1,0.8579836487770081,1
3727,4,1,0.9952394962310791,1
3728,4,1,0.8387871384620667,1
3729,4,1,0.8820575475692749,1
3730,4,0,0.9627160429954529,1
3731,4,1,0.9523629546165466,1
3732,4,1,0.81996089220047,1
3733,4,0,0.7525832056999207,1
3734,4,0,0.2630232274532318,0
3735,4,1,0.05529341474175453,0
3736,2,1,0.2634257674217224,0
3737,2,1,0.9129447937011719,1
3738,2,0,0.2634257674217224,0
3739,1,0,0.8258657455444336,1
3740,2,1,0.5509199500083923,1
3741,4,1,0.9668135643005371,1
3742,2,1,0.46820124983787537,0
3743,2,0,0.3509035110473633,0
3744,1,1,0.9311457276344299,1
3745,1,1,0.8579836487770081,1
3746,1,1,0.08787339925765991,0
3747,1,0,0.010179002769291401,0
3748,1,1,0.421333909034729,0
3749,2,1,0.994866132736206,1
3750,1,1,0.08852385729551315,0
3751,1,0,0.4901013970375061,0
3752,3,0,0.002230471931397915,0
3753,0,0,0.0010225684382021427,0
3754,0,0,0.00966632179915905,0
3755,2,0,0.3804068863391876,0
3756,0,0,0.22328989207744598,0
3757,3,1,0.9947932362556458,1
3758,3,1,0.9951241612434387,1
3759,0,0,0.42226311564445496,0
3760,3,0,0.13611353933811188,0
3761,1,0,0.6216465830802917,1
3762,1,1,0.8269698619842529,1
3763,0,0,0.006509155500680208,0
3764,1,0,0.03108980320394039,0
3765,2,0,0.014976742677390575,0
3766,1,0,0.45746371150016785,0
3767,1,1,0.9992192983627319,1
3768,0,1,0.6412597298622131,1
3769,3,1,0.7602370977401733,1
3770,1,0,0.8258657455444336,1
3771,3,0,0.7602370977401733,1
3772,3,0,0.9246695637702942,1
3773,3,0,0.7602370977401733,1
3774,2,1,0.9973347187042236,1
3775,2,1,0.9880403876304626,1
3776,1,1,0.8254958391189575,1
3777,2,1,0.025477131828665733,0
3778,3,0,0.08412999659776688,0
3779,2,1,0.7852954268455505,1
3780,1,0,0.49082881212234497,0
3781,3,1,0.8767460584640503,1
3782,2,0,0.9115321636199951,1
3783,1,0,0.46413618326187134,0
3784,3,0,0.457070916891098,0
3785,2,1,0.8156523704528809,1
3786,2,1,0.9960344433784485,1
3787,2,1,0.9960344433784485,1
3788,4,0,0.0050023081712424755,0
3789,4,0,0.19849185645580292,0
3790,4,1,0.9964272379875183,1
3791,4,1,0.9970603585243225,1
3792,0,0,0.00949079543352127,0
3793,1,1,0.7976322770118713,1
3794,0,1,0.905677318572998,1
3795,2,0,0.9960344433784485,1
3796,2,0,0.0009729999583214521,0
3797,3,1,0.9246695637702942,1
3798,1,0,0.36776673793792725,0
3799,4,0,0.43560683727264404,0
3800,3,0,0.16529452800750732,0
3801,4,0,0.011438228189945221,0
3802,0,1,0.9983533620834351,1
3803,0,1,0.9983533620834351,1
3804,3,1,0.9004570841789246,1
3805,1,1,0.2796895503997803,0
3806,0,0,0.03343872353434563,0
3807,1,0,0.035893358290195465,0
3808,1,1,0.9980149269104004,1
3809,1,0,0.016471017152071,0
3810,1,1,0.9685482382774353,1
3811,3,1,0.9748968482017517,1
3812,3,1,0.9950023293495178,1
3813,3,1,0.9115864634513855,1
3814,2,0,0.011046407744288445,0
3815,2,0,0.010878976434469223,0
3816,1,0,0.5695177316665649,1
3817,3,0,0.006608082912862301,0
3818,2,0,0.11536669731140137,0
3819,0,0,0.02039511129260063,0
3820,0,0,0.11818286031484604,0
3821,3,1,0.9998775720596313,1
3822,2,1,0.4038243591785431,0
3823,0,1,0.2229272574186325,0
3824,4,1,0.9052767753601074,1
3825,1,1,0.8586355447769165,1
3826,1,0,0.010801514610648155,0
3827,0,0,0.44544538855552673,0
3828,4,1,0.01589316315948963,0
3829,2,0,0.5808398127555847,1
3830,3,0,0.457070916891098,0
3831,0,1,0.5427197217941284,1
3832,4,0,0.1494579166173935,0
3833,1,1,0.990349531173706,1
3834,0,0,0.5064237117767334,1
3835,0,0,0.5008155107498169,1
3836,1,1,0.9387357234954834,1
3837,4,0,0.519945502281189,1
3838,0,1,0.9994729161262512,1
3839,0,1,0.9979448914527893,1
3840,4,1,0.25211021304130554,0
3841,4,0,0.0347386933863163,0
3842,3,1,0.9246695637702942,1
3843,2,1,0.9962128400802612,1
3844,2,1,0.9353339672088623,1
3845,2,1,0.4701955318450928,0
3846,0,0,0.854290246963501,1
3847,4,1,0.8859274983406067,1
3848,3,0,0.9117942452430725,1
3849,4,1,0.5334654450416565,1
3850,4,1,0.5015801191329956,1
3851,4,0,0.43210989236831665,0
3852,4,1,0.993902325630188,1
3853,4,1,0.9959278702735901,1
3854,0,0,0.6183099746704102,1
3855,1,1,0.983125627040863,1
3856,1,1,0.9986948370933533,1
3857,1,0,0.8539261221885681,1
3858,1,1,0.6248621344566345,1
3859,2,0,0.0005692257545888424,0
3860,0,0,0.15877951681613922,0
3861,0,0,0.11035378277301788,0
3862,1,0,0.440692663192749,0
3863,4,1,0.9993213415145874,1
3864,0,0,0.23367299139499664,0
3865,1,0,0.021145246922969818,0
3866,1,0,0.010514361783862114,0
3867,1,1,0.26603931188583374,0
3868,1,1,0.9993257522583008,1
3869,3,1,0.2487577199935913,0
3870,1,1,0.9145471453666687,1
3871,3,1,0.7741534113883972,1
3872,1,0,0.012395832687616348,0
3873,0,1,0.9969231486320496,1
3874,0,0,0.8198614716529846,1
3875,4,0,0.2901472747325897,0
3876,2,0,0.15434598922729492,0
3877,4,1,0.12054020911455154,0
3878,2,1,0.9433428049087524,1
3879,0,1,0.8692582249641418,1
3880,3,1,0.9971444010734558,1
3881,3,1,0.9654954671859741,1
3882,4,0,0.16823245584964752,0
3883,2,0,0.16317079961299896,0
3884,4,0,0.03258100152015686,0
3885,2,1,0.9931529760360718,1
3886,2,1,0.9083812236785889,1
3887,0,1,0.9908792972564697,1
3888,0,0,0.5427197217941284,1
3889,0,1,0.9924209713935852,1
3890,0,0,0.00011344220547471195,0
3891,0,1,0.666610598564148,1
3892,0,0,0.27290451526641846,0
3893,0,0,0.5218189358711243,1
3894,0,1,0.995025098323822,1
3895,2,1,0.9791935086250305,1
3896,2,0,0.014291812665760517,0
3897,2,0,0.13886874914169312,0
3898,3,0,0.0002736188762355596,0
3899,3,1,0.9706382155418396,1
3900,3,1,0.985382080078125,1
3901,3,1,0.007477267645299435,0
3902,3,0,0.0017011134186759591,0
3903,2,0,0.044820111244916916,0
3904,3,1,0.9918063879013062,1
3905,3,1,0.06082931533455849,0
3906,3,1,0.9979867935180664,1
3907,3,1,0.9993589520454407,1
3908,3,0,0.00045684559154324234,0
3909,4,0,0.02496613748371601,0
3910,3,1,0.9675278663635254,1
3911,3,1,0.958885133266449,1
3912,4,1,0.9468620419502258,1
3913,4,1,0.9468620419502258,1
3914,0,1,0.9841359853744507,1
3915,4,1,0.9895050525665283,1
3916,4,0,0.0018348685698583722,0
3917,4,1,0.7361421585083008,1
3918,0,0,0.03570593148469925,0
3919,0,0,0.000405830389354378,0
3920,0,0,0.0013341670855879784,0
3921,1,0,0.12765420973300934,0
3922,0,0,0.11234551668167114,0
3923,4,1,0.9494307637214661,1
3924,4,1,0.9635862708091736,1
3925,3,1,0.07973655313253403,0
3926,0,0,0.01835598051548004,0
3927,4,0,0.03297313675284386,0
3928,4,1,0.9829311966896057,1
3929,0,1,0.9118996858596802,1
3930,1,1,0.6520663499832153,1
3931,1,1,0.17531657218933105,0
3932,3,0,0.08411017805337906,0
3933,2,1,0.967871367931366,1
3934,3,0,0.024064160883426666,0
3935,2,1,0.6808763146400452,1
3936,2,0,0.2634257674217224,0
3937,2,1,0.6353553533554077,1
3938,0,0,0.489121675491333,0
3939,1,0,0.7548304796218872,1
3940,2,1,0.9732036590576172,1
3941,2,1,0.999333918094635,1
3942,4,0,0.6219989657402039,1
3943,2,1,0.9995294809341431,1
3944,2,1,0.9992287158966064,1
3945,4,1,0.9841974377632141,1
3946,4,1,0.9050748944282532,1
3947,2,0,0.30575990676879883,0
3948,4,0,0.0003373954095877707,0
3949,4,0,0.11436577886343002,0
3950,2,1,0.991323709487915,1
3951,2,1,0.8592540621757507,1
3952,0,1,0.9924209713935852,1
3953,0,1,0.916111409664154,1
3954,1,1,0.9946091175079346,1
3955,1,0,0.25417596101760864,0
3956,1,0,0.007181032095104456,0
3957,0,0,0.020341530442237854,0
3958,4,1,0.7546507120132446,1
3959,4,0,0.24940386414527893,0
3960,2,0,0.02304186299443245,0
3961,1,1,0.09694299846887589,0
3962,4,1,0.6130268573760986,1
3963,3,0,0.20167866349220276,0
3964,2,0,0.0325222909450531,0
3965,0,0,0.02324284426867962,0
3966,4,1,0.8412215113639832,1
3967,3,1,0.9996423721313477,1
3968,0,0,0.0003045436169486493,0
3969,4,1,0.23626431822776794,0
3970,0,1,0.998909592628479,1
3971,0,0,0.010405141860246658,0
3972,2,1,0.9860928654670715,1
3973,4,1,0.9826998710632324,1
3974,4,0,0.0011045812861993909,0
3975,4,1,0.20105557143688202,0
3976,1,1,0.9275910258293152,1
3977,2,0,7.46399600757286e-05,0
3978,1,1,0.9966666102409363,1
3979,1,1,0.9990609288215637,1
3980,1,1,0.7460144758224487,1
3981,2,0,0.029408972710371017,0
3982,2,1,0.25926756858825684,0
3983,4,0,0.034654002636671066,0
3984,1,0,0.02195725403726101,0
3985,1,1,0.9737579226493835,1
3986,1,0,0.009777041152119637,0
3987,4,1,0.4579213559627533,0
3988,0,0,0.0748349204659462,0
3989,1,0,0.7323349118232727,1
3990,1,1,0.5695177316665649,1
3991,0,1,0.09029524773359299,0
3992,1,0,0.042499251663684845,0
3993,1,0,0.5695177316665649,1
3994,1,0,0.032376233488321304,0
3995,0,0,0.7303130626678467,1
3996,4,0,0.19349512457847595,0
3997,1,0,0.03830181062221527,0
3998,1,0,0.059035737067461014,0
3999,1,0,0.4940668046474457,0
4000,1,1,0.9980238676071167,1
4001,4,1,0.9050748944282532,1
4002,4,1,0.053664688020944595,0
4003,2,1,0.9880403876304626,1
4004,2,0,0.005387109238654375,0
4005,4,0,0.4198566675186157,0
4006,3,1,0.8767460584640503,1
4007,1,1,0.7323349118232727,1
4008,0,1,0.5132488012313843,1
4009,1,0,0.0019228028832003474,0
4010,4,1,0.8803225755691528,1
4011,4,1,0.6112302541732788,1
4012,1,0,0.08077849447727203,0
4013,0,1,0.9790229201316833,1
4014,2,1,0.9866358637809753,1
4015,3,0,0.11984241008758545,0
4016,1,1,0.9885029196739197,1
4017,2,0,0.9173218011856079,1
4018,0,1,0.37005624175071716,0
4019,0,1,0.5735885500907898,1
4020,2,1,0.6893297433853149,1
4021,4,1,0.9855026006698608,1
4022,2,1,0.9804657697677612,1
4023,3,0,0.9123460054397583,1
4024,2,0,0.08705835044384003,0
4025,0,1,0.854290246963501,1
4026,1,1,0.9778059720993042,1
4027,3,1,0.5370648503303528,1
4028,3,1,0.9626131057739258,1
4029,3,0,0.8545496463775635,1
4030,1,0,0.3884008824825287,0
4031,1,1,0.3850068151950836,0
4032,1,1,0.669502854347229,1
4033,3,1,0.010511420667171478,0
4034,3,0,0.585472822189331,1
4035,0,1,0.3154795169830322,0
4036,0,0,0.27515605092048645,0
4037,0,0,0.0006242795498110354,0
4038,0,1,0.5087043642997742,1
4039,3,1,0.1309928297996521,0
4040,3,0,0.005746030248701572,0
4041,3,1,0.22205132246017456,0
4042,2,1,0.993543267250061,1
4043,3,0,0.05924420431256294,0
4044,3,0,0.07286705076694489,0
4045,2,1,0.9951242804527283,1
4046,2,1,0.993543267250061,1
4047,2,0,0.032657161355018616,0
4048,2,1,0.9972544312477112,1
4049,2,1,0.9888166189193726,1
4050,3,0,0.7979925870895386,1
4051,2,1,0.10812471807003021,0
4052,2,1,0.9433428049087524,1
4053,0,0,0.2405763864517212,0
4054,4,1,0.9675335884094238,1
4055,2,0,0.4701955318450928,0
4056,2,1,0.9469946026802063,1
4057,2,1,0.9970299005508423,1
4058,1,1,0.030847100540995598,0
4059,2,1,0.031158113852143288,0
4060,3,1,0.4948246479034424,0
4061,3,1,0.8952078819274902,1
4062,3,1,0.5734661817550659,1
4063,3,1,0.9999021291732788,1
4064,3,0,0.011130889877676964,0
4065,0,1,0.7920995354652405,1
4066,4,1,0.8020755052566528,1
4067,0,1,0.7579733729362488,1
4068,2,0,0.11884008347988129,0
4069,3,1,0.23453862965106964,0
4070,4,0,0.015203628689050674,0
4071,3,1,0.9870826005935669,1
4072,1,0,0.01418119017034769,0
4073,1,1,0.8973827362060547,1
4074,1,0,0.015008571557700634,0
4075,0,0,0.4063933789730072,0
4076,2,1,0.9935200810432434,1
4077,2,1,0.9999418258666992,1
4078,4,0,0.7369615435600281,1
4079,2,1,0.999313235282898,1
4080,0,0,0.01046386081725359,0
4081,3,1,0.5263780951499939,1
4082,3,0,0.9190544486045837,1
4083,3,1,0.9963396787643433,1
4084,3,0,0.29175421595573425,0
4085,0,1,0.995025098323822,1
4086,3,1,0.15109212696552277,0
4087,0,1,0.5467445254325867,1
4088,4,1,0.5334654450416565,1
4089,0,0,0.40425798296928406,0
4090,4,1,0.3271469175815582,0
4091,0,1,0.9303340315818787,1
4092,2,1,0.9883771538734436,1
4093,3,0,0.680826723575592,1
4094,0,0,0.13901865482330322,0
4095,0,1,0.9899669885635376,1
4096,0,0,0.043172214180231094,0
4097,0,1,0.9862453937530518,1
4098,0,1,0.9978918433189392,1
4099,0,1,0.9981610178947449,1
4100,0,1,0.9974091649055481,1
4101,0,0,0.020996518433094025,0
4102,1,0,0.3356839120388031,0
4103,4,1,0.9155159592628479,1
4104,0,1,0.0617065392434597,0
4105,1,1,0.9818199872970581,1
4106,3,1,0.9382857084274292,1
4107,3,1,0.9991304278373718,1
4108,0,0,0.11014596372842789,0
4109,3,1,0.8990791440010071,1
4110,4,1,0.9963160157203674,1
4111,4,1,0.9921518564224243,1
4112,4,0,0.005306342616677284,0
4113,1,1,0.1286967545747757,0
4114,2,0,0.05753432586789131,0
4115,1,0,0.35533636808395386,0
4116,3,0,0.010625828988850117,0
4117,4,0,0.06363999098539352,0
4118,4,0,0.25475963950157166,0
4119,3,1,0.5550443530082703,1
4120,4,0,0.28216609358787537,0
4121,2,0,0.09324730187654495,0
4122,0,1,0.9976528286933899,1
4123,0,1,0.9983533620834351,1
4124,3,1,0.7731103897094727,1
4125,3,1,0.8767460584640503,1
4126,0,0,0.6412597298622131,1
4127,4,0,0.4463513195514679,0
4128,0,0,0.09121270477771759,0
4129,3,0,0.08497212827205658,0
4130,2,1,0.9987686276435852,1
4131,1,1,0.8712388277053833,1
4132,0,1,0.992857813835144,1
4133,1,1,0.9739799499511719,1
4134,2,0,0.06023572385311127,0
4135,0,1,0.3856404423713684,0
4136,4,0,0.5618722438812256,1
4137,1,0,0.47912243008613586,0
4138,1,1,0.9970763921737671,1
4139,4,1,0.9984147548675537,1
4140,4,1,0.9312281012535095,1
4141,1,0,0.00024222405045293272,0
4142,3,1,0.9947932362556458,1
4143,3,0,0.0016752539668232203,0
4144,3,0,0.001201956532895565,0
4145,2,1,0.9996224641799927,1
4146,3,0,0.00636822497472167,0
4147,0,1,0.7382767796516418,1
4148,1,0,0.957810640335083,1
4149,0,0,0.5212839841842651,1
4150,1,0,0.669502854347229,1
4151,3,1,0.6339701414108276,1
4152,4,1,0.9050748944282532,1
4153,2,0,0.08986619859933853,0
4154,0,1,0.1938667595386505,0
4155,1,1,0.9847350120544434,1
4156,1,1,0.9246538877487183,1
4157,1,1,0.9988904595375061,1
4158,4,0,0.6657152771949768,1
4159,4,0,0.012749671004712582,0
4160,1,0,0.0015477084089070559,0
4161,1,0,0.001314672059379518,0
4162,1,1,0.999612033367157,1
4163,1,1,0.999171257019043,1
4164,1,1,0.4646190106868744,0
4165,4,1,0.6706608533859253,1
4166,0,1,0.9740498661994934,1
4167,0,1,0.9558174014091492,1
4168,2,1,0.9973347187042236,1
4169,2,1,0.9981136322021484,1
4170,2,1,0.9973347187042236,1
4171,2,0,0.005395388230681419,0
4172,1,1,0.6909918189048767,1
4173,2,1,0.9173218011856079,1
4174,3,0,0.8210144639015198,1
4175,4,1,0.05457988753914833,0
4176,0,1,0.2479013204574585,0
4177,0,1,0.6608371138572693,1
4178,0,1,0.9981784820556641,1
4179,0,0,0.048333704471588135,0
4180,3,1,0.9748968482017517,1
4181,3,1,0.9748968482017517,1
4182,3,0,0.5937443375587463,1
4183,3,0,0.9831950068473816,1
4184,3,0,0.05482621490955353,0
4185,3,0,0.0016807032516226172,0
4186,0,0,0.03817607834935188,0
4187,0,1,0.35807427763938904,0
4188,3,1,0.9748968482017517,1
4189,3,0,0.0003837652620859444,0
4190,2,0,0.04877084493637085,0
4191,1,0,0.9595417976379395,1
4192,0,0,0.703271210193634,1
4193,2,0,0.023574788123369217,0
4194,4,0,0.08357983827590942,0
4195,0,1,0.8814605474472046,1
4196,0,1,0.905677318572998,1
4197,0,1,0.8814605474472046,1
4198,0,0,0.011943241581320763,0
4199,0,1,0.9277718663215637,1
4200,2,0,0.25957968831062317,0
4201,4,0,0.5639837980270386,1
4202,4,0,0.013579192571341991,0
4203,4,0,0.81996089220047,1
4204,4,1,0.7525832056999207,1
4205,4,1,0.7525832056999207,1
4206,4,0,0.9075925946235657,1
4207,4,1,0.8387871384620667,1
4208,3,0,0.05463095009326935,0
4209,3,0,0.028478184714913368,0
4210,2,1,0.9797734022140503,1
4211,2,0,0.008424174040555954,0
4212,2,1,0.9132236838340759,1
4213,2,0,0.013951648958027363,0
4214,1,0,0.8581293821334839,1
4215,0,0,0.0007118863868527114,0
4216,1,1,0.617703378200531,1
4217,4,1,0.4677425026893616,0
4218,3,1,0.9951241612434387,1
4219,2,1,0.9841505289077759,1
4220,2,0,0.4733563959598541,0
4221,2,0,0.8469459414482117,1
4222,2,0,0.8745197653770447,1
4223,2,1,0.9234668016433716,1
4224,2,0,0.7555338144302368,1
4225,2,1,0.9173218011856079,1
4226,2,1,0.9654636979103088,1
4227,2,0,0.11587293446063995,0
4228,2,0,0.6833807229995728,1
4229,0,0,0.15087170898914337,0
4230,0,1,0.905677318572998,1
4231,1,0,0.22876541316509247,0
4232,2,1,0.7958388924598694,1
4233,2,0,0.9690384268760681,1
4234,2,0,0.11162901669740677,0
4235,2,0,0.6401770114898682,1
4236,3,0,0.007865926250815392,0
4237,2,0,0.0265930388122797,0
4238,2,1,0.4155743420124054,0
4239,1,1,0.24775008857250214,0
4240,1,1,0.9807279109954834,1
4241,3,1,0.9382857084274292,1
4242,1,1,0.9980149269104004,1
4243,1,1,0.9992192983627319,1
4244,3,0,0.07181093841791153,0
4245,1,1,0.9275910258293152,1
4246,2,0,0.2634257674217224,0
4247,2,1,0.9917553663253784,1
4248,4,0,0.40684974193573,0
4249,2,0,0.005592790897935629,0
4250,3,0,0.07195784896612167,0
4251,3,0,0.04067755118012428,0
4252,0,1,0.27365630865097046,0
4253,3,1,0.9024002552032471,1
4254,3,0,0.09587843716144562,0
4255,0,0,0.018529187887907028,0
4256,2,1,0.9945132732391357,1
4257,3,1,0.9123460054397583,1
4258,3,1,0.927658200263977,1
4259,0,1,0.7460949420928955,1
4260,3,0,0.10456524789333344,0
4261,3,0,0.6570384502410889,1
4262,4,0,0.08874005079269409,0
4263,2,0,0.07025986909866333,0
4264,2,1,0.7560811042785645,1
4265,2,1,0.9313295483589172,1
4266,0,1,0.9935303330421448,1
4267,0,1,0.9974520802497864,1
4268,0,0,0.003693860024213791,0
4269,4,1,0.4511973559856415,0
4270,2,1,0.7010632753372192,1
4271,4,1,0.44606342911720276,0
4272,0,0,0.011643304489552975,0
4273,3,1,0.949039876461029,1
4274,4,1,0.5861228704452515,1
4275,2,0,0.0004121958918403834,0
4276,3,0,0.010204208083450794,0
4277,0,0,0.6821903586387634,1
4278,4,0,0.015105615369975567,0
4279,1,1,0.23724396526813507,0
4280,3,1,0.8991645574569702,1
4281,4,0,0.00827353447675705,0
4282,2,1,0.9981051683425903,1
4283,3,1,0.9986006617546082,1
4284,3,0,0.07300148159265518,0
4285,0,0,0.1723208725452423,0
4286,4,0,0.07751394063234329,0
4287,3,0,0.001292510307393968,0
4288,4,1,0.9968024492263794,1
4289,4,0,0.0004747374914586544,0
4290,1,1,0.9994295239448547,1
4291,2,1,0.9132236838340759,1
4292,0,0,0.39612799882888794,0
4293,4,1,0.6537683606147766,1
4294,2,0,0.033678483217954636,0
4295,3,0,0.0998021587729454,0
4296,3,0,0.03595203161239624,0
4297,4,1,0.950922429561615,1
4298,1,1,0.9955108165740967,1
4299,0,1,0.9795923829078674,1
4300,0,1,0.9800823330879211,1
4301,0,0,0.0005176046397536993,0
4302,1,0,0.09629711508750916,0
4303,1,0,0.0014781048521399498,0
4304,1,1,0.9778059720993042,1
4305,1,1,0.9963269829750061,1
4306,1,1,0.9946182370185852,1
4307,1,1,0.9946182370185852,1
4308,1,1,0.9974562525749207,1
4309,3,1,0.9464890956878662,1
4310,3,0,0.003602006006985903,0
4311,3,0,0.004117872565984726,0
4312,3,1,0.986420214176178,1
4313,3,0,0.0015986679354682565,0
4314,1,1,0.9865723848342896,1
4315,1,1,0.8973827362060547,1
4316,3,1,0.457070916891098,0
4317,1,0,0.03892933949828148,0
4318,0,1,0.9995630383491516,1
4319,0,0,0.0321466363966465,0
4320,0,0,0.6346872448921204,1
4321,2,0,0.014865715987980366,0
4322,4,0,0.13092820346355438,0
4323,4,0,0.0023808993864804506,0
4324,1,0,0.13110387325286865,0
4325,4,1,0.34165364503860474,0
4326,1,0,0.00228538503870368,0
4327,1,0,0.049170855432748795,0
4328,0,1,0.905677318572998,1
4329,4,1,0.895634651184082,1
4330,2,1,0.9837755560874939,1
4331,0,1,0.9964543581008911,1
4332,2,0,0.3667691946029663,0
4333,1,0,0.9068633913993835,1
4334,0,1,0.8630915880203247,1
4335,0,1,0.8221491575241089,1
4336,2,1,0.5411875247955322,1
4337,1,0,0.022206394001841545,0
4338,0,1,0.9978435039520264,1
4339,0,1,0.9994388222694397,1
4340,4,1,0.9808828234672546,1
4341,0,1,0.9994388222694397,1
4342,0,1,0.9987377524375916,1
4343,0,0,0.015729807317256927,0
4344,0,1,0.9994388222694397,1
4345,4,1,0.9997732043266296,1
4346,1,1,0.06412562727928162,0
4347,1,1,0.9962573051452637,1
4348,4,1,0.9989919066429138,1
4349,4,1,0.998211145401001,1
4350,4,0,0.02067354880273342,0
4351,4,0,0.03556928411126137,0
4352,4,0,0.0018008531769737601,0
4353,1,0,0.2299162894487381,0
4354,4,0,0.006259613670408726,0
4355,2,1,0.7143974900245667,1
4356,2,0,0.198312446475029,0
4357,0,1,0.06091779097914696,0
4358,2,1,0.41960495710372925,0
4359,4,0,0.2078031599521637,0
4360,2,0,0.0614653080701828,0
4361,0,1,0.25604507327079773,0
4362,0,1,0.8732407093048096,1
4363,4,1,0.9998561143875122,1
4364,4,1,0.9991075396537781,1
4365,4,1,0.4826909005641937,0
4366,4,1,0.08931569755077362,0
4367,3,0,0.012251496315002441,0
4368,3,0,0.03915375471115112,0
4369,0,1,0.9982776641845703,1
4370,1,1,0.6547068357467651,1
4371,2,0,0.25732940435409546,0
4372,2,1,0.9511806964874268,1
4373,0,1,0.9913994073867798,1
4374,0,1,0.9566737413406372,1
4375,4,0,0.49980124831199646,0
4376,3,0,0.7602370977401733,1
4377,3,0,0.003933846950531006,0
4378,2,0,0.0035716916900128126,0
4379,2,0,0.001090356265194714,0
4380,3,0,0.690435528755188,1
4381,3,1,0.9787440896034241,1
4382,4,0,0.7180339097976685,1
4383,4,1,0.40409281849861145,0
4384,4,0,0.40409281849861145,0
4385,3,0,0.0005049778847023845,0
4386,4,0,0.40409281849861145,0
4387,4,0,0.42192983627319336,0
4388,1,0,0.00024840954574756324,0
4389,1,1,0.9980269074440002,1
4390,2,1,0.9992789626121521,1
4391,4,1,0.8387871384620667,1
4392,4,1,0.8387871384620667,1
4393,4,1,0.9090603590011597,1
4394,4,1,0.81996089220047,1
4395,4,1,0.9075925946235657,1
4396,4,1,0.9627160429954529,1
4397,4,0,0.763062596321106,1
4398,2,0,0.6808763146400452,1
4399,1,1,0.6248621344566345,1
4400,4,1,0.9993341565132141,1
4401,4,1,0.9997151494026184,1
4402,3,0,0.7758184671401978,1
4403,3,0,0.4865858554840088,0
4404,0,1,0.4973596930503845,0
4405,0,0,0.3092019557952881,0
4406,4,0,0.04637685790657997,0
4407,0,1,0.49577292799949646,0
4408,1,0,0.18088304996490479,0
4409,2,1,0.9956616759300232,1
4410,2,1,0.8937900066375732,1
4411,1,0,0.10761190205812454,0
4412,4,1,0.2818211317062378,0
4413,2,1,0.9767707586288452,1
4414,3,1,0.9815863966941833,1
4415,1,1,0.9246538877487183,1
4416,0,0,0.0054138279519975185,0
4417,1,0,0.02556236833333969,0
4418,2,0,0.0004039928608108312,0
4419,2,1,0.9991145730018616,1
4420,0,1,0.7729458212852478,1
4421,1,1,0.9963269829750061,1
4422,1,0,0.0009613718139007688,0
4423,1,1,0.9971016049385071,1
4424,3,1,0.9947932362556458,1
4425,3,0,0.5011117458343506,1
4426,1,0,0.0008314878214150667,0
4427,4,0,0.4511973559856415,0
4428,4,1,0.5918465256690979,1
4429,3,0,0.0054433937184512615,0
4430,3,0,0.010659895837306976,0
4431,4,1,0.9361332654953003,1
4432,2,0,0.6626827120780945,1
4433,1,0,0.05886780843138695,0
4434,4,1,0.584574282169342,1
4435,1,0,0.6716914176940918,1
4436,1,0,0.5695177316665649,1
4437,2,0,0.6353553533554077,1
4438,1,1,0.47910159826278687,0
4439,4,1,0.733154833316803,1
4440,1,1,0.8973827362060547,1
4441,4,1,0.6102188229560852,1
4442,4,0,0.6209247708320618,1
4443,3,0,0.09814402461051941,0
4444,3,1,0.9640415906906128,1
4445,3,1,0.9898660778999329,1
4446,3,1,0.12404472380876541,0
4447,3,1,0.9987599849700928,1
4448,3,1,0.46972760558128357,0
4449,2,0,0.3220190703868866,0
4450,2,1,0.9973002076148987,1
4451,3,0,0.00035071649472229183,0
4452,3,1,0.9463619589805603,1
4453,3,1,0.9743916392326355,1
4454,3,1,0.4604484438896179,0
4455,1,1,0.9837943911552429,1
4456,0,0,0.08324198424816132,0
4457,0,0,0.06878672540187836,0
4458,1,1,0.6334860920906067,1
4459,2,1,0.9797734022140503,1
4460,2,1,0.9976927042007446,1
4461,2,1,0.9919790029525757,1
4462,3,1,0.9990602135658264,1
4463,0,1,0.9751434326171875,1
4464,0,1,0.9940845370292664,1
4465,1,0,0.6248666048049927,1
4466,3,0,0.26931461691856384,0
4467,0,0,0.02941216342151165,0
4468,0,0,0.011158162727952003,0
4469,4,0,0.1253894716501236,0
4470,2,0,0.05728790909051895,0
4471,1,0,0.028437331318855286,0
4472,3,1,0.9834889769554138,1
4473,3,1,0.9988182187080383,1
4474,3,1,0.9991193413734436,1
4475,2,0,0.006197846028953791,0
4476,4,0,0.1431363970041275,0
4477,2,0,0.03210795298218727,0
4478,4,1,0.980213463306427,1
4479,0,1,0.46392929553985596,0
4480,2,1,0.9891651272773743,1
4481,1,1,0.8973827362060547,1
4482,1,1,0.9694030284881592,1
4483,1,1,0.9822141528129578,1
4484,4,0,0.1550254076719284,0
4485,0,1,0.19214364886283875,0
4486,1,1,0.9959632158279419,1
4487,1,1,0.9959632158279419,1
4488,1,0,0.05676249787211418,0
4489,1,1,0.9959632158279419,1
4490,3,1,0.28489792346954346,0
4491,3,1,0.9123460054397583,1
4492,0,0,0.2385329306125641,0
4493,1,0,0.0041523282416164875,0
4494,1,1,0.4207249581813812,0
4495,2,1,0.9921146035194397,1
4496,1,0,0.02625238709151745,0
4497,1,0,0.036438483744859695,0
4498,1,1,0.9986453652381897,1
4499,1,0,0.03268992528319359,0
4500,2,1,0.014428901486098766,0
4501,1,1,0.9978184700012207,1
4502,4,1,0.9968024492263794,1
4503,4,1,0.9899436235427856,1
4504,4,0,0.028064783662557602,0
4505,3,0,0.038377903401851654,0
4506,0,0,0.8515276312828064,1
4507,4,1,0.199282705783844,0
4508,0,1,0.9118996858596802,1
4509,2,0,0.0012001347495242953,0
4510,2,1,0.996880054473877,1
4511,0,0,0.00954385381191969,0
4512,4,1,0.7661482095718384,1
4513,3,1,0.8761451840400696,1
4514,2,1,0.7805084586143494,1
4515,2,1,0.8745197653770447,1
4516,1,1,0.9867572784423828,1
4517,1,1,0.9959632158279419,1
4518,1,1,0.9961573481559753,1
4519,1,0,0.7323349118232727,1
4520,1,0,0.034844208508729935,0
4521,4,1,0.6299145221710205,1
4522,2,1,0.6833807229995728,1
4523,2,1,0.8390368223190308,1
4524,4,0,0.013781383633613586,0
4525,0,0,0.05911683663725853,0
4526,4,0,0.26725757122039795,0
4527,3,1,0.9999257326126099,1
4528,2,1,0.9578834772109985,1
4529,0,1,0.1353912651538849,0
4530,3,0,0.3509756028652191,0
4531,0,1,0.43460264801979065,0
4532,0,1,0.9928395748138428,1
4533,0,1,0.9975994229316711,1
4534,0,1,0.9960635304450989,1
4535,0,1,0.7996571063995361,1
4536,0,1,0.992283046245575,1
4537,3,0,0.032884497195482254,0
4538,4,1,0.9019559621810913,1
4539,0,1,0.09226156771183014,0
4540,1,0,0.32414552569389343,0
4541,1,0,0.01800185814499855,0
4542,2,1,0.9858112335205078,1
4543,1,0,0.013847913593053818,0
4544,1,1,0.9118875861167908,1
4545,2,1,0.9976398944854736,1
4546,0,1,0.9651843309402466,1
4547,3,0,0.41657668352127075,0
4548,4,1,0.983946681022644,1
4549,0,1,0.999743640422821,1
4550,0,0,0.6192709803581238,1
4551,0,0,0.0030194218270480633,0
4552,4,0,0.0349612794816494,0
4553,3,1,0.9840093851089478,1
4554,1,0,0.012028803117573261,0
4555,3,1,0.9232478737831116,1
4556,4,1,0.9778008460998535,1
4557,3,1,0.07060074061155319,0
4558,1,1,0.12827695906162262,0
4559,1,1,0.5593359470367432,1
4560,4,1,0.4960682988166809,0
4561,4,0,0.01885029301047325,0
4562,3,1,0.07606852054595947,0
4563,0,0,0.007338681258261204,0
4564,3,0,0.18547281622886658,0
4565,4,0,0.000837173720356077,0
4566,1,0,0.009473771788179874,0
4567,2,1,0.9664938449859619,1
4568,1,1,0.8366115689277649,1
4569,3,0,0.08768849819898605,0
4570,1,0,0.8272190690040588,1
4571,1,1,0.07602530717849731,0
4572,1,1,0.15279044210910797,0
4573,1,1,0.998812198638916,1
4574,4,1,0.3107776641845703,0
4575,1,0,0.07305752485990524,0
4576,0,0,0.03143531456589699,0
4577,0,0,0.008892107754945755,0
4578,1,0,0.052465807646512985,0
4579,2,1,0.4876997768878937,0
4580,3,0,0.26640379428863525,0
4581,3,1,0.457070916891098,0
4582,2,0,0.4876997768878937,0
4583,4,1,0.9226098656654358,1
4584,4,0,0.621752917766571,1
4585,2,1,0.08546482771635056,0
4586,0,1,0.9991828799247742,1
4587,0,0,0.08857090771198273,0
4588,4,1,0.7685380578041077,1
4589,1,1,0.9620376825332642,1
4590,1,1,0.9980149269104004,1
4591,1,1,0.9987492561340332,1
4592,3,0,0.009779036045074463,0
4593,3,1,0.961902916431427,1
4594,3,1,0.7741534113883972,1
4595,1,0,0.6909315586090088,1
4596,1,0,0.004121979232877493,0
4597,2,1,0.18481086194515228,0
4598,4,1,0.937559962272644,1
4599,4,1,0.9453282952308655,1
4600,3,0,0.003214419586583972,0
4601,1,0,0.510021448135376,1
4602,0,0,0.018288152292370796,0
4603,0,0,0.6137101054191589,1
4604,3,0,0.013375514186918736,0
4605,2,0,0.05647655203938484,0
4606,4,0,0.13036565482616425,0
4607,1,0,0.0006426901090890169,0
4608,1,0,0.05711138993501663,0
4609,0,0,0.03960896283388138,0
4610,0,1,0.9960635304450989,1
4611,2,1,0.04137275367975235,0
4612,4,0,0.4579213559627533,0
4613,0,1,0.9960635304450989,1
4614,2,1,0.96314537525177,1
4615,1,1,0.5499650239944458,1
4616,1,1,0.9400940537452698,1
4617,1,1,0.9991983771324158,1
4618,1,1,0.9978184700012207,1
4619,1,1,0.9241112470626831,1
4620,2,0,0.034829284995794296,0
4621,2,1,0.9990990161895752,1
4622,1,1,0.9987196922302246,1
4623,1,1,0.9978184700012207,1
4624,1,1,0.978603184223175,1
4625,1,1,0.9987196922302246,1
4626,4,1,0.9972499012947083,1
4627,4,1,0.9899436235427856,1
4628,4,1,0.9683637619018555,1
4629,2,1,0.5071146488189697,1
4630,4,1,0.9979532957077026,1
4631,3,1,0.9978583455085754,1
4632,3,0,0.05554204806685448,0
4633,3,0,0.007669829297810793,0
4634,3,1,0.9991391897201538,1
4635,4,0,0.003772471332922578,0
4636,1,0,0.0269571952521801,0
4637,4,1,0.9683076739311218,1
4638,3,1,0.949069619178772,1
4639,2,1,0.9313295483589172,1
4640,1,0,0.253257691860199,0
4641,1,1,0.8579836487770081,1
4642,1,1,0.884824812412262,1
4643,4,1,0.9858556389808655,1
4644,2,1,0.9971765279769897,1
4645,2,0,0.009781247936189175,0
4646,2,0,0.023983394727110863,0
4647,0,1,0.6412597298622131,1
4648,0,0,0.5427197217941284,1
4649,3,0,0.6710296869277954,1
4650,1,1,0.9016498923301697,1
4651,3,1,0.9993413090705872,1
4652,2,1,0.9836233258247375,1
4653,0,1,0.9118996858596802,1
4654,0,0,0.08554456382989883,0
4655,0,1,0.526221513748169,1
4656,0,1,0.8657463192939758,1
4657,0,0,0.04006970301270485,0
4658,4,0,0.024667207151651382,0
4659,0,0,0.766910970211029,1
4660,3,1,0.9845232963562012,1
4661,0,0,0.03193860128521919,0
4662,3,1,0.5370648503303528,1
4663,2,0,0.000667205429635942,0
4664,4,1,0.9942833781242371,1
4665,3,1,0.9117942452430725,1
4666,3,1,0.6062502861022949,1
4667,3,1,0.9390130043029785,1
4668,2,1,0.9871039986610413,1
4669,2,0,0.008095388300716877,0
4670,0,0,0.3618543744087219,0
4671,3,0,0.6339701414108276,1
4672,1,0,0.01447842363268137,0
4673,1,0,0.440692663192749,0
4674,1,0,0.440692663192749,0
4675,3,1,0.9379599094390869,1
4676,3,1,0.8135494589805603,1
4677,3,0,0.8424217104911804,1
4678,0,1,0.005633531138300896,0
4679,3,1,0.01702406257390976,0
4680,0,0,0.007836411707103252,0
4681,0,0,0.9745436906814575,1
4682,0,0,0.14290884137153625,0
4683,4,0,0.11129842698574066,0
4684,3,1,0.609332263469696,1
4685,1,1,0.9981811046600342,1
4686,3,1,0.9885711073875427,1
4687,2,1,0.8816956281661987,1
4688,0,0,0.05982980877161026,0
4689,0,1,0.5064237117767334,1
4690,1,0,0.7323349118232727,1
4691,1,1,0.9737579226493835,1
4692,2,0,0.03304656967520714,0
4693,3,1,0.9749329686164856,1
4694,3,1,0.9971444010734558,1
4695,3,0,0.002322437707334757,0
4696,0,0,0.09570036083459854,0
4697,3,1,0.9989670515060425,1
4698,0,1,0.9940882921218872,1
4699,3,0,0.02900952659547329,0
4700,1,1,0.8230635523796082,1
4701,0,1,0.9925806522369385,1
4702,2,0,0.05030282214283943,0
4703,1,1,0.9959632158279419,1
4704,1,0,0.0015851679490879178,0
4705,0,0,0.5617445111274719,1
4706,2,1,0.998450517654419,1
4707,0,1,0.6006202697753906,1
4708,0,0,0.020586151629686356,0
4709,4,1,0.7075240015983582,1
4710,4,1,0.929835855960846,1
4711,3,0,0.0361439548432827,0
4712,0,0,0.06541255861520767,0
4713,0,0,0.26445746421813965,0
4714,3,0,0.0022714496590197086,0
4715,4,1,0.9964845180511475,1
4716,2,0,0.0009524576016701758,0
4717,4,1,0.9090603590011597,1
4718,1,0,0.6870557069778442,1
4719,1,0,0.36208948493003845,0
4720,1,0,0.00028882254264317453,0
4721,1,1,0.998812198638916,1
4722,1,1,0.06604009121656418,0
4723,1,0,0.36077794432640076,0
4724,4,0,0.12136105448007584,0
4725,4,0,0.00199962523765862,0
4726,0,1,0.4651229679584503,0
4727,0,0,0.6991187930107117,1
4728,0,1,0.9056470990180969,1
4729,2,1,0.42658039927482605,0
4730,1,0,0.09631284326314926,0
4731,0,0,0.04963729903101921,0
4732,2,1,0.9987064599990845,1
4733,2,1,0.9868452548980713,1
4734,0,1,0.8198614716529846,1
4735,0,1,0.9992679953575134,1
4736,0,0,0.020654020830988884,0
4737,0,1,0.9990679621696472,1
4738,3,0,0.12693841755390167,0
4739,1,1,0.9977458119392395,1
4740,1,1,0.9689628481864929,1
4741,1,0,0.14369088411331177,0
4742,1,0,0.000832733407150954,0
4743,0,1,0.9991828799247742,1
4744,0,1,0.9999682903289795,1
4745,0,0,0.06407139450311661,0
4746,1,1,0.9260424375534058,1
4747,3,0,0.0014493984635919333,0
4748,3,1,0.9901477694511414,1
4749,3,0,0.009739912115037441,0
4750,1,1,0.968815267086029,1
4751,3,1,0.5198540091514587,1
4752,0,0,0.09609249979257584,0
4753,1,1,0.8760771751403809,1
4754,1,0,0.440692663192749,0
4755,1,0,0.7976322770118713,1
4756,2,1,0.9942871928215027,1
4757,0,0,0.00324257742613554,0
4758,1,0,0.002452403772622347,0
4759,1,0,0.17745870351791382,0
4760,0,0,0.5427197217941284,1
4761,4,0,0.9867208003997803,1
4762,4,0,0.06873924285173416,0
4763,2,1,0.9454431533813477,1
4764,0,0,0.007894720882177353,0
4765,1,1,0.006007429677993059,0
4766,0,0,0.002516107400879264,0
4767,0,1,0.9964918494224548,1
4768,0,0,0.3154795169830322,0
4769,0,0,0.40668246150016785,0
4770,0,1,0.557117223739624,1
4771,0,0,0.40668246150016785,0
4772,1,0,0.10581471771001816,0
4773,0,1,0.21218305826187134,0
4774,4,0,0.001791014103218913,0
4775,2,0,0.001055665547028184,0
4776,0,1,0.9912250638008118,1
4777,1,1,0.4811343252658844,0
4778,1,1,0.8069514632225037,1
4779,0,1,0.6334049701690674,1
4780,3,1,0.9794743061065674,1
4781,1,1,0.3812839984893799,0
4782,0,1,0.45403748750686646,0
4783,1,1,0.8973827362060547,1
4784,0,1,0.6608371138572693,1
4785,1,1,0.3255576193332672,0
4786,2,0,0.0018903238233178854,0
4787,2,0,0.00013752894301433116,0
4788,2,0,0.011014344170689583,0
4789,0,1,0.9997729659080505,1
4790,0,1,0.9993388056755066,1
4791,0,1,0.9989585876464844,1
4792,3,1,0.998259961605072,1
4793,3,1,0.999091386795044,1
4794,1,1,0.9978184700012207,1
4795,1,1,0.998812198638916,1
4796,0,0,0.15582913160324097,0
4797,2,1,0.9774571657180786,1
4798,3,0,0.12852050364017487,0
4799,3,0,0.03445103392004967,0
4800,3,1,0.9991193413734436,1
4801,4,1,0.8323336243629456,1
4802,4,0,0.002077403012663126,0
4803,3,0,0.3067013621330261,0
4804,3,1,0.9767086505889893,1
4805,3,1,0.45717090368270874,0
4806,2,1,0.9173218011856079,1
4807,1,0,0.004281512461602688,0
4808,4,1,0.7865660190582275,1
4809,4,0,0.5334654450416565,1
4810,4,1,0.5334654450416565,1
4811,0,0,0.06507417559623718,0
4812,0,0,0.26745107769966125,0
4813,4,1,0.8397376537322998,1
4814,0,0,0.04619017243385315,0
4815,0,0,0.10596220195293427,0
4816,2,0,0.11549148708581924,0
4817,1,1,0.6973753571510315,1
4818,4,1,0.9388667345046997,1
4819,4,1,0.8703287839889526,1
4820,3,1,0.9904008507728577,1
4821,3,0,0.020249273627996445,0
4822,3,1,0.9909589290618896,1
4823,3,1,0.9904008507728577,1
4824,3,1,0.5756121873855591,1
4825,2,1,0.9313295483589172,1
4826,2,1,0.9181999564170837,1
4827,2,0,0.00832961592823267,0
4828,3,1,0.5756121873855591,1
4829,4,1,0.9948005676269531,1
4830,1,0,0.03833354637026787,0
4831,0,0,0.04311785474419594,0
4832,2,1,0.999313235282898,1
4833,2,1,0.987650454044342,1
4834,0,1,0.33457300066947937,0
4835,2,0,0.6682660579681396,1
4836,4,0,0.02292673848569393,0
4837,3,1,0.9951030015945435,1
4838,2,1,0.9991051554679871,1
4839,2,0,0.1571199893951416,0
4840,3,1,0.8293104767799377,1
4841,3,1,0.7846599221229553,1
4842,0,1,0.6957974433898926,1
4843,3,1,0.04646226391196251,0
4844,3,0,0.047392837703228,0
4845,0,0,0.4771222174167633,0
4846,1,0,0.2509663999080658,0
4847,3,1,0.9950157999992371,1
4848,3,1,0.9957281947135925,1
4849,3,0,8.333742152899504e-05,0
4850,4,0,0.02584468387067318,0
4851,0,0,0.08615770936012268,0
4852,4,1,0.9765949845314026,1
4853,0,1,0.9968699812889099,1
4854,4,1,0.5334654450416565,1
4855,1,1,0.692911684513092,1
4856,0,1,0.40668246150016785,0
4857,0,1,0.047307759523391724,0
4858,3,1,0.2716830372810364,0
4859,1,0,0.036481823772192,0
4860,4,0,0.5554763078689575,1
4861,0,0,0.02421543374657631,0
4862,1,0,0.03857607766985893,0
4863,1,1,0.35533636808395386,0
4864,1,0,0.7323349118232727,1
4865,3,0,0.11279331147670746,0
4866,2,1,0.9972367286682129,1
4867,2,1,0.18816134333610535,0
4868,4,1,0.979258120059967,1
4869,4,1,0.9964492321014404,1
4870,1,1,0.617703378200531,1
4871,1,0,0.35533636808395386,0
4872,3,1,0.4097719192504883,0
4873,4,0,0.04965071380138397,0
4874,2,0,0.9996434450149536,1
4875,2,0,0.4098915755748749,0
4876,2,1,0.6353553533554077,1
4877,2,0,0.3891483545303345,0
4878,4,0,0.18057934939861298,0
4879,3,1,0.7602370977401733,1
4880,3,1,0.7602370977401733,1
4881,3,1,0.7631567120552063,1
4882,4,0,0.13399705290794373,0
4883,3,0,0.18392738699913025,0
4884,1,1,0.8464852571487427,1
4885,4,0,0.1819533407688141,0
4886,2,1,0.9973347187042236,1
4887,2,0,0.0003109124081674963,0
4888,1,1,0.8795852661132812,1
4889,1,1,0.944763720035553,1
4890,4,0,0.04248378053307533,0
4891,4,1,0.7103492617607117,1
4892,2,0,0.5458322167396545,1
4893,0,0,0.5064237117767334,1
4894,4,1,0.9964492321014404,1
4895,4,1,0.9933440685272217,1
4896,1,0,0.012780238874256611,0
4897,4,0,0.10411817580461502,0
4898,3,0,0.12968763709068298,0
4899,3,1,0.4875498414039612,0
4900,3,1,0.9969344139099121,1
4901,3,1,0.9991391897201538,1
4902,2,0,0.7041663527488708,1
4903,0,1,0.5813953280448914,1
4904,0,1,0.9056470990180969,1
4905,1,1,0.9275910258293152,1
4906,2,0,0.013889094814658165,0
4907,4,1,0.9326041340827942,1
4908,0,1,0.6686047315597534,1
4909,4,0,0.04928088188171387,0
4910,3,1,0.8191482424736023,1
4911,2,0,0.7143974900245667,1
4912,3,1,0.9246695637702942,1
4913,1,1,0.8973827362060547,1
4914,2,1,0.8816956281661987,1
4915,4,1,0.30163025856018066,0
4916,4,1,0.9075925946235657,1
4917,3,0,0.03397202119231224,0
4918,3,1,0.391208678483963,0
4919,2,1,0.6770377159118652,1
4920,0,1,0.9922506213188171,1
4921,4,1,0.4008754789829254,0
4922,2,0,0.004740871489048004,0
4923,2,1,0.9972367286682129,1
4924,3,1,0.0562702938914299,0
4925,0,1,0.6053533554077148,1
4926,3,1,0.9165976047515869,1
4927,2,1,0.9981051683425903,1
4928,2,1,0.9968953132629395,1
4929,2,1,0.9866089224815369,1
4930,2,1,0.9985151886940002,1
4931,0,1,0.9985504746437073,1
4932,2,0,0.4721336364746094,0
4933,3,0,0.04579651355743408,0
4934,4,1,0.5615578889846802,1
4935,1,1,0.8539261221885681,1
4936,3,1,0.5756121873855591,1
4937,0,1,0.905677318572998,1
4938,3,1,0.17741724848747253,0
4939,0,0,0.13629785180091858,0
4940,2,0,0.19597367942333221,0
4941,0,0,0.02987566962838173,0
4942,1,1,0.9054105877876282,1
4943,1,1,0.975615918636322,1
4944,4,0,0.25580641627311707,0
4945,0,1,0.9928395748138428,1
4946,1,0,0.5967949032783508,1
4947,1,0,0.2458164393901825,0
4948,0,0,0.3162137567996979,0
4949,1,1,0.09434328973293304,0
4950,1,1,0.11264322698116302,0
4951,2,1,0.9992223978042603,1
4952,3,0,0.004447695333510637,0
4953,2,1,0.9990610480308533,1
4954,0,0,0.08239094167947769,0
4955,1,1,0.0772906094789505,0
4956,1,1,0.6593964099884033,1
4957,1,1,0.869520366191864,1
4958,1,1,0.2331458479166031,0
4959,1,1,0.6256294846534729,1
4960,3,0,0.04869140312075615,0
4961,1,0,0.013213703408837318,0
4962,4,1,0.9999276399612427,1
4963,1,1,0.4901013970375061,0
4964,2,1,0.9313295483589172,1
4965,3,1,0.9204446077346802,1
4966,3,1,0.9504000544548035,1
4967,1,1,0.9737579226493835,1
4968,1,1,0.9847350120544434,1
4969,2,0,0.6322669982910156,1
4970,2,1,0.2634257674217224,0
4971,2,1,0.2634257674217224,0
4972,2,1,0.3509035110473633,0
4973,2,0,0.5458322167396545,1
4974,4,0,0.10531459003686905,0
4975,4,1,0.9970284104347229,1
4976,4,1,0.9958189129829407,1
4977,3,1,0.998306393623352,1
4978,2,0,0.0013640818651765585,0
4979,4,1,0.9791207313537598,1
4980,3,1,0.6860312819480896,1
4981,1,1,0.9998515844345093,1
4982,0,0,0.02839846722781658,0
4983,0,1,0.9968209266662598,1
4984,1,1,0.9803788661956787,1
4985,1,0,0.03237111121416092,0
4986,4,1,0.9858556389808655,1
4987,0,1,0.9877066016197205,1
4988,2,1,0.40415698289871216,0
4989,3,1,0.9909589290618896,1
4990,0,0,0.27732181549072266,0
4991,3,1,0.8327891826629639,1
4992,3,0,0.10107438266277313,0
4993,4,1,0.008014685474336147,0
4994,4,1,0.9635862708091736,1
4995,4,1,0.8429020047187805,1
4996,0,1,0.9890100359916687,1
4997,2,0,0.029065415263175964,0
4998,2,1,0.9132236838340759,1
4999,0,0,0.07323607057332993,0
5000,3,0,0.0013678617542609572,0
5001,3,1,0.9946470856666565,1
5002,4,0,0.09767889231443405,0
5003,1,0,0.0011487259762361646,0
5004,3,1,0.21869240701198578,0
5005,0,0,0.199353888630867,0
5006,4,1,0.4677523076534271,0
5007,3,0,0.0012838898692280054,0
5008,2,0,0.03246406465768814,0
5009,1,1,0.9985107779502869,1
5010,1,1,0.9997240900993347,1
5011,1,0,0.046371541917324066,0
5012,4,0,0.32177093625068665,0
5013,0,1,0.5388882756233215,1
5014,2,1,0.5298618674278259,1
5015,3,0,0.00021783811098430306,0
5016,1,0,0.018302733078598976,0
5017,4,1,0.980213463306427,1
5018,4,1,0.1556989699602127,0
5019,3,1,0.9840093851089478,1
5020,0,1,0.9877066016197205,1
5021,1,0,0.03600984811782837,0
5022,1,1,0.9234986305236816,1
5023,4,1,0.9890254139900208,1
5024,4,1,0.9970314502716064,1
5025,4,1,0.999549925327301,1
5026,1,0,0.0024713485036045313,0
5027,4,0,0.277090460062027,0
5028,2,1,0.9669491648674011,1
5029,3,1,0.9971007704734802,1
5030,3,1,0.9987599849700928,1
5031,1,0,0.0002680927573237568,0
5032,1,0,0.0009806228335946798,0
5033,4,0,0.4221939146518707,0
5034,1,0,0.7966874837875366,1
5035,0,1,0.3794081211090088,0
5036,0,1,0.995053231716156,1
5037,3,0,0.040719375014305115,0
5038,0,0,0.07890772074460983,0
5039,4,1,0.9090603590011597,1
5040,4,1,0.9138989448547363,1
5041,4,0,0.000814496714156121,0
5042,2,1,0.9132236838340759,1
5043,2,1,0.9115321636199951,1
5044,2,1,0.5193546414375305,1
5045,4,0,0.0034700690302997828,0
5046,2,1,0.9369546175003052,1
5047,3,1,0.8943450450897217,1
5048,1,0,0.02990850992500782,0
5049,0,1,0.9873306751251221,1
5050,0,1,0.973599910736084,1
5051,0,1,0.9868365526199341,1
5052,4,0,0.004082552157342434,0
5053,3,0,0.1409224569797516,0
5054,3,0,0.02381925657391548,0
5055,3,0,0.41898635029792786,0
5056,0,0,0.04353960603475571,0
5057,0,0,0.047849398106336594,0
5058,2,0,0.021682176738977432,0
5059,0,0,0.597823441028595,1
5060,3,1,0.583827793598175,1
5061,4,1,0.12825293838977814,0
5062,3,0,0.017073743045330048,0
5063,3,0,0.22851648926734924,0
5064,4,0,0.14037904143333435,0
5065,4,0,0.002130290260538459,0
5066,3,1,0.6339701414108276,1
5067,0,0,0.1081484705209732,0
5068,3,1,0.9904008507728577,1
5069,3,0,0.0016774724936112761,0
5070,3,1,0.9950157999992371,1
5071,3,1,0.9956825971603394,1
5072,1,0,0.8021225333213806,1
5073,3,1,0.9923880100250244,1
5074,4,0,9.262696403311566e-05,0
5075,2,1,0.9986569881439209,1
5076,4,0,0.15672290325164795,0
5077,0,1,0.742662787437439,1
5078,4,0,0.04335380345582962,0
5079,0,0,0.02087647095322609,0
5080,0,0,0.3899592459201813,0
5081,0,1,0.8491189479827881,1
5082,0,0,0.004165186081081629,0
5083,0,0,0.10175730288028717,0
5084,0,0,0.6006202697753906,1
5085,1,1,0.6129880547523499,1
5086,4,1,0.48882171511650085,0
5087,2,0,0.06248115748167038,0
5088,1,0,0.16484442353248596,0
5089,0,1,0.017776018008589745,0
5090,3,0,0.6457408666610718,1
5091,2,1,0.8390368223190308,1
5092,0,0,0.053655724972486496,0
5093,0,0,0.6440911293029785,1
5094,1,1,0.9987492561340332,1
5095,0,0,0.01585843227803707,0
5096,0,0,0.5167900919914246,1
5097,3,1,0.457070916891098,0
5098,2,1,0.9973216652870178,1
5099,2,1,0.6307502388954163,1
5100,4,1,0.6623817682266235,1
5101,4,1,0.4447922706604004,0
5102,0,1,0.9828690886497498,1
5103,4,0,0.247275710105896,0
5104,3,0,0.1065225601196289,0
5105,0,0,0.008385388180613518,0
5106,2,0,0.054551370441913605,0
5107,2,0,0.6838135719299316,1
5108,0,0,0.08963523060083389,0
5109,1,0,0.06526856869459152,0
5110,4,1,0.21394585072994232,0
5111,4,0,0.9631272554397583,1
5112,4,0,0.002353610238060355,0
5113,4,1,0.9963160157203674,1
5114,4,1,0.9977787137031555,1
5115,4,0,0.0008946032612584531,0
5116,4,1,0.9369097948074341,1
5117,4,0,0.002429953310638666,0
5118,4,0,0.0024976185522973537,0
5119,1,0,0.009175222367048264,0
5120,2,1,0.9981051683425903,1
5121,4,1,0.969142735004425,1
5122,4,0,0.48882171511650085,0
5123,2,0,0.16916726529598236,0
5124,1,1,0.8880362510681152,1
5125,0,1,0.3298138976097107,0
5126,2,0,0.24486346542835236,0
5127,3,1,0.3963339626789093,0
5128,0,1,0.0451972633600235,0
5129,4,0,0.0006161585915833712,0
5130,0,1,0.9303340315818787,1
5131,1,0,0.003238845383748412,0
5132,0,0,0.10419607907533646,0
5133,3,1,0.9993159770965576,1
5134,2,0,0.01598849520087242,0
5135,4,1,0.9858556389808655,1
5136,2,1,0.9773844480514526,1
5137,2,1,0.9939948916435242,1
5138,2,0,0.0013444647192955017,0
5139,2,1,0.9877486824989319,1
5140,0,1,0.6006202697753906,1
5141,0,0,0.40668246150016785,0
5142,4,0,0.004458895418792963,0
5143,4,0,0.587074339389801,1
5144,2,0,0.4125351309776306,0
5145,4,1,0.4837523400783539,0
5146,2,1,0.7852954268455505,1
5147,2,1,0.9968953132629395,1
5148,2,1,0.9716718196868896,1
5149,0,1,0.9010409116744995,1
5150,2,0,0.013746993616223335,0
5151,1,1,0.22470030188560486,0
5152,2,0,0.42844492197036743,0
5153,1,1,0.9942622184753418,1
5154,3,0,0.14760373532772064,0
5155,3,0,0.07992538064718246,0
5156,4,1,0.9388818740844727,1
5157,4,1,0.9050748944282532,1
5158,2,1,0.6353553533554077,1
5159,1,0,0.1576661914587021,0
5160,2,0,0.0007297233678400517,0
5161,4,1,0.9907208681106567,1
5162,2,1,0.9313295483589172,1
5163,2,1,0.9234668016433716,1
5164,2,1,0.535061776638031,1
5165,2,1,0.6833807229995728,1
5166,1,0,0.08818872272968292,0
5167,4,0,0.32177093625068665,0
5168,1,1,0.9734154343605042,1
5169,4,0,0.21182569861412048,0
5170,3,1,0.726216197013855,1
5171,4,1,0.035777390003204346,0
5172,4,1,0.4930257201194763,0
5173,1,0,0.2501106262207031,0
5174,2,1,0.9764754772186279,1
5175,3,0,0.8252713680267334,1
5176,3,1,0.9115864634513855,1
5177,0,0,0.0035978651139885187,0
5178,0,0,0.6260450482368469,1
5179,0,0,0.6137101054191589,1
5180,0,1,0.6260450482368469,1
5181,3,0,0.11769893020391464,0
5182,3,0,0.007997779175639153,0
5183,0,0,0.6561379432678223,1
5184,1,1,0.9947094917297363,1
5185,0,0,0.2779756486415863,0
5186,0,1,0.9877066016197205,1
5187,2,1,0.17399971187114716,0
5188,2,1,0.6833807229995728,1
5189,2,1,0.7560811042785645,1
5190,2,1,0.9972367286682129,1
5191,0,0,0.0030218588653951883,0
5192,4,1,0.9921518564224243,1
5193,4,1,0.9948005676269531,1
5194,1,0,0.0006301065441220999,0
5195,1,1,0.6431078910827637,1
5196,3,1,0.9909589290618896,1
5197,3,1,0.9850386381149292,1
5198,0,0,0.01563147082924843,0
5199,2,1,0.9170186519622803,1
5200,2,1,0.9313295483589172,1
5201,2,1,0.8390368223190308,1
5202,2,0,0.002395904390141368,0
5203,3,1,0.5868170857429504,1
5204,3,1,0.45717090368270874,0
5205,1,0,0.9456376433372498,1
5206,1,1,0.9961573481559753,1
5207,1,0,0.0002777784538920969,0
5208,1,1,0.22487872838974,0
5209,1,0,0.3541380763053894,0
5210,0,1,0.5064237117767334,1
5211,4,1,0.9739866256713867,1
5212,2,0,0.01201672200113535,0
5213,1,1,0.8706836104393005,1
5214,1,0,0.0003355899825692177,0
5215,1,0,0.0014501280384138227,0
5216,1,0,0.5945702791213989,1
5217,3,1,0.9850386381149292,1
5218,4,0,0.013748887926340103,0
5219,0,0,0.02077350951731205,0
5220,0,1,0.9974520802497864,1
5221,1,0,0.7323349118232727,1
5222,4,1,0.5584836006164551,1
5223,0,1,0.9981164932250977,1
5224,4,0,0.10980463773012161,0
5225,1,0,0.05333193764090538,0
5226,2,0,0.0019988755229860544,0
5227,2,1,0.9797734022140503,1
5228,1,1,0.8539261221885681,1
5229,2,1,0.9701102375984192,1
5230,0,1,0.9994388222694397,1
5231,4,0,0.01772356778383255,0
5232,2,1,0.9310364723205566,1
5233,2,0,0.31295862793922424,0
5234,4,1,0.34321650862693787,0
5235,4,0,0.0102920550853014,0
5236,4,0,0.15280680358409882,0
5237,1,1,0.7225693464279175,1
5238,3,0,0.03243137151002884,0
5239,3,1,0.99720698595047,1
5240,1,0,0.03237181901931763,0
5241,3,0,0.05670474097132683,0
5242,2,0,0.06624838709831238,0
5243,0,1,0.7045764327049255,1
5244,0,0,0.005655176471918821,0
5245,0,1,0.971869707107544,1
5246,0,1,0.9203076362609863,1
5247,4,1,0.4446117877960205,0
5248,2,1,0.5064936280250549,1
5249,0,1,0.9662269949913025,1
5250,1,1,0.9246538877487183,1
5251,1,1,0.8555499911308289,1
5252,0,0,0.0002327747060917318,0
5253,0,1,0.9994729161262512,1
5254,0,1,0.23648293316364288,0
5255,0,1,0.4575178325176239,0
5256,3,0,0.022673869505524635,0
5257,4,1,0.9986245632171631,1
5258,4,0,0.0056100813671946526,0
5259,3,1,0.9937289953231812,1
5260,3,0,0.000824834918603301,0
5261,0,1,0.9151110649108887,1
5262,4,1,0.9784839153289795,1
5263,1,1,0.9831426739692688,1
5264,1,1,0.33057406544685364,0
5265,0,1,0.9902781844139099,1
5266,0,1,0.9862215518951416,1
5267,1,1,0.9895723462104797,1
5268,2,1,0.6353553533554077,1
5269,4,0,0.2860175371170044,0
5270,4,0,0.7751536965370178,1
5271,4,0,0.004726361483335495,0
5272,4,1,0.23399701714515686,0
5273,4,0,0.003953245468437672,0
5274,2,1,0.9794673323631287,1
5275,4,0,0.2363993376493454,0
5276,4,0,0.5968092679977417,1
5277,4,1,0.5968092679977417,1
5278,2,0,0.003076020395383239,0
5279,4,0,0.09202401340007782,0
5280,1,1,0.13992677628993988,0
5281,0,1,0.9781746864318848,1
5282,2,1,0.9981051683425903,1
5283,2,1,0.9948663711547852,1
5284,0,1,0.949940025806427,1
5285,0,0,0.006810568738728762,0
5286,0,0,0.34667280316352844,0
5287,3,0,0.008031858131289482,0
5288,1,1,0.9952483773231506,1
5289,1,1,0.9982499480247498,1
5290,3,1,0.9743916392326355,1
5291,3,1,0.2984687387943268,0
5292,3,0,0.0010058972984552383,0
5293,0,0,0.005135982297360897,0
5294,0,0,0.0010070004500448704,0
5295,2,0,0.013108335435390472,0
5296,2,1,0.25872230529785156,0
5297,4,0,0.04355742037296295,0
5298,3,0,0.7317142486572266,1
5299,4,0,0.10721340030431747,0
5300,4,0,0.13799025118350983,0
5301,3,1,0.9455485343933105,1
5302,0,0,0.707673192024231,1
5303,4,1,0.9848206639289856,1
5304,4,0,0.052256662398576736,0
5305,3,1,0.9370139241218567,1
5306,0,0,0.00021338216902222484,0
5307,2,0,0.8435279726982117,1
5308,2,1,0.9502171277999878,1
5309,3,0,0.00175321358256042,0
5310,1,0,0.005377036519348621,0
5311,1,1,0.9782344698905945,1
5312,1,1,0.9686836004257202,1
5313,1,1,0.9734208583831787,1
5314,1,1,0.8976287245750427,1
5315,4,1,0.9583252668380737,1
5316,4,1,0.9883098602294922,1
5317,4,1,0.9998270869255066,1
5318,4,0,0.9465171098709106,1
5319,4,1,0.9986245632171631,1
5320,1,0,0.7081162929534912,1
5321,2,0,0.00976773351430893,0
5322,0,0,0.10705972462892532,0
5323,2,0,0.6338175535202026,1
5324,1,1,0.9640344977378845,1
5325,2,0,0.002437857212498784,0
5326,2,0,0.011154191568493843,0
5327,0,1,0.9952837824821472,1
5328,4,1,0.9825014472007751,1
5329,2,1,0.6103097200393677,1
5330,0,0,0.3984156548976898,0
5331,3,1,0.20415855944156647,0
5332,1,1,0.9773446917533875,1
5333,0,1,0.9676341414451599,1
5334,1,1,0.8554039597511292,1
5335,0,1,0.626532256603241,1
5336,3,1,0.9837766885757446,1
5337,1,1,0.9679436087608337,1
5338,4,1,0.917763888835907,1
5339,0,1,0.9921883344650269,1
5340,4,1,0.10896226018667221,0
5341,1,1,0.9890974760055542,1
5342,4,0,0.014650941826403141,0
5343,3,1,0.9944936037063599,1
5344,3,1,0.04179259017109871,0
5345,4,0,0.453485369682312,0
5346,4,1,0.3687708377838135,0
5347,4,1,0.453485369682312,0
5348,4,1,0.7099586725234985,1
5349,4,1,0.5968092679977417,1
5350,2,1,0.0440141037106514,0
5351,4,1,0.3801098167896271,0
5352,2,1,0.9780795574188232,1
5353,3,1,0.01453786063939333,0
5354,3,0,0.48180297017097473,0
5355,0,1,0.9982154369354248,1
5356,0,0,0.03022531047463417,0
5357,1,0,0.008995667099952698,0
5358,4,0,0.5468028783798218,1
5359,0,1,0.7570280432701111,1
5360,1,1,0.3616107106208801,0
5361,4,1,0.9968024492263794,1
5362,3,0,0.08047589659690857,0
5363,0,0,0.05401413515210152,0
5364,1,1,0.9942888021469116,1
5365,2,0,0.1421109437942505,0
5366,1,0,0.09823224693536758,0
5367,1,1,0.9121087789535522,1
5368,4,0,0.03595930337905884,0
5369,3,1,0.8936205506324768,1
5370,1,0,0.09018448740243912,0
5371,0,1,0.999972939491272,1
5372,0,1,0.9973032474517822,1
5373,2,1,0.9836022853851318,1
5374,2,1,0.9780795574188232,1
5375,4,0,0.00019805274496320635,0
5376,4,0,0.006260737776756287,0
5377,3,0,0.33404284715652466,0
5378,1,1,0.9935798645019531,1
5379,4,0,0.00023932057956699282,0
5380,1,0,0.12349803745746613,0
5381,2,0,0.03504451736807823,0
5382,1,0,0.10718585550785065,0
5383,1,0,0.10353818535804749,0
5384,3,1,0.9750008583068848,1
5385,1,0,0.09118302911520004,0
5386,1,0,0.004231157246977091,0
5387,1,0,0.08611846715211868,0
5388,1,0,0.5514214634895325,1
5389,1,1,0.8750940561294556,1
5390,1,0,0.459627240896225,0
5391,2,0,0.6889294385910034,1
5392,1,0,0.0005778713966719806,0
5393,4,0,0.023278459906578064,0
5394,4,1,0.9841604828834534,1
5395,4,1,0.9992257356643677,1
5396,3,0,0.5860984325408936,1
5397,3,0,0.027351925149559975,0
5398,3,1,0.9669381380081177,1
5399,4,0,0.8139912486076355,1
5400,1,1,0.9684323072433472,1
5401,3,1,0.9908701777458191,1
5402,3,1,0.9950023293495178,1
5403,2,1,0.9773844480514526,1
5404,2,1,0.9962128400802612,1
5405,1,1,0.9425872564315796,1
5406,2,0,0.0018022225704044104,0
5407,3,1,0.9991145730018616,1
5408,3,0,0.8822083473205566,1
5409,2,0,0.06662499159574509,0
5410,2,0,0.25341346859931946,0
5411,3,1,0.9792484045028687,1
5412,3,1,0.9646990299224854,1
5413,3,1,0.927658200263977,1
5414,3,1,0.9950023293495178,1
5415,2,0,0.08062291890382767,0
5416,3,1,0.21096937358379364,0
5417,3,0,0.5270349383354187,1
5418,2,0,0.0036875971127301455,0
5419,2,1,0.02953954227268696,0
5420,1,0,0.30402225255966187,0
5421,2,1,0.8873538970947266,1
5422,2,0,0.0005272343987599015,0
5423,1,1,0.9947525262832642,1
5424,1,0,0.0009292455506511033,0
5425,3,1,0.8758821487426758,1
5426,0,0,0.0015542664332315326,0
5427,0,1,0.9773134589195251,1
5428,4,0,0.02888485975563526,0
5429,2,1,0.1415576934814453,0
5430,2,0,0.5756453275680542,1
5431,1,0,0.10626206547021866,0
5432,4,0,0.453485369682312,0
5433,0,0,0.0010818832088261843,0
5434,0,0,0.0333273746073246,0
5435,0,0,0.09583038091659546,0
5436,0,1,0.90666264295578,1
5437,2,1,0.5756453275680542,1
5438,1,1,0.6615521907806396,1
5439,2,0,0.3235539197921753,0
5440,2,1,0.002030088333413005,0
5441,1,1,0.9735626578330994,1
5442,1,1,0.9273012280464172,1
5443,1,1,0.9808035492897034,1
5444,1,1,0.9735626578330994,1
5445,1,1,0.9773446917533875,1
5446,1,1,0.982718288898468,1
5447,3,1,0.6528675556182861,1
5448,4,0,0.11668355762958527,0
5449,4,1,0.9888762831687927,1
5450,4,1,0.9888762831687927,1
5451,4,1,0.8548088073730469,1
5452,4,1,0.9835917949676514,1
5453,4,0,0.03331821411848068,0
5454,4,1,0.9546787142753601,1
5455,2,1,0.1091127023100853,0
5456,0,1,0.9985504746437073,1
5457,3,0,0.007992828264832497,0
5458,1,1,0.9980149269104004,1
5459,0,1,0.9136587381362915,1
5460,3,0,0.00016846921062096953,0
5461,0,1,0.704171895980835,1
5462,0,1,0.9848228693008423,1
5463,2,1,0.7804237008094788,1
5464,0,1,0.9685631394386292,1
5465,3,1,0.9687057137489319,1
5466,3,1,0.5946463942527771,1
5467,0,0,0.03404603898525238,0
5468,1,0,0.42715591192245483,0
5469,3,0,0.5652891397476196,1
5470,3,0,0.03808475658297539,0
5471,3,1,0.9542683959007263,1
5472,2,1,0.9992223978042603,1
5473,3,0,0.2847670614719391,0
5474,1,1,0.9985551238059998,1
5475,0,0,0.626532256603241,1
5476,4,1,0.9997151494026184,1
5477,4,1,0.9997151494026184,1
5478,3,1,0.9667930603027344,1
5479,4,1,0.9256881475448608,1
5480,2,0,0.39619797468185425,0
5481,1,0,0.011270679533481598,0
5482,0,1,0.25796541571617126,0
5483,3,0,0.0036923708394169807,0
5484,0,0,0.10035981237888336,0
5485,4,1,0.0035935596097260714,0
5486,3,1,0.5702716112136841,1
5487,1,1,0.6286182999610901,1
5488,1,1,0.9947726130485535,1
5489,1,1,0.9737579226493835,1
5490,4,0,0.0003288180159870535,0
5491,1,1,0.2210463434457779,0
5492,1,1,0.8729568123817444,1
5493,3,0,0.042973894625902176,0
5494,3,1,0.9991391897201538,1
5495,3,1,0.9978583455085754,1
5496,0,1,0.9991922974586487,1
5497,4,1,0.603473961353302,1
5498,4,0,0.04303119704127312,0
5499,3,0,0.004855414852499962,0
5500,4,0,0.18316549062728882,0
5501,4,1,0.9926861524581909,1
5502,2,1,0.998676598072052,1
5503,1,1,0.9474910497665405,1
5504,2,0,0.27212727069854736,0
5505,2,1,0.05374704301357269,0
5506,4,1,0.9893053770065308,1
5507,4,1,0.9916551113128662,1
5508,2,0,0.9922227263450623,1
5509,3,1,0.9994295239448547,1
5510,2,1,0.9972367286682129,1
5511,4,1,0.7099586725234985,1
5512,3,0,0.0094211520627141,0
5513,3,1,0.9863616228103638,1
5514,3,1,0.02428777888417244,0
5515,3,1,0.9995790123939514,1
5516,3,0,0.013190407305955887,0
5517,3,1,0.9882118105888367,1
5518,3,0,0.011127105914056301,0
5519,3,0,0.032954029738903046,0
5520,3,1,0.9727291464805603,1
5521,2,0,0.017615996301174164,0
5522,0,0,0.24622705578804016,0
5523,3,1,0.6798527836799622,1
5524,3,0,0.6894391179084778,1
5525,4,0,0.304172158241272,0
5526,4,0,0.00498558534309268,0
5527,3,0,0.00047324338811449707,0
5528,1,1,0.9734208583831787,1
5529,2,1,0.8240295648574829,1
5530,4,1,0.9825900197029114,1
5531,2,1,0.9887276887893677,1
5532,2,1,0.9721259474754333,1
5533,2,1,0.9929115176200867,1
5534,2,1,0.9890446662902832,1
5535,2,1,0.9972021579742432,1
5536,2,0,0.06255649775266647,0
5537,0,0,0.8471675515174866,1
5538,4,0,0.014952225610613823,0
5539,1,1,0.9008159637451172,1
5540,1,0,0.2678268253803253,0
5541,3,1,0.9716505408287048,1
5542,0,1,0.9852781891822815,1
5543,2,1,0.9845163226127625,1
5544,0,1,0.971869707107544,1
5545,0,1,0.9662269949913025,1
5546,2,1,0.9836022853851318,1
5547,0,0,0.10793764144182205,0
5548,2,0,0.05431210994720459,0
5549,0,1,0.5734869241714478,1
5550,4,1,0.9931556582450867,1
5551,4,0,0.07328137755393982,0
5552,2,1,0.5354825854301453,1
5553,4,0,0.4237208366394043,0
5554,4,0,0.3094739615917206,0
5555,4,1,0.9971615076065063,1
5556,4,0,0.009389698505401611,0
5557,1,0,0.01773585006594658,0
5558,1,1,0.9993541836738586,1
5559,1,0,0.00101202423684299,0
5560,0,0,0.019457193091511726,0
5561,0,0,0.0002605965710245073,0
5562,0,1,0.9967895150184631,1
5563,0,0,0.00010528910934226587,0
5564,0,1,0.9935303330421448,1
5565,0,0,0.6684757471084595,1
5566,0,0,0.011818604543805122,0
5567,3,1,0.038566235452890396,0
5568,4,1,0.9997485280036926,1
5569,4,0,0.02838423289358616,0
5570,4,1,0.9994927644729614,1
5571,4,0,0.08476103842258453,0
5572,1,0,0.0428510420024395,0
5573,3,1,0.5772773623466492,1
5574,1,1,0.3633306324481964,0
5575,1,1,0.9734208583831787,1
5576,1,0,0.03220241516828537,0
5577,1,1,0.7727108597755432,1
5578,0,1,0.980645477771759,1
5579,4,1,0.9587692618370056,1
5580,4,1,0.9852644801139832,1
5581,4,1,0.3088260889053345,0
5582,2,0,0.02292191982269287,0
5583,1,1,0.9923190474510193,1
5584,2,0,0.09294635057449341,0
5585,4,1,0.9985993504524231,1
5586,1,0,0.6764814257621765,1
5587,4,0,0.13192394375801086,0
5588,1,1,0.9853461980819702,1
5589,4,0,0.49343985319137573,0
5590,2,0,0.008851206861436367,0
5591,0,0,0.006152674555778503,0
5592,4,0,0.05413633584976196,0
5593,2,0,0.01444370485842228,0
5594,0,1,0.9982559084892273,1
5595,0,1,0.9982559084892273,1
5596,0,0,0.08406076580286026,0
5597,2,0,0.808334231376648,1
5598,2,1,0.9975270628929138,1
5599,0,1,0.9993036985397339,1
5600,0,1,0.5643916130065918,1
5601,0,1,0.9993388056755066,1
5602,3,0,0.016226686537265778,0
5603,2,1,0.6362810134887695,1
5604,2,1,0.6654965281486511,1
5605,2,1,0.7115291953086853,1
5606,2,0,0.5547477602958679,1
5607,1,0,0.01180949155241251,0
5608,1,1,0.9735626578330994,1
5609,2,0,0.9565035700798035,1
5610,1,1,0.9273012280464172,1
5611,4,1,0.9998270869255066,1
5612,0,0,0.03255430608987808,0
5613,3,1,0.0666269063949585,0
5614,1,0,0.06229227036237717,0
5615,1,1,0.9826300740242004,1
5616,1,1,0.991329550743103,1
5617,2,0,0.0070930360816419125,0
5618,0,1,0.965013325214386,1
5619,0,0,0.017541708424687386,0
5620,0,1,0.965013325214386,1
5621,0,0,0.002712544985115528,0
5622,2,1,0.9852057099342346,1
5623,4,0,0.15081936120986938,0
5624,4,1,0.9374020099639893,1
5625,4,1,0.997017502784729,1
5626,2,0,0.10878737270832062,0
5627,2,1,0.9953641891479492,1
5628,0,1,0.01648888736963272,0
5629,4,0,0.026182133704423904,0
5630,1,1,0.009390190243721008,0
5631,0,1,0.5194638967514038,1
5632,1,1,0.7412194013595581,1
5633,4,0,0.0008142223232425749,0
5634,0,0,0.4935899078845978,0
5635,1,1,0.9734208583831787,1
5636,1,1,0.9955984354019165,1
5637,1,1,0.9672000408172607,1
5638,1,1,0.4207249581813812,0
5639,0,0,0.039110973477363586,0
5640,2,1,0.6103097200393677,1
5641,3,1,0.13412511348724365,0
5642,3,1,0.011091871187090874,0
5643,4,0,0.07190558314323425,0
5644,3,0,0.684783935546875,1
5645,3,0,0.5674511194229126,1
5646,2,0,0.09436759352684021,0
5647,2,1,0.9972367286682129,1
5648,3,0,0.0010864100186154246,0
5649,3,1,0.9949283599853516,1
5650,4,1,0.5651043653488159,1
5651,2,1,0.673849880695343,1
5652,2,1,0.9860674738883972,1
5653,2,0,0.0028242371045053005,0
5654,1,0,0.7969745993614197,1
5655,4,1,0.9984147548675537,1
5656,4,1,0.9130199551582336,1
5657,3,0,0.009924937039613724,0
5658,3,0,0.009908569045364857,0
5659,4,1,0.9970284104347229,1
5660,4,1,0.9985993504524231,1
5661,2,1,0.9819506406784058,1
5662,3,0,0.7947967052459717,1
5663,3,0,0.48180297017097473,0
5664,3,0,0.3900584876537323,0
5665,3,0,0.48180297017097473,0
5666,0,0,0.04544800519943237,0
5667,3,0,0.3900584876537323,0
5668,3,0,0.48180297017097473,0
5669,3,0,0.03678951784968376,0
5670,2,1,0.8240295648574829,1
5671,4,0,0.20922595262527466,0
5672,4,1,0.12180069833993912,0
5673,3,1,0.9983423948287964,1
5674,1,0,0.09669298678636551,0
5675,1,0,0.03364139050245285,0
5676,1,1,0.86586993932724,1
5677,0,1,0.4842846393585205,0
5678,1,1,0.9961307048797607,1
5679,0,0,0.02703794278204441,0
5680,2,1,0.9527766704559326,1
5681,2,1,0.9780795574188232,1
5682,2,1,0.42879197001457214,0
5683,2,1,0.21511100232601166,0
5684,2,1,0.9836022853851318,1
5685,2,1,0.9687339067459106,1
5686,2,1,0.9094964861869812,1
5687,1,1,0.765457808971405,1
5688,4,1,0.9848206639289856,1
5689,3,0,0.033179908990859985,0
5690,4,1,0.9879143834114075,1
5691,3,0,0.015346761792898178,0
5692,2,1,0.9980456829071045,1
5693,4,1,0.7985221743583679,1
5694,4,0,0.7743744850158691,1
5695,4,1,0.7773083448410034,1
5696,4,1,0.16909269988536835,0
5697,2,0,0.5547477602958679,1
5698,3,1,0.1892394721508026,0
5699,3,1,0.23108167946338654,0
5700,3,1,0.9863907098770142,1
5701,1,0,0.0190464835613966,0
5702,4,1,0.917763888835907,1
5703,2,0,0.5172332525253296,1
5704,1,1,0.3047775626182556,0
5705,3,0,0.032111525535583496,0
5706,4,0,0.14679519832134247,0
5707,1,0,0.20390918850898743,0
5708,0,0,0.0007599287782795727,0
5709,2,1,0.31360524892807007,0
5710,2,0,0.9725038409233093,1
5711,1,1,0.4840691089630127,0
5712,3,0,0.6158631443977356,1
5713,1,1,0.9978184700012207,1
5714,0,0,0.000979005009867251,0
5715,0,1,0.9932928085327148,1
5716,0,0,0.0024254759773612022,0
5717,4,0,0.0051382165402174,0
5718,4,1,0.9890491962432861,1
5719,0,1,0.6274427175521851,1
5720,2,0,0.02170303650200367,0
5721,4,0,0.12103940546512604,0
5722,3,0,0.00514611043035984,0
5723,0,1,0.9253007173538208,1
5724,4,0,0.44703784584999084,0
5725,4,0,0.06667143851518631,0
5726,4,1,0.9897708892822266,1
5727,4,0,0.010142789222300053,0
5728,3,1,0.975741982460022,1
5729,3,0,0.004890060517936945,0
5730,0,0,0.01590205542743206,0
5731,3,1,0.9235381484031677,1
5732,4,1,0.9981581568717957,1
5733,4,1,0.9791207313537598,1
5734,3,1,0.12015380710363388,0
5735,1,1,0.7081162929534912,1
5736,1,1,0.3251214921474457,0
5737,2,0,0.5547477602958679,1
5738,0,1,0.3590855002403259,0
5739,0,1,0.9924944639205933,1
5740,4,0,0.2262018471956253,0
5741,2,1,0.9890446662902832,1
5742,0,1,0.626532256603241,1
5743,4,0,0.07130815088748932,0
5744,0,1,0.8804239630699158,1
5745,0,1,0.9918950200080872,1
5746,0,1,0.9203076362609863,1
5747,2,1,0.9994630217552185,1
5748,2,1,0.9993137121200562,1
5749,2,1,0.9992287158966064,1
5750,1,0,0.0025352281518280506,0
5751,2,1,0.932843029499054,1
5752,2,1,0.02448391355574131,0
5753,2,0,0.012190669775009155,0
5754,1,0,0.0021868974436074495,0
5755,2,1,0.9780795574188232,1
5756,3,0,0.011843250133097172,0
5757,2,0,0.3995504379272461,0
5758,3,1,0.6991631388664246,1
5759,2,0,0.03414252772927284,0
5760,4,1,0.9996845722198486,1
5761,0,1,0.012226472608745098,0
5762,0,0,0.22841399908065796,0
5763,3,0,0.0014474529307335615,0
5764,3,1,0.9850386381149292,1
5765,4,1,0.9676227569580078,1
5766,3,1,0.9644457101821899,1
5767,3,0,0.0003996056620962918,0
5768,3,1,0.9694743156433105,1
5769,3,1,0.9811007976531982,1
5770,3,1,0.3210355043411255,0
5771,2,1,0.9890446662902832,1
5772,0,0,0.011825790628790855,0
5773,3,0,0.5492293834686279,1
5774,0,0,0.017503168433904648,0
5775,1,0,0.1593562215566635,0
5776,4,0,0.21262726187705994,0
5777,1,1,0.9639095664024353,1
5778,3,1,0.9999881982803345,1
5779,3,0,0.6670815348625183,1
5780,3,1,0.31784674525260925,0
5781,2,1,0.9921237826347351,1
5782,4,1,0.8268451690673828,1
5783,2,1,0.9986133575439453,1
5784,1,0,0.16049975156784058,0
5785,0,0,0.626532256603241,1
5786,1,0,0.01781439036130905,0
5787,3,1,0.9934816360473633,1
5788,1,1,0.9991998076438904,1
5789,2,1,0.9794673323631287,1
5790,0,0,0.2628297209739685,0
5791,1,0,0.2084527611732483,0
5792,4,1,0.917763888835907,1
5793,2,0,0.14197218418121338,0
5794,4,1,0.9825014472007751,1
5795,4,1,0.9587692618370056,1
5796,4,1,0.9587692618370056,1
5797,4,1,0.917763888835907,1
5798,2,1,0.34941351413726807,0
5799,0,1,0.995414137840271,1
5800,0,1,0.9900425672531128,1
5801,0,1,0.9824337959289551,1
5802,0,1,0.9991828799247742,1
5803,0,1,0.9997729659080505,1
5804,0,1,0.999208390712738,1
5805,0,0,0.14876669645309448,0
5806,0,0,0.14861012995243073,0
5807,3,1,0.9499137997627258,1
5808,3,0,0.10124428570270538,0
5809,0,0,0.27732181549072266,0
5810,0,1,0.9990679621696472,1
5811,0,1,0.9985504746437073,1
5812,1,1,0.014213898219168186,0
5813,4,1,0.9764678478240967,1
5814,4,1,0.998712420463562,1
5815,4,0,0.003255338640883565,0
5816,4,1,0.9998270869255066,1
5817,2,0,0.09402244538068771,0
5818,0,0,0.20753632485866547,0
5819,0,0,0.002861328423023224,0
5820,3,1,0.9775566458702087,1
5821,1,0,0.25045856833457947,0
5822,4,0,0.05784173309803009,0
5823,0,0,0.018440619111061096,0
5824,1,1,0.950635552406311,1
5825,1,1,0.9782344698905945,1
5826,1,1,0.9437044858932495,1
5827,3,1,0.08810580521821976,0
5828,0,0,0.5366441607475281,1
5829,4,0,0.16902287304401398,0
5830,0,1,0.978373110294342,1
5831,3,1,0.9748968482017517,1
5832,1,0,0.37928295135498047,0
5833,3,1,0.6123192310333252,1
5834,3,0,0.6291926503181458,1
5835,1,0,0.07619112730026245,0
5836,1,1,0.5946681499481201,1
5837,1,0,0.040013257414102554,0
5838,4,1,0.9906244874000549,1
5839,2,0,0.7574896812438965,1
5840,3,1,0.927658200263977,1
5841,2,1,0.9769417643547058,1
5842,3,0,0.06421812623739243,0
5843,2,0,0.5354825854301453,1
5844,3,1,0.9856268763542175,1
5845,3,1,0.04562922194600105,0
5846,4,1,0.453485369682312,0
5847,0,1,0.9824146628379822,1
5848,0,1,0.8764227032661438,1
5849,0,1,0.9740591645240784,1
5850,0,1,0.9509716033935547,1
5851,1,1,0.9341942071914673,1
5852,1,0,0.6744745373725891,1
5853,1,1,0.47910159826278687,0
5854,4,1,0.5068281888961792,1
5855,2,1,0.9369036555290222,1
5856,2,0,0.015842556953430176,0
5857,2,0,0.025829842314124107,0
5858,1,0,0.1444959193468094,0
5859,0,0,0.03528820350766182,0
5860,1,0,0.3811720013618469,0
5861,4,0,0.04183284193277359,0
5862,4,1,0.9944750666618347,1
5863,4,0,0.20507560670375824,0
5864,3,1,0.9974976181983948,1
5865,1,1,0.10386922210454941,0
5866,1,1,0.08421728014945984,0
5867,2,1,0.036476265639066696,0
5868,2,0,0.00991702638566494,0
5869,4,1,0.5609998106956482,1
5870,2,0,0.9462366104125977,1
5871,4,0,0.006715583149343729,0
5872,4,0,0.2901380658149719,0
5873,1,0,0.034144580364227295,0
5874,2,0,0.7657346129417419,1
5875,2,0,0.009966528974473476,0
5876,4,0,0.0028764763846993446,0
5877,2,1,0.9702497720718384,1
5878,2,0,0.012520772404968739,0
5879,3,0,0.6057547330856323,1
5880,3,1,0.9772545099258423,1
5881,4,1,0.9906244874000549,1
5882,2,0,0.0021217723842710257,0
5883,1,1,0.9983178377151489,1
5884,1,1,0.2640579640865326,0
5885,3,0,0.5152547359466553,1
5886,4,1,0.9976085424423218,1
5887,0,1,0.9985504746437073,1
5888,0,0,0.1208173856139183,0
5889,2,0,0.3049759864807129,0
5890,1,1,0.9684323072433472,1
5891,3,1,0.9138806462287903,1
5892,0,0,0.641895055770874,1
5893,3,1,0.9865503311157227,1
5894,2,1,0.7504575848579407,1
5895,0,1,0.9901612997055054,1
5896,3,1,0.08885018527507782,0
5897,2,0,0.008919253945350647,0
5898,3,0,0.0008944630972109735,0
5899,3,0,0.008181290701031685,0
5900,3,1,0.9979867935180664,1
5901,3,1,0.9990690350532532,1
5902,3,1,0.5674511194229126,1
5903,0,1,0.9960238933563232,1
5904,3,0,0.007295297458767891,0
5905,4,1,0.9964492321014404,1
5906,4,0,0.02714686281979084,0
5907,0,0,0.020743733271956444,0
5908,1,0,0.054082658141851425,0
5909,3,1,0.9938434362411499,1
5910,4,1,0.9889065027236938,1
5911,4,0,0.36055612564086914,0
5912,4,0,0.00820658728480339,0
5913,1,1,0.22923702001571655,0
5914,3,0,0.03619882091879845,0
5915,3,0,0.03041091188788414,0
5916,0,1,0.9969565868377686,1
5917,3,1,0.8162437677383423,1
5918,3,1,0.9837028980255127,1
5919,1,0,0.0483633317053318,0
5920,2,1,0.5455362200737,1
5921,2,1,0.9855438470840454,1
5922,1,0,0.04039984196424484,0
5923,2,0,0.04005021974444389,0
5924,2,0,0.12148098647594452,0
5925,3,1,0.9781804084777832,1
5926,3,1,0.9998998641967773,1
5927,3,1,0.04460561275482178,0
5928,2,1,0.8515770435333252,1
5929,1,1,0.28504976630210876,0
5930,4,0,0.5900904536247253,1
5931,1,1,0.9980149269104004,1
5932,2,1,0.4575166404247284,0
5933,4,1,0.9994458556175232,1
5934,4,1,0.9959671497344971,1
5935,0,0,0.008016159757971764,0
5936,1,0,0.019733628258109093,0
5937,0,0,0.44307735562324524,0
5938,0,1,0.44307735562324524,0
5939,0,1,0.4019053280353546,0
5940,0,0,0.01010302547365427,0
5941,0,1,0.5647701025009155,1
5942,0,1,0.626532256603241,1
5943,1,1,0.9808500409126282,1
5944,2,1,0.998185932636261,1
5945,2,0,0.00878528505563736,0
5946,1,0,0.05380784720182419,0
5947,2,1,0.9527766704559326,1
5948,2,1,0.9527766704559326,1
5949,2,1,0.9687339067459106,1
5950,2,1,0.9527766704559326,1
5951,2,1,0.9702497720718384,1
5952,2,0,0.028036192059516907,0
5953,2,0,0.04890114814043045,0
5954,0,0,0.016982411965727806,0
5955,1,0,0.32433342933654785,0
5956,0,0,0.024979088455438614,0
5957,2,1,0.6896693110466003,1
5958,2,0,0.1658136546611786,0
5959,1,1,0.4281354248523712,0
5960,3,1,0.9975149631500244,1
5961,3,0,0.33131927251815796,0
5962,3,1,0.9960283041000366,1
5963,2,1,0.9823640584945679,1
5964,4,0,0.0365392230451107,0
5965,4,1,0.9999359846115112,1
5966,4,0,0.8637242317199707,1
5967,1,1,0.8253908157348633,1
5968,1,1,0.9933269023895264,1
5969,1,1,0.96840500831604,1
5970,3,0,0.559114396572113,1
5971,4,0,0.004861701745539904,0
5972,3,1,0.9968961477279663,1
5973,0,0,0.6334030628204346,1
5974,0,0,0.8166052103042603,1
5975,4,0,0.010856837965548038,0
5976,0,1,0.6667077541351318,1
5977,0,1,0.980645477771759,1
5978,0,1,0.9993388056755066,1
5979,4,1,0.9825014472007751,1
5980,4,1,0.9891437888145447,1
5981,4,1,0.9527043104171753,1
5982,4,1,0.9891437888145447,1
5983,0,1,0.34098711609840393,0
5984,1,0,0.324356347322464,0
5985,4,1,0.9541884064674377,1
5986,2,0,0.002497661393135786,0
5987,1,0,0.5230187177658081,1
5988,2,0,0.5547477602958679,1
5989,0,1,0.9777044057846069,1
5990,0,0,0.0480608306825161,0
5991,0,0,0.09202288091182709,0
5992,0,1,0.8129940629005432,1
5993,0,1,0.6667077541351318,1
5994,0,1,0.704171895980835,1
5995,1,0,0.07930869609117508,0
5996,1,0,0.015111398883163929,0
5997,2,1,0.980682373046875,1
5998,1,0,0.06928200274705887,0
5999,3,1,0.01627667434513569,0
6000,4,1,0.767271876335144,1
6001,0,1,0.9964815378189087,1
6002,1,1,0.03715263679623604,0
6003,1,1,0.31765472888946533,0
6004,3,1,0.016676953062415123,0
6005,4,0,0.09116791933774948,0
6006,1,1,0.9014846086502075,1
6007,1,1,0.9149202108383179,1
6008,1,1,0.9854567646980286,1
6009,4,1,0.5021547675132751,1
6010,3,0,0.6434311866760254,1
6011,3,1,0.6236969232559204,1
6012,3,0,0.48180297017097473,0
6013,3,0,0.48180297017097473,0
6014,2,1,0.3824293613433838,0
6015,3,0,0.6528675556182861,1
6016,3,0,0.6291926503181458,1
6017,2,0,0.0015433862572535872,0
6018,3,1,0.5541265606880188,1
6019,0,0,0.04172992706298828,0
6020,0,1,0.28760895133018494,0
6021,0,0,0.6665217280387878,1
6022,3,1,0.23845481872558594,0
6023,1,1,0.9852668046951294,1
6024,0,0,0.030314913019537926,0
6025,1,1,0.9904295206069946,1
6026,1,0,0.5965607166290283,1
6027,1,1,0.9272077679634094,1
6028,1,1,0.9960861206054688,1
6029,3,1,0.2718110680580139,0
6030,3,0,0.17609155178070068,0
6031,4,1,0.9921175837516785,1
6032,0,1,0.9848772287368774,1
6033,4,0,0.036991287022829056,0
6034,1,1,0.7081162929534912,1
6035,4,0,0.037373363971710205,0
6036,1,0,0.007332538720220327,0
6037,1,0,0.030073780566453934,0
6038,4,1,0.032284896820783615,0
6039,3,1,0.9837028980255127,1
6040,0,1,0.975592851638794,1
6041,0,1,0.9842939972877502,1
6042,0,1,0.978373110294342,1
6043,0,0,0.0009009912610054016,0
6044,2,0,0.7926871180534363,1
6045,4,0,0.31098583340644836,0
6046,0,1,0.8089815378189087,1
6047,2,0,0.25074002146720886,0
6048,1,1,0.5667073726654053,1
6049,1,0,0.0005134577513672411,0
6050,3,0,0.4103744328022003,0
6051,3,0,0.48180297017097473,0
6052,3,1,0.48180297017097473,0
6053,3,1,0.9220286011695862,1
6054,3,0,0.3900584876537323,0
6055,0,1,0.994149923324585,1
6056,2,0,0.01809515431523323,0
6057,3,1,0.5117678642272949,1
6058,2,1,0.9780795574188232,1
6059,2,1,0.9702497720718384,1
6060,2,1,0.9921146035194397,1
6061,4,1,0.9996434450149536,1
6062,3,1,0.7317142486572266,1
6063,2,0,0.044907309114933014,0
6064,2,0,0.03676989674568176,0
6065,3,0,0.24293537437915802,0
6066,0,0,0.002806546399369836,0
6067,1,0,0.10133693367242813,0
6068,0,1,0.9757078289985657,1
6069,0,1,0.9916327595710754,1
6070,4,1,0.05142529308795929,0
6071,4,0,0.1601157784461975,0
6072,2,1,0.8520196676254272,1
6073,2,1,0.9973347187042236,1
6074,3,0,0.00024331915483344346,0
6075,2,0,0.05185443535447121,0
6076,2,1,0.9952621459960938,1
6077,2,0,0.02646687626838684,0
6078,2,0,0.005060036666691303,0
6079,3,0,0.014780525118112564,0
6080,0,1,0.9971222281455994,1
6081,0,1,0.9939901828765869,1
6082,1,0,0.7081162929534912,1
6083,3,0,0.028134286403656006,0
6084,2,1,0.7574896812438965,1
6085,2,0,0.7507731318473816,1
6086,1,0,0.0006094304262660444,0
6087,4,1,0.6161001920700073,1
6088,4,1,0.9546787142753601,1
6089,2,1,0.4405462145805359,0
6090,1,1,0.5643523335456848,1
6091,0,1,0.13198460638523102,0
6092,3,1,0.944462776184082,1
6093,3,0,0.020652255043387413,0
6094,4,1,0.9868137836456299,1
6095,4,1,0.9879143834114075,1
6096,4,1,0.9110913276672363,1
6097,4,1,0.9587692618370056,1
6098,4,0,0.059159260243177414,0
6099,4,0,0.1636916995048523,0
6100,4,1,0.9587692618370056,1
6101,3,0,0.3900584876537323,0
6102,3,1,0.48180297017097473,0
6103,0,0,0.9122217893600464,1
6104,0,1,0.971869707107544,1
6105,0,1,0.971869707107544,1
6106,1,1,0.7015561461448669,1
6107,1,0,0.3918260335922241,0
6108,3,0,0.22267946600914001,0
6109,3,0,0.0007622982375323772,0
6110,3,0,0.0003856453695334494,0
6111,3,1,0.9957281947135925,1
6112,2,0,0.036796435713768005,0
6113,3,1,0.06031520664691925,0
6114,3,1,0.3900584876537323,0
6115,3,1,0.48180297017097473,0
6116,3,0,0.012786208651959896,0
6117,3,1,0.6528675556182861,1
6118,3,0,0.052620865404605865,0
6119,3,0,0.2188199907541275,0
6120,4,1,0.4859902560710907,0
6121,0,0,0.3653357923030853,0
6122,0,0,0.704171895980835,1
6123,4,1,0.6444934606552124,1
6124,3,1,0.9800741076469421,1
6125,3,1,0.019739314913749695,0
6126,2,0,0.0027474090456962585,0
6127,0,0,0.009657848626375198,0
6128,4,1,0.9916551113128662,1
6129,4,1,0.9973304271697998,1
6130,0,0,0.24622705578804016,0
6131,1,0,0.02163555473089218,0
6132,0,0,0.7285187840461731,1
6133,3,1,0.8989289402961731,1
6134,3,1,0.9988592863082886,1
6135,3,1,0.9993289709091187,1
6136,4,1,0.9834270477294922,1
6137,2,1,0.9890446662902832,1
6138,1,0,0.0038264496251940727,0
6139,1,0,0.009521199390292168,0
6140,2,0,0.03004804626107216,0
6141,4,0,0.021936776116490364,0
6142,1,1,0.9903559684753418,1
6143,4,0,0.0737004354596138,0
6144,4,1,0.9948141574859619,1
6145,4,1,0.9948141574859619,1
6146,3,1,0.015452921390533447,0
6147,0,1,0.08457066863775253,0
6148,4,0,0.012697217985987663,0
6149,1,0,0.06162372604012489,0
6150,4,0,0.7099586725234985,1
6151,0,1,0.998932421207428,1
6152,0,0,0.00027325909468345344,0
6153,0,1,0.9445667862892151,1
6154,0,1,0.856908917427063,1
6155,2,1,0.9794673323631287,1
6156,1,1,0.8748244643211365,1
6157,2,0,0.0013625413412228227,0
6158,1,0,0.014045185409486294,0
6159,0,1,0.8930279612541199,1
6160,3,1,0.9345846176147461,1
6161,0,0,0.045748669654130936,0
6162,1,0,0.006140870973467827,0
6163,4,1,0.3199523687362671,0
6164,4,0,0.0008936465601436794,0
6165,0,0,0.009339207783341408,0
6166,0,0,0.6334030628204346,1
6167,0,1,0.6381242871284485,1
6168,0,1,0.8530941009521484,1
6169,0,1,0.6088931560516357,1
6170,0,0,0.002398306969553232,0
6171,1,0,0.9761281609535217,1
6172,0,0,0.017414990812540054,0
6173,0,0,0.003435519989579916,0
6174,0,0,0.4492439329624176,0
6175,3,0,0.040783170610666275,0
6176,3,1,0.5923117399215698,1
6177,1,1,0.6726930737495422,1
6178,4,0,0.5685173869132996,1
6179,0,1,0.980645477771759,1
6180,0,1,0.9842939972877502,1
6181,1,1,0.5946681499481201,1
6182,1,0,0.7607247829437256,1
6183,0,1,0.9832652807235718,1
6184,2,0,0.1672099232673645,0
6185,1,1,0.982718288898468,1
6186,0,0,0.017689697444438934,0
6187,1,0,0.049768295139074326,0
6188,0,1,0.38389185070991516,0
6189,1,0,0.3652922511100769,0
6190,3,1,0.9729424715042114,1
6191,0,1,0.016092557460069656,0
6192,4,0,0.10468335449695587,0
6193,4,0,0.13984614610671997,0
6194,2,1,0.8461947441101074,1
6195,4,0,0.007161669433116913,0
6196,4,0,0.32144320011138916,0
6197,1,0,0.3582349121570587,0
6198,2,0,0.03993828222155571,0
6199,1,1,0.9946699738502502,1
6200,1,1,0.9951598048210144,1
6201,4,0,6.777503585908562e-05,0
6202,0,1,0.09029392153024673,0
6203,2,1,0.04576275870203972,0
6204,0,0,0.002067715162411332,0
6205,0,1,0.8917528986930847,1
6206,2,0,0.016021184623241425,0
6207,3,1,0.04011876508593559,0
6208,0,0,0.7786115407943726,1
6209,1,0,0.004777758847922087,0
6210,1,0,0.0013844207860529423,0
6211,2,0,0.5354825854301453,1
6212,0,0,0.027116913348436356,0
6213,3,0,0.0010665622539818287,0
6214,4,1,0.5525302886962891,1
6215,0,0,0.375465452671051,0
6216,4,0,0.3357549011707306,0
6217,0,1,0.39450597763061523,0
6218,1,0,0.005764171946793795,0
6219,3,0,0.5110675692558289,1
6220,3,1,0.9918655753135681,1
6221,1,0,0.24905991554260254,0
6222,0,0,0.24110937118530273,0
6223,3,1,0.9988538026809692,1
6224,3,1,0.9695284366607666,1
6225,3,1,0.9837028980255127,1
6226,1,1,0.8593520522117615,1
6227,0,1,0.7625361084938049,1
6228,0,1,0.980634331703186,1
6229,0,0,0.9908792972564697,1
6230,0,1,0.4957379102706909,0
6231,3,0,0.04386356100440025,0
6232,2,1,0.9852897524833679,1
6233,3,1,0.5234575867652893,1
6234,3,0,0.40791115164756775,0
6235,3,1,0.7947967052459717,1
6236,4,1,0.992679238319397,1
6237,1,1,0.9859835505485535,1
6238,1,1,0.9993257522583008,1
6239,1,0,0.007618743926286697,0
6240,2,1,0.975350558757782,1
6241,1,1,0.8912256360054016,1
6242,1,1,0.9977458119392395,1
6243,3,0,0.07119031995534897,0
6244,1,0,0.009644723497331142,0
6245,2,0,0.3653757572174072,0
6246,2,1,0.8850947022438049,1
6247,0,0,0.5805054903030396,1
6248,1,1,0.7005184888839722,1
6249,2,1,0.9836022853851318,1
6250,1,1,0.9852668046951294,1
6251,0,1,0.036635398864746094,0
6252,2,1,0.9992130994796753,1
6253,3,1,0.828620970249176,1
6254,4,1,0.8477147817611694,1
6255,3,0,0.013593410141766071,0
6256,3,1,0.7317142486572266,1
6257,0,1,0.9137215614318848,1
6258,3,0,0.002332159550860524,0
6259,4,1,0.6746193170547485,1
6260,3,0,0.29536154866218567,0
6261,0,0,0.626532256603241,1
6262,2,0,0.05534918233752251,0
6263,2,1,0.9165781140327454,1
6264,3,0,0.07621973752975464,0
6265,2,1,0.9716718196868896,1
6266,2,1,0.9963349103927612,1
6267,0,1,0.8569040894508362,1
6268,3,0,0.8732611536979675,1
6269,3,0,0.009553762152791023,0
6270,4,0,0.21649111807346344,0
6271,4,0,0.5968092679977417,1
6272,2,1,0.8240295648574829,1
6273,1,1,0.9985551238059998,1
6274,1,1,0.9988375306129456,1
6275,2,1,0.9239558577537537,1
6276,3,0,0.017740653827786446,0
6277,2,1,0.9860674738883972,1
6278,3,1,0.976477861404419,1
6279,2,1,0.7935039401054382,1
6280,4,0,0.5514531135559082,1
6281,0,0,0.7299743294715881,1
6282,1,0,0.030398420989513397,0
6283,2,1,0.9855812191963196,1
6284,2,1,0.9860674738883972,1
6285,2,1,0.9780795574188232,1
6286,1,1,0.16737264394760132,0
6287,4,1,0.9557142853736877,1
6288,1,1,0.8475650548934937,1
6289,0,0,0.162957102060318,0
6290,1,0,0.9273012280464172,1
6291,1,1,0.8921955227851868,1
6292,1,1,0.9757457375526428,1
6293,1,0,0.08145620673894882,0
6294,1,0,0.2452169805765152,0
6295,2,1,0.991175651550293,1
6296,2,1,0.9962128400802612,1
6297,2,0,0.6892762184143066,1
6298,2,1,0.4341990649700165,0
6299,2,0,0.0027872570790350437,0
6300,2,1,0.9991969466209412,1
6301,3,1,0.809981644153595,1
6302,3,0,0.02258874848484993,0
6303,4,1,0.945829451084137,1
6304,4,0,0.05786585062742233,0
6305,3,1,0.9855382442474365,1
6306,3,1,0.010662516579031944,0
6307,4,0,0.06041064113378525,0
6308,4,1,0.9944750666618347,1
6309,4,1,0.997464656829834,1
6310,1,0,0.4434107542037964,0
6311,4,1,0.9955748319625854,1
6312,1,0,0.004506578203290701,0
6313,2,0,0.03371232748031616,0
6314,2,1,0.9461280703544617,1
6315,2,1,0.9363903403282166,1
6316,2,1,0.9560461640357971,1
6317,2,0,0.0039053114596754313,0
6318,3,0,0.013106737285852432,0
6319,0,0,0.008996674790978432,0
6320,0,1,0.9936058521270752,1
6321,3,1,0.921557605266571,1
6322,1,1,0.9498758316040039,1
6323,0,1,0.7587391138076782,1
6324,2,0,0.0012820659903809428,0
6325,2,1,0.0496942363679409,0
6326,2,0,0.0031399300787597895,0
6327,0,1,0.8817365765571594,1
6328,4,1,0.9997485280036926,1
6329,0,0,0.16901013255119324,0
6330,4,1,0.4755491018295288,0
6331,3,0,0.02674202062189579,0
6332,2,0,0.03445146232843399,0
6333,1,0,0.19701546430587769,0
6334,2,1,0.3637199401855469,0
6335,3,1,0.9748968482017517,1
6336,3,1,0.9748968482017517,1
6337,3,1,0.976477861404419,1
6338,2,1,0.8965350985527039,1
6339,2,1,0.8965350985527039,1
6340,2,0,0.03485929220914841,0
6341,2,1,0.9948031306266785,1
6342,2,1,0.9974690675735474,1
6343,2,1,0.9964381456375122,1
6344,0,1,0.980634331703186,1
6345,2,0,0.7127512097358704,1
6346,2,0,0.02083924598991871,0
6347,2,0,0.03941749036312103,0
6348,2,0,0.5467796325683594,1
6349,2,1,0.5756453275680542,1
6350,0,1,0.9968723654747009,1
6351,0,1,0.6131271719932556,1
6352,4,1,0.923714280128479,1
6353,3,1,0.9901477694511414,1
6354,3,0,0.0009541692561469972,0
6355,3,1,0.9942130446434021,1
6356,1,1,0.9962573051452637,1
6357,1,1,0.9926939010620117,1
6358,4,0,0.00040782499127089977,0
6359,0,1,0.4995689392089844,0
6360,0,1,0.10611791908740997,0
6361,0,0,0.14682067930698395,0
6362,0,1,0.9845426082611084,1
6363,0,0,0.0031852121464908123,0
6364,1,1,0.9717774987220764,1
6365,3,0,0.012045605108141899,0
6366,0,1,0.9970819354057312,1
6367,0,1,0.9992650151252747,1
6368,0,1,0.999208390712738,1
6369,0,1,0.999208390712738,1
6370,4,1,0.006187991239130497,0
6371,0,1,0.9896730184555054,1
6372,1,1,0.620437502861023,1
6373,0,0,0.001273498171940446,0
6374,0,1,0.008897126652300358,0
6375,4,0,0.025674445554614067,0
6376,4,0,0.010855593718588352,0
6377,2,0,0.5449056029319763,1
6378,3,0,0.6526321768760681,1
6379,3,0,0.0170841496437788,0
6380,2,0,0.049668144434690475,0
6381,2,1,0.5756453275680542,1
6382,1,1,0.9758350849151611,1
6383,0,1,0.9936455488204956,1
6384,0,1,0.9951360821723938,1
6385,0,0,0.010230479761958122,0
6386,1,0,0.026933422312140465,0
6387,1,1,0.9376620650291443,1
6388,1,0,0.10815224051475525,0
6389,2,1,0.9852897524833679,1
6390,4,0,0.6504124999046326,1
6391,3,1,0.9908701777458191,1
6392,3,0,0.5789488554000854,1
6393,2,1,0.9991720914840698,1
6394,3,0,0.003116895444691181,0
6395,1,1,0.7285683751106262,1
6396,1,1,0.4605807960033417,0
6397,1,0,0.0038010443095117807,0
6398,0,0,0.5242830514907837,1
6399,0,1,0.9105423092842102,1
6400,0,1,0.9971312284469604,1
6401,3,0,0.11056597530841827,0
6402,4,0,0.6193726062774658,1
6403,2,1,0.6507436037063599,1
6404,4,0,0.02546355128288269,0
6405,4,1,0.9826985597610474,1
6406,4,1,0.9899550676345825,1
6407,3,0,0.062418825924396515,0
6408,3,1,0.48180297017097473,0
6409,3,1,0.48180297017097473,0
6410,3,0,0.0015415032394230366,0
6411,1,1,0.6311016082763672,1
6412,1,0,0.493257075548172,0
6413,4,0,0.6559430956840515,1
6414,2,1,0.9860674738883972,1
6415,3,0,0.015811199322342873,0
6416,1,0,0.1816188246011734,0
6417,2,1,0.9998617172241211,1
6418,2,1,0.998185932636261,1
6419,2,1,0.9986796975135803,1
6420,2,1,0.98661869764328,1
6421,1,1,0.9971365928649902,1
6422,1,1,0.931633710861206,1
6423,3,0,0.5663455724716187,1
6424,1,0,0.0639854371547699,0
6425,1,1,0.9700266122817993,1
6426,4,0,0.01981435716152191,0
6427,1,1,0.5392100811004639,1
6428,1,0,0.5392100811004639,1
6429,1,0,0.8772880434989929,1
6430,1,1,0.39551734924316406,0
6431,1,1,0.714382529258728,1
6432,1,1,0.813124418258667,1
6433,1,0,0.0016730081988498569,0
6434,3,0,0.2953171730041504,0
6435,0,1,0.043016016483306885,0
6436,1,1,0.9874181747436523,1
6437,4,1,0.30204373598098755,0
6438,1,0,0.03686206787824631,0
6439,1,1,0.017378823831677437,0
6440,2,1,0.9993137121200562,1
6441,1,1,0.7081162929534912,1
6442,3,1,0.999496579170227,1
6443,3,0,0.026312004774808884,0
6444,0,0,0.4021838307380676,0
6445,3,1,0.9955599308013916,1
6446,1,0,0.013347038067877293,0
6447,4,1,0.5468028783798218,1
6448,4,1,0.8197841048240662,1
6449,4,1,0.9667906761169434,1
6450,4,1,0.9592893123626709,1
6451,4,1,0.9497021436691284,1
6452,4,0,0.09230131655931473,0
6453,3,1,0.9188976287841797,1
6454,2,0,0.8850554823875427,1
6455,2,0,0.14828917384147644,0
6456,2,1,0.6103097200393677,1
6457,2,1,0.34293481707572937,0
6458,2,0,0.8850554823875427,1
6459,2,1,0.5467796325683594,1
6460,1,0,0.012511301785707474,0
6461,1,1,0.9760396480560303,1
6462,1,0,0.0078031569719314575,0
6463,3,0,0.15704770386219025,0
6464,0,0,0.05210604518651962,0
6465,2,1,0.2926884889602661,0
6466,1,1,0.9859835505485535,1
6467,1,0,0.021009430289268494,0
6468,1,0,0.005579250864684582,0
6469,2,0,0.00042364379623904824,0
6470,2,1,0.932060956954956,1
6471,2,1,0.9648587107658386,1
6472,2,1,0.6813411116600037,1
6473,3,1,0.48180297017097473,0
6474,3,0,0.5667361617088318,1
6475,3,0,0.5956769585609436,1
6476,1,0,0.5946681499481201,1
6477,3,1,0.9839283227920532,1
6478,4,1,0.0038322180043905973,0
6479,1,1,0.9734208583831787,1
6480,0,1,0.5546332597732544,1
6481,3,0,0.04381123557686806,0
6482,0,1,0.9960238933563232,1
6483,1,1,0.5799188017845154,1
6484,3,1,0.9988592863082886,1
6485,3,1,0.9990931749343872,1
6486,2,0,0.012411540374159813,0
6487,1,1,0.9917479753494263,1
6488,2,0,0.03446957468986511,0
6489,1,0,0.7523422241210938,1
6490,0,0,0.048188723623752594,0
6491,4,1,0.49557921290397644,0
6492,0,0,0.20713326334953308,0
6493,3,0,0.009651174768805504,0
6494,2,0,0.1927894502878189,0
6495,4,1,0.9791207313537598,1
6496,4,1,0.979258120059967,1
6497,4,0,0.001061505638062954,0
6498,4,1,0.9369097948074341,1
6499,3,1,0.9746688008308411,1
6500,3,1,0.9775566458702087,1
6501,2,1,0.9679635167121887,1
6502,2,0,0.9527766704559326,1
6503,0,0,0.5403034090995789,1
6504,2,1,0.9672020077705383,1
6505,2,1,0.9973254203796387,1
6506,0,0,0.0004664539883378893,0
6507,0,1,0.9936058521270752,1
6508,2,1,0.9999657869338989,1
6509,2,0,0.02578933723270893,0
6510,1,0,0.011974325403571129,0
6511,4,0,0.2995910942554474,0
6512,2,1,0.9945333003997803,1
6513,2,1,0.28580552339553833,0
6514,0,1,0.980634331703186,1
6515,2,0,0.002474552718922496,0
6516,0,0,0.566278338432312,1
6517,1,1,0.995215654373169,1
6518,0,0,0.12397375702857971,0
6519,3,1,0.8666465878486633,1
6520,4,1,0.9945802092552185,1
6521,1,0,0.7366864681243896,1
6522,1,0,0.3520781993865967,0
6523,3,1,0.06575631350278854,0
6524,2,1,0.8091370463371277,1
6525,4,1,0.9991075396537781,1
6526,1,1,0.9859835505485535,1
6527,1,1,0.9925474524497986,1
6528,1,1,0.943610429763794,1
6529,0,0,0.11098270118236542,0
6530,3,0,0.0194459930062294,0
6531,4,1,0.9923143982887268,1
6532,4,1,0.9923143982887268,1
6533,0,1,0.9969615340232849,1
6534,2,1,0.324864000082016,0
6535,2,0,0.37228477001190186,0
6536,4,1,0.9848206639289856,1
6537,4,0,0.7630646824836731,1
6538,4,1,0.9933245778083801,1
6539,4,0,0.07353020459413528,0
6540,4,0,0.7895582318305969,1
6541,3,0,0.007718975190073252,0
6542,4,1,0.3552185893058777,0
6543,4,1,0.2638172507286072,0
6544,3,0,0.6070314049720764,1
6545,4,1,0.9973304271697998,1
6546,0,1,0.626532256603241,1
6547,0,0,0.027548514306545258,0
6548,3,0,0.8209463357925415,1
6549,0,1,0.41023194789886475,0
6550,4,0,0.010658186860382557,0
6551,4,1,0.9945802092552185,1
6552,0,0,0.015215804800391197,0
6553,0,1,0.9936455488204956,1
6554,0,0,0.0050143888220191,0
6555,0,1,0.9832652807235718,1
6556,1,0,0.02851484715938568,0
6557,1,1,0.9994526505470276,1
6558,1,1,0.9986453652381897,1
6559,1,1,0.9997863173484802,1
6560,1,1,0.9994646906852722,1
6561,1,1,0.9971365928649902,1
6562,1,0,0.005956764332950115,0
6563,3,1,0.880394458770752,1
6564,2,0,0.5236622095108032,1
6565,1,1,0.05186671018600464,0
6566,1,0,0.007251094561070204,0
6567,4,0,0.9110913276672363,1
6568,3,1,0.4103744328022003,0
6569,3,1,0.5956769585609436,1
6570,3,1,0.578395426273346,1
6571,4,1,0.9848206639289856,1
6572,3,1,0.9946470856666565,1
6573,0,1,0.7375534176826477,1
6574,2,1,0.9680212736129761,1
6575,0,0,0.04685444384813309,0
6576,1,1,0.9735626578330994,1
6577,1,0,0.11855965852737427,0
6578,3,1,0.3365011513233185,0
6579,1,1,0.999612033367157,1
6580,2,1,0.9880403876304626,1
6581,3,1,0.9993589520454407,1
6582,0,0,0.04355056956410408,0
6583,3,1,0.998306393623352,1
6584,3,1,0.9082126617431641,1
6585,1,0,0.771253228187561,1
6586,4,1,0.9994927644729614,1
6587,4,1,0.9994927644729614,1
6588,0,1,0.969638466835022,1
6589,0,1,0.9833178520202637,1
6590,3,0,0.038276687264442444,0
6591,3,0,0.014131193049252033,0
6592,1,1,0.9964433312416077,1
6593,0,0,0.8938876390457153,1
6594,0,0,0.053411539644002914,0
6595,4,0,0.052682504057884216,0
6596,2,0,0.7341243028640747,1
6597,0,0,0.11236268281936646,0
6598,0,0,0.014728925190865993,0
6599,1,0,0.6541439294815063,1
6600,1,0,0.0816592425107956,0
6601,4,0,0.0010992157040163875,0
6602,1,0,0.022815847769379616,0
6603,2,1,0.9646233916282654,1
6604,2,1,0.9646233916282654,1
6605,2,1,0.9857019186019897,1
6606,2,1,0.994597315788269,1
6607,2,1,0.9950339794158936,1
6608,2,0,0.01660047098994255,0
6609,0,0,0.017284918576478958,0
6610,4,0,0.008311434648931026,0
6611,2,1,0.844970703125,1
6612,4,1,0.9863929152488708,1
6613,4,1,0.9974772334098816,1
6614,4,1,0.7817292809486389,1
6615,2,0,0.1803198903799057,0
6616,0,1,0.0207574050873518,0
6617,3,0,0.1272342950105667,0
6618,2,1,0.5756453275680542,1
6619,3,0,0.012862439267337322,0
6620,3,1,0.9941587448120117,1
6621,3,0,0.020351311191916466,0
6622,0,0,0.918810248374939,1
6623,3,1,0.9837028980255127,1
6624,4,0,0.18802420794963837,0
6625,4,1,0.9930904507637024,1
6626,3,0,0.055923935025930405,0
6627,0,0,0.0003223034436814487,0
6628,0,1,0.9929031729698181,1
6629,4,0,0.3687708377838135,0
6630,4,0,0.5968092679977417,1
6631,4,1,0.5968092679977417,1
6632,3,1,0.9988592863082886,1
6633,3,0,0.004465570207685232,0
6634,1,0,0.21714359521865845,0
6635,3,0,0.09286541491746902,0
6636,0,0,0.04738873615860939,0
6637,4,0,0.014014837332069874,0
6638,4,0,0.033526867628097534,0
6639,1,0,0.002287299372255802,0
6640,0,1,0.9936058521270752,1
6641,1,0,0.43519508838653564,0
6642,3,0,0.027908237650990486,0
6643,1,1,0.6737219095230103,1
6644,2,1,0.9769417643547058,1
6645,1,1,0.6913118958473206,1
6646,1,0,0.17868803441524506,0
6647,0,0,0.10006850957870483,0
6648,0,0,0.4145793616771698,0
6649,2,1,0.023729052394628525,0
6650,0,0,0.012719360180199146,0
6651,0,1,0.978373110294342,1
6652,1,1,0.990288257598877,1
6653,2,1,0.9880403876304626,1
6654,4,0,0.7474191784858704,1
6655,4,1,0.5968092679977417,1
6656,4,0,0.43407416343688965,0
6657,2,0,0.5612566471099854,1
6658,2,0,0.025431321933865547,0
6659,2,1,0.9780795574188232,1
6660,4,1,0.9852644801139832,1
6661,3,1,0.999771773815155,1
6662,3,0,0.049952052533626556,0
6663,2,1,0.934394121170044,1
6664,1,0,0.0004484060045797378,0
6665,3,1,0.8992395401000977,1
6666,3,1,0.9375787377357483,1
6667,3,1,0.9837766885757446,1
6668,0,1,0.8782175183296204,1
6669,0,0,0.7190396189689636,1
6670,2,1,0.5547477602958679,1
6671,4,0,0.05481601133942604,0
6672,3,0,0.22216643393039703,0
6673,1,1,0.7081162929534912,1
6674,0,0,0.0019199346425011754,0
6675,4,0,0.5032013058662415,1
6676,4,0,0.01338634267449379,0
6677,1,1,0.9808035492897034,1
6678,3,1,0.9918655753135681,1
6679,2,0,0.5935945510864258,1
6680,0,0,0.20427893102169037,0
6681,1,0,0.10630716383457184,0
6682,4,1,0.9936572909355164,1
6683,3,0,0.15106472373008728,0
6684,3,1,0.9837028980255127,1
6685,1,1,0.376696914434433,0
6686,1,0,0.015930870547890663,0
6687,1,1,0.8924665451049805,1
6688,3,0,0.008056135848164558,0
6689,4,0,0.0033194702118635178,0
6690,2,0,0.002780345967039466,0
6691,3,1,0.9934549927711487,1
6692,4,1,0.9683344960212708,1
6693,1,0,0.022632839158177376,0
6694,2,1,0.9935482144355774,1
6695,0,0,0.011097893118858337,0
6696,2,0,0.044463783502578735,0
6697,4,0,0.03541678190231323,0
6698,4,0,0.9936572909355164,1
6699,4,1,0.917763888835907,1
6700,1,0,0.48861098289489746,0
6701,1,0,0.17575030028820038,0
6702,2,1,0.9679635167121887,1
6703,2,1,0.9687339067459106,1
6704,2,0,0.16655901074409485,0
6705,2,0,0.3410828709602356,0
6706,3,0,0.48185861110687256,0
6707,4,0,0.765060544013977,1
6708,4,1,0.5947431921958923,1
6709,2,0,0.04861392453312874,0
6710,3,1,0.9985823631286621,1
6711,3,1,0.9570464491844177,1
6712,1,0,0.31521958112716675,0
6713,2,0,0.5761449933052063,1
6714,2,1,0.9990618824958801,1
6715,2,1,0.9972021579742432,1
6716,1,0,0.340102881193161,0
6717,2,1,0.5467796325683594,1
6718,0,0,0.09020176529884338,0
6719,1,1,0.5832135081291199,1
6720,2,0,0.16499225795269012,0
6721,1,1,0.47819632291793823,0
6722,1,1,0.30111613869667053,0
6723,3,0,0.5956769585609436,1
6724,4,1,0.9512096047401428,1
6725,0,1,0.8469715714454651,1
6726,0,1,0.9991828799247742,1
6727,0,0,0.7053055167198181,1
6728,0,1,0.9990185499191284,1
6729,2,1,0.998562753200531,1
6730,2,0,0.6038141250610352,1
6731,2,0,0.0003669719153549522,0
6732,2,0,0.01442478597164154,0
6733,2,1,0.6553666591644287,1
6734,2,0,0.04447014629840851,0
6735,1,0,0.0014515918446704745,0
6736,1,1,0.9977338314056396,1
6737,4,1,0.3359203338623047,0
6738,0,1,0.9969565868377686,1
6739,3,0,0.004286809358745813,0
6740,2,0,0.15044614672660828,0
6741,4,0,0.1715926080942154,0
6742,2,0,0.03116939216852188,0
6743,2,1,0.1652504950761795,0
6744,4,0,0.05441237986087799,0
6745,0,0,0.7570280432701111,1
6746,4,1,0.9968024492263794,1
6747,4,0,0.8447571992874146,1
6748,3,0,0.00778731657192111,0
6749,1,0,0.3211471736431122,0
6750,1,1,0.9987492561340332,1
6751,1,1,0.9987492561340332,1
6752,1,0,0.17575298249721527,0
6753,3,0,0.2534696161746979,0
6754,3,1,0.927658200263977,1
6755,1,0,0.001137654879130423,0
6756,1,1,0.9971369504928589,1
6757,1,0,0.011167063377797604,0
6758,3,0,0.6209248900413513,1
6759,3,0,0.03771078586578369,0
6760,1,1,0.8748244643211365,1
6761,0,0,0.625575602054596,1
6762,3,0,0.025328844785690308,0
6763,1,0,0.32280680537223816,0
6764,1,1,0.2768141031265259,0
6765,1,0,0.4207249581813812,0
6766,4,0,0.2460741251707077,0
6767,1,0,0.6311016082763672,1
6768,1,1,0.1309853494167328,0
6769,0,1,0.9964579939842224,1
6770,0,0,0.02377261221408844,0
6771,4,1,0.917763888835907,1
6772,4,1,0.9556109309196472,1
6773,4,0,0.007530238013714552,0
6774,3,1,0.8355281352996826,1
6775,3,1,0.14760373532772064,0
6776,3,1,0.5947187542915344,1
6777,3,1,0.22267946600914001,0
6778,4,1,0.8922669291496277,1
6779,1,0,0.029716292396187782,0
6780,0,1,0.9994528889656067,1
6781,4,1,0.5968092679977417,1
6782,2,0,0.06010739877820015,0
6783,3,0,0.0025812294334173203,0
6784,1,1,0.990301251411438,1
6785,3,0,0.0007407395751215518,0
6786,4,1,0.8280142545700073,1
6787,4,1,0.9632309675216675,1
6788,0,0,0.7587391138076782,1
6789,2,1,0.5354825854301453,1
6790,3,1,0.8248496651649475,1
6791,4,0,0.0866285040974617,0
6792,4,1,0.9975989460945129,1
6793,4,0,0.5934706926345825,1
6794,4,1,0.9979718327522278,1
6795,1,0,0.16718356311321259,0
6796,1,1,0.9006022214889526,1
6797,3,0,0.0714728981256485,0
6798,1,1,0.9946699738502502,1
6799,4,0,0.08684979379177094,0
6800,1,1,0.9695895910263062,1
6801,3,1,0.9127489924430847,1
6802,3,0,0.09774411469697952,0
6803,3,0,0.00028149571153335273,0
6804,0,1,0.7570280432701111,1
6805,2,1,0.9646233916282654,1
6806,2,0,0.003895810805261135,0
6807,2,1,0.9880403876304626,1
6808,4,1,0.9841974377632141,1
6809,0,1,0.9848228693008423,1
6810,1,0,0.298111230134964,0
6811,0,1,0.9842939972877502,1
6812,2,1,0.06865135580301285,0
6813,1,0,0.143781840801239,0
6814,3,0,0.9678477048873901,1
6815,3,0,0.7656183242797852,1
6816,2,1,0.9990078806877136,1
6817,3,0,0.015296411700546741,0
6818,1,1,0.6581566333770752,1
6819,3,0,0.08259118348360062,0
6820,1,0,0.10839857906103134,0
6821,1,1,0.5946681499481201,1
6822,3,1,0.4103744328022003,0
6823,0,0,0.023777127265930176,0
6824,0,0,0.41992464661598206,0
6825,4,1,0.5730201601982117,1
6826,2,1,0.9921237826347351,1
6827,1,1,0.8672862648963928,1
6828,3,1,0.10502889007329941,0
6829,3,1,0.9382857084274292,1
6830,2,1,0.9646233916282654,1
6831,2,0,0.9738681316375732,1
6832,2,1,0.9960722923278809,1
6833,1,0,0.03209914267063141,0
6834,2,1,0.99226975440979,1
6835,2,0,0.00024825683794915676,0
6836,4,0,0.2127024382352829,0
6837,1,1,0.96840500831604,1
6838,0,0,0.09712739288806915,0
6839,2,0,0.008838160894811153,0
6840,2,0,0.01247495785355568,0
6841,3,0,0.0250149704515934,0
6842,4,1,0.9825014472007751,1
6843,3,0,0.0009761996334418654,0
6844,4,0,0.5503923892974854,1
6845,1,0,0.0352078340947628,0
6846,2,0,0.33002957701683044,0
6847,0,1,0.5774021148681641,1
6848,2,0,0.006059210281819105,0
6849,3,1,0.9307970404624939,1
6850,3,1,0.988788902759552,1
6851,4,1,0.9996434450149536,1
6852,4,0,0.003693414619192481,0
6853,4,0,0.03114357776939869,0
6854,2,0,0.022431306540966034,0
6855,1,1,0.9925474524497986,1
6856,0,1,0.9854015111923218,1
6857,0,0,0.15170016884803772,0
6858,4,1,0.012052093632519245,0
6859,2,0,0.34293481707572937,0
6860,1,0,0.32144513726234436,0
6861,3,1,0.8533980250358582,1
6862,4,0,0.045538634061813354,0
6863,1,1,0.009079677052795887,0
6864,4,1,0.0818498432636261,0
6865,2,0,0.10079948604106903,0
6866,4,1,0.7474191784858704,1
6867,3,1,0.9987599849700928,1
6868,3,1,0.9288512468338013,1
6869,0,0,0.026186250150203705,0
6870,0,1,0.6334030628204346,1
6871,0,0,0.029865719377994537,0
6872,0,1,0.9474161267280579,1
6873,4,0,0.04531925171613693,0
6874,3,0,0.250166654586792,0
6875,2,1,0.980682373046875,1
6876,4,1,0.4038069546222687,0
6877,2,1,0.9954788684844971,1
6878,0,0,0.005873148329555988,0
6879,4,1,0.8986365795135498,1
6880,3,0,0.4832907021045685,0
6881,0,1,0.980645477771759,1
6882,3,1,0.33887413144111633,0
6883,3,1,0.9952414035797119,1
6884,3,1,0.9952414035797119,1
6885,3,1,0.9949283599853516,1
6886,3,0,0.0013369953958317637,0
6887,3,0,0.12311820685863495,0
6888,4,0,0.7582523822784424,1
6889,4,0,0.005133526399731636,0
6890,3,0,0.721034586429596,1
6891,2,1,0.2520396411418915,0
6892,2,1,0.9968929290771484,1
6893,3,1,0.9978576302528381,1
6894,0,0,0.014885392971336842,0
6895,1,0,0.01740165427327156,0
6896,4,1,0.9975135326385498,1
6897,2,1,0.9679635167121887,1
6898,0,1,0.6335493326187134,1
6899,2,0,0.04503055661916733,0
6900,2,0,0.018530908972024918,0
6901,2,0,0.02680414542555809,0
6902,4,0,0.7049084305763245,1
6903,2,0,0.017942626029253006,0
6904,1,1,0.5416346788406372,1
6905,4,0,0.06449194997549057,0
6906,1,1,0.99403977394104,1
6907,0,0,0.019663449376821518,0
6908,0,0,0.07220162451267242,0
6909,1,1,0.9055166244506836,1
6910,1,0,0.008534230291843414,0
6911,2,1,0.06635816395282745,0
6912,1,0,0.027980485931038857,0
6913,3,0,0.4528023898601532,0
6914,4,0,0.27259591221809387,0
6915,1,0,0.02422429248690605,0
6916,2,0,0.529312252998352,1
6917,4,0,0.026691891252994537,0
6918,4,0,0.5123971104621887,1
6919,4,0,0.0006062921020202339,0
6920,4,0,0.19107133150100708,0
6921,2,0,0.001753456424921751,0
6922,2,0,0.028991760686039925,0
6923,4,1,0.9926861524581909,1
6924,0,1,0.09945880621671677,0
6925,1,0,0.0562371164560318,0
6926,4,0,0.011064513586461544,0
6927,3,0,0.11056597530841827,0
6928,4,0,0.3343617916107178,0
6929,3,1,0.976477861404419,1
6930,1,1,0.9973057508468628,1
6931,1,0,0.004128206521272659,0
6932,1,1,0.9993257522583008,1
6933,4,1,0.002843773690983653,0
6934,3,0,0.6528675556182861,1
6935,3,1,0.48180297017097473,0
6936,1,0,0.01303679309785366,0
6937,4,1,0.969376266002655,1
6938,2,1,0.9855812191963196,1
6939,3,1,0.9960283041000366,1
6940,3,1,0.9957281947135925,1
6941,1,0,0.6450712084770203,1
6942,3,0,0.027180811390280724,0
6943,4,0,0.09351871907711029,0
6944,4,0,0.006664882879704237,0
6945,0,0,0.22399497032165527,0
6946,4,1,0.5238825082778931,1
6947,3,0,0.005525631830096245,0
6948,2,1,0.9940745234489441,1
6949,2,1,0.9560461640357971,1
6950,1,0,0.6162498593330383,1
6951,0,0,0.9129092693328857,1
6952,3,0,0.015653425827622414,0
6953,2,1,0.9910967350006104,1
6954,4,1,0.9825900197029114,1
6955,0,0,0.14739662408828735,0
6956,2,0,0.5354825854301453,1
6957,0,0,0.6334030628204346,1
6958,4,0,0.05180869251489639,0
6959,4,0,0.6284868717193604,1
6960,2,1,0.998185932636261,1
6961,2,1,0.9986796975135803,1
6962,2,0,0.10760323703289032,0
6963,2,0,0.09506174921989441,0
6964,4,1,0.998749852180481,1
6965,4,1,0.9990204572677612,1
6966,4,1,0.9998176693916321,1
6967,2,1,0.21541564166545868,0
6968,3,0,0.027804289013147354,0
6969,1,0,0.47863277792930603,0
6970,2,1,0.9943338632583618,1
6971,2,1,0.9993137121200562,1
6972,1,0,0.15653550624847412,0
6973,1,1,0.8863410353660583,1
6974,2,0,0.8294737339019775,1
6975,2,0,0.7487024664878845,1
6976,0,1,0.4466129541397095,0
6977,4,0,0.20677286386489868,0
6978,0,0,0.013749450445175171,0
6979,4,1,0.9963632225990295,1
6980,1,1,0.5775881409645081,1
6981,0,1,0.23291140794754028,0
6982,3,0,0.38678041100502014,0
6983,3,1,0.3619076907634735,0
6984,3,0,0.028751298785209656,0
6985,0,1,0.6797330975532532,1
6986,0,0,0.11780450493097305,0
6987,4,0,0.014042096212506294,0
6988,2,0,0.14173997938632965,0
6989,2,0,0.884913444519043,1
6990,0,1,0.9470775723457336,1
6991,4,1,0.9968024492263794,1
6992,2,0,0.19724486768245697,0
6993,0,1,0.9994729161262512,1
6994,0,1,0.9992856383323669,1
6995,0,1,0.9995068311691284,1
6996,0,1,0.6849505305290222,1
6997,2,0,0.9402401447296143,1
6998,4,0,0.6635849475860596,1
6999,2,0,0.5293284058570862,1
7000,2,0,0.6207063794136047,1
7001,4,0,0.22062407433986664,0
7002,4,0,0.08836625516414642,0
7003,2,0,0.025765663012862206,0
7004,3,0,0.07455988973379135,0
7005,4,0,0.015542239882051945,0
7006,4,1,0.9994828701019287,1
7007,4,1,0.9945705533027649,1
7008,4,1,0.9996434450149536,1
7009,1,1,0.9986453652381897,1
7010,4,1,0.6684301495552063,1
7011,3,1,0.561571478843689,1
7012,0,0,0.005070848390460014,0
7013,4,0,0.43582481145858765,0
7014,4,0,0.21763832867145538,0
7015,4,1,0.14601558446884155,0
7016,0,1,0.9936058521270752,1
7017,2,1,0.7579873204231262,1
7018,3,1,0.517197847366333,1
7019,2,1,0.9852897524833679,1
7020,3,1,0.9980461597442627,1
7021,3,1,0.9958009123802185,1
7022,4,0,0.006190910004079342,0
7023,4,1,0.9998694658279419,1
7024,4,1,0.9889065027236938,1
7025,2,0,0.005399446003139019,0
7026,4,1,0.004679681267589331,0
7027,1,1,0.9012370109558105,1
7028,2,0,0.006072365678846836,0
7029,3,0,0.005055168177932501,0
7030,4,1,0.06599503010511398,0
7031,4,0,0.0028676167130470276,0
7032,4,1,0.8915956616401672,1
7033,2,1,0.6656349897384644,1
7034,3,1,0.9739108681678772,1
7035,3,0,0.3077583611011505,0
7036,2,0,0.9488149881362915,1
7037,0,1,0.9995618462562561,1
7038,0,0,0.0071556540206074715,0
7039,0,1,0.9985170960426331,1
7040,0,1,0.9255271553993225,1
7041,3,1,0.9722954034805298,1
7042,3,0,0.03264623507857323,0
7043,1,0,0.06767518073320389,0
7044,1,1,0.9835646152496338,1
7045,0,1,0.9989481568336487,1
7046,0,1,0.9410731196403503,1
7047,2,0,0.09908560663461685,0
7048,2,0,2.6756470106192864e-05,0
7049,2,1,0.9981593489646912,1
7050,2,1,0.9981593489646912,1
7051,1,0,0.4034560024738312,0
7052,0,0,0.9503139853477478,1
7053,0,1,0.7039791345596313,1
7054,0,1,0.8854535222053528,1
7055,2,0,0.16330841183662415,0
7056,1,0,0.6596952080726624,1
7057,1,0,0.02791588380932808,0
7058,3,0,0.3761395215988159,0
7059,2,0,0.7648723125457764,1
7060,2,0,0.0005063407006673515,0
7061,0,0,0.9936455488204956,1
7062,0,1,0.9951360821723938,1
7063,2,0,0.424625962972641,0
7064,3,1,0.9748968482017517,1
7065,3,0,0.02186766266822815,0
7066,1,0,0.04981362819671631,0
7067,2,0,0.021478863433003426,0
7068,1,0,0.20316357910633087,0
7069,3,1,0.01741114817559719,0
7070,0,1,0.4682992100715637,0
7071,0,1,0.6218545436859131,1
7072,0,0,0.0033892050851136446,0
7073,0,1,0.999765932559967,1
7074,0,1,0.10732604563236237,0
7075,3,1,0.6728242039680481,1
7076,0,1,0.9989481568336487,1
7077,0,1,0.9993914365768433,1
7078,3,1,0.7275338768959045,1
7079,4,0,0.06846257299184799,0
7080,1,1,0.09098891913890839,0
7081,3,1,0.9918655753135681,1
7082,2,0,0.0024204785004258156,0
7083,2,0,0.021582629531621933,0
7084,0,0,0.11402371525764465,0
7085,1,0,0.8893411159515381,1
7086,1,0,0.06222737208008766,0
7087,4,0,0.6750965118408203,1
7088,0,1,0.22479867935180664,0
7089,1,1,0.7710932493209839,1
7090,0,1,0.40033259987831116,0
7091,2,0,0.11580944806337357,0
7092,2,0,0.026670921593904495,0
7093,0,1,0.8887578845024109,1
7094,0,0,0.041496068239212036,0
7095,2,1,0.9912017583847046,1
7096,0,1,0.7931960225105286,1
7097,0,1,0.9982559084892273,1
7098,0,0,0.0003896014532074332,0
7099,0,1,0.9586946368217468,1
7100,3,0,0.9007309079170227,1
7101,3,0,0.039789848029613495,0
7102,1,0,0.0018394766375422478,0
7103,0,0,0.023351961746811867,0
7104,0,0,0.7509307265281677,1
7105,4,0,0.7589106559753418,1
7106,0,1,0.998909592628479,1
7107,2,1,0.9902601838111877,1
7108,2,0,0.031524475663900375,0
7109,2,0,0.23812510073184967,0
7110,3,0,0.1391231119632721,0
7111,4,1,0.014604583382606506,0
7112,4,1,0.6750965118408203,1
7113,2,1,0.9961701035499573,1
7114,4,1,0.9842405319213867,1
7115,4,1,0.9992257356643677,1
7116,4,0,0.4281347990036011,0
7117,4,1,0.9996808767318726,1
7118,4,0,0.036723099648952484,0
7119,4,1,0.9991299510002136,1
7120,4,1,0.9972583055496216,1
7121,2,1,0.033482626080513,0
7122,1,1,0.827107846736908,1
7123,1,1,0.3926907777786255,0
7124,1,0,0.0031787569168955088,0
7125,4,1,0.9997619986534119,1
7126,4,1,0.8608012199401855,1
7127,2,1,0.9993137121200562,1
7128,2,1,0.9990791082382202,1
7129,2,1,0.14646737277507782,0
7130,3,0,0.020563747733831406,0
7131,1,0,0.14270098507404327,0
7132,4,1,0.9941933751106262,1
7133,4,0,0.5877160429954529,1
7134,1,0,0.012279519811272621,0
7135,4,1,0.9899550676345825,1
7136,0,1,0.9936455488204956,1
7137,4,0,0.03228137269616127,0
7138,4,1,0.9427934885025024,1
7139,4,1,0.9975989460945129,1
7140,3,1,0.8633472323417664,1
7141,0,1,0.013128423132002354,0
7142,3,0,0.20732614398002625,0
7143,0,1,0.9913994073867798,1
7144,3,0,0.049173954874277115,0
7145,2,0,0.07923279702663422,0
7146,1,1,0.9994792342185974,1
7147,2,0,0.04985564947128296,0
7148,4,0,0.02241412177681923,0
7149,0,1,0.9365737438201904,1
7150,2,1,0.9710150957107544,1
7151,0,0,0.004151080269366503,0
7152,1,0,0.03567851707339287,0
7153,3,0,0.008097459562122822,0
7154,1,0,0.012711357325315475,0
7155,2,0,0.01045876182615757,0
7156,4,1,0.6750965118408203,1
7157,1,1,0.999612033367157,1
7158,4,1,0.9998270869255066,1
7159,3,1,0.3619076907634735,0
7160,2,1,0.08747018128633499,0
7161,4,0,0.0015913419192656875,0
7162,4,1,0.9660584330558777,1
7163,4,1,0.7589106559753418,1
7164,3,1,0.9958439469337463,1
7165,3,0,0.4833722412586212,0
7166,3,1,0.9999793767929077,1
7167,1,0,0.050446767359972,0
7168,3,1,0.561571478843689,1
7169,1,1,0.624360978603363,1
7170,1,0,0.7913521528244019,1
7171,1,1,0.9214938282966614,1
7172,0,1,0.2611050307750702,0
7173,1,0,0.624360978603363,1
7174,4,1,0.9998270869255066,1
7175,0,0,0.7509307265281677,1
7176,3,1,0.9993589520454407,1
7177,4,1,0.6529697179794312,1
7178,3,1,0.3863380253314972,0
7179,2,1,0.9974473714828491,1
7180,1,1,0.9960861206054688,1
7181,2,0,0.06301038712263107,0
7182,0,1,0.9936455488204956,1
7183,1,0,0.15161757171154022,0
7184,0,0,0.012179466895759106,0
7185,4,0,0.4494280219078064,0
7186,1,0,0.011895389296114445,0
7187,1,1,0.30188390612602234,0
7188,2,0,0.4339960813522339,0
7189,1,0,0.00027638126630336046,0
7190,1,0,0.4796203672885895,0
7191,0,1,0.14981350302696228,0
7192,2,1,0.998163640499115,1
7193,1,0,0.3718305826187134,0
7194,1,0,0.40357109904289246,0
7195,4,0,0.012204832397401333,0
7196,3,1,0.1330588310956955,0
7197,3,1,0.9980461597442627,1
7198,2,0,0.22522170841693878,0
7199,2,1,0.9422394633293152,1
7200,2,1,0.48694270849227905,0
7201,0,0,0.009876147843897343,0
7202,1,0,0.0014792749425396323,0
7203,2,0,0.04876150190830231,0
7204,3,1,0.9365620017051697,1
7205,3,1,0.9993589520454407,1
7206,1,1,0.28584688901901245,0
7207,0,1,0.8119288086891174,1
7208,2,0,0.029905669391155243,0
7209,4,0,0.5203515291213989,1
7210,0,1,0.5552304983139038,1
7211,0,1,0.7509307265281677,1
7212,2,0,0.000307647162117064,0
7213,2,0,0.00341680645942688,0
7214,1,0,0.261833518743515,0
7215,0,0,0.011377987451851368,0
7216,0,0,0.6218545436859131,1
7217,0,1,0.950982391834259,1
7218,3,0,0.13333842158317566,0
7219,3,1,0.9969293475151062,1
7220,3,1,0.9979867935180664,1
7221,1,0,0.0015265013789758086,0
7222,4,0,0.20290035009384155,0
7223,1,1,0.991329550743103,1
7224,4,0,0.03189713880419731,0
7225,0,1,0.566278338432312,1
7226,4,0,0.3912080228328705,0
7227,2,1,0.9786723852157593,1
7228,0,1,0.9908792972564697,1
7229,2,0,0.16659899055957794,0
7230,0,1,0.5646799206733704,1
7231,3,0,0.006778695620596409,0
7232,0,1,0.9971222281455994,1
7233,4,1,0.9933440685272217,1
7234,0,0,0.051003482192754745,0
7235,3,1,0.9918655753135681,1
7236,4,0,0.07997697591781616,0
7237,3,0,0.5612069368362427,1
7238,1,0,0.8242474794387817,1
7239,2,1,0.9925162196159363,1
7240,2,1,0.9927005767822266,1
7241,3,0,0.04947853833436966,0
7242,3,0,0.8941131234169006,1
7243,3,1,0.9979867935180664,1
7244,2,1,0.9921146035194397,1
7245,3,0,0.4875640571117401,0
7246,3,0,0.8961166739463806,1
7247,3,0,0.16538402438163757,0
7248,1,1,0.9826300740242004,1
7249,1,0,0.8585919141769409,1
7250,0,1,0.9968699812889099,1
7251,2,0,0.0434524267911911,0
7252,1,0,0.8710368871688843,1
7253,2,1,0.06074069067835808,0
7254,0,1,0.8364714980125427,1
7255,0,1,0.9981327652931213,1
7256,0,1,0.9737740755081177,1
7257,4,0,0.5836423635482788,1
7258,1,1,0.025736473500728607,0
7259,0,1,0.6473463773727417,1
7260,1,0,0.004687231965363026,0
7261,2,0,0.03047947958111763,0
7262,3,1,0.556102991104126,1
7263,0,1,0.018342426046729088,0
7264,1,0,0.373745858669281,0
7265,3,0,0.010865197516977787,0
7266,2,0,0.4193911552429199,0
7267,3,1,0.6541538238525391,1
7268,4,1,0.5203515291213989,1
7269,2,1,0.026715170592069626,0
7270,1,0,0.0013899925397709012,0
7271,0,0,0.00020317961752880365,0
7272,4,1,0.6263655424118042,1
7273,1,0,0.03880647197365761,0
7274,4,0,0.6375861167907715,1
7275,0,1,0.14938820898532867,0
7276,2,0,0.014453699812293053,0
7277,2,0,0.010678388178348541,0
7278,1,1,0.990301251411438,1
7279,1,1,0.9978650212287903,1
7280,1,0,0.027490301057696342,0
7281,1,0,0.002142133889719844,0
7282,4,0,0.937211811542511,1
7283,4,1,0.9780744314193726,1
7284,1,0,0.20895127952098846,0
7285,0,0,0.0393979474902153,0
7286,1,0,0.7596786022186279,1
7287,1,0,0.19295988976955414,0
7288,1,1,0.9852668046951294,1
7289,1,0,0.05082079768180847,0
7290,0,0,0.014114880934357643,0
7291,3,0,0.5327392220497131,1
7292,4,1,0.5203515291213989,1
7293,1,0,0.11685993522405624,0
7294,3,0,0.013519666157662868,0
7295,0,0,0.8119288086891174,1
7296,0,1,0.7201679944992065,1
7297,4,0,0.26684314012527466,0
7298,3,0,0.4110274314880371,0
7299,1,0,0.05382272228598595,0
7300,0,1,0.9936455488204956,1
7301,0,1,0.9936455488204956,1
7302,1,0,0.24098116159439087,0
7303,3,0,0.04933924600481987,0
7304,1,0,0.18992283940315247,0
7305,3,1,0.5324662923812866,1
7306,1,1,0.20664839446544647,0
7307,2,0,0.48778367042541504,0
7308,3,1,0.21013160049915314,0
7309,2,0,0.009446349926292896,0
7310,4,0,0.026478394865989685,0
7311,0,0,0.6882904171943665,1
7312,2,1,0.5713450312614441,1
7313,3,1,0.556102991104126,1
7314,3,1,0.849931001663208,1
7315,3,0,0.012328660115599632,0
7316,3,0,0.5612069368362427,1
7317,2,0,0.03389282524585724,0
7318,4,0,0.2789169251918793,0
7319,1,0,0.011771961115300655,0
7320,1,1,0.7779456377029419,1
7321,4,0,0.29025426506996155,0
7322,4,0,0.7711658477783203,1
7323,1,1,0.9988896250724792,1
7324,1,1,0.9943827390670776,1
7325,4,0,0.25855982303619385,0
7326,4,0,0.23659829795360565,0
7327,4,0,0.00011548938346095383,0
7328,4,0,0.1987515240907669,0
7329,3,1,0.2592538297176361,0
7330,0,1,0.9941728711128235,1
7331,3,1,0.9986231327056885,1
7332,3,0,0.04950558766722679,0
7333,0,0,0.04664851352572441,0
7334,3,1,0.994755744934082,1
7335,4,0,0.032192740589380264,0
7336,0,0,0.8129940629005432,1
7337,2,1,0.996948778629303,1
7338,0,0,0.01789160445332527,0
7339,3,0,0.22532959282398224,0
7340,3,0,0.004960321821272373,0
7341,3,1,0.9942451119422913,1
7342,0,0,0.02396274358034134,0
7343,3,0,0.0037755428347736597,0
7344,0,0,0.022990722209215164,0
7345,0,0,0.07494329661130905,0
7346,2,1,0.08935875445604324,0
7347,2,0,0.5227420926094055,1
7348,4,1,0.8071998357772827,1
7349,1,1,0.9889840483665466,1
7350,2,1,0.9996201992034912,1
7351,2,1,0.9992874264717102,1
7352,2,1,0.9993137121200562,1
7353,3,0,0.0074722724966704845,0
7354,2,0,0.010573341511189938,0
7355,0,1,0.9745436906814575,1
7356,0,1,0.5774021148681641,1
7357,0,0,0.5101661682128906,1
7358,0,0,0.0005010837921872735,0
7359,3,0,0.08578237891197205,0
7360,0,0,0.5101661682128906,1
7361,0,1,0.4318115711212158,0
7362,0,1,0.8250964879989624,1
7363,3,0,0.554421603679657,1
7364,3,1,0.6523159146308899,1
7365,0,1,0.9991377592086792,1
7366,2,0,0.34045013785362244,0
7367,2,0,0.041659221053123474,0
7368,3,0,0.17390188574790955,0
7369,4,0,0.7289940714836121,1
7370,4,0,0.4576180875301361,0
7371,4,1,0.26893797516822815,0
7372,3,1,0.3632255494594574,0
7373,1,0,0.017545703798532486,0
7374,1,1,0.46011021733283997,0
7375,2,0,0.013645805418491364,0
7376,1,1,0.6065523624420166,1
7377,0,1,0.9938191771507263,1
7378,2,0,0.06542980670928955,0
7379,4,1,0.829460084438324,1
7380,1,1,0.8258657455444336,1
7381,4,1,0.771475076675415,1
7382,4,0,0.08492773771286011,0
7383,3,1,0.6030726432800293,1
7384,3,1,0.43927252292633057,0
7385,2,0,0.01105291023850441,0
7386,0,1,0.9994827508926392,1
7387,1,0,0.5339971780776978,1
7388,1,0,0.24771982431411743,0
7389,1,1,0.624360978603363,1
7390,2,1,0.9929648637771606,1
7391,1,0,0.1008959412574768,0
7392,1,1,0.7710932493209839,1
7393,1,0,0.4611045718193054,0
7394,1,0,0.14092819392681122,0
7395,2,0,0.011301114223897457,0
7396,0,1,0.8403226137161255,1
7397,0,1,0.5027005076408386,1
7398,3,0,0.9103675484657288,1
7399,3,1,0.998259961605072,1
7400,3,0,0.019126245751976967,0
7401,1,1,0.9888696670532227,1
7402,0,1,0.9991377592086792,1
7403,1,0,0.08046076446771622,0
7404,4,1,0.6750965118408203,1
7405,4,0,0.5069529414176941,1
7406,4,0,0.036931660026311874,0
7407,4,1,0.06541872769594193,0
7408,3,0,0.3632255494594574,0
7409,0,1,0.9974838495254517,1
7410,0,0,0.32825955748558044,0
7411,4,1,0.9945065379142761,1
7412,1,0,0.0053543089888989925,0
7413,3,0,0.0372575968503952,0
7414,1,0,0.051330309361219406,0
7415,0,0,0.002297211205586791,0
7416,3,1,0.5758486986160278,1
7417,4,1,0.06894501298666,0
7418,0,0,0.2433704137802124,0
7419,3,0,0.1330588310956955,0
7420,3,1,0.44829821586608887,0
7421,4,0,0.7662724852561951,1
7422,4,1,0.9990028738975525,1
7423,0,0,0.36246243119239807,0
7424,1,0,0.066152423620224,0
7425,0,0,0.019482791423797607,0
7426,4,1,0.9964492321014404,1
7427,4,1,0.9977339506149292,1
7428,0,0,0.0006359880790114403,0
7429,0,1,0.9936058521270752,1
7430,2,1,0.9882928729057312,1
7431,4,1,0.11804572492837906,0
7432,1,0,0.012457065284252167,0
7433,0,0,0.0007800905732437968,0
7434,3,0,0.6221023797988892,1
7435,3,1,0.3619076907634735,0
7436,2,1,0.9715325236320496,1
7437,3,1,0.3619076907634735,0
7438,4,0,0.0047695874236524105,0
7439,0,0,0.03407549858093262,0
7440,0,0,0.22823312878608704,0
7441,0,0,0.01245820987969637,0
7442,4,1,0.7589485049247742,1
7443,1,1,0.47910159826278687,0
7444,4,0,0.014261828735470772,0
7445,3,0,0.006403254345059395,0
7446,3,0,0.1934344619512558,0
7447,2,1,0.86641925573349,1
7448,0,1,0.9718557596206665,1
7449,4,1,0.9933440685272217,1
7450,4,0,0.0010207020677626133,0
7451,3,1,0.9859126210212708,1
7452,0,0,0.257215291261673,0
7453,0,0,0.3050967752933502,0
7454,4,1,0.7589485049247742,1
7455,2,0,0.05294686555862427,0
7456,4,0,0.004199563059955835,0
7457,4,0,0.9557142853736877,1
7458,4,1,0.979258120059967,1
7459,3,1,0.9859477281570435,1
7460,2,1,0.9951747059822083,1
7461,2,1,0.9960377216339111,1
7462,2,1,0.2582090497016907,0
7463,2,1,0.9951747059822083,1
7464,2,1,0.04181770607829094,0
7465,3,0,0.2316301465034485,0
7466,4,0,0.005004454404115677,0
7467,4,1,0.9997031092643738,1
7468,4,0,0.7711658477783203,1
7469,0,1,0.6912845969200134,1
7470,3,1,0.988875150680542,1
7471,3,1,0.9910076260566711,1
7472,4,0,0.026701999828219414,0
7473,2,1,0.9926539659500122,1
7474,3,0,0.21487128734588623,0
7475,0,1,0.9974520802497864,1
7476,2,1,0.49544796347618103,0
7477,2,1,0.6656349897384644,1
7478,4,1,0.9963632225990295,1
7479,1,1,0.9866735935211182,1
7480,2,0,0.03540636599063873,0
7481,2,1,0.5992718935012817,1
7482,2,0,0.0030165566131472588,0
7483,2,0,0.13124538958072662,0
7484,2,0,0.013655043207108974,0
7485,4,1,0.004626025911420584,0
7486,4,1,0.9972440004348755,1
7487,1,1,0.9888696670532227,1
7488,4,0,0.5130695104598999,1
7489,1,1,0.9888696670532227,1
7490,3,1,0.5800459384918213,1
7491,2,1,0.990912914276123,1
7492,2,0,0.00023354787845164537,0
7493,2,1,0.9990496039390564,1
7494,0,0,0.012116493657231331,0
7495,4,0,0.03623682260513306,0
7496,3,1,0.9986953139305115,1
7497,1,0,0.19974517822265625,0
7498,4,0,0.5069529414176941,1
7499,3,1,0.3083343803882599,0
7500,3,1,0.9831265807151794,1
7501,0,0,0.7489446997642517,1
7502,3,1,0.5789488554000854,1
7503,4,1,0.9843646883964539,1
7504,0,0,0.4485580623149872,0
7505,4,0,0.1331430971622467,0
7506,0,0,0.0883856788277626,0
7507,4,0,0.7711658477783203,1
7508,1,1,0.9954687356948853,1
7509,2,1,0.9643325209617615,1
7510,2,1,0.9718039631843567,1
7511,1,0,0.4078441560268402,0
7512,1,0,0.026364488527178764,0
7513,1,1,0.9880756139755249,1
7514,0,0,0.008975617587566376,0
7515,0,0,0.030729319900274277,0
7516,2,0,0.2607516646385193,0
7517,4,1,0.9998595714569092,1
7518,4,1,0.9998595714569092,1
7519,0,0,0.6912845969200134,1
7520,1,1,0.9965736865997314,1
7521,1,1,0.4186745285987854,0
7522,1,1,0.014035950414836407,0
7523,1,1,0.9821943044662476,1
7524,4,1,0.6263655424118042,1
7525,1,0,0.04241589084267616,0
7526,3,0,0.1631745845079422,0
7527,3,1,0.3829421401023865,0
7528,3,1,0.849931001663208,1
7529,3,0,0.5612069368362427,1
7530,3,0,0.4314463436603546,0
7531,1,0,0.009596808813512325,0
7532,2,0,0.005275665316730738,0
7533,3,0,0.49539482593536377,0
7534,4,0,0.11324485391378403,0
7535,4,1,0.9928672313690186,1
7536,0,1,0.9963100552558899,1
7537,0,1,0.9974520802497864,1
7538,4,0,0.02254778891801834,0
7539,2,0,0.009257948957383633,0
7540,0,0,0.042762789875268936,0
7541,0,1,0.9916464686393738,1
7542,1,0,0.7412452101707458,1
7543,2,1,0.9934948086738586,1
7544,3,1,0.8355281352996826,1
7545,3,0,0.5947187542915344,1
7546,1,1,0.9888696670532227,1
7547,4,0,0.019079944118857384,0
7548,0,0,0.11862812936306,0
7549,1,1,0.9989594221115112,1
7550,2,1,0.47008371353149414,0
7551,3,1,0.9937289953231812,1
7552,3,0,0.09161674231290817,0
7553,2,0,0.06218584626913071,0
7554,1,0,0.00534985912963748,0
7555,1,0,0.002787529956549406,0
7556,4,0,0.055575259029865265,0
7557,0,0,0.006866840645670891,0
7558,2,1,0.02124015800654888,0
7559,1,1,0.9911674857139587,1
7560,2,0,0.5293284058570862,1
7561,0,1,0.10178384184837341,0
7562,4,0,0.6214662194252014,1
7563,2,0,0.00131509592756629,0
7564,1,0,0.04267822578549385,0
7565,4,1,0.23611938953399658,0
7566,3,1,0.9810132384300232,1
7567,2,0,0.00255833868868649,0
7568,0,0,0.011131135746836662,0
7569,4,1,0.9247177839279175,1
7570,3,0,0.13395783305168152,0
7571,4,1,0.017720820382237434,0
7572,4,1,0.9990028738975525,1
7573,4,0,0.38334694504737854,0
7574,0,1,0.6157956123352051,1
7575,1,1,0.9987403750419617,1
7576,1,0,0.0021225661039352417,0
7577,1,1,0.7094030976295471,1
7578,1,1,0.9960861206054688,1
7579,1,1,0.9983356595039368,1
7580,3,0,0.001480596954934299,0
7581,3,0,0.05415841564536095,0
7582,3,0,0.014935821294784546,0
7583,1,1,0.6835246086120605,1
7584,0,0,0.007900725118815899,0
7585,1,0,0.7439073920249939,1
7586,0,0,0.22647503018379211,0
7587,3,1,0.9972777962684631,1
7588,3,1,0.9989274144172668,1
7589,0,0,0.08642187714576721,0
7590,3,1,0.9951098561286926,1
7591,3,0,0.00015743581752758473,0
7592,3,1,0.9994825124740601,1
7593,0,0,0.5076239109039307,1
7594,4,0,0.931361973285675,1
7595,4,1,0.9164133667945862,1
7596,4,0,0.18434955179691315,0
7597,3,1,0.7562806010246277,1
7598,2,1,0.48778367042541504,0
7599,2,0,0.0007053554872982204,0
7600,2,1,0.5270401239395142,1
7601,2,0,0.0017995722591876984,0
7602,1,0,0.4611045718193054,0
7603,3,0,0.454529732465744,0
7604,1,1,0.9978650212287903,1
7605,3,1,0.5576595067977905,1
7606,1,1,0.40357109904289246,0
7607,1,0,0.25701361894607544,0
7608,1,0,0.13977235555648804,0
7609,1,0,0.8429102301597595,1
7610,0,0,0.6882904171943665,1
7611,0,0,0.7377548813819885,1
7612,0,0,0.6408430933952332,1
7613,4,1,0.9843646883964539,1
7614,3,0,0.09906117618083954,0
7615,0,1,0.9930160045623779,1
7616,4,1,0.997140645980835,1
7617,4,0,0.00406632199883461,0
7618,3,0,0.01151482854038477,0
7619,1,0,0.8710368871688843,1
7620,2,1,0.6830934882164001,1
7621,3,1,0.556102991104126,1
7622,4,1,0.6755932569503784,1
7623,4,1,0.1015368178486824,0
7624,4,1,0.9977787137031555,1
7625,4,0,0.0003313114575576037,0
7626,4,1,0.9791631102561951,1
7627,4,1,0.9369097948074341,1
7628,3,0,0.0001005579688353464,0
7629,4,1,0.4459612965583801,0
7630,3,0,0.09266987442970276,0
7631,3,1,0.7677379250526428,1
7632,4,0,0.049511246383190155,0
7633,2,0,0.7481532096862793,1
7634,2,1,0.8612468242645264,1
7635,2,1,0.8952500224113464,1
7636,2,0,0.00853491947054863,0
7637,0,0,0.7509307265281677,1
7638,0,0,0.5341667532920837,1
7639,4,0,0.01909978874027729,0
7640,1,1,0.41997000575065613,0
7641,3,0,0.016549279913306236,0
7642,1,0,0.010267618112266064,0
7643,1,1,0.6162083148956299,1
7644,1,1,0.6605705618858337,1
7645,1,1,0.41997000575065613,0
7646,1,0,0.21875564754009247,0
7647,3,0,0.019854547455906868,0
7648,2,0,0.02960377372801304,0
7649,0,0,0.01229136437177658,0
7650,3,0,0.1302337348461151,0
7651,0,0,0.027606138959527016,0
7652,3,1,0.556102991104126,1
7653,1,0,0.7664690017700195,1
7654,1,0,0.11058717966079712,0
7655,1,0,0.2273598164319992,0
7656,1,0,0.012118879705667496,0
7657,3,0,0.051574308425188065,0
7658,3,1,0.7039790749549866,1
7659,3,1,0.556102991104126,1
7660,3,1,0.5800459384918213,1
7661,0,0,0.1651342362165451,0
7662,0,1,0.9813277125358582,1
7663,1,1,0.9973236322402954,1
7664,3,0,0.29061973094940186,0
7665,1,0,0.16226015985012054,0
7666,4,1,0.6529697179794312,1
7667,4,0,0.06583049148321152,0
7668,0,1,0.7377548813819885,1
7669,0,1,0.8861868977546692,1
7670,0,0,0.5552304983139038,1
7671,0,0,0.6800110340118408,1
7672,4,0,0.004865890834480524,0
7673,0,1,0.9994493126869202,1
7674,2,0,0.016269072890281677,0
7675,0,0,0.03445319086313248,0
7676,4,1,0.8720742464065552,1
7677,4,0,0.03211100399494171,0
7678,1,0,0.25335246324539185,0
7679,2,1,0.7481532096862793,1
7680,4,1,0.9970353841781616,1
7681,4,1,0.9970353841781616,1
7682,4,1,0.994261622428894,1
7683,4,1,0.9755313992500305,1
7684,4,0,0.017361430451273918,0
7685,4,1,0.9993529915809631,1
7686,4,0,0.9989362359046936,1
7687,4,1,0.9993001222610474,1
7688,1,0,0.8861575126647949,1
7689,1,0,0.7734844088554382,1
7690,1,0,0.023409150540828705,0
7691,1,1,0.9962335228919983,1
7692,2,1,0.5992718935012817,1
7693,2,1,0.6347313523292542,1
7694,2,0,0.0994969829916954,0
7695,2,1,0.7974368333816528,1
7696,2,0,0.005655387882143259,0
7697,2,0,0.03725891560316086,0
7698,1,1,0.9942622184753418,1
7699,3,1,0.31543731689453125,0
7700,3,0,0.3846379816532135,0
7701,4,1,0.9557142853736877,1
7702,1,0,0.0029144929721951485,0
7703,1,1,0.9967448711395264,1
7704,4,1,0.9922589659690857,1
7705,4,0,0.01626867614686489,0
7706,1,1,0.973932147026062,1
7707,4,0,0.6755932569503784,1
7708,2,0,0.23064295947551727,0
7709,0,1,0.9968938827514648,1
7710,0,1,0.9916464686393738,1
7711,0,1,0.9968938827514648,1
7712,2,1,0.9167636036872864,1
7713,2,1,0.5293284058570862,1
7714,4,1,0.8055450916290283,1
7715,4,0,0.023977726697921753,0
7716,4,0,0.11985106766223907,0
7717,1,0,0.7714720964431763,1
7718,1,0,0.0539754219353199,0
7719,0,0,0.02161181904375553,0
7720,2,0,0.03988254815340042,0
7721,2,0,0.038726866245269775,0
7722,3,0,0.9007309079170227,1
7723,0,0,0.013698390685021877,0
7724,0,1,0.8903089761734009,1
7725,2,0,0.005358788184821606,0
7726,0,0,0.045800838619470596,0
7727,0,1,0.3866479992866516,0
7728,1,0,0.46011021733283997,0
7729,1,0,0.022757623344659805,0
7730,1,1,0.495707243680954,0
7731,0,0,0.4844154119491577,0
7732,3,0,0.28087708353996277,0
7733,3,0,0.48513683676719666,0
7734,2,1,0.9960377216339111,1
7735,2,0,0.006228351034224033,0
7736,3,0,0.16231496632099152,0
7737,4,0,0.29192399978637695,0
7738,3,0,0.03003033623099327,0
7739,3,1,0.7095651626586914,1
7740,3,1,0.7024537324905396,1
7741,4,0,0.5159872770309448,1
7742,4,1,0.8727881908416748,1
7743,2,0,0.5293284058570862,1
7744,2,1,0.5293284058570862,1
7745,0,0,0.002810540609061718,0
7746,1,1,0.9978650212287903,1
7747,3,1,0.9989274144172668,1
7748,3,0,0.003011673456057906,0
7749,0,1,0.9185474514961243,1
7750,2,1,0.9835559725761414,1
7751,3,1,0.9917358756065369,1
7752,3,1,0.9942451119422913,1
7753,3,1,0.9897809028625488,1
7754,3,0,0.02079944871366024,0
7755,0,1,0.9916464686393738,1
7756,2,1,0.6367641687393188,1
7757,2,1,0.9880403876304626,1
7758,0,1,0.4842195510864258,0
7759,0,1,0.8026056289672852,1
7760,3,1,0.42425984144210815,0
7761,1,0,0.1887873411178589,0
7762,2,0,0.6842759251594543,1
7763,1,0,0.05535336211323738,0
7764,2,0,0.20705120265483856,0
7765,4,0,0.22343043982982635,0
7766,2,0,0.5293284058570862,1
7767,3,1,0.6728242039680481,1
7768,4,1,0.9993731379508972,1
7769,2,1,0.7933108806610107,1
7770,0,0,0.00936130154877901,0
7771,2,0,0.16183726489543915,0
7772,1,1,0.9924029111862183,1
7773,4,1,0.0019380677258595824,0
7774,3,0,0.9196003079414368,1
7775,0,1,0.5552304983139038,1
7776,0,0,0.2704150080680847,0
7777,4,0,0.32701221108436584,0
7778,4,1,0.3842531442642212,0
7779,4,1,0.6263655424118042,1
7780,4,0,0.02807162143290043,0
7781,4,1,0.9076585173606873,1
7782,4,1,0.962028980255127,1
7783,4,1,0.9992656111717224,1
7784,2,0,0.010756046511232853,0
7785,0,0,0.00021620921324938536,0
7786,0,1,0.9507718682289124,1
7787,2,0,0.011134874075651169,0
7788,1,0,0.07151855528354645,0
7789,0,0,0.16947698593139648,0
7790,2,1,0.9974473714828491,1
7791,2,0,0.036077938973903656,0
7792,2,0,0.0776960626244545,0
7793,2,1,0.9985527396202087,1
7794,4,0,0.3775821328163147,0
7795,3,1,0.7381656169891357,1
7796,2,0,0.03688310831785202,0
7797,3,0,0.0006318950327113271,0
7798,0,1,0.9945822358131409,1
7799,2,1,0.12357788532972336,0
7800,2,0,0.7481532096862793,1
7801,1,0,0.011570821516215801,0
7802,3,0,0.517197847366333,1
7803,1,0,0.46011021733283997,0
7804,1,0,0.21363390982151031,0
7805,4,1,0.7589106559753418,1
7806,4,0,0.002027285983785987,0
7807,2,1,0.7579873204231262,1
7808,2,0,0.010624751448631287,0
7809,0,1,0.5813953280448914,1
7810,3,1,0.9978576302528381,1
7811,3,0,0.03175652027130127,0
7812,3,1,0.9986953139305115,1
7813,4,0,0.0006519090966321528,0
7814,4,0,0.05812006816267967,0
7815,1,0,0.02120296284556389,0
7816,3,1,0.2140621542930603,0
7817,3,1,0.9811868667602539,1
7818,3,0,0.0390409491956234,0
7819,1,0,0.34715214371681213,0
7820,1,1,0.9623046517372131,1
7821,1,1,0.03702204301953316,0
7822,1,1,0.9759379029273987,1
7823,4,0,0.7043116688728333,1
7824,3,0,0.12000878155231476,0
7825,4,1,0.5503923892974854,1
7826,1,1,0.9949010610580444,1
7827,1,1,0.9949010610580444,1
7828,2,0,0.7579873204231262,1
7829,3,1,0.9951098561286926,1
7830,3,1,0.9972777962684631,1
7831,3,1,0.7205849885940552,1
7832,4,0,0.5850573778152466,1
7833,4,0,0.005051456857472658,0
7834,0,1,0.6912845969200134,1
7835,4,0,0.3842531442642212,0
7836,4,0,0.5470179319381714,1
7837,4,1,0.3847754895687103,0
7838,4,0,0.04673228785395622,0
7839,4,0,0.3842531442642212,0
7840,4,1,0.3847754895687103,0
7841,2,1,0.5046532154083252,1
7842,1,1,0.992583155632019,1
7843,2,1,0.21809229254722595,0
7844,2,1,0.12939339876174927,0
7845,2,0,0.07975120842456818,0
7846,2,1,0.9948663711547852,1
7847,2,1,0.03440836817026138,0
7848,0,1,0.9935832619667053,1
7849,4,0,0.010089538991451263,0
7850,2,0,0.0018593610730022192,0
7851,4,0,0.016090277582406998,0
7852,0,1,0.6218545436859131,1
7853,1,0,0.014763821847736835,0
7854,2,0,0.002744207391515374,0
7855,4,0,0.4637896418571472,0
7856,4,0,0.3847754895687103,0
7857,4,1,0.3842531442642212,0
7858,4,1,0.3847754895687103,0
7859,4,0,0.3842531442642212,0
7860,4,1,0.3944523334503174,0
7861,4,0,0.26893797516822815,0
7862,4,0,0.01713823340833187,0
7863,4,0,0.007371880114078522,0
7864,2,1,0.08435289561748505,0
7865,3,1,0.7381656169891357,1
7866,1,0,0.8981943726539612,1
7867,2,0,0.04875391349196434,0
7868,1,0,0.00021458696573972702,0
7869,1,0,0.011067979037761688,0
7870,2,1,0.4100562632083893,0
7871,1,1,0.9949010610580444,1
7872,1,1,0.9987403750419617,1
7873,3,1,0.9988139867782593,1
7874,4,1,0.9998202919960022,1
7875,1,1,0.5792584419250488,1
7876,1,1,0.6162083148956299,1
7877,3,1,0.7125834822654724,1
7878,1,0,0.032237160950899124,0
7879,2,0,0.7180036902427673,1
7880,0,0,0.5341667532920837,1
7881,3,0,0.04303360730409622,0
7882,2,1,0.8799778819084167,1
7883,4,0,0.7689425945281982,1
7884,2,1,0.9612492918968201,1
7885,3,1,0.998284637928009,1
7886,3,0,0.003370225429534912,0
7887,3,1,0.12879861891269684,0
7888,0,1,0.6882904171943665,1
7889,1,0,0.008542775176465511,0
7890,3,1,0.3290739953517914,0
7891,0,0,0.10910294950008392,0
7892,1,0,0.7710932493209839,1
7893,3,1,0.8475944399833679,1
7894,3,0,0.05678458511829376,0
7895,2,1,0.997219443321228,1
7896,2,0,0.9866276383399963,1
7897,3,0,0.3632255494594574,0
7898,0,1,0.3665617108345032,0
7899,2,0,0.015934891998767853,0
7900,1,0,0.17378386855125427,0
7901,3,1,0.9007309079170227,1
7902,2,0,0.0025297212414443493,0
7903,1,0,0.13511359691619873,0
7904,1,0,0.06803710758686066,0
7905,4,1,0.9977787137031555,1
7906,3,0,0.004092537332326174,0
7907,3,1,0.9947608113288879,1
7908,1,0,0.011404584161937237,0
7909,1,1,0.9888696670532227,1
7910,1,0,0.00700732134282589,0
7911,1,1,0.9758350849151611,1
7912,1,1,0.9977458119392395,1
7913,1,1,0.03839876502752304,0
7914,2,0,0.1300332248210907,0
7915,1,1,0.9934493899345398,1
7916,4,0,0.18517369031906128,0
7917,1,0,0.005664606112986803,0
7918,1,1,0.9972049593925476,1
7919,1,1,0.9945133924484253,1
7920,1,1,0.9993340373039246,1
7921,1,1,0.9638965129852295,1
7922,1,1,0.9998480081558228,1
7923,0,0,0.43086761236190796,0
7924,1,0,0.09549988061189651,0
7925,4,1,0.6597346067428589,1
7926,2,0,0.35942602157592773,0
7927,0,0,0.09119808673858643,0
7928,4,1,0.9946181178092957,1
7929,3,0,0.010455736890435219,0
7930,0,1,0.7201679944992065,1
7931,3,0,0.030782006680965424,0
7932,3,1,0.8475944399833679,1
7933,3,0,0.01138615794479847,0
7934,0,0,0.04652370512485504,0
7935,0,0,0.3808518350124359,0
7936,1,0,0.03324307128787041,0
7937,2,0,0.6871418952941895,1
7938,2,0,0.00047770814853720367,0
7939,2,1,0.27719831466674805,0
7940,0,0,0.0045569054782390594,0
7941,2,0,0.03230872005224228,0
7942,0,0,0.0010025525698438287,0
7943,0,0,0.36876174807548523,0
7944,0,1,0.9991059899330139,1
7945,1,0,0.6835246086120605,1
7946,3,1,0.9937289953231812,1
7947,3,1,0.6728242039680481,1
7948,3,0,0.005067940801382065,0
7949,3,1,0.5271971225738525,1
7950,2,1,0.9856386780738831,1
7951,4,1,0.03628363832831383,0
7952,2,0,0.7481532096862793,1
7953,2,1,0.008491379208862782,0
7954,2,1,0.3635983467102051,0
7955,4,1,0.7232930660247803,1
7956,4,0,0.01126378495246172,0
7957,0,0,0.003011008957400918,0
7958,0,0,0.0018182651838287711,0
7959,0,1,0.9982559084892273,1
7960,0,1,0.8923539519309998,1
7961,2,1,0.7291809320449829,1
7962,4,0,0.1176375299692154,0
7963,1,1,0.9962335228919983,1
7964,1,1,0.9986572265625,1
7965,1,1,0.9980344176292419,1
7966,4,0,0.5342502593994141,1
7967,3,0,0.3465457856655121,0
7968,1,1,0.5898153185844421,1
7969,3,0,0.0037420361768454313,0
7970,0,1,0.05310780927538872,0
7971,0,0,0.6131271719932556,1
7972,0,1,0.022111283615231514,0
7973,1,0,0.002006365219131112,0
7974,1,1,0.9973526000976562,1
7975,0,0,0.019726557657122612,0
7976,3,0,0.0041574775241315365,0
7977,4,0,0.0889468565583229,0
7978,4,0,0.0018901717849075794,0
7979,4,1,0.9945065379142761,1
7980,4,0,0.0008599815191701055,0
7981,4,1,0.9942653775215149,1
7982,0,0,0.05876956507563591,0
7983,3,0,0.01777544431388378,0
7984,3,0,0.11597398668527603,0
7985,3,1,0.015056447125971317,0
7986,0,0,0.3478151857852936,0
7987,1,0,0.009842497296631336,0
7988,0,0,0.09329134225845337,0
7989,3,0,0.031578924506902695,0
7990,0,1,0.9916464686393738,1
7991,2,0,0.08070134371519089,0
7992,4,0,0.20507560670375824,0
7993,0,0,0.0003376625245437026,0
7994,2,1,0.8096839785575867,1
7995,3,0,0.0006432312075048685,0
7996,3,1,0.9527771472930908,1
7997,0,1,0.9975825548171997,1
7998,0,1,0.9994493126869202,1
7999,2,0,0.008265173994004726,0
8000,4,1,0.9963632225990295,1
8001,4,1,0.9975135326385498,1
8002,2,1,0.8131319880485535,1
8003,3,0,0.556102991104126,1
8004,4,0,0.09664042294025421,0
8005,3,1,0.9430916905403137,1
8006,3,0,0.7245449423789978,1
8007,3,0,0.00031355995452031493,0
8008,2,0,0.0002987156331073493,0
8009,3,1,0.16345539689064026,0
8010,1,1,0.6162083148956299,1
8011,2,1,0.9932077527046204,1
8012,4,0,0.03862537816166878,0
8013,2,1,0.9942441582679749,1
8014,2,0,0.0008957321406342089,0
8015,2,1,0.9869363903999329,1
8016,2,1,0.9871785640716553,1
8017,1,0,0.003590866457670927,0
8018,3,1,0.9971539974212646,1
8019,3,1,0.998005211353302,1
8020,4,0,0.004728266038000584,0
8021,3,0,0.06492692977190018,0
8022,3,0,0.009423275478184223,0
8023,2,0,0.0234284196048975,0
8024,0,1,0.7739372849464417,1
8025,4,0,0.007779920939356089,0
8026,3,0,0.00037479650927707553,0
8027,1,0,0.24922160804271698,0
8028,2,1,0.2771896719932556,0
8029,3,1,0.9831777215003967,1
8030,3,1,0.9960283041000366,1
8031,4,1,0.6750965118408203,1
8032,3,1,0.7677379250526428,1
8033,3,1,0.4428827166557312,0
8034,1,0,0.19127392768859863,0
8035,3,0,0.08624601364135742,0
8036,3,0,0.48513683676719666,0
8037,3,0,0.000594054872635752,0
8038,3,0,0.3619076907634735,0
8039,0,0,0.45403748750686646,0
8040,0,0,0.002514778170734644,0
8041,0,1,0.9974838495254517,1
8042,4,0,0.07159658521413803,0
8043,2,1,0.9866089224815369,1
8044,4,1,0.999546468257904,1
8045,4,0,0.02734273672103882,0
8046,4,1,0.9998202919960022,1
8047,3,0,0.6728242039680481,1
8048,3,0,0.0715838298201561,0
8049,0,0,0.017834633588790894,0
8050,1,1,0.8871231079101562,1
8051,4,0,0.011417617090046406,0
8052,1,1,0.7710932493209839,1
8053,0,0,0.40732380747795105,0
8054,0,0,0.7772983908653259,1
8055,1,1,0.30416765809059143,0
8056,0,1,0.9661932587623596,1
8057,3,1,0.6424238085746765,1
8058,3,1,0.9007309079170227,1
8059,3,0,0.01995643973350525,0
8060,3,1,0.9981104135513306,1
8061,2,1,0.6416658759117126,1
8062,0,0,0.4338434636592865,0
8063,0,1,0.997575581073761,1
8064,1,0,0.000673475384246558,0
8065,2,0,0.06758987158536911,0
8066,0,0,0.14027772843837738,0
8067,3,0,0.053948596119880676,0
8068,2,0,0.5713450312614441,1
8069,3,0,0.07824160158634186,0
8070,0,0,0.06890758126974106,0
8071,1,1,0.6046798825263977,1
8072,2,0,0.17094914615154266,0
8073,3,0,0.01865786500275135,0
8074,0,0,0.003671050537377596,0
8075,2,0,0.007945244200527668,0
8076,3,1,0.9978347420692444,1
8077,4,1,0.805812656879425,1
8078,4,1,0.6795607805252075,1
8079,2,0,0.04544267803430557,0
8080,4,0,0.5069529414176941,1
8081,4,1,0.3842531442642212,0
8082,4,1,0.643631637096405,1
8083,0,0,0.566278338432312,1
8084,2,0,0.0027991747483611107,0
8085,0,0,0.1600918471813202,0
8086,2,1,0.9914678335189819,1
8087,2,0,0.4104773998260498,0
8088,2,1,0.9882928729057312,1
8089,3,0,0.2732641100883484,0
8090,4,0,0.006468243896961212,0
8091,4,0,0.026561342179775238,0
8092,4,0,0.0018568637315183878,0
8093,2,1,0.2807604968547821,0
8094,4,1,0.9996305704116821,1
8095,4,0,0.03467295691370964,0
8096,4,1,0.9993529915809631,1
8097,4,0,0.0009099403396248817,0
8098,1,1,0.45072659850120544,0
8099,2,1,0.2028866410255432,0
8100,0,0,0.07134649902582169,0
8101,3,0,0.0017489399760961533,0
8102,3,0,0.01030863169580698,0
8103,3,1,0.9591357707977295,1
8104,0,1,0.5761409997940063,1
8105,4,1,0.4707999527454376,0
8106,4,0,0.2670586407184601,0
8107,1,1,0.02377520129084587,0
8108,2,0,0.005882613360881805,0
8109,1,1,0.6721488237380981,1
8110,1,1,0.5938230156898499,1
8111,1,0,0.5674689412117004,1
8112,3,0,0.06902309507131577,0
8113,4,1,0.9984807372093201,1
8114,3,0,0.0433492437005043,0
8115,0,0,0.09119808673858643,0
8116,0,0,0.018925318494439125,0
8117,0,0,0.5552304983139038,1
8118,0,0,0.07775700837373734,0
8119,2,1,0.5992718935012817,1
8120,0,1,0.013612528331577778,0
8121,4,0,0.12805411219596863,0
8122,3,1,0.9850386381149292,1
8123,0,0,0.001906339661218226,0
8124,3,1,0.9748968482017517,1
8125,3,0,0.914467990398407,1
8126,2,0,0.8372142314910889,1
8127,2,1,0.9951747059822083,1
8128,2,1,0.9951747059822083,1
8129,1,0,0.009580126032233238,0
8130,3,0,0.08747958391904831,0
8131,0,1,0.7888579368591309,1
8132,3,1,0.49477678537368774,0
8133,1,0,0.014012227766215801,0
8134,0,0,0.7267571687698364,1
8135,3,1,0.5271971225738525,1
8136,2,1,0.5293284058570862,1
8137,2,0,0.2502231001853943,0
8138,2,0,0.5227420926094055,1
8139,2,1,0.6881178617477417,1
8140,2,1,0.9991575479507446,1
8141,4,0,0.0647696927189827,0
8142,2,0,0.0005108087789267302,0
8143,0,0,0.022195784375071526,0
8144,4,1,0.9883544445037842,1
8145,4,0,0.011321245692670345,0
8146,4,0,0.0814647376537323,0
8147,3,0,0.0990077555179596,0
8148,4,0,0.04935763403773308,0
8149,2,1,0.9974473714828491,1
8150,0,1,0.18233424425125122,0
8151,0,0,0.1375214159488678,0
8152,0,0,0.02402319200336933,0
8153,2,0,0.5960834622383118,1
8154,2,0,0.371753990650177,0
8155,2,1,0.9190539717674255,1
8156,4,1,0.9095973968505859,1
8157,0,1,0.999574601650238,1
8158,4,0,0.5573390126228333,1
8159,4,0,0.003424229798838496,0
8160,1,0,0.011461149901151657,0
8161,4,0,0.012428776361048222,0
8162,1,1,0.12660980224609375,0
8163,0,0,0.028904542326927185,0
8164,1,0,0.120389923453331,0
8165,1,0,0.08007320761680603,0
8166,0,1,0.7201679944992065,1
8167,0,0,0.5307462811470032,1
8168,3,0,0.07512734085321426,0
8169,0,1,0.3546755909919739,0
8170,3,0,0.09231771528720856,0
8171,3,0,0.000611353141721338,0
8172,0,0,0.16210180521011353,0
8173,3,0,0.04691901057958603,0
8174,4,1,0.923682451248169,1
8175,0,0,0.11354130506515503,0
8176,3,1,0.998904824256897,1
8177,3,1,0.004230518825352192,0
8178,3,1,0.9811888337135315,1
8179,3,1,0.9213913679122925,1
8180,3,0,0.09496154636144638,0
8181,2,0,0.09480153769254684,0
8182,1,0,0.011176159605383873,0
8183,0,0,0.008524805307388306,0
8184,3,0,0.6552920341491699,1
8185,0,0,0.12619398534297943,0
8186,3,0,0.01455665286630392,0
8187,2,0,0.022523999214172363,0
8188,2,0,0.06240140646696091,0
8189,2,0,0.06464870274066925,0
8190,2,0,0.747874915599823,1
8191,3,1,0.9975833892822266,1
8192,0,1,0.9794858694076538,1
8193,2,0,0.06647101789712906,0
8194,2,0,0.08237102627754211,0
8195,3,0,0.4774291217327118,0
8196,3,1,0.44856202602386475,0
8197,1,1,0.9886017441749573,1
8198,1,1,0.9985322952270508,1
8199,1,1,0.9626185894012451,1
8200,0,0,0.7127541899681091,1
8201,0,1,0.7037512063980103,1
8202,2,0,0.0041795638389885426,0
8203,0,0,0.11946817487478256,0
8204,0,0,0.12358435988426208,0
8205,0,1,0.7127541899681091,1
8206,0,1,0.059233441948890686,0
8207,3,0,0.46557751297950745,0
8208,2,1,0.9968140721321106,1
8209,4,0,0.0047951554879546165,0
8210,1,0,0.4929441511631012,0
8211,0,1,0.6882904171943665,1
8212,1,1,0.22773678600788116,0
8213,1,0,0.042657431215047836,0
8214,2,0,0.034325212240219116,0
8215,2,0,0.07161075621843338,0
8216,3,1,0.9897809028625488,1
8217,4,0,0.08867374062538147,0
8218,4,1,0.8182235360145569,1
8219,2,0,0.04436328262090683,0
8220,2,1,0.3953094184398651,0
8221,3,1,0.9982821941375732,1
8222,0,0,0.008725919760763645,0
8223,2,0,0.7339169979095459,1
8224,1,1,0.18977417051792145,0
8225,4,1,0.9664726853370667,1
8226,1,0,0.789616048336029,1
8227,0,1,0.7727200388908386,1
8228,0,1,0.5552304983139038,1
8229,2,0,0.06615608930587769,0
8230,0,0,0.6408430933952332,1
8231,0,0,0.6408430933952332,1
8232,2,0,0.019429480656981468,0
8233,2,1,0.5247265696525574,1
8234,2,1,0.2191547155380249,0
8235,0,1,0.6914469003677368,1
8236,4,0,0.13535429537296295,0
8237,3,0,0.02665642276406288,0
8238,3,1,0.3712383806705475,0
8239,2,0,0.07968227565288544,0
8240,3,1,0.9937289953231812,1
8241,3,0,0.01519179530441761,0
8242,4,1,0.5638958215713501,1
8243,4,0,0.09265270084142685,0
8244,4,1,0.9822100400924683,1
8245,3,0,0.009249025955796242,0
8246,0,0,0.03685416281223297,0
8247,2,0,0.2771896719932556,0
8248,1,0,0.12174336612224579,0
8249,1,0,0.5069013833999634,1
8250,1,1,0.9987403750419617,1
8251,1,1,0.9861124157905579,1
8252,1,1,0.9969472289085388,1
8253,1,1,0.9973526000976562,1
8254,1,0,0.0005591193912550807,0
8255,0,0,0.05971663072705269,0
8256,1,1,0.6457525491714478,1
8257,0,0,0.009307453408837318,0
8258,1,1,0.45072659850120544,0
8259,1,1,0.7890369296073914,1
8260,2,0,0.0685814842581749,0
8261,4,1,0.9942653775215149,1
8262,0,0,0.057317424565553665,0
8263,0,1,0.7888579368591309,1
8264,3,0,0.004440815653651953,0
8265,3,0,0.0019787230994552374,0
8266,3,0,0.21219083666801453,0
8267,4,1,0.19139662384986877,0
8268,4,1,0.022196995094418526,0
8269,0,0,0.043745093047618866,0
8270,1,1,0.9888696670532227,1
8271,1,1,0.9924029111862183,1
8272,0,1,0.8134667873382568,1
8273,0,0,0.21547985076904297,0
8274,1,0,0.6046798825263977,1
8275,2,0,0.18779641389846802,0
8276,2,0,0.5293284058570862,1
8277,2,1,0.6516250967979431,1
8278,3,0,0.03591911494731903,0
8279,1,1,0.9985322952270508,1
8280,0,1,0.9951543807983398,1
8281,2,0,0.09595023840665817,0
8282,1,1,0.9155617356300354,1
8283,3,0,0.0889044776558876,0
8284,1,0,0.06400550156831741,0
8285,1,1,0.38523975014686584,0
8286,2,1,0.7974368333816528,1
8287,4,0,0.02611200138926506,0
8288,2,1,0.9852147698402405,1
8289,2,0,0.13829423487186432,0
8290,3,0,0.4824942350387573,0
8291,1,0,0.6162083148956299,1
8292,0,1,0.6218545436859131,1
8293,4,0,0.2700216472148895,0
8294,0,1,0.9975541234016418,1
8295,0,1,0.7037512063980103,1
8296,0,1,0.9975541234016418,1
8297,3,0,0.0029713984113186598,0
8298,2,1,0.7198923826217651,1
8299,3,1,0.9998200535774231,1
8300,3,0,0.0023022834211587906,0
8301,3,1,0.9971539974212646,1
8302,3,1,0.9980311989784241,1
8303,3,1,0.9971539974212646,1
8304,1,1,0.44000908732414246,0
8305,1,1,0.9924029111862183,1
8306,4,0,0.38286077976226807,0
8307,4,1,0.9933440685272217,1
8308,4,1,0.9933440685272217,1
8309,2,1,0.17409878969192505,0
8310,1,1,0.495707243680954,0
8311,2,1,0.0709557831287384,0
8312,2,1,0.5992718935012817,1
8313,1,1,0.9985322952270508,1
8314,1,0,0.46011021733283997,0
8315,3,1,0.913304328918457,1
8316,1,0,0.03948204964399338,0
8317,2,1,0.9976486563682556,1
8318,1,1,0.45914527773857117,0
8319,1,0,0.40357109904289246,0
8320,4,1,0.03800363093614578,0
8321,0,0,0.019371097907423973,0
8322,2,0,0.5119685530662537,1
8323,2,0,0.5713450312614441,1
8324,2,1,0.8844000697135925,1
8325,2,0,0.506333589553833,1
8326,0,0,6.460415897890925e-05,0
8327,2,1,0.22752508521080017,0
8328,2,1,0.49041691422462463,0
8329,4,0,0.47912561893463135,0
8330,1,1,0.9888696670532227,1
8331,1,1,0.9864460229873657,1
8332,3,1,0.5271971225738525,1
8333,3,1,0.5612069368362427,1
8334,0,0,0.02365202084183693,0
8335,2,1,0.9974822402000427,1
8336,4,1,0.9329468011856079,1
8337,2,0,0.0828409343957901,0
8338,4,0,0.06944769620895386,0
8339,2,1,0.02911888249218464,0
8340,0,0,0.053847502917051315,0
8341,1,1,0.5998890995979309,1
8342,4,0,0.006207942962646484,0
8343,3,0,0.001380497240461409,0
8344,1,0,0.061399370431900024,0
8345,2,0,0.24214966595172882,0
8346,3,1,0.3619076907634735,0
8347,2,1,0.2502231001853943,0
8348,2,1,0.11511755734682083,0
8349,1,1,0.9992801547050476,1
8350,2,1,0.3408513069152832,0
8351,0,0,0.037546467036008835,0
8352,2,1,0.9560461640357971,1
8353,0,1,0.7349766492843628,1
8354,0,1,0.9916464686393738,1
8355,2,1,0.6378694176673889,1
8356,4,0,0.042798493057489395,0
8357,2,0,0.03764941170811653,0
8358,4,1,0.20910532772541046,0
8359,2,0,0.007020309567451477,0
8360,0,1,0.6000809073448181,1
8361,4,1,0.9092801809310913,1
8362,4,1,0.6977632641792297,1
8363,4,0,0.024558288976550102,0
8364,3,0,0.2846181392669678,0
8365,3,0,0.0260029137134552,0
8366,2,1,0.9929648637771606,1
8367,1,0,0.0011761474888771772,0
8368,1,1,0.9613415002822876,1
8369,0,0,0.02254859358072281,0
8370,3,0,0.6878336071968079,1
8371,2,0,0.012930761091411114,0
8372,4,1,0.5069529414176941,1
8373,4,0,0.03801203519105911,0
8374,4,0,0.013021127320826054,0
8375,4,0,0.5069529414176941,1
8376,2,0,0.12810401618480682,0
8377,2,0,0.28052854537963867,0
8378,2,0,0.13236309587955475,0
8379,0,1,0.9862686991691589,1
8380,3,1,0.48513683676719666,0
8381,3,0,0.44829821586608887,0
8382,3,0,0.44829821586608887,0
8383,4,0,0.05009787902235985,0
8384,3,0,0.517197847366333,1
8385,4,0,0.0028292210772633553,0
8386,4,1,0.9928816556930542,1
8387,4,1,0.9942653775215149,1
8388,3,0,0.007009475026279688,0
8389,3,0,0.32978424429893494,0
8390,2,1,0.9903182983398438,1
8391,1,1,0.6419929265975952,1
8392,3,0,0.002779622795060277,0
8393,0,1,0.9916464686393738,1
8394,1,1,0.6162083148956299,1
8395,1,0,0.020020803436636925,0
8396,2,0,0.07197288423776627,0
8397,3,0,0.20930115878582,0
8398,0,0,0.8962932229042053,1
8399,2,0,0.9309110641479492,1
8400,0,0,0.02939497120678425,0
8401,4,0,0.8845183849334717,1
8402,4,0,0.002856270410120487,0
8403,4,0,0.09850543737411499,0
8404,4,0,0.1124943196773529,0
8405,4,0,0.05854498967528343,0
8406,3,1,0.9949283599853516,1
8407,1,1,0.6046798825263977,1
8408,1,1,0.8252193331718445,1
8409,1,1,0.7913521528244019,1
8410,1,0,0.624360978603363,1
8411,4,0,0.8308647871017456,1
8412,1,1,0.6162083148956299,1
8413,4,0,0.7538293600082397,1
8414,1,0,0.624360978603363,1
8415,4,1,0.9843999147415161,1
8416,4,1,0.9964492321014404,1
8417,4,1,0.9791207313537598,1
8418,4,0,0.006710267160087824,0
8419,1,0,0.4819333553314209,0
8420,1,0,0.053032711148262024,0
8421,4,0,0.004298212472349405,0
8422,4,1,0.9354690313339233,1
8423,4,0,0.02576511725783348,0
8424,4,0,0.6605226993560791,1
8425,4,0,0.005337625276297331,0
8426,3,0,0.09318211674690247,0
8427,0,0,0.4406980574131012,0
8428,4,1,0.020892983302474022,0
8429,2,1,0.997219443321228,1
8430,2,1,0.9974822402000427,1
8431,4,0,0.5203515291213989,1
8432,3,0,0.12024099379777908,0
8433,3,0,0.7889382243156433,1
8434,0,1,0.7267571687698364,1
8435,1,1,0.9965835809707642,1
8436,2,0,0.2472773790359497,0
8437,3,0,0.575614333152771,1
8438,4,0,0.09934761375188828,0
8439,4,0,0.046414535492658615,0
8440,4,1,0.643631637096405,1
8441,4,1,0.9791207313537598,1
8442,3,0,0.004463946912437677,0
8443,3,0,0.017256639897823334,0
8444,4,0,0.46743521094322205,0
8445,3,1,0.07215949147939682,0
8446,2,1,0.013668241910636425,0
8447,1,0,0.029743026942014694,0
8448,1,1,0.5258573293685913,1
8449,4,1,0.7952749729156494,1
8450,2,1,0.20914119482040405,0
8451,4,0,0.027735529467463493,0
8452,4,0,0.006325066555291414,0
8453,2,0,0.4885583221912384,0
8454,2,0,0.014524107798933983,0
8455,3,0,0.709624707698822,1
8456,2,0,0.17094914615154266,0
8457,4,1,0.9911969900131226,1
8458,4,1,0.9933245778083801,1
8459,4,0,0.004245689604431391,0
8460,4,1,0.06698822975158691,0
8461,4,0,0.10931191593408585,0
8462,3,0,0.0254118163138628,0
8463,0,1,0.6218545436859131,1
8464,3,0,0.013681032694876194,0
8465,3,1,0.9591357707977295,1
8466,4,1,0.5159872770309448,1
8467,1,1,0.9776669144630432,1
8468,0,1,0.8096863627433777,1
8469,0,1,0.9987140893936157,1
8470,0,0,0.009221551939845085,0
8471,0,0,0.3808518350124359,0
8472,2,1,0.9991008043289185,1
8473,0,0,0.009185470640659332,0
8474,0,0,0.1660190373659134,0
8475,4,0,0.0026072938926517963,0
8476,4,1,0.9933873414993286,1
8477,2,0,0.04443054273724556,0
8478,0,0,0.026600144803524017,0
8479,3,0,0.1198161393404007,0
8480,3,0,0.023365899920463562,0
8481,4,0,0.3334137201309204,0
8482,1,0,0.004419255070388317,0
8483,1,1,0.9737579226493835,1
8484,1,1,0.9947726130485535,1
8485,2,1,0.9921146035194397,1
8486,1,1,0.8769150376319885,1
8487,1,0,0.1549351066350937,0
8488,0,0,0.6446160078048706,1
8489,3,1,0.7889382243156433,1
8490,3,0,0.24207092821598053,0
8491,3,0,0.011447316966950893,0
8492,2,0,0.031268153339624405,0
8493,1,1,0.9993036985397339,1
8494,4,1,0.4632543623447418,0
8495,4,0,0.11469724774360657,0
8496,4,0,0.6750965118408203,1
8497,4,1,0.829460084438324,1
8498,4,1,0.4632543623447418,0
8499,4,1,0.6723897457122803,1
8500,2,0,0.8626722097396851,1
8501,4,0,0.4663793742656708,0
8502,0,1,0.8535333871841431,1
8503,2,0,0.7481532096862793,1
8504,2,0,0.007316029630601406,0
8505,1,1,0.6132845282554626,1
8506,4,0,0.06257729232311249,0
8507,2,0,0.3953094184398651,0
8508,0,0,0.2297355830669403,0
8509,1,0,0.5957350134849548,1
8510,2,1,0.3953094184398651,0
8511,0,1,0.4019307494163513,0
8512,0,0,0.1819441169500351,0
8513,2,1,0.48778367042541504,0
8514,2,1,0.7584326863288879,1
8515,0,0,0.008444301784038544,0
8516,4,0,0.174737349152565,0
8517,4,0,0.0007701475406065583,0
8518,4,1,0.9785727858543396,1
8519,1,0,0.12182494252920151,0
8520,4,0,0.7589485049247742,1
8521,4,1,0.749000072479248,1
8522,3,1,0.9965159893035889,1
8523,0,1,0.7873180508613586,1
8524,1,0,0.10063156485557556,0
8525,2,0,0.024440880864858627,0
8526,4,0,0.0019901650957763195,0
8527,3,1,0.9958614706993103,1
8528,3,0,0.09095931053161621,0
8529,2,0,0.6309724450111389,1
8530,2,1,0.4241296648979187,0
8531,2,0,0.18521364033222198,0
8532,3,0,0.1398816704750061,0
8533,4,0,0.027484575286507607,0
8534,4,0,0.395280122756958,0
8535,2,1,0.9990496039390564,1
8536,2,0,0.09058614075183868,0
8537,4,1,0.23403139412403107,0
8538,3,1,0.8297106027603149,1
8539,3,1,0.7304450869560242,1
8540,4,0,0.5203515291213989,1
8541,2,0,0.013120722025632858,0
8542,3,0,0.7677012085914612,1
8543,1,0,0.31819090247154236,0
8544,4,1,0.23399701714515686,0
8545,4,1,0.5573390126228333,1
8546,0,1,0.9059150815010071,1
8547,4,0,0.9442360401153564,1
8548,4,0,0.08042506128549576,0
8549,4,0,0.5159872770309448,1
8550,3,0,0.0020492812618613243,0
8551,2,1,0.9932077527046204,1
8552,0,0,0.08619687706232071,0
8553,0,1,0.993208110332489,1
8554,2,0,0.03992549702525139,0
8555,3,0,0.027895528823137283,0
8556,2,0,0.014943141490221024,0
8557,4,0,0.007702805567532778,0
8558,3,0,0.7516248226165771,1
8559,2,0,0.0003982932248618454,0
8560,1,1,0.7710932493209839,1
8561,4,1,0.9994680285453796,1
8562,1,0,0.18002891540527344,0
8563,4,0,0.47568824887275696,0
8564,1,0,0.30333641171455383,0
8565,2,0,0.42738327383995056,0
8566,3,1,0.9987390637397766,1
8567,3,0,0.000676698749884963,0
8568,2,0,0.47031158208847046,0
8569,1,1,0.9924029111862183,1
8570,1,1,0.30333641171455383,0
8571,1,1,0.9958321452140808,1
8572,2,0,0.11982069909572601,0
8573,2,1,0.8637452125549316,1
8574,2,1,0.6617507934570312,1
8575,2,1,0.7072933316230774,1
8576,2,0,0.10774748772382736,0
8577,2,0,0.42738327383995056,0
8578,2,1,0.5713450312614441,1
8579,0,1,0.9913994073867798,1
8580,3,1,0.6830950975418091,1
8581,3,0,0.018016183748841286,0
8582,3,0,0.7373449802398682,1
8583,3,1,0.3632255494594574,0
8584,3,1,0.5386333465576172,1
8585,4,0,0.27860650420188904,0
8586,0,0,0.18938136100769043,0
8587,0,0,0.004171020817011595,0
8588,1,0,0.006965530104935169,0
8589,1,1,0.9991227984428406,1
8590,1,1,0.9949042797088623,1
8591,3,0,0.0035170221235603094,0
8592,1,0,0.004020077642053366,0
8593,1,0,0.08480121940374374,0
8594,0,1,0.11157683283090591,0
8595,0,1,0.9938943982124329,1
8596,1,1,0.4051560163497925,0
8597,3,0,0.2759498357772827,0
8598,1,1,0.46011021733283997,0
8599,1,0,0.014846377074718475,0
8600,1,0,0.7710932493209839,1
8601,1,1,0.30333641171455383,0
8602,4,0,0.012274269014596939,0
8603,3,1,0.2760036587715149,0
8604,3,0,0.0002407027641311288,0
8605,3,0,0.04534662514925003,0
8606,1,1,0.04166506603360176,0
8607,0,1,0.9985558390617371,1
8608,1,0,0.7420119047164917,1
8609,1,0,0.33615368604660034,0
8610,2,1,0.05903754383325577,0
8611,3,1,0.7978862524032593,1
8612,1,0,0.3829787075519562,0
8613,0,0,0.030208313837647438,0
8614,0,0,0.4298364818096161,0
8615,0,1,0.9943203926086426,1
8616,0,1,0.9916464686393738,1
8617,2,1,0.9000816345214844,1
8618,2,1,0.1816120743751526,0
8619,2,0,0.0916799008846283,0
8620,2,1,0.9083074331283569,1
8621,2,0,0.0025397068820893764,0
8622,2,1,0.9512829184532166,1
8623,2,0,0.02229784056544304,0
8624,0,1,0.9828764796257019,1
8625,2,1,0.6800718903541565,1
8626,3,0,0.003500469960272312,0
8627,1,1,0.9886017441749573,1
8628,4,1,0.9967215657234192,1
8629,4,1,0.9799396991729736,1
8630,4,1,0.9954407215118408,1
8631,4,1,0.6755932569503784,1
8632,0,0,0.04387081041932106,0
8633,2,0,0.04471246898174286,0
8634,3,1,0.027690021321177483,0
8635,1,1,0.7607347369194031,1
8636,1,1,0.9988896250724792,1
8637,3,0,0.7095651626586914,1
8638,4,1,0.004611388314515352,0
8639,1,0,0.011847938410937786,0
8640,1,1,0.46011021733283997,0
8641,0,1,0.17375290393829346,0
8642,0,0,0.5076239109039307,1
8643,3,1,0.9952150583267212,1
8644,4,0,0.22417598962783813,0
8645,2,0,0.0675443634390831,0
8646,4,0,0.010601773858070374,0
8647,0,0,0.4318115711212158,0
8648,0,1,0.7267571687698364,1
8649,0,1,0.7969902157783508,1
8650,0,1,0.4318115711212158,0
8651,0,0,0.5101661682128906,1
8652,3,1,0.38647255301475525,0
8653,4,1,0.9992074370384216,1
8654,4,1,0.9965335130691528,1
8655,0,0,0.15582913160324097,0
8656,1,1,0.7896692156791687,1
8657,3,0,0.017407916486263275,0
8658,1,1,0.04385153576731682,0
8659,4,0,0.6755932569503784,1
8660,0,0,0.10324504971504211,0
8661,1,0,0.00752795347943902,0
8662,1,1,0.1591104120016098,0
8663,3,1,0.7245449423789978,1
8664,1,1,0.16352546215057373,0
8665,3,0,0.5800459384918213,1
8666,0,1,0.6770660877227783,1
8667,3,1,0.9913372993469238,1
8668,3,1,0.9897809028625488,1
8669,3,1,0.9757354259490967,1
8670,3,1,0.9949423670768738,1
8671,1,1,0.7157397866249084,1
8672,2,0,0.37509652972221375,0
8673,1,1,0.6046798825263977,1
8674,3,0,0.49738287925720215,0
8675,4,1,0.19027063250541687,0
8676,3,0,0.7853509783744812,1
8677,4,1,0.9992814660072327,1
8678,4,1,0.99753737449646,1
8679,4,1,0.99753737449646,1
8680,4,1,0.4570707082748413,0
8681,1,1,0.6830524206161499,1
8682,1,1,0.7272090315818787,1
8683,4,0,0.0712619200348854,0
8684,2,1,0.5927332043647766,1
8685,1,1,0.884136438369751,1
8686,1,0,0.7805271744728088,1
8687,1,1,0.9022586345672607,1
8688,3,0,0.9326986074447632,1
8689,1,0,0.7157397866249084,1
8690,3,1,0.9466269016265869,1
8691,3,0,0.0017143705626949668,0
8692,3,1,0.999539852142334,1
