row_index,fold,y_true,proba,pred
0,2,0,0.8066826212456649,1
1,1,1,0.17240541869038403,0
2,3,0,0.12891616254442828,0
3,3,0,0.14253517103317423,0
4,2,1,0.17880731746267117,0
5,2,1,0.2720290031973955,0
6,4,1,0.5574689962130381,1
7,1,1,0.6169331121016948,1
8,3,1,0.3980053534653117,0
9,2,1,0.9796317834685766,1
10,2,1,0.9655280129662634,1
11,2,1,0.6767305264585671,1
12,1,1,0.5784971571889375,1
13,3,0,0.2009183021769243,0
14,0,1,0.48427598037457914,0
15,1,0,0.5656075740640497,1
16,0,0,0.1484134413142346,0
17,3,0,0.2172558671488878,0
18,4,1,0.944047080236262,1
19,2,1,0.5410557869315099,1
20,2,0,0.1656868856275253,0
21,4,0,0.757849148692713,1
22,4,0,0.7836958853455135,1
23,4,0,0.7823489176881423,1
24,4,1,0.6733375424775023,1
25,4,0,0.7578491964509155,1
26,4,0,0.6938315956684256,1
27,0,0,0.15086277089604522,0
28,3,1,0.9754765217048071,1
29,2,0,0.17411087101497316,0
30,3,0,0.3482837102757445,0
31,0,0,0.1465341460382068,0
32,4,0,0.1919386601806118,0
33,2,1,0.2479316880005283,0
34,2,1,0.8821241814257703,1
35,2,1,0.23843317081014734,0
36,2,1,0.9697211377156885,1
37,3,0,0.12888752847052018,0
38,1,0,0.23323172329053843,0
39,2,0,0.09764024313809075,0
40,3,0,0.6450595300329993,1
41,2,1,0.5793166342627969,1
42,2,0,0.12703295305772067,0
43,0,0,0.5740022553500524,1
44,0,1,0.6045290572462709,1
45,0,1,0.5985196359711739,1
46,0,0,0.1474503874524134,0
47,0,1,0.9460139507380698,1
48,0,0,0.1981483551159542,0
49,1,0,0.14792879844378232,0
50,4,0,0.10150289774794663,0
51,3,1,0.6948218187098228,1
52,4,1,0.8570948588804294,1
53,4,1,0.9267973843695861,1
54,4,1,0.45033834438097614,0
55,0,0,0.6390393290861103,1
56,3,0,0.14251579305956294,0
57,0,0,0.5091490240667269,1
58,4,1,0.9436266415600335,1
59,0,1,0.6705753651175111,1
60,1,0,0.21426185545367463,0
61,4,1,0.6128251734671442,1
62,4,1,0.5157763721620215,1
63,4,0,0.1569024988781564,0
64,2,0,0.16183582114637335,0
65,1,1,0.1741494599755793,0
66,1,0,0.19122852321462097,0
67,1,0,0.6451845733404695,1
68,4,0,0.21795489781300323,0
69,0,0,0.5649680801052951,1
70,1,1,0.63370403600574,1
71,2,1,0.5705900978313707,1
72,2,1,0.6435762720959444,1
73,4,0,0.33215244600714333,0
74,2,0,0.6237034733199537,1
75,0,0,0.12525865852090026,0
76,0,1,0.9497443763148156,1
77,0,1,0.8973143649294373,1
78,1,1,0.1783135835383286,0
79,0,1,0.9804529542768479,1
80,3,0,0.14777303129173014,0
81,3,1,0.6739024245226648,1
82,2,1,0.6253954295839433,1
83,2,1,0.62429158723433,1
84,2,0,0.4535032616639035,0
85,1,0,0.5555614780261001,1
86,1,1,0.590438133124713,1
87,1,1,0.590438133124713,1
88,3,0,0.4256170920958763,0
89,3,0,0.47024814584403707,0
90,3,1,0.6416330153555647,1
91,4,0,0.3175336709712366,0
92,1,1,0.559974080871872,1
93,4,1,0.935073694021317,1
94,3,0,0.1628110783385569,0
95,3,1,0.5285579608206119,1
96,0,1,0.6457722139566185,1
97,0,0,0.6297636997875856,1
98,2,0,0.43302719155274205,0
99,0,0,0.13350796009645668,0
100,3,0,0.6375415934686793,1
101,3,0,0.20838100645455343,0
102,3,1,0.5920406717354043,1
103,4,0,0.10758604036915782,0
104,3,0,0.34563695115143545,0
105,3,1,0.15721646140142473,0
106,3,1,0.960198026456825,1
107,0,1,0.8450695487483006,1
108,1,1,0.7896977025244631,1
109,3,1,0.537130726179445,1
110,2,0,0.3411913428277555,0
111,2,1,0.8313659413972162,1
112,0,1,0.3539375245466226,0
113,3,0,0.2039464594612818,0
114,3,1,0.9389847627090768,1
115,1,1,0.9385731523042893,1
116,0,0,0.17976365105467296,0
117,2,0,0.4722185399038931,0
118,0,1,0.9440391679316887,1
119,0,0,0.1819632007701633,0
120,1,0,0.12319582235413651,0
121,1,0,0.13778880334097746,0
122,1,1,0.6165859733132045,1
123,4,1,0.9436266415600335,1
124,4,0,0.1344556140062228,0
125,3,1,0.5387438655610133,1
126,0,0,0.441795558839942,0
127,1,1,0.6027911775473653,1
128,3,0,0.16073705762009607,0
129,0,1,0.9860137356845305,1
130,2,1,0.5741330815897352,1
131,4,0,0.1601771761393863,0
132,4,0,0.5277114154635276,1
133,0,1,0.5232472173726631,1
134,2,0,0.5603418828348808,1
135,0,1,0.6195656073688361,1
136,3,0,0.14074717756960967,0
137,4,1,0.6624702689364056,1
138,4,0,0.6267897867339276,1
139,4,0,0.20090859535080569,0
140,0,0,0.12445643732057138,0
141,4,1,0.9672986302027617,1
142,4,1,0.9670919648319073,1
143,3,1,0.48461881998602124,0
144,3,0,0.6415706123086611,1
145,1,1,0.9384519019490465,1
146,4,1,0.9436266415600335,1
147,4,0,0.13509498590729452,0
148,1,0,0.5976326967783601,1
149,3,0,0.20932195770227807,0
150,4,1,0.6153452962935688,1
151,2,1,0.5712706071803125,1
152,2,1,0.5255485671575261,1
153,1,0,0.19741042189390814,0
154,3,0,0.1472812182020837,0
155,0,0,0.11856834676425153,0
156,4,1,0.5217955014203753,1
157,4,0,0.5323543901562909,1
158,4,1,0.5323543901562909,1
159,4,0,0.2680161848105161,0
160,2,1,0.9690674700999183,1
161,0,1,0.4018156003481735,0
162,3,0,0.19284730773554845,0
163,3,1,0.6142879990360025,1
164,1,0,0.2681383345550903,0
165,2,0,0.6542282398119073,1
166,1,1,0.590438133124713,1
167,1,0,0.559974080871872,1
168,1,0,0.1515762609767623,0
169,2,1,0.9483846561358533,1
170,2,0,0.15301113477892092,0
171,2,1,0.8821241814257703,1
172,4,1,0.24195228388920428,0
173,4,0,0.18794999417120103,0
174,3,0,0.40163298112872003,0
175,4,1,0.5033325456489846,1
176,4,0,0.6159748158695805,1
177,1,1,0.6027911775473653,1
178,3,1,0.9736988409977966,1
179,3,1,0.9745589496954828,1
180,3,1,0.9753287868394601,1
181,0,1,0.27487250425097354,0
182,4,1,0.9763788511065821,1
183,2,0,0.23645838230567684,0
184,3,1,0.5419954075551625,1
185,1,0,0.6158003354732041,1
186,4,1,0.8617568133089066,1
187,1,1,0.14681794644862442,0
188,1,1,0.9396353716007624,1
189,1,0,0.14501551774273028,0
190,4,0,0.18888688327466524,0
191,0,0,0.1948169694664623,0
192,1,0,0.17797432195306775,0
193,2,0,0.217579037705815,0
194,1,0,0.14633432698961052,0
195,1,1,0.6027911775473653,1
196,2,1,0.5782190355814285,1
197,2,1,0.5410557869315099,1
198,2,0,0.5793166342627969,1
199,0,0,0.4565595973520848,0
200,1,0,0.19575490383781785,0
201,2,0,0.5907501421239966,1
202,2,1,0.5793166342627969,1
203,0,0,0.13456472484895524,0
204,0,0,0.15740647868899094,0
205,0,0,0.13162115782715558,0
206,0,1,0.7000492971924172,1
207,0,0,0.13744186324040686,0
208,0,0,0.15727561767622678,0
209,0,0,0.7029175254480432,1
210,3,0,0.14923334843024574,0
211,3,1,0.9385325644830761,1
212,3,1,0.6641927263299026,1
213,0,0,0.5870415365213822,1
214,3,0,0.11872558635272289,0
215,4,1,0.5686987747438834,1
216,3,0,0.16424795172145476,0
217,1,0,0.11550658570506198,0
218,0,0,0.6375770870304833,1
219,1,0,0.1269454651260214,0
220,1,0,0.5108952695024549,1
221,2,1,0.9658708713317178,1
222,4,0,0.16087107786950414,0
223,2,1,0.9440950093697841,1
224,1,0,0.10648533678070411,0
225,2,0,0.21655512486777462,0
226,4,0,0.6180609073373935,1
227,0,1,0.9360786168745793,1
228,0,1,0.9486055258494807,1
229,4,1,0.7688538418813841,1
230,4,0,0.23116404049514389,0
231,1,0,0.12496312555310077,0
232,0,0,0.18075942078351637,0
233,3,0,0.6341189302447863,1
234,4,1,0.9079736725193605,1
235,4,0,0.396131278384599,0
236,4,0,0.368873778417976,0
237,4,1,0.16198019803050737,0
238,0,1,0.9264986994189071,1
239,3,0,0.14273366487531025,0
240,3,1,0.9401369968442326,1
241,0,0,0.23785328948743714,0
242,3,0,0.15507390869826718,0
243,4,0,0.19070333782091484,0
244,0,1,0.5816100753822419,1
245,1,1,0.9524826421658664,1
246,4,0,0.1704634167740703,0
247,1,1,0.5455199674907756,1
248,3,0,0.20080375724969235,0
249,1,1,0.9615080576335122,1
250,4,1,0.5491701875806576,1
251,2,0,0.17553419150036353,0
252,3,0,0.2965569404771328,0
253,2,1,0.7133930846209218,1
254,2,1,0.5430788624987931,1
255,1,1,0.6103769217344218,1
256,2,1,0.4167884958409297,0
257,0,1,0.8418152419628211,1
258,0,1,0.8610756730082433,1
259,1,0,0.45791331027245435,0
260,1,1,0.9527873403147281,1
261,1,0,0.35825379344800695,0
262,0,0,0.2329004552537232,0
263,2,1,0.989692789450282,1
264,2,1,0.4589570244012705,0
265,2,1,0.9792535917676862,1
266,2,1,0.8642622464200298,1
267,2,1,0.9107159010594729,1
268,3,1,0.27030898777685813,0
269,3,1,0.9746976089419469,1
270,2,1,0.5595912994115577,1
271,2,1,0.9590157983901463,1
272,1,0,0.7073769691016758,1
273,2,0,0.1996111057161225,0
274,0,1,0.6291351794296834,1
275,2,0,0.12703935607152603,0
276,2,0,0.3213355126910777,0
277,0,0,0.22067452659186365,0
278,4,1,0.6412074000275129,1
279,3,0,0.16733835381060677,0
280,3,0,0.11508747787432248,0
281,2,1,0.4594490404846138,0
282,4,1,0.6280896916181569,1
283,2,1,0.1848326938150163,0
284,4,1,0.5553184872054016,1
285,2,0,0.1543267465480702,0
286,3,1,0.641701685223728,1
287,2,1,0.8039024145471939,1
288,2,1,0.9790754260987883,1
289,3,0,0.5321817039211016,1
290,3,0,0.5143480096776494,1
291,3,0,0.17706673834376765,0
292,0,0,0.6389458768526792,1
293,3,0,0.6412893582725439,1
294,4,0,0.6180609073373935,1
295,2,1,0.5793708994240389,1
296,3,1,0.9017730790647661,1
297,3,1,0.6642586455275031,1
298,3,0,0.49576404286255055,0
299,3,0,0.2158637191658987,0
300,2,1,0.9489879377760471,1
301,1,0,0.07895871973931311,0
302,0,0,0.1889562332898047,0
303,3,1,0.9492994365223948,1
304,3,1,0.1710793762826669,0
305,3,1,0.8984294464369372,1
306,0,1,0.6305932623655067,1
307,1,1,0.98574439690362,1
308,2,0,0.5853385834031566,1
309,1,0,0.16883341279293704,0
310,0,0,0.7002513503007648,1
311,2,1,0.6242152345227855,1
312,1,0,0.30449702878578316,0
313,0,1,0.6565802192921312,1
314,2,1,0.3017551451867708,0
315,2,1,0.586723663553474,1
316,4,0,0.22546692575572533,0
317,0,1,0.6750768256586542,1
318,3,1,0.9745772945428177,1
319,2,0,0.22381976497969625,0
320,3,1,0.6142879990360025,1
321,3,1,0.641701685223728,1
322,1,0,0.46275082466434325,0
323,4,0,0.19841582529354326,0
324,3,1,0.20360875636989803,0
325,3,0,0.17202269761033265,0
326,3,0,0.29166636063449713,0
327,3,1,0.9416163275133966,1
328,3,1,0.39373770610114095,0
329,3,0,0.1629448077294693,0
330,1,1,0.9385731523042893,1
331,1,0,0.10248242395488505,0
332,2,0,0.5526591244836235,1
333,0,0,0.426368550930164,0
334,4,1,0.5024922545548027,1
335,4,0,0.3343533508772939,0
336,0,0,0.15141522479624697,0
337,0,1,0.9859189474815759,1
338,0,0,0.1537733765878049,0
339,0,1,0.9799926363319961,1
340,0,1,0.9794163494221881,1
341,0,0,0.3421606203753031,0
342,0,1,0.979023017312424,1
343,1,1,0.2549439982345646,0
344,0,1,0.9558156623379931,1
345,1,1,0.9761958244917245,1
346,1,1,0.9762070651601453,1
347,3,0,0.1909795481340166,0
348,4,0,0.10227638350259632,0
349,4,0,0.6186225276113576,1
350,4,1,0.58909230148057,1
351,4,1,0.5724752145264695,1
352,0,0,0.44703132532367357,0
353,1,0,0.5969157731814445,1
354,1,0,0.6183269348411929,1
355,1,0,0.2071624703741328,0
356,2,1,0.5103470923407649,1
357,0,0,0.1491084967109934,0
358,0,0,0.13808817934007217,0
359,0,0,0.12289678549184557,0
360,0,1,0.6305932623655067,1
361,0,1,0.9437000559005926,1
362,3,0,0.10870767031272963,0
363,1,0,0.17018525003446655,0
364,1,0,0.15412841949077946,0
365,4,1,0.8757943015736178,1
366,0,1,0.2605378730961698,0
367,4,0,0.18765143872373038,0
368,0,0,0.17827478490866377,0
369,0,0,0.39853024177856144,0
370,0,0,0.5815103358586808,1
371,2,0,0.14140391371532984,0
372,2,0,0.6251003058310621,1
373,0,0,0.19094058557220195,0
374,0,0,0.16529486331696158,0
375,4,1,0.4094389490147987,0
376,3,0,0.2172155384840443,0
377,1,0,0.6171244392752159,1
378,1,1,0.9780972140963167,1
379,1,0,0.11292083702555693,0
380,1,1,0.9663730305845304,1
381,0,1,0.7630123156236184,1
382,3,0,0.1397451337734778,0
383,3,1,0.9458115178398376,1
384,3,1,0.9403446332038383,1
385,0,1,0.3746973757040227,0
386,1,1,0.32875938763261053,0
387,0,1,0.7201276747425093,1
388,0,1,0.9376682368859296,1
389,0,1,0.5308382396764353,1
390,2,1,0.9444211452094562,1
391,0,0,0.15012597106968195,0
392,1,1,0.8613091386998425,1
393,1,0,0.1120791741940271,0
394,2,1,0.9424676280256242,1
395,0,1,0.6305932623655067,1
396,4,1,0.5859321833167207,1
397,4,0,0.18585632592566148,0
398,3,0,0.16973117808904795,0
399,3,0,0.5473501676542346,1
400,1,1,0.9778269376664613,1
401,4,0,0.26127840931940116,0
402,0,0,0.1869451048182088,0
403,4,0,0.49003113921361613,0
404,1,0,0.13208303634448648,0
405,0,0,0.13329177992329988,0
406,0,0,0.147313715278417,0
407,1,0,0.21035615485835366,0
408,4,1,0.9783882602230183,1
409,2,1,0.5730387288427142,1
410,0,0,0.17389595005589764,0
411,4,1,0.5833747374779708,1
412,3,1,0.6393054737481795,1
413,3,1,0.6638804111958381,1
414,4,1,0.9760080408266673,1
415,3,1,0.9540871458269328,1
416,4,1,0.9764287299572624,1
417,2,1,0.5215941398885123,1
418,2,1,0.9791659799837806,1
419,2,1,0.9791659799837806,1
420,3,0,0.3327602205242905,0
421,4,1,0.5185554310121383,1
422,4,0,0.5789682744963579,1
423,4,0,0.5323543901562909,1
424,0,1,0.9629615180261473,1
425,0,0,0.14531289268014008,0
426,1,1,0.6165859733132045,1
427,3,1,0.5357064743578641,1
428,0,1,0.1899455482974994,0
429,0,1,0.5998796840608618,1
430,0,0,0.6195656073688361,1
431,4,0,0.14385955745736712,0
432,4,0,0.15701902777744453,0
433,2,0,0.13859199395720956,0
434,2,1,0.40337920529407156,0
435,2,0,0.5341480025300122,1
436,2,0,0.7388163854874121,1
437,3,1,0.9453198054582255,1
438,3,1,0.7186742001376804,1
439,0,0,0.12099613519650894,0
440,0,1,0.7639448594665005,1
441,3,0,0.36805446742461484,0
442,0,1,0.6473167818553383,1
443,2,0,0.20509170816718875,0
444,4,0,0.4277547321509157,0
445,4,1,0.9436339974800768,1
446,4,1,0.9460531588053432,1
447,4,0,0.1181905794752837,0
448,4,0,0.3761430883293355,0
449,2,1,0.6237034733199537,1
450,2,0,0.23475281200542766,0
451,1,0,0.2203570297715474,0
452,4,0,0.18869609169574733,0
453,1,0,0.19219271158100593,0
454,1,0,0.6103769217344218,1
455,2,1,0.6237034733199537,1
456,3,1,0.9537318278374809,1
457,2,1,0.9888472363393113,1
458,3,1,0.9453198054582255,1
459,3,0,0.5858563433180357,1
460,3,1,0.2787871058134177,0
461,2,0,0.3629516710524751,0
462,0,0,0.23760917853542896,0
463,2,1,0.8516384571345411,1
464,2,0,0.13874131722647973,0
465,1,0,0.1506048840864717,0
466,3,1,0.9849601709644649,1
467,3,1,0.9851449637980723,1
468,3,1,0.9741481392444181,1
469,3,0,0.5345478652739647,1
470,3,1,0.9849601709644649,1
471,3,1,0.9001161260090688,1
472,3,1,0.9385325644830761,1
473,2,1,0.584659204677458,1
474,1,1,0.6273119566782466,1
475,4,1,0.7379936399735453,1
476,4,1,0.9564528153271465,1
477,3,1,0.6032063697124854,1
478,1,1,0.9780955880596366,1
479,4,0,0.28368126541685,0
480,2,0,0.15312624806099542,0
481,0,1,0.6917385549612343,1
482,1,1,0.6169331121016948,1
483,4,0,0.49423559570062414,0
484,3,1,0.5010707398691325,1
485,3,0,0.47007050225867786,0
486,0,1,0.2732006792550303,0
487,4,1,0.7159046631958512,1
488,2,0,0.15788779169110173,0
489,2,1,0.9422652359835476,1
490,3,0,0.12117241583434364,0
491,1,0,0.6103769217344218,1
492,0,0,0.6045290572462709,1
493,0,1,0.6048965145951424,1
494,0,0,0.20270183194187488,0
495,3,0,0.10684461905266997,0
496,3,0,0.20054010222324575,0
497,1,0,0.17326027585915327,0
498,4,1,0.5014453098748267,1
499,2,1,0.9690674700999183,1
500,2,1,0.9815683842485144,1
501,2,1,0.8828025027748485,1
502,2,1,0.9691668688210039,1
503,2,0,0.24379212466987513,0
504,2,1,0.9422652359835476,1
505,2,0,0.16344265519973383,0
506,1,0,0.19231934129266323,0
507,0,0,0.15891195625932605,0
508,3,0,0.19810977047876954,0
509,4,0,0.5627130698317645,1
510,4,1,0.5686923785428537,1
511,0,1,0.18363083908595917,0
512,2,1,0.9424676280256242,1
513,3,1,0.16267635754279547,0
514,4,0,0.20188171179655864,0
515,4,1,0.9851382703642302,1
516,3,1,0.9628761478789849,1
517,3,1,0.5206890522405907,1
518,1,1,0.9797429460920466,1
519,1,0,0.2001782856376427,0
520,3,1,0.5766890772165287,1
521,1,0,0.5315191893002595,1
522,1,0,0.5837569217108343,1
523,1,1,0.5837932317519516,1
524,0,1,0.15883283436807952,0
525,4,0,0.211256378154165,0
526,3,0,0.1520861401939505,0
527,3,1,0.9745772945428177,1
528,3,1,0.960198026456825,1
529,3,0,0.18136055902012369,0
530,4,0,0.16050296586455054,0
531,1,1,0.6624476058631639,1
532,4,1,0.6159748158695805,1
533,1,0,0.18471505638482963,0
534,1,1,0.9615080576335122,1
535,0,1,0.4787979501029975,0
536,4,1,0.5373853104012073,1
537,0,1,0.9806280675521913,1
538,0,0,0.9725740798674312,1
539,0,1,0.9726389720992664,1
540,0,1,0.9717629758626586,1
541,0,1,0.9807848815423771,1
542,0,0,0.20041943087272857,0
543,0,1,0.9725229021255891,1
544,4,0,0.10813835225088941,0
545,0,0,0.4430199774491954,0
546,4,1,0.8459924695169083,1
547,4,0,0.49617840318397755,0
548,2,0,0.41338079086044094,0
549,4,1,0.5009685955494254,1
550,1,0,0.5085150074972881,1
551,2,1,0.5526591244836235,1
552,2,0,0.4717137793783053,0
553,4,1,0.9432194813433786,1
554,4,1,0.9457154026196283,1
555,4,1,0.9457154026196283,1
556,4,1,0.9413724770944308,1
557,1,1,0.9387770624590954,1
558,1,1,0.9436468156932575,1
559,0,0,0.17365342640462808,0
560,4,1,0.9517180226506657,1
561,1,0,0.20880197159284775,0
562,0,0,0.5985196359711739,1
563,4,0,0.42280600683878505,0
564,4,0,0.1390056704963553,0
565,0,0,0.6389458768526792,1
566,4,0,0.18429335986896658,0
567,1,0,0.6098887840691156,1
568,4,0,0.17572000637082047,0
569,0,1,0.26952743731598094,0
570,3,1,0.5929885861660369,1
571,3,0,0.5929885861660369,1
572,2,0,0.6237034733199537,1
573,2,1,0.8821241814257703,1
574,2,1,0.8821241814257703,1
575,2,0,0.14264057873560004,0
576,2,1,0.9483846561358533,1
577,2,1,0.6419397548377721,1
578,0,1,0.9447951739806358,1
579,0,0,0.611328644400018,1
580,0,1,0.9447951739806358,1
581,0,0,0.1971464430417825,0
582,0,0,0.20775235519941893,0
583,0,0,0.45285353364651093,0
584,0,0,0.2887011229239541,0
585,4,1,0.5323543901562909,1
586,4,0,0.4609864853208414,0
587,2,0,0.17635944263081302,0
588,3,1,0.641701685223728,1
589,0,1,0.9714865088636649,1
590,1,1,0.5694802073411627,1
591,1,0,0.6132266499317232,1
592,1,1,0.5837569217108343,1
593,1,1,0.6433725181756185,1
594,2,1,0.5211322740866577,1
595,1,0,0.2289004508556871,0
596,0,1,0.9795633797783158,1
597,0,1,0.9865023852436661,1
598,0,1,0.6291351794296834,1
599,1,1,0.1349006343257197,0
600,0,0,0.15123162299638834,0
601,3,1,0.9388202616563,1
602,1,1,0.9356371442005311,1
603,3,0,0.1959856834916662,0
604,2,0,0.20591612690983316,0
605,0,1,0.58192088227694,1
606,4,0,0.17652972222664887,0
607,2,0,0.18215381582734166,0
608,2,0,0.1625389534856899,0
609,4,0,0.6341783918114479,1
610,2,1,0.9793586360119895,1
611,0,1,0.5479250343250097,1
612,1,0,0.12195491527024287,0
613,0,1,0.6210813662919251,1
614,0,1,0.39968054616478843,0
615,0,0,0.4119050028358802,0
616,0,1,0.9860137356845305,1
617,0,1,0.9860137356845305,1
618,3,1,0.14036394660943266,0
619,1,1,0.8170307693675809,1
620,4,0,0.13571746518619834,0
621,1,1,0.9863247459287747,1
622,1,1,0.9403505393781695,1
623,1,1,0.9356371442005311,1
624,1,0,0.5950594132625288,1
625,1,1,0.6156932173155081,1
626,3,1,0.5856586009302959,1
627,1,1,0.46866285292180937,0
628,2,0,0.15383161527001224,0
629,0,1,0.5252271578599602,1
630,0,0,0.5180296267690324,1
631,0,0,0.5138399837068591,1
632,3,1,0.6393054737481795,1
633,4,0,0.6159748158695805,1
634,0,0,0.2801747989439372,0
635,3,1,0.3822687309496217,0
636,0,0,0.11324098475270272,0
637,0,1,0.6884369715481707,1
638,0,0,0.1436197680891198,0
639,1,0,0.14881368187864383,0
640,1,0,0.21823484525222608,0
641,2,1,0.5621026460865214,1
642,4,0,0.18532177187460347,0
643,1,0,0.6161750911176056,1
644,4,0,0.6159748158695805,1
645,2,0,0.6253954295839433,1
646,4,0,0.18352414364591263,0
647,3,0,0.5993535554938574,1
648,3,0,0.5993690365938158,1
649,3,0,0.5993690365938158,1
650,0,1,0.9433446611338645,1
651,1,0,0.3788674290673689,0
652,0,1,0.8490449179914217,1
653,0,1,0.8973143649294373,1
654,0,1,0.9447951739806358,1
655,0,0,0.4648759112036047,0
656,2,1,0.9462234671066123,1
657,4,0,0.12359575944375178,0
658,2,0,0.12911976748712703,0
659,1,0,0.135724848253029,0
660,2,1,0.9790024386178268,1
661,4,1,0.9423218625719728,1
662,0,0,0.5451741456487633,1
663,2,0,0.3205863358582103,0
664,0,1,0.7000492971924172,1
665,3,1,0.9540871458269328,1
666,2,0,0.18306398156243514,0
667,4,1,0.46909647061589993,0
668,2,1,0.502077018719246,1
669,0,1,0.9445897961614268,1
670,4,0,0.13252670192267407,0
671,0,1,0.9547045453718702,1
672,4,0,0.20265268512474408,0
673,4,1,0.6159748158695805,1
674,3,1,0.6016018420399505,1
675,2,1,0.5409368737600619,1
676,2,1,0.6105836696753298,1
677,4,1,0.4408147429586216,0
678,4,1,0.9330977378245204,1
679,0,1,0.9558156623379931,1
680,4,0,0.1299729222054821,0
681,4,0,0.09532550462089598,0
682,4,1,0.8916442846968401,1
683,3,0,0.161553983950684,0
684,0,1,0.5985583975809052,1
685,0,0,0.5413287425702621,1
686,0,1,0.5353054468284373,1
687,0,0,0.6005003661751949,1
688,0,0,0.5985196359711739,1
689,0,1,0.6045290572462709,1
690,0,1,0.6045290572462709,1
691,3,1,0.8337150349330151,1
692,0,0,0.17322350583372587,0
693,2,0,0.5582918536361497,1
694,4,0,0.18277157797466106,0
695,2,0,0.5741330815897352,1
696,3,1,0.22757322733481583,0
697,3,1,0.15891453751627943,0
698,3,1,0.525778969810541,1
699,1,0,0.5305568318675103,1
700,3,0,0.21198698998770632,0
701,0,0,0.16064382066563435,0
702,2,0,0.38233583877213867,0
703,0,0,0.7118383831451385,1
704,1,1,0.8385228504965969,1
705,0,0,0.20605510266007374,0
706,0,1,0.9807848815423771,1
707,0,0,0.23381517715331704,0
708,4,1,0.6159748158695805,1
709,4,0,0.6159748158695805,1
710,4,0,0.21615823069898907,0
711,1,1,0.9325231786804444,1
712,1,0,0.13676145968218123,0
713,3,1,0.9539782044336281,1
714,1,1,0.9570558116305412,1
715,3,1,0.9851449637980723,1
716,3,0,0.15055916307056158,0
717,3,1,0.9741481392444181,1
718,1,0,0.19152473799968037,0
719,0,1,0.7749553482567334,1
720,3,0,0.641701685223728,1
721,4,0,0.5623301423215887,1
722,1,1,0.15549270291576409,0
723,1,0,0.1604457047665436,0
724,4,0,0.49950776685343334,0
725,4,0,0.24865032536654216,0
726,4,1,0.9667356740505438,1
727,3,1,0.9851449637980723,1
728,0,0,0.6297636997875856,1
729,0,0,0.45532310348298033,0
730,0,0,0.5674552243837275,1
731,0,0,0.6389458768526792,1
732,0,1,0.5998796840608618,1
733,0,1,0.6401026334589849,1
734,4,0,0.5801345573518935,1
735,1,0,0.11968715066714,0
736,1,1,0.8451901490621905,1
737,1,1,0.6710926991652242,1
738,1,1,0.7759248336468851,1
739,0,0,0.19441567704528837,0
740,1,1,0.634125361484053,1
741,1,0,0.3658613716119377,0
742,4,0,0.1672364509866589,0
743,1,0,0.21603793168276716,0
744,1,1,0.9387817564501582,1
745,1,1,0.9863172645947662,1
746,2,0,0.17295678931427033,0
747,2,1,0.5793166342627969,1
748,4,0,0.5789682744963579,1
749,2,0,0.16722276250599838,0
750,4,0,0.19655557154303485,0
751,4,0,0.2695977995371862,0
752,4,1,0.9266982973783188,1
753,1,1,0.6165859733132045,1
754,0,0,0.5985196359711739,1
755,3,0,0.19442428110724053,0
756,2,1,0.8568991985685795,1
757,2,1,0.9462460727138643,1
758,4,0,0.16778964138631822,0
759,0,1,0.9629615180261473,1
760,0,0,0.23685253883148943,0
761,1,1,0.92456937499794,1
762,2,0,0.25216492382477823,0
763,1,1,0.9403505393781695,1
764,0,1,0.3048163376691536,0
765,0,0,0.21873650807932787,0
766,1,1,0.5837569217108343,1
767,1,0,0.5206611195329842,1
768,2,1,0.8516384571345411,1
769,2,0,0.1519471080140201,0
770,2,0,0.1505501135199604,0
771,2,1,0.8872373951151935,1
772,3,0,0.15658660438650768,0
773,3,1,0.9433831227379587,1
774,3,1,0.8903105167271159,1
775,1,1,0.9387817564501582,1
776,3,0,0.5019103100604672,1
777,2,0,0.10997756609462143,0
778,1,0,0.597961140539701,1
779,4,1,0.8741472673284579,1
780,1,1,0.6165859733132045,1
781,1,1,0.5835875554640352,1
782,0,0,0.19104643131101276,0
783,0,1,0.4789260228370312,0
784,2,1,0.6530204896861899,1
785,1,1,0.5796645101127581,1
786,4,0,0.16055149620437142,0
787,2,1,0.5793166342627969,1
788,2,1,0.4630617821208497,0
789,3,0,0.18642188366214169,0
790,3,1,0.31568021815117997,0
791,0,1,0.6947913010601394,1
792,3,1,0.14588445110866424,0
793,3,1,0.9540871458269328,1
794,1,0,0.15065182170533215,0
795,3,0,0.20468377884539868,0
796,4,0,0.18797245363457368,0
797,2,0,0.2981325098947241,0
798,2,0,0.17055931948974737,0
799,4,0,0.26933042366419135,0
800,2,0,0.6237034733199537,1
801,3,1,0.9403446332038383,1
802,3,1,0.9418655419047655,1
803,0,1,0.8714269964078649,1
804,0,1,0.9856619566387939,1
805,3,1,0.677282119524378,1
806,1,0,0.4379876532189752,0
807,0,1,0.8378474623119733,1
808,2,1,0.6253954295839433,1
809,3,0,0.2265128130048151,0
810,2,0,0.6253954295839433,1
811,2,0,0.5835445717445416,1
812,2,0,0.6219414808187869,1
813,0,1,0.9856619566387939,1
814,0,1,0.9859189474815759,1
815,4,0,0.5089138470970765,1
816,3,1,0.6381745515684634,1
817,2,0,0.3490332679461701,0
818,1,0,0.4117468983429212,0
819,0,1,0.5896069684622766,1
820,3,0,0.11142314082526615,0
821,4,0,0.5413842911120005,1
822,2,0,0.584659204677458,1
823,3,0,0.5076007344926227,1
824,1,1,0.9784558624396736,1
825,2,0,0.17900970458771853,0
826,0,0,0.20101592535418983,0
827,2,0,0.1692712272993673,0
828,1,0,0.15363763012971296,0
829,4,0,0.6189129357522573,1
830,4,1,0.6450989897309265,1
831,1,0,0.8541876341058973,1
832,1,1,0.7843872377666753,1
833,1,0,0.4800457359130512,0
834,3,1,0.6450595300329993,1
835,3,0,0.6375415934686793,1
836,4,1,0.5342236699924602,1
837,0,0,0.5770841249911202,1
838,0,1,0.7229944051320426,1
839,4,1,0.1796438626698724,0
840,0,0,0.6474902926336101,1
841,2,0,0.46878238632255315,0
842,4,0,0.2177958995110126,0
843,1,1,0.536522394949683,1
844,4,0,0.12311439769515403,0
845,4,0,0.46650911244433363,0
846,0,1,0.6305932623655067,1
847,0,0,0.11592637782946959,0
848,0,1,0.17618176361446555,0
849,0,1,0.5480991497724217,1
850,1,0,0.10664788279037887,0
851,0,0,0.18765837339920036,0
852,4,0,0.19273019180505557,0
853,2,0,0.15206857925213163,0
854,0,0,0.6360371851660404,1
855,3,1,0.9745772945428177,1
856,3,0,0.361298376058813,0
857,0,1,0.4463852026159894,0
858,3,1,0.9741481392444181,1
859,3,0,0.557908798035848,1
860,0,0,0.28086478194476167,0
861,0,1,0.9460139507380698,1
862,0,1,0.9450548047096885,1
863,2,1,0.5551499060674965,1
864,2,0,0.17524609060217675,0
865,2,0,0.5351811629847976,1
866,0,1,0.5985583975809052,1
867,0,0,0.16380312189691992,0
868,3,1,0.6016018420399505,1
869,1,1,0.19841005287439495,0
870,0,1,0.9345212978179949,1
871,3,1,0.2720859871245249,0
872,3,0,0.22501020674981778,0
873,3,0,0.18989084304499998,0
874,4,0,0.17491217788629293,0
875,0,1,0.598613948546973,1
876,2,1,0.5868099735317724,1
877,0,1,0.5882948791474509,1
878,4,1,0.45671499065729515,0
879,3,0,0.13790231126100375,0
880,3,0,0.18248821715795246,0
881,2,0,0.18108578114408064,0
882,2,0,0.5907501421239966,1
883,4,1,0.17976687254148196,0
884,3,0,0.39631551887261385,0
885,2,1,0.6242152345227855,1
886,3,1,0.641701685223728,1
887,2,0,0.19278338736074263,0
888,4,0,0.2756857042683538,0
889,3,0,0.678723701219857,1
890,3,1,0.5242929258859385,1
891,4,1,0.944047080236262,1
892,0,0,0.23369795376458546,0
893,2,1,0.5099374052987453,1
894,3,1,0.960198026456825,1
895,3,1,0.9599884641231579,1
896,3,0,0.16527418232512248,0
897,3,0,0.16290953261018415,0
898,2,0,0.1683537699300153,0
899,0,1,0.9450548047096885,1
900,1,1,0.6027911775473653,1
901,4,0,0.5694286265102639,1
902,0,0,0.16727049721067072,0
903,3,1,0.48535697745457723,0
904,3,0,0.6375415934686793,1
905,1,0,0.4930482675458656,0
906,2,1,0.8642622464200298,1
907,4,1,0.5686987747438834,1
908,4,0,0.46626973715147074,0
909,1,1,0.6472754245029416,1
910,4,0,0.22229260211767138,0
911,0,0,0.5943418433109606,1
912,4,0,0.4242392007483471,0
913,4,1,0.6189129357522573,1
914,0,0,0.2188314452310487,0
915,4,1,0.6180609073373935,1
916,4,0,0.6177704991964938,1
917,4,1,0.5966963673421105,1
918,2,1,0.2086902419759065,0
919,3,0,0.20380633353149402,0
920,0,0,0.6103126745911903,1
921,0,1,0.4642575868609522,0
922,0,0,0.5413287425702621,1
923,0,0,0.5016996468986178,1
924,3,0,0.6375415934686793,1
925,3,1,0.5108288310263441,1
926,3,0,0.10493189160659036,0
927,3,1,0.21763716412449585,0
928,2,0,0.15740232802680304,0
929,3,1,0.9632200143342339,1
930,3,0,0.11313683486465838,0
931,3,0,0.19756954748716155,0
932,3,0,0.6318023522833034,1
933,4,0,0.18008203274996396,0
934,1,1,0.9800800847532473,1
935,2,0,0.4572193506001846,0
936,3,1,0.6950924659931921,1
937,3,0,0.16208278004912716,0
938,0,0,0.6305932623655067,1
939,1,1,0.8941032499253566,1
940,1,0,0.1667922687432158,0
941,1,1,0.9403505393781695,1
942,0,1,0.9369367532975219,1
943,3,0,0.22004191722374863,0
944,2,0,0.23703230491387234,0
945,2,1,0.6780364577231008,1
946,4,1,0.6361556041083675,1
947,1,1,0.9863247459287747,1
948,1,1,0.9788034383432247,1
949,4,0,0.14828351041933177,0
950,2,0,0.5431125731294174,1
951,2,1,0.5793166342627969,1
952,1,0,0.6169331121016948,1
953,4,1,0.9460531588053432,1
954,4,0,0.18689680927180705,0
955,2,0,0.17676416079252394,0
956,1,1,0.6027911775473653,1
957,4,1,0.5388305647897919,1
958,2,1,0.9445276669679099,1
959,0,0,0.1770718129275954,0
960,2,0,0.1438655854619088,0
961,1,1,0.590438133124713,1
962,1,0,0.17302763206770982,0
963,1,0,0.5958792806330231,1
964,0,0,0.16018940920663147,0
965,1,0,0.6169331121016948,1
966,2,1,0.8821241814257703,1
967,2,0,0.1423765826144435,0
968,2,0,0.18797734058197965,0
969,2,1,0.8882921465457395,1
970,3,1,0.9403446332038383,1
971,3,0,0.15622804207288082,0
972,4,0,0.17651193823764333,0
973,1,0,0.6103769217344218,1
974,0,1,0.5713541212541211,1
975,1,0,0.15471410953828424,0
976,0,1,0.703372564488818,1
977,4,1,0.6177704991964938,1
978,1,0,0.1874303975843862,0
979,1,1,0.19263634549665784,0
980,1,1,0.9455405720266148,1
981,3,0,0.2009776619774843,0
982,2,0,0.8184351236719928,1
983,2,0,0.19955172111321037,0
984,0,0,0.2106767918460179,0
985,0,1,0.5740022553500524,1
986,4,1,0.527693523807386,1
987,3,1,0.9473860477400857,1
988,3,1,0.9403446332038383,1
989,1,0,0.4781712887688304,0
990,2,0,0.5522652831357368,1
991,4,0,0.2201605420225388,0
992,4,1,0.551545898397624,1
993,1,1,0.7350551573589728,1
994,1,1,0.9451620838481067,1
995,4,1,0.9786952612896973,1
996,3,0,0.2196064792247141,0
997,0,0,0.24043068496648878,0
998,1,0,0.46383534785390285,0
999,3,1,0.31561410980696475,0
1000,3,1,0.9605584981819609,1
1001,0,1,0.9434067031524186,1
1002,0,1,0.9447538632570929,1
1003,2,0,0.6276967939270957,1
1004,4,0,0.249057242578416,0
1005,3,1,0.9745302031938087,1
1006,3,1,0.9741481392444181,1
1007,2,0,0.5741330815897352,1
1008,1,0,0.17318271428043572,0
1009,2,0,0.4830514315186887,0
1010,1,0,0.18695915674756386,0
1011,4,0,0.5320003862317854,1
1012,0,0,0.1433597182831806,0
1013,1,1,0.9351961481901168,1
1014,1,1,0.9351961481901168,1
1015,1,1,0.12287213429050813,0
1016,4,0,0.20955516806523272,0
1017,0,0,0.5268839404434121,1
1018,0,1,0.5835407116603102,1
1019,0,0,0.5353054468284373,1
1020,0,0,0.5835407116603102,1
1021,2,1,0.17710678484011877,0
1022,0,1,0.5413287425702621,1
1023,3,0,0.640726340845791,1
1024,2,1,0.8437859117420604,1
1025,2,0,0.23584837276470777,0
1026,4,1,0.9432194813433786,1
1027,2,1,0.1352583460655623,0
1028,2,0,0.1744476541028275,0
1029,2,1,0.9544293783581349,1
1030,1,0,0.20493367435348386,0
1031,3,1,0.6724892589917205,1
1032,4,0,0.5310542308559528,1
1033,2,0,0.15183001683461242,0
1034,2,1,0.8821241814257703,1
1035,2,0,0.08898502209085896,0
1036,4,0,0.16214141842139362,0
1037,4,0,0.2164272676075511,0
1038,0,0,0.2296926552463031,0
1039,0,0,0.3124932533504274,0
1040,0,1,0.9479483038388148,1
1041,0,0,0.3322301648536398,0
1042,0,1,0.640478337584053,1
1043,1,1,0.8214131759658602,1
1044,2,1,0.24267789513999607,0
1045,3,0,0.15981225310515654,0
1046,3,0,0.5856586009302959,1
1047,3,1,0.6381745515684634,1
1048,0,1,0.5844984682599332,1
1049,1,1,0.652195675204692,1
1050,0,1,0.6291351794296834,1
1051,4,0,0.16508952898833631,0
1052,1,1,0.16156409722229065,0
1053,0,0,0.22194941740883428,0
1054,2,1,0.9889276152106108,1
1055,0,0,0.1878493260545059,0
1056,1,0,0.6600759608931208,1
1057,4,1,0.710816946268607,1
1058,0,0,0.6750262735629985,1
1059,2,1,0.5476577102693256,1
1060,1,1,0.953285580680859,1
1061,4,1,0.5844831965785761,1
1062,4,1,0.6005402534039224,1
1063,4,1,0.9760209327491306,1
1064,4,1,0.9856298584600777,1
1065,3,1,0.6393054737481795,1
1066,1,1,0.20527062094019544,0
1067,0,1,0.5789543709753113,1
1068,0,0,0.24062153479925116,0
1069,0,0,0.26255662924765216,0
1070,2,0,0.1521906607293066,0
1071,4,1,0.9672053805855456,1
1072,3,1,0.976956581089017,1
1073,3,0,0.16372629838357988,0
1074,3,0,0.37074550948712043,0
1075,0,1,0.6678066499637887,1
1076,3,1,0.9622051848329137,1
1077,3,1,0.962535376388324,1
1078,3,0,0.27424322888325725,0
1079,3,1,0.6237416196467004,1
1080,3,0,0.5920406717354043,1
1081,3,0,0.6394802864945976,1
1082,3,0,0.5920406717354043,1
1083,3,0,0.6173024111745988,1
1084,0,0,0.6473167818553383,1
1085,0,0,0.6098248329025101,1
1086,2,1,0.5793166342627969,1
1087,0,1,0.9714865088636649,1
1088,0,1,0.9706956380375373,1
1089,0,1,0.9796988317268263,1
1090,2,0,0.41832619289601053,0
1091,0,1,0.5882948791474509,1
1092,0,0,0.18173581114885398,0
1093,0,1,0.9793624491700286,1
1094,0,1,0.5987323553922387,1
1095,0,0,0.15581254220846374,0
1096,1,1,0.5956574274524705,1
1097,3,1,0.5110675157442788,1
1098,0,0,0.26513666927662366,0
1099,0,0,0.43529781683205476,0
1100,0,1,0.9714865088636649,1
1101,0,1,0.9716521075571599,1
1102,2,0,0.3991777670835196,0
1103,4,1,0.9436339974800768,1
1104,1,0,0.203186760176178,0
1105,1,0,0.13189770844904253,0
1106,1,0,0.2365229758567831,0
1107,3,1,0.4887899949497932,0
1108,1,1,0.5976326967783601,1
1109,0,1,0.9433446611338645,1
1110,0,1,0.9725229021255891,1
1111,1,0,0.5411033931639503,1
1112,1,1,0.9767580864643388,1
1113,2,0,0.6002501091071165,1
1114,3,1,0.9484271747884301,1
1115,1,1,0.11538205608066669,0
1116,3,1,0.5667971002221602,1
1117,0,0,0.19021413844102952,0
1118,0,1,0.5844984682599332,1
1119,0,0,0.5844984682599332,1
1120,0,0,0.6297636997875856,1
1121,2,1,0.5277420818908434,1
1122,0,0,0.5789543709753113,1
1123,3,0,0.5139680779342478,1
1124,0,0,0.5789543709753113,1
1125,0,0,0.5789543709753113,1
1126,4,0,0.13600967854587756,0
1127,3,1,0.46445148282481474,0
1128,3,0,0.21318371451315615,0
1129,1,0,0.16003117211256204,0
1130,1,1,0.9767580864643388,1
1131,1,1,0.9857840009054918,1
1132,3,1,0.4936277041153986,0
1133,4,0,0.41131245565072094,0
1134,4,1,0.5499274463171889,1
1135,0,0,0.46676878073577543,0
1136,1,0,0.24537754579275456,0
1137,1,0,0.19294785044575413,0
1138,1,0,0.4128032822247738,0
1139,0,1,0.5770841249911202,1
1140,0,0,0.20741953157850232,0
1141,0,0,0.629956431551975,1
1142,0,0,0.6297636997875856,1
1143,0,1,0.6297636997875856,1
1144,0,0,0.6297636997875856,1
1145,0,1,0.5760554269766853,1
1146,0,0,0.6159858114007984,1
1147,0,1,0.5998796840608618,1
1148,1,0,0.16818018102428706,0
1149,2,1,0.5325648239732831,1
1150,3,1,0.6450595300329993,1
1151,0,1,0.6291351794296834,1
1152,4,1,0.4672417204245217,0
1153,2,0,0.11992667818524975,0
1154,0,0,0.22516879106515394,0
1155,2,0,0.5868099735317724,1
1156,3,0,0.14089326742288383,0
1157,2,0,0.33044417554587907,0
1158,3,1,0.9849981178684761,1
1159,3,1,0.5310913590419842,1
1160,0,1,0.9345212978179949,1
1161,2,1,0.5160702047299501,1
1162,1,1,0.544466193856641,1
1163,1,0,0.16807868971483048,0
1164,2,0,0.66493322261826,1
1165,0,1,0.9795633797783158,1
1166,0,0,0.18985006774560373,0
1167,4,1,0.5831813086698214,1
1168,3,1,0.5913330912870509,1
1169,2,1,0.6060583255475042,1
1170,2,0,0.18138981359640538,0
1171,4,1,0.6304384140264977,1
1172,2,1,0.9790141945445819,1
1173,3,1,0.18483588070802448,0
1174,3,1,0.18414266685907701,0
1175,3,1,0.7047322076125226,1
1176,4,0,0.1569640282094231,0
1177,4,0,0.15679269233099305,0
1178,2,0,0.16413570309186348,0
1179,4,1,0.6436394441348023,1
1180,3,0,0.22708512367538214,0
1181,0,0,0.18324243306644766,0
1182,0,0,0.48797641701797584,0
1183,1,1,0.9356371442005311,1
1184,1,1,0.9364903823960137,1
1185,0,0,0.15584549661097238,0
1186,1,0,0.15321670289751887,0
1187,1,0,0.514569718957291,1
1188,3,1,0.6032063697124854,1
1189,3,0,0.25963999354112766,0
1190,1,0,0.15019302249391542,0
1191,2,0,0.20267477395395528,0
1192,1,1,0.6175885974534467,1
1193,2,0,0.1306482133555675,0
1194,3,0,0.6032063697124854,1
1195,3,0,0.16081567666485705,0
1196,3,0,0.392671821111886,0
1197,3,0,0.5937346010416774,1
1198,4,1,0.9783347954489885,1
1199,3,1,0.4925730113093547,0
1200,3,0,0.6393054737481795,1
1201,3,0,0.6116726305041066,1
1202,3,0,0.17263170014844356,0
1203,1,1,0.9351961481901168,1
1204,0,0,0.25517168655178074,0
1205,0,1,0.9445897961614268,1
1206,3,1,0.9458115178398376,1
1207,3,1,0.9521834155023561,1
1208,3,0,0.1769112749685185,0
1209,3,0,0.1839453855869738,0
1210,0,0,0.5844984682599332,1
1211,0,0,0.1889646562172012,0
1212,3,0,0.12861154444166098,0
1213,3,1,0.3355006995104232,0
1214,3,1,0.5298596988380412,1
1215,0,0,0.1891442832675307,0
1216,4,1,0.9266982973783188,1
1217,4,1,0.9267112107690666,1
1218,4,0,0.8310669429153495,1
1219,2,0,0.17929366971333568,0
1220,2,1,0.5594210588457215,1
1221,2,0,0.24274411896768283,0
1222,2,1,0.46639016658012283,0
1223,1,1,0.7070536880516176,1
1224,1,0,0.6398014432764758,1
1225,1,0,0.629488421856098,1
1226,1,1,0.6398014432764758,1
1227,1,0,0.7028062563789148,1
1228,1,1,0.6380639669820221,1
1229,4,1,0.45001366031475704,0
1230,4,1,0.9022692497472719,1
1231,2,0,0.5741330815897352,1
1232,4,1,0.9580295933665395,1
1233,4,0,0.11588723293530998,0
1234,4,0,0.11891746435331274,0
1235,4,1,0.8710911911910921,1
1236,1,1,0.20372877615943108,0
1237,3,0,0.18412346450316355,0
1238,0,1,0.8973143649294373,1
1239,0,0,0.1490324871092846,0
1240,2,0,0.12839732191200992,0
1241,3,1,0.6447672368032326,1
1242,1,1,0.8195551683960957,1
1243,1,0,0.11489498503197426,0
1244,1,0,0.1219769183629311,0
1245,2,1,0.5526591244836235,1
1246,4,1,0.7507606485841186,1
1247,1,0,0.6433725181756185,1
1248,1,0,0.6013036792783344,1
1249,1,1,0.6171244392752159,1
1250,1,1,0.6626495557934651,1
1251,1,0,0.24798497881804005,0
1252,1,1,0.671442872225746,1
1253,1,0,0.12986534228991622,0
1254,1,0,0.1369459627626818,0
1255,3,0,0.5929885861660369,1
1256,1,0,0.18042952436322365,0
1257,1,1,0.628139510109623,1
1258,1,1,0.6165859733132045,1
1259,1,0,0.4561363595795198,0
1260,0,0,0.34898690591603665,0
1261,4,0,0.57631604847041,1
1262,3,1,0.6393054737481795,1
1263,0,0,0.16010179323021317,0
1264,4,0,0.6180609073373935,1
1265,4,0,0.1904924339906262,0
1266,0,0,0.12430389519037356,0
1267,3,1,0.4809163734079567,0
1268,2,0,0.2866752434148248,0
1269,2,1,0.9790754260987883,1
1270,1,1,0.6462422752829768,1
1271,4,0,0.13404736546289842,0
1272,1,0,0.186931186518091,0
1273,1,0,0.6177607513460223,1
1274,0,0,0.5337003497006588,1
1275,2,0,0.1552285912048301,0
1276,1,1,0.8497006467973429,1
1277,1,0,0.13274302827483248,0
1278,1,1,0.9356324502094681,1
1279,1,1,0.887634092552512,1
1280,0,1,0.5985196359711739,1
1281,2,0,0.19604170478917932,0
1282,2,1,0.8886261481531919,1
1283,1,1,0.537810149247006,1
1284,4,0,0.5081807273294724,1
1285,4,0,0.16254367361181415,0
1286,4,1,0.9762461076845624,1
1287,2,1,0.5937330178862095,1
1288,1,0,0.597961140539701,1
1289,3,0,0.17528501165685823,0
1290,3,0,0.20556460411971555,0
1291,0,0,0.5844984682599332,1
1292,4,0,0.5831447021873648,1
1293,4,0,0.57631604847041,1
1294,1,1,0.7631863486658198,1
1295,1,0,0.42102989436246036,0
1296,1,1,0.15491408934665482,0
1297,3,0,0.16048996151701575,0
1298,3,0,0.18421823469742535,0
1299,0,1,0.6375770870304833,1
1300,3,0,0.5657995323105588,1
1301,3,1,0.9539685653254659,1
1302,1,0,0.3620065176770931,0
1303,0,0,0.6297636997875856,1
1304,0,1,0.28803127873863704,0
1305,0,1,0.24631499330984752,0
1306,1,1,0.4777979930764922,0
1307,3,0,0.1814548111983845,0
1308,0,1,0.5816100753822419,1
1309,4,0,0.140391389592926,0
1310,3,1,0.6818000506654017,1
1311,0,1,0.6005003661751949,1
1312,0,1,0.9460139507380698,1
1313,0,0,0.1453277575727257,0
1314,0,0,0.16362367483256562,0
1315,4,0,0.173181046204519,0
1316,4,0,0.11787172298525592,0
1317,4,1,0.5645548675533016,1
1318,0,0,0.17401075701416963,0
1319,2,1,0.47237164435262813,0
1320,2,0,0.20062644004164643,0
1321,0,1,0.6100375978567378,1
1322,4,0,0.42180220611403657,0
1323,0,1,0.6375770870304833,1
1324,0,1,0.64899537419755,1
1325,1,0,0.14539730317698485,0
1326,4,0,0.32913926644292574,0
1327,0,0,0.11484109617709903,0
1328,0,0,0.5906788771059991,1
1329,2,0,0.16564030771254953,0
1330,2,1,0.20815015716939744,0
1331,3,0,0.5178129409922966,1
1332,2,0,0.5672530987212483,1
1333,3,0,0.23083811732742074,0
1334,2,0,0.6262578973050059,1
1335,0,0,0.17000639708155926,0
1336,3,1,0.7470106287887622,1
1337,0,0,0.5816100753822419,1
1338,2,0,0.2558423851164799,0
1339,2,0,0.1785852079097633,0
1340,4,0,0.6995463743188395,1
1341,3,0,0.22784053494048842,0
1342,3,0,0.16047815841116464,0
1343,3,1,0.9741481392444181,1
1344,3,1,0.9736988409977966,1
1345,3,1,0.9851449637980723,1
1346,2,1,0.9655280129662634,1
1347,2,0,0.20046666656294512,0
1348,2,1,0.8463785945518847,1
1349,2,1,0.4735426752881011,0
1350,2,1,0.9655280129662634,1
1351,4,0,0.15638739888240552,0
1352,3,1,0.5993690365938158,1
1353,3,1,0.5993690365938158,1
1354,1,1,0.9570558116305412,1
1355,1,1,0.9356324502094681,1
1356,1,0,0.274011486086362,0
1357,2,0,0.21534782394992313,0
1358,3,0,0.43524396835693413,0
1359,3,1,0.199220155704491,0
1360,4,0,0.601188796126825,1
1361,2,0,0.3895474537503666,0
1362,2,1,0.6829791431759293,1
1363,2,0,0.5782190355814285,1
1364,3,0,0.2145999841867925,0
1365,1,0,0.20385827013294816,0
1366,2,0,0.1735710747126678,0
1367,1,0,0.18075757549704294,0
1368,4,0,0.22822223352633447,0
1369,1,1,0.6177607513460223,1
1370,4,1,0.5858181918737516,1
1371,0,1,0.591096014854519,1
1372,0,1,0.5913370012269344,1
1373,1,0,0.2051313546963097,0
1374,1,1,0.962553923131805,1
1375,1,0,0.12622721388259558,0
1376,4,0,0.1879456931425287,0
1377,4,1,0.9759585122297191,1
1378,4,0,0.2679550806295275,0
1379,1,1,0.9456800345540229,1
1380,4,0,0.36745382287709166,0
1381,4,0,0.1172312488084208,0
1382,4,1,0.9786784318561872,1
1383,1,0,0.1894274682094317,0
1384,1,1,0.4929078036667697,0
1385,4,0,0.14571825062461805,0
1386,0,1,0.9859189474815759,1
1387,0,1,0.5357404589133171,1
1388,0,1,0.9859189474815759,1
1389,0,1,0.6007965584206274,1
1390,0,0,0.15966224050501457,0
1391,4,0,0.11067176629964136,0
1392,2,0,0.4386449840665285,0
1393,2,1,0.5285197784057226,1
1394,0,1,0.6054090144910016,1
1395,1,0,0.6169331121016948,1
1396,0,1,0.5815103358586808,1
1397,1,0,0.4716137514136175,0
1398,3,0,0.2015832713222154,0
1399,4,0,0.17375808435522935,0
1400,3,1,0.9403446332038383,1
1401,1,0,0.1491075233540011,0
1402,1,0,0.2513311048443071,0
1403,3,1,0.9412370361878144,1
1404,1,0,0.20692442459335672,0
1405,4,0,0.5138713914271755,1
1406,0,1,0.9447538632570929,1
1407,3,1,0.6633404980547936,1
1408,1,0,0.15844491006096575,0
1409,4,0,0.10922545920481491,0
1410,0,1,0.1564018002173182,0
1411,0,0,0.20948012539714853,0
1412,0,1,0.5413287425702621,1
1413,2,0,0.22756097789371707,0
1414,1,0,0.45690582693491216,0
1415,1,0,0.20188168233604498,0
1416,1,0,0.5764074667979844,1
1417,1,0,0.5837569217108343,1
1418,1,1,0.5927686240663421,1
1419,1,1,0.5923195915160343,1
1420,4,0,0.21548987340040535,0
1421,1,1,0.6143445179317604,1
1422,1,1,0.6171244392752159,1
1423,3,0,0.1687704607194311,0
1424,4,0,0.14841017756793212,0
1425,4,0,0.16534833893263381,0
1426,4,1,0.5065615110400513,1
1427,4,1,0.5864970422760184,1
1428,4,0,0.2752680085168873,0
1429,3,0,0.23403854453162434,0
1430,4,0,0.2483445069547072,0
1431,0,0,0.14422225692642351,0
1432,0,0,0.15528418558031912,0
1433,2,1,0.3919119884466426,0
1434,2,1,0.9792535917676862,1
1435,2,0,0.2684659642731334,0
1436,2,0,0.11891268057411637,0
1437,2,0,0.18262659188116095,0
1438,4,1,0.6173720216928398,1
1439,1,1,0.9351961481901168,1
1440,1,1,0.9867474578839455,1
1441,1,1,0.9767075202970485,1
1442,2,1,0.6237034733199537,1
1443,4,1,0.16247219306375754,0
1444,4,0,0.18403452965441802,0
1445,3,1,0.95763827747982,1
1446,3,1,0.7890981213071779,1
1447,4,1,0.16312826598705474,0
1448,3,1,0.6605729716628975,1
1449,3,1,0.8153237901740805,1
1450,2,0,0.3217320055433589,0
1451,2,0,0.2785683712385484,0
1452,4,0,0.1587254419911985,0
1453,2,1,0.9423127529220072,1
1454,2,1,0.7759742414684069,1
1455,2,0,0.2020227746606313,0
1456,2,1,0.5456387737023866,1
1457,2,0,0.15388163390739393,0
1458,4,1,0.18070041378701338,0
1459,2,0,0.13359534403719928,0
1460,2,1,0.9815683842485144,1
1461,3,0,0.20059927048045204,0
1462,1,1,0.22668209613703813,0
1463,4,0,0.4885678113450965,0
1464,4,1,0.9785544149050631,1
1465,4,1,0.9670919648319073,1
1466,3,0,0.35449942169179144,0
1467,4,0,0.15092820952098632,0
1468,3,1,0.22993247609986173,0
1469,3,0,0.6381745515684634,1
1470,0,0,0.15625664173549797,0
1471,0,0,0.17853348001316818,0
1472,0,0,0.23131784087502422,0
1473,4,0,0.1422038596172285,0
1474,3,0,0.2137908032509798,0
1475,0,0,0.9445574428628527,1
1476,1,0,0.2223505749889501,0
1477,3,1,0.9588165394366691,1
1478,3,0,0.17585883140350286,0
1479,1,1,0.6158003354732041,1
1480,1,1,0.9393789765903375,1
1481,4,0,0.15955182028933101,0
1482,4,0,0.15004596837082046,0
1483,2,0,0.16258012747700318,0
1484,2,0,0.16665240722500926,0
1485,0,1,0.4756426178163438,0
1486,4,0,0.18204838001911333,0
1487,2,1,0.35282795687126184,0
1488,2,0,0.23637575284520135,0
1489,2,0,0.1844328192405501,0
1490,4,1,0.9438180274168848,1
1491,2,1,0.9395522570251302,1
1492,1,0,0.1599511412106333,0
1493,0,0,0.5835407116603102,1
1494,2,1,0.5793166342627969,1
1495,1,1,0.8168245478860532,1
1496,1,1,0.301779857856778,0
1497,2,1,0.6622012836386264,1
1498,2,0,0.2596247554642158,0
1499,0,1,0.6092114009614248,1
1500,0,1,0.8107662366140389,1
1501,3,0,0.16537150970800796,0
1502,4,1,0.18398660164760205,0
1503,4,1,0.77979176731485,1
1504,1,1,0.9645161659295993,1
1505,2,1,0.5712706071803125,1
1506,4,1,0.9674870805590666,1
1507,4,1,0.9787603250137065,1
1508,3,0,0.14512866996021817,0
1509,4,0,0.11166052592016008,0
1510,0,0,0.4553676124337363,0
1511,0,1,0.5835407116603102,1
1512,0,1,0.5593446040452036,1
1513,0,0,0.1577289015080185,0
1514,3,1,0.15880283583460555,0
1515,4,0,0.17734939758751983,0
1516,1,1,0.5213252595787214,1
1517,2,1,0.47994066062137725,0
1518,2,1,0.831832008261395,1
1519,3,0,0.1876565637044646,0
1520,2,0,0.22784144103646262,0
1521,2,0,0.15905935793512516,0
1522,3,1,0.5937346010416774,1
1523,3,1,0.5453479216157386,1
1524,1,0,0.19332371923471386,0
1525,4,1,0.6189129357522573,1
1526,1,1,0.17380511437224178,0
1527,1,0,0.219044092902778,0
1528,1,1,0.939235647078008,1
1529,4,1,0.6128251734671442,1
1530,4,1,0.19787512766832221,0
1531,4,1,0.5645548675533016,1
1532,1,1,0.9779305373818099,1
1533,1,0,0.2323574802510917,0
1534,2,0,0.5380092407468452,1
1535,2,1,0.9791659799837806,1
1536,1,1,0.6156932173155081,1
1537,1,0,0.6143445179317604,1
1538,0,0,0.18055351186122573,0
1539,0,0,0.16128344294329136,0
1540,4,1,0.9759585122297191,1
1541,2,1,0.5782190355814285,1
1542,2,1,0.5793166342627969,1
1543,3,0,0.6812607625971914,1
1544,2,0,0.1427120595286259,0
1545,2,0,0.44083467986972613,0
1546,3,1,0.6375415934686793,1
1547,2,0,0.1807511069440059,0
1548,4,1,0.1596382598259517,0
1549,2,0,0.20602690110392996,0
1550,0,0,0.689787702821467,1
1551,2,1,0.5439075677575338,1
1552,2,0,0.16210485081074277,0
1553,3,0,0.6478675959968044,1
1554,4,1,0.6624702689364056,1
1555,2,0,0.5621026460865214,1
1556,2,1,0.5907501421239966,1
1557,2,1,0.5853385834031566,1
1558,1,0,0.3998102011385401,0
1559,2,0,0.1413914096892232,0
1560,3,1,0.5368509294201947,1
1561,1,0,0.5037311076128802,1
1562,2,0,0.1745807442848423,0
1563,4,1,0.1531133789816935,0
1564,3,0,0.23889458410055986,0
1565,3,0,0.1642542297587424,0
1566,1,0,0.8234309477086498,1
1567,1,0,0.2164126286539114,0
1568,1,1,0.9341633127991669,1
1569,1,0,0.3939942146485602,0
1570,0,0,0.18842387147106712,0
1571,4,1,0.5833747374779708,1
1572,1,1,0.7625367487945474,1
1573,0,0,0.22468804646668838,0
1574,1,0,0.12976241723934948,0
1575,1,1,0.9410612195078909,1
1576,1,0,0.1653720315749814,0
1577,1,0,0.19644157671708248,0
1578,1,0,0.5969157731814445,1
1579,1,0,0.14525192144388208,0
1580,0,0,0.18075462920090812,0
1581,0,0,0.16185216927572757,0
1582,1,0,0.6165859733132045,1
1583,4,0,0.5801345573518935,1
1584,1,0,0.49604550858846963,0
1585,4,0,0.17086795592158271,0
1586,0,1,0.9461684887143222,1
1587,1,0,0.3946474690525671,0
1588,4,0,0.5553184872054016,1
1589,4,1,0.5789682744963579,1
1590,0,0,0.15525828130764313,0
1591,1,0,0.4696633519882146,0
1592,2,0,0.7328582911881278,1
1593,4,1,0.6159748158695805,1
1594,0,0,0.19354777535873027,0
1595,1,0,0.1446198678098168,0
1596,4,1,0.6186225276113576,1
1597,1,0,0.2064391556672652,0
1598,1,0,0.11404160811995247,0
1599,2,0,0.15230143718128134,0
1600,1,1,0.6591992374957931,1
1601,0,1,0.4689719200320648,0
1602,4,1,0.9760080408266673,1
1603,4,0,0.15300791151649437,0
1604,4,0,0.20532567006637964,0
1605,4,1,0.6298991944613844,1
1606,2,0,0.5743194733402405,1
1607,3,0,0.19619034481257946,0
1608,2,0,0.6445340198340225,1
1609,0,1,0.13223728080072156,0
1610,1,0,0.1473650175657856,0
1611,2,0,0.14038492005817693,0
1612,2,1,0.9424063058288769,1
1613,0,0,0.17288108797525842,0
1614,2,0,0.35753870797256027,0
1615,2,1,0.5818239970672381,1
1616,2,0,0.17284947143094512,0
1617,2,0,0.5630703827339729,1
1618,2,0,0.0964524380357433,0
1619,1,0,0.4813215077916914,0
1620,4,0,0.5645548675533016,1
1621,1,0,0.6183269348411929,1
1622,4,1,0.15774739578166605,0
1623,4,0,0.180399169588267,0
1624,2,1,0.7367205324625619,1
1625,2,0,0.5793166342627969,1
1626,1,0,0.1760428979543798,0
1627,3,0,0.17606297267061635,0
1628,0,1,0.6399878628174589,1
1629,4,0,0.22424804898406994,0
1630,3,1,0.9406151848813713,1
1631,3,0,0.15431792744090517,0
1632,2,0,0.16273423865848405,0
1633,1,1,0.1654191110751877,0
1634,2,1,0.20871806950037125,0
1635,4,1,0.5888582564610455,1
1636,4,1,0.484119371657363,0
1637,2,0,0.1557948110703205,0
1638,1,1,0.5976326967783601,1
1639,4,0,0.5831813086698214,1
1640,3,0,0.22177104127538058,0
1641,0,1,0.6474902926336101,1
1642,4,1,0.6177704991964938,1
1643,1,0,0.1739441339337803,0
1644,3,0,0.5006887452993007,1
1645,2,0,0.21242235258024125,0
1646,4,1,0.9426871353788177,1
1647,2,1,0.5126436407425636,1
1648,0,0,0.19208823433067784,0
1649,0,0,0.5413287425702621,1
1650,0,1,0.5413287425702621,1
1651,1,0,0.6044573176354827,1
1652,1,1,0.16153379003760934,0
1653,4,1,0.6180609073373935,1
1654,2,0,0.62429158723433,1
1655,1,0,0.48637883603998006,0
1656,3,0,0.18421548422873407,0
1657,4,0,0.1829000109058296,0
1658,1,0,0.4287605556597204,0
1659,0,1,0.15148093357254094,0
1660,0,0,0.22417420039780084,0
1661,0,1,0.6837698273153099,1
1662,1,1,0.936549332929513,1
1663,2,0,0.5843056494391963,1
1664,0,0,0.21892997100815953,0
1665,2,1,0.989692789450282,1
1666,2,1,0.2622575547937228,0
1667,2,1,0.3378777536289964,0
1668,2,1,0.9807968316910478,1
1669,0,0,0.18136795602234698,0
1670,2,1,0.9426783383775585,1
1671,2,1,0.9889276152106108,1
1672,2,1,0.47737137416937425,0
1673,0,0,0.14218563758988342,0
1674,3,1,0.6650068576846798,1
1675,2,1,0.5850385847149037,1
1676,1,0,0.5840420495773265,1
1677,3,0,0.6415706123086611,1
1678,1,1,0.44806511603719856,0
1679,1,1,0.829102131953257,1
1680,3,0,0.7078098450790912,1
1681,1,0,0.1859075285961758,0
1682,2,0,0.24321033171648457,0
1683,2,0,0.6267781286154611,1
1684,1,0,0.6863661480649259,1
1685,4,0,0.21419898094565165,0
1686,1,0,0.13610564602620204,0
1687,0,1,0.9798536765977938,1
1688,0,1,0.9790564684654116,1
1689,0,0,0.2126509895350449,0
1690,0,0,0.3440676358876521,0
1691,4,1,0.5859321833167207,1
1692,4,0,0.6583448473455895,1
1693,4,0,0.6108151333024947,1
1694,4,1,0.5645548675533016,1
1695,4,1,0.6108151333024947,1
1696,3,0,0.15551591878534826,0
1697,0,0,0.16401939541887156,0
1698,1,1,0.9442954269783763,1
1699,1,1,0.6169331121016948,1
1700,4,0,0.6341783918114479,1
1701,3,0,0.2457995113400454,0
1702,3,0,0.5192224574936484,1
1703,2,0,0.23337061936833445,0
1704,2,1,0.6267781286154611,1
1705,4,0,0.17885889392645826,0
1706,0,1,0.4589682397914586,0
1707,4,0,0.3954986198526483,0
1708,0,1,0.41132786057847814,0
1709,0,1,0.8054224254418731,1
1710,4,0,0.21305090548918193,0
1711,4,1,0.5858181918737516,1
1712,0,0,0.4727732075371855,0
1713,4,1,0.47620727819898834,0
1714,3,1,0.34701560410838383,0
1715,3,0,0.5470787650628437,1
1716,2,0,0.23660287723996384,0
1717,2,1,0.16010287501730847,0
1718,3,1,0.6919343854494271,1
1719,3,1,0.6023404199928337,1
1720,3,1,0.1578081036297401,0
1721,3,1,0.2501011597588539,0
1722,3,1,0.95763827747982,1
1723,3,0,0.2272199653877464,0
1724,4,0,0.6180609073373935,1
1725,0,0,0.13056605821883177,0
1726,1,1,0.7082470324494428,1
1727,4,1,0.1491786424449471,0
1728,1,0,0.15709357442310137,0
1729,1,0,0.15870320518212302,0
1730,0,0,0.22642263581122665,0
1731,2,1,0.6219414808187869,1
1732,2,1,0.6219414808187869,1
1733,1,0,0.150457251434296,0
1734,4,0,0.4654584055897387,0
1735,3,0,0.22189789203963076,0
1736,4,0,0.13144227115886975,0
1737,2,0,0.5187477343231389,1
1738,2,0,0.1841653546920384,0
1739,0,1,0.5872553357721618,1
1740,0,1,0.421272102338348,0
1741,4,1,0.5741493081180584,1
1742,3,0,0.5292365691014309,1
1743,2,1,0.4572947963698293,0
1744,0,0,0.5869727006825497,1
1745,0,1,0.9445574428628527,1
1746,2,0,0.2547545753846216,0
1747,2,0,0.4000000654587044,0
1748,4,1,0.9417377499012759,1
1749,4,0,0.17705111912699611,0
1750,1,1,0.556510732939769,1
1751,2,0,0.14870759334800382,0
1752,4,0,0.6108151333024947,1
1753,4,0,0.5645548675533016,1
1754,4,1,0.5645548675533016,1
1755,4,0,0.5645548675533016,1
1756,4,0,0.15207833250867184,0
1757,4,0,0.5645548675533016,1
1758,4,0,0.19015656801443837,0
1759,0,1,0.9466944531944241,1
1760,4,1,0.8085825838125165,1
1761,2,0,0.6762723143125292,1
1762,3,1,0.6381745515684634,1
1763,3,0,0.5999336106143027,1
1764,0,0,0.14323245271364923,0
1765,3,0,0.1444238098248658,0
1766,4,0,0.15288700144239165,0
1767,1,0,0.40079482777341174,0
1768,0,0,0.1822058688033242,0
1769,2,1,0.1478922234025033,0
1770,4,1,0.8273934854407703,1
1771,1,1,0.953285580680859,1
1772,3,0,0.6724892589917205,1
1773,1,0,0.19021743419350887,0
1774,4,0,0.5369225246468018,1
1775,2,1,0.176330595431436,0
1776,0,0,0.1981261631379708,0
1777,2,0,0.5804201584924064,1
1778,1,0,0.6328046708742768,1
1779,1,0,0.6677493506701667,1
1780,4,1,0.24679295827352088,0
1781,3,1,0.20951262753656957,0
1782,4,0,0.11412283988373467,0
1783,2,1,0.3198411394710601,0
1784,2,1,0.4097067786745353,0
1785,3,0,0.6812607625971914,1
1786,1,0,0.5098601901789203,1
1787,4,1,0.9354515199907828,1
1788,4,1,0.9347539705213724,1
1789,2,0,0.16297756610084627,0
1790,1,0,0.6001339435020779,1
1791,4,0,0.14414374484411338,0
1792,3,0,0.6393054737481795,1
1793,2,0,0.41142255866759525,0
1794,1,0,0.0999824653618376,0
1795,3,0,0.48822153846518773,0
1796,0,0,0.20111385303678506,0
1797,2,1,0.9530675863701462,1
1798,2,0,0.16614239575421869,0
1799,3,0,0.9355186207644354,1
1800,3,1,0.944970599647329,1
1801,3,1,0.29840908410956557,0
1802,3,0,0.15632803510547777,0
1803,4,0,0.6703457312061376,1
1804,2,1,0.5027413828789941,1
1805,2,1,0.9817523319011028,1
1806,1,0,0.6181317844927969,1
1807,0,0,0.6309659527877662,1
1808,1,0,0.13111895274514376,0
1809,0,1,0.23940581978724057,0
1810,3,1,0.9855592516867212,1
1811,3,1,0.4838550501472139,0
1812,4,0,0.6666414010288263,1
1813,4,0,0.5135407098558404,1
1814,2,1,0.6134124049323965,1
1815,0,0,0.15107275917444998,0
1816,0,0,0.12563156580516877,0
1817,1,0,0.6731698969341807,1
1818,4,0,0.18610690093392435,0
1819,3,0,0.4595205206110594,0
1820,4,0,0.5458550216453876,1
1821,1,0,0.1556420486764958,0
1822,2,0,0.1792927752887866,0
1823,2,0,0.21792313338364175,0
1824,1,0,0.2182132427272419,0
1825,2,0,0.20854172166425305,0
1826,0,0,0.16549068624328786,0
1827,0,1,0.19881045843517764,0
1828,1,0,0.6214042319227951,1
1829,3,1,0.9622051848329137,1
1830,3,0,0.2905473060290468,0
1831,3,1,0.6307699390726955,1
1832,0,1,0.686957634044208,1
1833,0,1,0.5511816056447139,1
1834,1,1,0.1802747974041101,0
1835,1,0,0.1453816164478842,0
1836,2,0,0.5935149999513512,1
1837,2,1,0.5804201584924064,1
1838,0,0,0.15146553650791583,0
1839,1,0,0.3636425867123438,0
1840,0,1,0.5814870635496355,1
1841,2,1,0.582665246611737,1
1842,2,1,0.18273476331923127,0
1843,2,0,0.19864586385370667,0
1844,0,1,0.9370330000465008,1
1845,3,0,0.12755595594729557,0
1846,4,0,0.2105015590430658,0
1847,0,1,0.8002129758142056,1
1848,0,1,0.573791961631137,1
1849,0,1,0.9859189474815759,1
1850,0,0,0.16689475074990098,0
1851,0,1,0.9859750537322926,1
1852,0,1,0.9800365839958992,1
1853,0,1,0.9793624491700286,1
1854,4,1,0.9438180274168848,1
1855,4,1,0.6161210815866179,1
1856,3,0,0.24088511180015024,0
1857,2,1,0.6271844075985872,1
1858,2,0,0.17063705411659352,0
1859,2,1,0.6145550343552026,1
1860,2,0,0.24505506518035258,0
1861,4,0,0.17068949519271345,0
1862,2,1,0.7119979389397577,1
1863,4,1,0.9524423075920042,1
1864,4,0,0.5748765238941252,1
1865,2,0,0.19958154982250736,0
1866,0,1,0.44012055620839524,0
1867,0,1,0.9445574428628527,1
1868,2,0,0.190511067617936,0
1869,0,1,0.18146742146008574,0
1870,4,0,0.20678909256869266,0
1871,4,0,0.18201820856871304,0
1872,0,1,0.5617948502574058,1
1873,0,0,0.19659557598241575,0
1874,0,1,0.8078622744711641,1
1875,2,0,0.16874605542411575,0
1876,4,0,0.18255896630839172,0
1877,1,0,0.5357265444678186,1
1878,3,0,0.59176019890964,1
1879,3,0,0.6420675806495605,1
1880,3,1,0.7607276775130016,1
1881,4,0,0.8354584354226164,1
1882,4,1,0.9670919648319073,1
1883,4,1,0.978472521747544,1
1884,3,1,0.6058972042037388,1
1885,0,0,0.6380054223698727,1
1886,2,0,0.09124556004692028,0
1887,3,0,0.2016257392486943,0
1888,0,1,0.15263620163381914,0
1889,1,1,0.5305762427581731,1
1890,1,0,0.27494472815999066,0
1891,2,0,0.4871147929929908,0
1892,3,1,0.59176019890964,1
1893,0,1,0.5706186435227552,1
1894,3,1,0.6396551084511025,1
1895,3,1,0.6440797026062974,1
1896,3,0,0.35536657422682116,0
1897,1,1,0.5656112864612445,1
1898,2,0,0.2042949495615078,0
1899,3,0,0.5441363698972614,1
1900,2,1,0.9447123305272059,1
1901,1,0,0.14204378345726532,0
1902,3,0,0.4840740734945956,0
1903,3,1,0.9746976089419469,1
1904,3,1,0.9741481392444181,1
1905,2,1,0.5452260114569202,1
1906,0,0,0.19769024070455923,0
1907,1,1,0.9361304160761854,1
1908,3,1,0.5533202059355333,1
1909,3,1,0.6772432547185874,1
1910,3,0,0.6447665318191358,1
1911,4,1,0.5276689301535645,1
1912,4,1,0.487646167878527,0
1913,2,0,0.2441182883521239,0
1914,3,0,0.27364615279112053,0
1915,0,0,0.531715167500766,1
1916,0,1,0.19949170798305563,0
1917,0,1,0.5818540131914511,1
1918,0,1,0.5394968654098705,1
1919,0,1,0.5819306087626447,1
1920,0,0,0.5872553357721618,1
1921,1,0,0.5958196773561144,1
1922,0,0,0.15726457913170658,0
1923,0,0,0.12737639771969325,0
1924,1,1,0.6176297518932864,1
1925,0,1,0.2078779131635727,0
1926,4,0,0.1577582156021798,0
1927,1,1,0.4290695686696193,0
1928,1,0,0.2071648780625262,0
1929,3,0,0.644094800702443,1
1930,1,0,0.1816359463173924,0
1931,3,1,0.6415489897785719,1
1932,4,1,0.9673239142209998,1
1933,4,0,0.2369689122668147,0
1934,2,1,0.2631619144166351,0
1935,2,0,0.22108552902818934,0
1936,2,1,0.5768743729150512,1
1937,1,0,0.21749571715404492,0
1938,0,0,0.10142559509638793,0
1939,0,1,0.7375539677900766,1
1940,4,0,0.21577123073901572,0
1941,2,0,0.17395010537260897,0
1942,0,1,0.5078393712052023,1
1943,1,0,0.19081240372474917,0
1944,4,0,0.21004343345999238,0
1945,0,0,0.11163039961003492,0
1946,0,1,0.9277077258943421,1
1947,1,0,0.16866571036121403,0
1948,0,1,0.43907858098689356,0
1949,0,1,0.35813894438400357,0
1950,4,1,0.5751588395575324,1
1951,3,0,0.5428670728536982,1
1952,0,1,0.19520880529401377,0
1953,2,0,0.21072165676321994,0
1954,3,1,0.5245024097094706,1
1955,0,0,0.18482950843311566,0
1956,4,1,0.7449466642141784,1
1957,0,0,0.14765565328950422,0
1958,1,0,0.1396376558773909,0
1959,4,0,0.1363109028499901,0
1960,4,0,0.13081361035317574,0
1961,3,1,0.9406151848813713,1
1962,1,0,0.2018688685267513,0
1963,1,0,0.17091308073631245,0
1964,1,0,0.13931373464376443,0
1965,0,1,0.9859189474815759,1
1966,3,1,0.6872978793548928,1
1967,1,1,0.5712961579271446,1
1968,0,0,0.21434799177059866,0
1969,3,0,0.1873799719360513,0
1970,1,0,0.6495595211780711,1
1971,4,0,0.6666414010288263,1
1972,1,0,0.10077794017446044,0
1973,4,0,0.15260987845279128,0
1974,2,0,0.5817206190031476,1
1975,4,0,0.22662880237876926,0
1976,3,0,0.08670019857936681,0
1977,4,1,0.9856298584600777,1
1978,4,1,0.9560756650886072,1
1979,3,0,0.6403020927799347,1
1980,2,0,0.1118447912069822,0
1981,3,0,0.6047580514778389,1
1982,3,1,0.5926872485771588,1
1983,3,0,0.5939161530016966,1
1984,3,0,0.6047580514778389,1
1985,3,1,0.612517541329717,1
1986,3,0,0.18899093902078204,0
1987,0,0,0.18520375696965083,0
1988,2,0,0.19276643531536874,0
1989,1,1,0.16259172236436106,0
1990,2,0,0.16478472388518223,0
1991,0,0,0.1651348358413705,0
1992,3,0,0.4072180277686022,0
1993,1,0,0.19662636045739484,0
1994,4,0,0.17093472332178186,0
1995,4,1,0.94379540337267,1
1996,2,0,0.1451581151057952,0
1997,1,0,0.12285321169219253,0
1998,1,0,0.19425033753898366,0
1999,1,0,0.17697054391663739,0
2000,1,1,0.9393789765903375,1
2001,1,1,0.896344391609239,1
2002,1,1,0.896344391609239,1
2003,1,1,0.6509666076360132,1
2004,0,1,0.9457405358718611,1
2005,4,1,0.537908277259343,1
2006,4,1,0.5996900416169444,1
2007,3,1,0.9388927873087992,1
2008,1,0,0.15716472419415464,0
2009,3,0,0.6420675806495605,1
2010,0,0,0.6815397456198697,1
2011,3,0,0.5196881024668885,1
2012,0,1,0.15764100232620287,0
2013,4,0,0.18695704509402225,0
2014,3,1,0.9745302031938087,1
2015,3,0,0.6058972042037388,1
2016,4,0,0.09974861691558765,0
2017,1,0,0.6004418819772456,1
2018,1,0,0.15965081828978764,0
2019,3,0,0.13796155201377513,0
2020,1,1,0.5052829767142824,1
2021,1,1,0.7424945298774126,1
2022,0,1,0.9465158161212507,1
2023,0,1,0.9432758446660932,1
2024,0,1,0.8972012095749905,1
2025,1,0,0.15318229177489465,0
2026,0,1,0.9714865088636649,1
2027,3,0,0.483331992902798,0
2028,1,1,0.936160348333161,1
2029,1,0,0.5853163273013681,1
2030,3,0,0.15928647696760515,0
2031,1,0,0.1050222452665742,0
2032,2,1,0.5273482643883571,1
2033,3,1,0.6047580514778389,1
2034,2,1,0.6404934210905892,1
2035,0,1,0.9467428327555115,1
2036,0,0,0.17268481900995772,0
2037,3,0,0.2118200282614951,0
2038,3,0,0.25149118577203283,0
2039,3,0,0.15367239338350938,0
2040,3,0,0.15568374410492655,0
2041,2,0,0.6292288961597655,1
2042,0,0,0.14707831351273848,0
2043,0,0,0.3263364013537933,0
2044,3,0,0.16215159851598326,0
2045,3,0,0.15793523418889321,0
2046,2,1,0.9425611809324937,1
2047,4,0,0.49541227051137987,0
2048,4,0,0.618714874082188,1
2049,2,1,0.16553418918471483,0
2050,3,0,0.11505115766644729,0
2051,3,1,0.7734254699160829,1
2052,3,1,0.9588165394366691,1
2053,3,0,0.13895683811637566,0
2054,0,1,0.5971956674156558,1
2055,2,0,0.13795334428828532,0
2056,3,1,0.2329917724777888,0
2057,0,0,0.12709830815018444,0
2058,0,0,0.14458292193132444,0
2059,2,1,0.988863257409659,1
2060,2,0,0.20078341234750932,0
2061,0,0,0.5975088816613665,1
2062,0,0,0.20084169565691717,0
2063,2,0,0.17175948130190405,0
2064,1,0,0.6224801642296921,1
2065,2,1,0.30903007138109534,0
2066,2,0,0.12028451758747255,0
2067,3,1,0.36166912508601595,0
2068,3,1,0.6933588037515321,1
2069,3,1,0.9445410868490116,1
2070,3,0,0.3719357086805931,0
2071,3,1,0.7230933900788086,1
2072,4,1,0.5745637053180384,1
2073,3,1,0.6047580514778389,1
2074,2,0,0.21223371762296417,0
2075,2,1,0.46206799870499266,0
2076,0,0,0.5997765841118037,1
2077,0,0,0.16476677284365457,0
2078,2,0,0.4551391199566115,0
2079,4,0,0.1881320369775698,0
2080,4,0,0.5687406976999178,1
2081,4,0,0.4935098571243248,0
2082,3,0,0.19493770998134527,0
2083,4,1,0.9504349427892625,1
2084,4,1,0.9504349427892625,1
2085,4,0,0.6237770730757289,1
2086,4,0,0.2371751518651889,0
2087,1,0,0.5958228474022831,1
2088,4,1,0.9524423075920042,1
2089,4,0,0.11643421547385481,0
2090,2,0,0.4064270405575808,0
2091,0,1,0.23946340754480383,0
2092,0,1,0.9804529542768479,1
2093,1,1,0.9394265706075902,1
2094,4,1,0.48574023644721215,0
2095,0,0,0.2246928433020587,0
2096,3,1,0.3762189596695365,0
2097,4,0,0.1455752455039011,0
2098,4,0,0.3981155426632333,0
2099,0,0,0.1939459477791712,0
2100,2,0,0.19892117449233077,0
2101,1,0,0.15613530858994057,0
2102,3,1,0.9773552801904138,1
2103,3,1,0.9617106886240274,1
2104,3,1,0.6336113698359107,1
2105,4,1,0.522495374560962,1
2106,2,1,0.9793586360119895,1
2107,4,1,0.5748765238941252,1
2108,2,1,0.5901114345038336,1
2109,1,0,0.1909760997392501,0
2110,0,0,0.15907550069696874,0
2111,0,1,0.23085986408825154,0
2112,0,0,0.14773147863195374,0
2113,3,1,0.14948010414483767,0
2114,1,0,0.6047781773224492,1
2115,4,1,0.944232543553583,1
2116,3,1,0.5111656802709622,1
2117,4,1,0.5270402556540947,1
2118,0,1,0.6904003394655376,1
2119,4,1,0.5270402556540947,1
2120,2,0,0.22637769658640028,0
2121,1,1,0.9785138641313117,1
2122,1,1,0.9785138641313117,1
2123,1,0,0.4913542935436147,0
2124,2,0,0.5344512235722984,1
2125,0,1,0.9807848815423771,1
2126,0,0,0.28520373129305626,0
2127,0,0,0.28154918977389104,0
2128,2,1,0.6113019023095448,1
2129,1,0,0.23486470675017307,0
2130,0,0,0.13894733973280843,0
2131,0,0,0.38472488763224677,0
2132,2,0,0.6180899879772022,1
2133,3,1,0.7138765054995431,1
2134,4,0,0.5893180797840578,1
2135,4,0,0.4365315361674032,0
2136,4,0,0.18345991592178226,0
2137,1,0,0.2525162816317003,0
2138,1,0,0.18010315924424913,0
2139,0,1,0.5818540131914511,1
2140,1,0,0.31794811853900057,0
2141,2,0,0.462474855858798,0
2142,3,0,0.2901842244746793,0
2143,3,0,0.1252710379957615,0
2144,0,1,0.17547619800376957,0
2145,0,0,0.16346380201209879,0
2146,0,0,0.170644563120696,0
2147,2,0,0.1026728971154855,0
2148,3,1,0.1370289117772081,0
2149,1,0,0.621363294424622,1
2150,2,1,0.857142842474132,1
2151,2,1,0.8208025787980539,1
2152,2,0,0.23534651330852333,0
2153,2,1,0.7744607094262069,1
2154,2,1,0.9818395629777504,1
2155,2,0,0.3602796723016036,0
2156,4,1,0.9560756650886072,1
2157,4,0,0.2498206945033792,0
2158,4,0,0.12317358281873898,0
2159,4,1,0.31661626712791385,0
2160,3,0,0.6108107858174212,1
2161,1,1,0.9587230515154719,1
2162,1,1,0.9482152695109354,1
2163,1,0,0.12040753001648466,0
2164,1,1,0.9480487733815278,1
2165,3,0,0.4011569457260803,0
2166,0,0,0.6309659527877662,1
2167,4,0,0.1358555171414785,0
2168,1,0,0.6224801642296921,1
2169,1,1,0.9762070651601453,1
2170,3,1,0.6361935220646373,1
2171,1,0,0.18187474687022606,0
2172,4,0,0.4605321271844918,0
2173,3,0,0.5924815498067726,1
2174,3,0,0.5200001251396006,1
2175,1,1,0.6215608470145407,1
2176,2,0,0.632513030879556,1
2177,2,1,0.4397826295205796,0
2178,2,1,0.9447123305272059,1
2179,2,0,0.11622057356148509,0
2180,3,0,0.5849568449940734,1
2181,2,1,0.9565979814390878,1
2182,2,0,0.15291583216053845,0
2183,2,1,0.6232416865281036,1
2184,4,0,0.14313433185946056,0
2185,2,0,0.14032918349865167,0
2186,2,0,0.5577076688966818,1
2187,3,1,0.5434240818076062,1
2188,3,0,0.6201701576056752,1
2189,2,0,0.1791998656721114,0
2190,4,1,0.5827057579079636,1
2191,4,0,0.5741493081180584,1
2192,4,1,0.5776937288739177,1
2193,4,1,0.6345724356084398,1
2194,4,0,0.16288123048353229,0
2195,4,0,0.5270402556540947,1
2196,2,0,0.18634209664685156,0
2197,0,0,0.47497571978045994,0
2198,4,1,0.6384545076972368,1
2199,0,0,0.18339203402564302,0
2200,3,0,0.19559939398309992,0
2201,3,1,0.8825335623963728,1
2202,3,1,0.8838819806470235,1
2203,4,0,0.5603575910862277,1
2204,2,1,0.5772727156841789,1
2205,3,0,0.6108107858174212,1
2206,2,1,0.5358227883635993,1
2207,4,1,0.4052351820258434,0
2208,4,1,0.14209457210614915,0
2209,3,1,0.9454528217326907,1
2210,0,0,0.9461684887143222,1
2211,2,0,0.16236936445479078,0
2212,2,0,0.1600715730371043,0
2213,0,0,0.545953863820313,1
2214,4,0,0.11839077016436506,0
2215,0,1,0.26770907206043904,0
2216,1,1,0.5046865406592829,1
2217,1,0,0.2142223914037595,0
2218,3,1,0.9620384673821886,1
2219,2,0,0.441737945576392,0
2220,0,0,0.15381977441100628,0
2221,2,0,0.5996392316448003,1
2222,2,0,0.632172360820849,1
2223,2,1,0.6155671968672384,1
2224,2,1,0.5894527192707049,1
2225,2,0,0.6289883918713494,1
2226,2,0,0.5872541399562835,1
2227,1,1,0.7073769691016758,1
2228,4,0,0.1314776718723524,0
2229,3,1,0.1501406520849531,0
2230,1,0,0.1677665513017174,0
2231,1,0,0.16801474612085598,0
2232,2,0,0.16962371746837324,0
2233,1,1,0.6001516980157796,1
2234,2,0,0.1777800408771885,0
2235,0,0,0.2058454525040444,0
2236,4,0,0.18286407100920588,0
2237,3,0,0.5445852712837286,1
2238,3,0,0.49210334837990277,0
2239,3,0,0.16243362170187375,0
2240,4,1,0.5770301686573622,1
2241,2,0,0.5817206190031476,1
2242,1,0,0.15665502640314152,0
2243,1,0,0.23996255733518104,0
2244,1,1,0.9774674054975914,1
2245,1,1,0.4000327616613904,0
2246,1,1,0.8974081062183017,1
2247,2,1,0.9441102822584295,1
2248,4,0,0.3701592156137736,0
2249,0,1,0.5818540131914511,1
2250,2,1,0.5556931003546353,1
2251,1,1,0.626591998135093,1
2252,4,1,0.5776138959184912,1
2253,1,1,0.6224177346147571,1
2254,0,0,0.12007186717448207,0
2255,1,0,0.26019828680250234,0
2256,0,0,0.15120419244658975,0
2257,2,1,0.5817206190031476,1
2258,4,1,0.6125396996398677,1
2259,2,0,0.5772727156841789,1
2260,2,1,0.6858037525061802,1
2261,0,1,0.9450527525064527,1
2262,0,1,0.9457405358718611,1
2263,4,1,0.9762461076845624,1
2264,3,0,0.20685057411909527,0
2265,4,0,0.15293961937169517,0
2266,4,0,0.48073296069550736,0
2267,1,1,0.9667844372590163,1
2268,0,0,0.19229075779313193,0
2269,1,0,0.16026490838120117,0
2270,2,1,0.9447123305272059,1
2271,3,1,0.357385033889048,0
2272,0,0,0.28743695436026934,0
2273,0,1,0.9461684887143222,1
2274,4,0,0.16736132459218925,0
2275,3,0,0.19473256557163415,0
2276,3,0,0.20104131559021093,0
2277,2,1,0.5006927578432643,1
2278,1,1,0.9393789765903375,1
2279,0,0,0.6916676308249136,1
2280,1,1,0.9442954269783763,1
2281,0,0,0.6408827616801881,1
2282,2,0,0.19885300104401624,0
2283,1,1,0.653913069223325,1
2284,3,0,0.18538731031584846,0
2285,1,0,0.19077320019627372,0
2286,1,0,0.6176297518932864,1
2287,2,1,0.5817206190031476,1
2288,4,1,0.49598668218195335,0
2289,4,1,0.5813340525240566,1
2290,3,0,0.6213800170740745,1
2291,3,0,0.6440797026062974,1
2292,2,0,0.5001752247150199,1
2293,3,0,0.1643376520851082,0
2294,2,0,0.16607299072568846,0
2295,3,0,0.17697425278466497,0
2296,3,0,0.18444166463963052,0
2297,2,0,0.20687201522692444,0
2298,1,0,0.1776990552298451,0
2299,0,1,0.9443989867731287,1
2300,0,0,0.12670723695124114,0
2301,3,0,0.1981397883110331,0
2302,0,1,0.9724910750390853,1
2303,0,1,0.9803895653904294,1
2304,1,0,0.5958196773561144,1
2305,4,0,0.7119582527407187,1
2306,0,0,0.20927305976134603,0
2307,2,0,0.15118824724341373,0
2308,2,0,0.17527367657709042,0
2309,2,0,0.15910157859466836,0
2310,1,0,0.13282505820542526,0
2311,0,1,0.9714865088636649,1
2312,2,0,0.2708875030129802,0
2313,0,1,0.9445574428628527,1
2314,0,0,0.1866790902741378,0
2315,3,0,0.23426755452089107,0
2316,3,0,0.16223685179350483,0
2317,0,1,0.9862149574619339,1
2318,4,0,0.1358471566601262,0
2319,2,0,0.17976888731549634,0
2320,3,0,0.23094138248249166,0
2321,3,1,0.8888627551550137,1
2322,2,0,0.18983420110531224,0
2323,2,0,0.1701784752016031,0
2324,0,0,0.13800719462787828,0
2325,0,1,0.9389173474265425,1
2326,0,0,0.30234167579552107,0
2327,3,1,0.9646337397631818,1
2328,3,1,0.9524610502029887,1
2329,4,0,0.5853036254942833,1
2330,1,1,0.6279115821712956,1
2331,1,0,0.20463420893620918,0
2332,1,1,0.9863247459287747,1
2333,2,0,0.1856759378787239,0
2334,1,0,0.24892213489406037,0
2335,1,1,0.9856785367323093,1
2336,4,0,0.18240712597030828,0
2337,3,1,0.962535376388324,1
2338,3,1,0.976956581089017,1
2339,0,1,0.48432712745125744,0
2340,1,0,0.4352219277181841,0
2341,3,0,0.6633404980547936,1
2342,0,1,0.946306213509035,1
2343,1,1,0.9763341713045889,1
2344,2,1,0.9639704919433687,1
2345,0,1,0.9790564684654116,1
2346,1,1,0.6220683752708498,1
2347,4,1,0.17723500580852142,0
2348,4,0,0.1313559084730108,0
2349,2,1,0.5858467317221225,1
2350,1,0,0.27230741325887686,0
2351,1,1,0.9367471807155238,1
2352,2,0,0.3605280677179197,0
2353,2,1,0.9796317834685766,1
2354,1,0,0.6004418819772456,1
2355,4,1,0.2721152668287792,0
2356,0,0,0.1934140014716834,0
2357,3,0,0.1833623587140976,0
2358,3,0,0.1448765525961256,0
2359,1,1,0.9166505958067532,1
2360,1,0,0.2653577138820328,0
2361,4,0,0.6176338278985146,1
2362,1,0,0.1901456452882653,0
2363,1,0,0.1378059952480675,0
2364,2,1,0.1110897761101737,0
2365,0,0,0.18413229704016423,0
2366,1,0,0.14087227480928063,0
2367,1,1,0.8887345895767218,1
2368,1,0,0.14962092082572584,0
2369,3,1,0.6018226379358672,1
2370,1,0,0.19895580805678093,0
2371,0,1,0.55561845411751,1
2372,4,1,0.5893180797840578,1
2373,4,1,0.5893180797840578,1
2374,1,1,0.9524826421658664,1
2375,2,1,0.9793586360119895,1
2376,2,1,0.9655280129662634,1
2377,2,1,0.9806570039729244,1
2378,0,1,0.8979513735527118,1
2379,0,1,0.849663701979649,1
2380,0,1,0.2588476359756128,0
2381,0,1,0.9510627088588628,1
2382,3,0,0.13140321279971198,0
2383,2,1,0.5882948520355196,1
2384,2,0,0.15960550626423012,0
2385,2,0,0.5428522705211322,1
2386,4,0,0.18108704469632697,0
2387,0,1,0.946306213509035,1
2388,0,0,0.11856167728837284,0
2389,4,1,0.6867674778833707,1
2390,3,1,0.9419304611771196,1
2391,2,0,0.14614421076354014,0
2392,3,1,0.36468461335584135,0
2393,2,1,0.9898131337875361,1
2394,2,1,0.9898451444333772,1
2395,0,1,0.9806280675521913,1
2396,3,0,0.24649065804254353,0
2397,2,0,0.10716810425218146,0
2398,2,0,0.4950750569390337,0
2399,1,0,0.16545996002630425,0
2400,1,0,0.19137861755482788,0
2401,2,0,0.15284077109090893,0
2402,0,0,0.5535011897893433,1
2403,3,1,0.5275406375684277,1
2404,0,1,0.9724910750390853,1
2405,0,1,0.9803895653904294,1
2406,0,0,0.16316221430250838,0
2407,0,0,0.2495219136340485,0
2408,0,1,0.9724910750390853,1
2409,3,0,0.5441132061711788,1
2410,3,0,0.2279317900429378,0
2411,3,1,0.6058972042037388,1
2412,3,0,0.4064233854300557,0
2413,4,0,0.17638655000401648,0
2414,3,0,0.1753487032071881,0
2415,3,0,0.2604637506358867,0
2416,4,0,0.15851499707351255,0
2417,0,1,0.979023017312424,1
2418,3,1,0.8975921628745145,1
2419,3,1,0.8888627551550137,1
2420,0,0,0.15508298197409678,0
2421,3,1,0.8888627551550137,1
2422,0,0,0.21753811563506956,0
2423,3,1,0.9406151848813713,1
2424,4,1,0.9415524257788314,1
2425,4,0,0.19226767878085735,0
2426,3,0,0.22374895427131097,0
2427,2,0,0.7367205324625619,1
2428,2,1,0.9447123305272059,1
2429,1,0,0.6541382421995684,1
2430,1,1,0.6432406736724774,1
2431,1,0,0.653913069223325,1
2432,1,1,0.8940913525713754,1
2433,4,0,0.1575808487880335,0
2434,4,0,0.4727479029830921,0
2435,0,1,0.9800365839958992,1
2436,0,1,0.9794163494221881,1
2437,0,1,0.49219842730352803,0
2438,0,1,0.8764238421743997,1
2439,4,1,0.6184611038068699,1
2440,0,0,0.4371686173915437,0
2441,3,0,0.4664939527046167,0
2442,4,1,0.7328871752199364,1
2443,3,0,0.15945205749448377,0
2444,1,0,0.2008965632077918,0
2445,4,0,0.5422971541044111,1
2446,2,1,0.5817206190031476,1
2447,4,0,0.195926489997411,0
2448,2,0,0.3883439651773132,0
2449,4,0,0.17606539311558475,0
2450,4,1,0.9333609123199385,1
2451,4,0,0.18173677048704948,0
2452,4,0,0.18171574746943592,0
2453,1,1,0.9461522735517476,1
2454,3,0,0.5686848155436217,1
2455,3,1,0.9388927873087992,1
2456,0,1,0.12948009573833635,0
2457,1,0,0.1741193234186077,0
2458,2,0,0.18355010063069735,0
2459,4,0,0.2166666010218845,0
2460,3,0,0.6440797026062974,1
2461,2,0,0.20174175134738,0
2462,0,0,0.18417679274706503,0
2463,1,1,0.6292554474558604,1
2464,1,0,0.1770787336476515,0
2465,1,1,0.9774674054975914,1
2466,1,1,0.35455351808908164,0
2467,1,1,0.9863172645947662,1
2468,1,0,0.24696201533395848,0
2469,1,0,0.15695538809808793,0
2470,0,0,0.21076712531404077,0
2471,4,0,0.37530855460399026,0
2472,3,0,0.5947129194494437,1
2473,2,1,0.9888472363393113,1
2474,0,1,0.5847759727377162,1
2475,1,0,0.6221471965107527,1
2476,4,0,0.17095954255297835,0
2477,0,0,0.24195811440702883,0
2478,0,1,0.6250760900541893,1
2479,3,0,0.19016359122590487,0
2480,0,0,0.18279653186184303,0
2481,0,1,0.6309659527877662,1
2482,4,0,0.1550909978005495,0
2483,4,1,0.18767624392423435,0
2484,1,1,0.6688449170423677,1
2485,0,0,0.7000492971924172,1
2486,0,0,0.13734986550319944,0
2487,4,0,0.11042671478305578,0
2488,4,0,0.41521686508006195,0
2489,4,0,0.46144046167222375,0
2490,4,0,0.18355039070984036,0
2491,3,0,0.16250293049853845,0
2492,1,1,0.6403661180725688,1
2493,0,1,0.2587573839730705,0
2494,4,0,0.17873209954277838,0
2495,3,1,0.5195538217259024,1
2496,3,0,0.6396551084511025,1
2497,3,0,0.16060999824929645,0
2498,2,1,0.6748776720830869,1
2499,2,0,0.10544399625504654,0
2500,1,0,0.15538012243574356,0
2501,3,1,0.48097671438533124,0
2502,2,0,0.2046427420651299,0
2503,2,1,0.22290359466047907,0
2504,1,0,0.16632577537462778,0
2505,3,0,0.2365748890769083,0
2506,2,0,0.3303637266485775,0
2507,2,0,0.27151913886533585,0
2508,2,0,0.2720186501628771,0
2509,2,0,0.9596673591494924,1
2510,3,0,0.15590567427661556,0
2511,2,0,0.140168885912444,0
2512,1,0,0.3098000598222586,0
2513,2,0,0.23718645691350046,0
2514,4,1,0.6184611038068699,1
2515,4,1,0.5776138959184912,1
2516,2,0,0.5281125601416429,1
2517,0,0,0.17136557436905306,0
2518,3,1,0.9847202719780415,1
2519,2,1,0.37725606524005195,0
2520,2,1,0.9785961515088571,1
2521,1,1,0.5179403276156553,1
2522,0,1,0.9489527747556655,1
2523,0,1,0.8972012095749905,1
2524,0,0,0.11623131284568733,0
2525,0,1,0.8578229363114861,1
2526,1,1,0.9778269376664613,1
2527,1,1,0.6004418819772456,1
2528,2,0,0.33935346755172796,0
2529,1,0,0.2017120418576356,0
2530,2,1,0.9790141945445819,1
2531,4,0,0.205523255580333,0
2532,4,0,0.5253941041037565,1
2533,4,1,0.5741493081180584,1
2534,4,0,0.4725185581861152,0
2535,2,1,0.8987527639975187,1
2536,4,1,0.9761059185266285,1
2537,4,1,0.6228944414784907,1
2538,1,1,0.9470442360023085,1
2539,1,0,0.1480050758013744,0
2540,4,0,0.3541738278410037,0
2541,3,0,0.5999336106143027,1
2542,3,0,0.1622768497536291,0
2543,1,1,0.6224801642296921,1
2544,3,1,0.6173963372552179,1
2545,2,0,0.15103195676114858,0
2546,3,1,0.6415489897785719,1
2547,4,1,0.6666414010288263,1
2548,4,0,0.5893180797840578,1
2549,3,1,0.8513629979672761,1
2550,4,0,0.14246253062756287,0
2551,2,1,0.513474005461196,1
2552,2,0,0.28011235319222205,0
2553,1,0,0.1556096767339104,0
2554,2,1,0.582665246611737,1
2555,1,1,0.250938576280579,0
2556,2,0,0.1526079802654154,0
2557,0,0,0.18666848460465663,0
2558,1,0,0.1338112864341764,0
2559,1,0,0.16102884145454005,0
2560,1,1,0.8388131202966472,1
2561,4,1,0.4637892112094329,0
2562,4,1,0.15427717391000853,0
2563,0,1,0.9448344304439061,1
2564,2,0,0.5428522705211322,1
2565,2,0,0.5858467317221225,1
2566,2,1,0.17796410444949365,0
2567,3,0,0.23438933643130952,0
2568,4,0,0.15804840803049827,0
2569,0,1,0.9790564684654116,1
2570,1,0,0.13506853538548896,0
2571,4,1,0.5813340525240566,1
2572,2,0,0.20528401994291146,0
2573,3,0,0.5808446924512052,1
2574,3,0,0.6420675806495605,1
2575,3,1,0.6420675806495605,1
2576,1,0,0.19057894377675444,0
2577,1,0,0.22068833578585278,0
2578,3,1,0.45278217188429415,0
2579,3,1,0.21442266779723293,0
2580,4,0,0.14079751614984368,0
2581,3,1,0.4318616058705919,0
2582,3,0,0.59176019890964,1
2583,3,0,0.6420675806495605,1
2584,4,0,0.4982652594679696,0
2585,1,0,0.562940218859049,1
2586,2,0,0.17440512285959617,0
2587,0,0,0.3333166052995422,0
2588,3,0,0.20894133873594792,0
2589,3,0,0.5256887849571814,1
2590,3,0,0.16366534516092943,0
2591,4,1,0.13341973666246476,0
2592,1,1,0.9461522735517476,1
2593,4,0,0.4811612634007576,0
2594,3,0,0.5947129194494437,1
2595,1,1,0.9570558116305412,1
2596,1,0,0.1253542849898909,0
2597,3,1,0.5974557460967264,1
2598,3,1,0.9755332454928393,1
2599,2,1,0.23693453984941107,0
2600,2,0,0.5825334310859284,1
2601,0,0,0.5997765841118037,1
2602,2,0,0.5736342080689418,1
2603,1,1,0.9763341713045889,1
2604,1,0,0.4778471012128738,0
2605,1,0,0.3452127887173948,0
2606,1,0,0.12026425712988964,0
2607,1,1,0.6712213496969519,1
2608,2,1,0.6325403841455504,1
2609,1,1,0.1736270193217599,0
2610,1,1,0.8380506392925522,1
2611,1,0,0.25900003582336334,0
2612,3,0,0.1601110438805132,0
2613,0,0,0.19495638062331608,0
2614,2,0,0.23248119081336427,0
2615,2,1,0.9598076013844944,1
2616,3,0,0.15993273859656165,0
2617,3,1,0.6431054300954577,1
2618,0,0,0.1139837085196707,0
2619,0,1,0.5833689299350756,1
2620,1,0,0.3038489041835547,0
2621,1,0,0.1648764145260521,0
2622,3,0,0.20032878897029813,0
2623,0,0,0.5997765841118037,1
2624,0,1,0.5819306087626447,1
2625,0,1,0.5775711552424114,1
2626,2,0,0.5817206190031476,1
2627,3,0,0.2288153029667332,0
2628,4,1,0.16158032923119703,0
2629,0,1,0.6320752201461232,1
2630,3,1,0.612517541329717,1
2631,2,0,0.4547488055363303,0
2632,3,1,0.8888627551550137,1
2633,3,1,0.9522221511638833,1
2634,3,1,0.48253482424254907,0
2635,3,0,0.20886478305466954,0
2636,2,1,0.5556931003546353,1
2637,0,1,0.5974954304051695,1
2638,1,1,0.6491339275551548,1
2639,1,0,0.5845708354824015,1
2640,1,1,0.6491339275551548,1
2641,1,1,0.6224801642296921,1
2642,1,0,0.619306099869951,1
2643,2,1,0.9447123305272059,1
2644,2,1,0.9897513361281386,1
2645,0,1,0.8482664372747339,1
2646,0,0,0.2178735948015014,0
2647,0,0,0.13076066208988582,0
2648,4,1,0.1965650825909853,0
2649,4,0,0.14850489892656685,0
2650,4,0,0.21298885915340177,0
2651,4,1,0.29757871014012466,0
2652,4,0,0.17812529987815517,0
2653,4,0,0.16935353118979582,0
2654,0,0,0.611328644400018,1
2655,1,1,0.8225134456777408,1
2656,1,0,0.1968809794005619,0
2657,1,0,0.2692024656690156,0
2658,4,1,0.6182414016503813,1
2659,3,1,0.6018226379358672,1
2660,4,0,0.1680323747454156,0
2661,3,1,0.5146334400368118,1
2662,1,0,0.15142176217890865,0
2663,2,0,0.3524845180536306,0
2664,4,0,0.19386017784433282,0
2665,2,1,0.9806570039729244,1
2666,2,1,0.9806304065661532,1
2667,2,1,0.9807968316910478,1
2668,3,1,0.976956581089017,1
2669,1,1,0.14848271910164332,0
2670,1,1,0.5281499513098341,1
2671,3,1,0.6650068576846798,1
2672,2,0,0.20184340895131195,0
2673,2,0,0.12009353327909879,0
2674,2,1,0.18557662243105477,0
2675,0,1,0.9795633797783158,1
2676,0,0,0.6655934683751735,1
2677,4,0,0.15287073612450788,0
2678,3,1,0.5976043188520569,1
2679,2,1,0.18701463776540328,0
2680,1,1,0.9643802923715487,1
2681,1,1,0.9645161659295993,1
2682,4,1,0.350691389333601,0
2683,1,0,0.13581233751188224,0
2684,1,1,0.9868749693473217,1
2685,4,0,0.4594729731412449,0
2686,1,0,0.15378572814821623,0
2687,0,1,0.7087368440011056,1
2688,1,0,0.612694925659347,1
2689,0,0,0.6010444206398532,1
2690,4,0,0.6161210815866179,1
2691,3,1,0.5698965148145292,1
2692,2,0,0.1615367974781104,0
2693,0,0,0.5451322555833139,1
2694,0,0,0.21960510762555852,0
2695,1,0,0.23882287623538667,0
2696,1,1,0.9641668159623923,1
2697,0,0,0.5505671009552722,1
2698,4,1,0.5338964673205018,1
2699,4,0,0.6345724356084398,1
2700,4,1,0.6252767736983489,1
2701,0,0,0.514825910953668,1
2702,4,0,0.5270402556540947,1
2703,3,0,0.199501403242568,0
2704,1,0,0.358651769431062,0
2705,0,1,0.23605292070856645,0
2706,1,0,0.11437372300560403,0
2707,1,1,0.9294536693969648,1
2708,4,0,0.17239835587161914,0
2709,4,1,0.19384901254076237,0
2710,0,0,0.44991070906535385,0
2711,2,0,0.20612732261000868,0
2712,3,0,0.22327031311315532,0
2713,4,1,0.7153500052174357,1
2714,3,0,0.59176019890964,1
2715,2,0,0.1833917144958314,0
2716,4,0,0.6252767736983489,1
2717,2,0,0.5431959085101201,1
2718,1,0,0.6541382421995684,1
2719,0,0,0.2641815385567041,0
2720,2,1,0.4883991764399593,0
2721,2,1,0.8872403263136317,1
2722,2,1,0.9462409950671603,1
2723,0,1,0.5133128819395151,1
2724,4,1,0.3454756650492651,0
2725,4,1,0.9607560099049118,1
2726,2,0,0.16536997799211098,0
2727,3,1,0.9615704484920345,1
2728,1,0,0.35395894312937415,0
2729,1,1,0.9663730305845304,1
2730,1,1,0.9661043801913556,1
2731,0,1,0.6380054223698727,1
2732,3,0,0.14189143230740017,0
2733,3,0,0.5318098335269165,1
2734,4,0,0.10594867714363758,0
2735,3,0,0.2772420168043858,0
2736,4,1,0.9678608737812598,1
2737,0,1,0.47724711295727323,0
2738,1,0,0.15163623915551994,0
2739,2,0,0.21928046195184947,0
2740,2,0,0.5772727156841789,1
2741,3,0,0.18780887710152755,0
2742,2,0,0.5966771080495629,1
2743,2,0,0.6637444209548696,1
2744,2,1,0.5894527192707049,1
2745,0,1,0.6039147401548033,1
2746,0,1,0.5193175075534759,1
2747,2,0,0.5772727156841789,1
2748,4,0,0.36821143894556546,0
2749,0,1,0.5060531552789115,1
2750,0,1,0.1958178987553415,0
2751,2,0,0.20941650346960303,0
2752,1,0,0.1377197658741173,0
2753,1,0,0.21030421729449228,0
2754,2,0,0.6691602108653856,1
2755,2,0,0.16273901362924303,0
2756,0,0,0.14452330293357293,0
2757,0,0,0.2331319265180584,0
2758,0,0,0.3856380050684949,0
2759,0,1,0.49176879895284736,0
2760,4,1,0.5748765238941252,1
2761,0,0,0.18688586223032444,0
2762,4,0,0.180819799844841,0
2763,2,1,0.7102292306491537,1
2764,0,1,0.5727849394012661,1
2765,4,0,0.5410120145634397,1
2766,2,0,0.8066826212456649,1
2767,1,1,0.98574439690362,1
2768,0,1,0.21204219527351256,0
2769,0,0,0.1249461717489165,0
2770,4,0,0.23253361658025123,0
2771,4,0,0.2132758337943376,0
2772,4,1,0.6184611038068699,1
2773,0,0,0.23646457355443093,0
2774,1,0,0.1488824522067181,0
2775,2,0,0.22689625693772184,0
2776,0,1,0.9796988317268263,1
2777,0,1,0.9795392103566333,1
2778,1,0,0.5011493728543421,1
2779,4,1,0.673123464303993,1
2780,2,0,0.16625981063032627,0
2781,4,0,0.2362431390262113,0
2782,4,1,0.8153490787607925,1
2783,4,1,0.9763827256650872,1
2784,4,1,0.6104033818366361,1
2785,1,0,0.16537133953699215,0
2786,1,1,0.9367471807155238,1
2787,4,0,0.21808069122873333,0
2788,3,1,0.6697093323558275,1
2789,4,0,0.1174628328630848,0
2790,3,0,0.17749835697942817,0
2791,2,0,0.1954437873825124,0
2792,1,0,0.30405562973195405,0
2793,4,1,0.5145888569585269,1
2794,4,0,0.1582529449009157,0
2795,0,0,0.1304393554167203,0
2796,1,0,0.14577390013789787,0
2797,4,0,0.18890268300135984,0
2798,0,0,0.15627045864168718,0
2799,0,0,0.28102836731002784,0
2800,0,0,0.15877393593617514,0
2801,3,1,0.9563839946955173,1
2802,2,1,0.6075101645789455,1
2803,0,1,0.45408023467249714,0
2804,0,0,0.204779139820854,0
2805,4,0,0.5776138959184912,1
2806,2,0,0.5772727156841789,1
2807,3,0,0.3294568492139178,0
2808,3,1,0.848666331961902,1
2809,2,1,0.2675210941810355,0
2810,2,1,0.965817557751318,1
2811,1,0,0.5773456433799333,1
2812,1,0,0.619306099869951,1
2813,1,0,0.5845708354824015,1
2814,4,0,0.14624769973842391,0
2815,3,0,0.3045415751630798,0
2816,2,0,0.8508245485929842,1
2817,0,0,0.1952129070242268,0
2818,3,0,0.15223035904387835,0
2819,2,0,0.8162023426186699,1
2820,1,0,0.11833550347765831,0
2821,0,0,0.25551782656636035,0
2822,2,0,0.18714336266706255,0
2823,0,0,0.6309659527877662,1
2824,0,1,0.691127696036817,1
2825,0,0,0.15063209872029396,0
2826,2,0,0.6762723143125292,1
2827,1,1,0.22569260432238214,0
2828,4,0,0.10889629809020424,0
2829,3,0,0.17325754589437617,0
2830,1,0,0.15704879028317478,0
2831,2,0,0.16430431437936957,0
2832,4,0,0.1271106775863885,0
2833,3,0,0.5954974620021111,1
2834,1,0,0.1683634066755382,0
2835,3,0,0.11611913306169028,0
2836,2,0,0.17170011174634392,0
2837,4,1,0.5864192277828949,1
2838,4,1,0.5741493081180584,1
2839,0,0,0.19199493035111212,0
2840,2,1,0.6292288961597655,1
2841,4,1,0.4894343071692584,0
2842,3,0,0.14906455404081737,0
2843,3,1,0.6396551084511025,1
2844,2,0,0.21947394523636402,0
2845,2,1,0.5556931003546353,1
2846,2,1,0.9792535917676862,1
2847,2,0,0.28018180350020777,0
2848,1,1,0.9590007233060684,1
2849,4,1,0.5813340525240566,1
2850,3,0,0.1648563464007436,0
2851,0,0,0.18133944924341688,0
2852,0,1,0.4530844573281204,0
2853,0,1,0.9805253282038768,1
2854,2,1,0.6961202841822228,1
2855,2,0,0.1801057159414879,0
2856,1,1,0.8942735334669281,1
2857,3,0,0.19327718048269693,0
2858,3,1,0.5239569719299114,1
2859,3,0,0.8043327585924188,1
2860,0,1,0.538827660326083,1
2861,2,0,0.10903712452869523,0
2862,1,1,0.9524893219439817,1
2863,0,0,0.18766490520163168,0
2864,4,1,0.17727582353037177,0
2865,3,0,0.17339345216465543,0
2866,2,1,0.5447981106063509,1
2867,1,1,0.6600759608931208,1
2868,4,0,0.5630566942308545,1
2869,4,1,0.18727733969443888,0
2870,4,1,0.6104033818366361,1
2871,2,1,0.9791046517230088,1
2872,0,0,0.18926821378264555,0
2873,0,1,0.5331133508081964,1
2874,0,1,0.5818540131914511,1
2875,2,1,0.16663751314830783,0
2876,3,0,0.15538758646321624,0
2877,2,0,0.6323404091950611,1
2878,2,1,0.8720648559779717,1
2879,2,1,0.8862918530389218,1
2880,4,0,0.1472627308340216,0
2881,0,0,0.4935376482809767,0
2882,2,0,0.15406575461343333,0
2883,2,0,0.5772727156841789,1
2884,0,0,0.20292758195819943,0
2885,3,1,0.6638804111958381,1
2886,3,0,0.14894295897377147,0
2887,4,1,0.6126720864852465,1
2888,4,1,0.5827057579079636,1
2889,3,1,0.9579822381941154,1
2890,3,1,0.14025326134250068,0
2891,3,1,0.956620803265744,1
2892,1,1,0.4864816417765053,0
2893,1,1,0.875461302813893,1
2894,1,0,0.2555051397258693,0
2895,0,0,0.1819131419068906,0
2896,1,1,0.6508105873738983,1
2897,1,1,0.6214042319227951,1
2898,1,1,0.619306099869951,1
2899,3,1,0.9563839946955173,1
2900,4,0,0.48283686789409164,0
2901,4,1,0.5291654020734519,1
2902,3,1,0.5939161530016966,1
2903,2,0,0.21393029454187099,0
2904,4,0,0.16255488517607927,0
2905,1,0,0.5790563622068955,1
2906,1,0,0.1527667979675085,0
2907,0,1,0.9488573622067819,1
2908,1,1,0.9591806919324091,1
2909,1,1,0.33524705250057774,0
2910,1,1,0.5319286540774238,1
2911,1,1,0.6224801642296921,1
2912,1,0,0.6224801642296921,1
2913,3,0,0.13521240411670252,0
2914,2,1,0.9612920315841208,1
2915,1,0,0.25568426217316503,0
2916,2,1,0.5894527192707049,1
2917,2,0,0.21650109860242175,0
2918,2,0,0.6289883918713494,1
2919,1,0,0.13243808600328125,0
2920,1,0,0.7230635353763405,1
2921,3,0,0.5947129194494437,1
2922,3,1,0.9566051843617888,1
2923,1,1,0.5122743236616717,1
2924,0,1,0.4329213240217617,0
2925,0,1,0.6519496386706808,1
2926,2,0,0.6054978655146581,1
2927,4,1,0.6576039683429383,1
2928,2,1,0.957518544983885,1
2929,3,1,0.9745772945428177,1
2930,4,1,0.2325882442948823,0
2931,3,0,0.14944826117384172,0
2932,0,0,0.25463707984913697,0
2933,3,0,0.33956467328847517,0
2934,2,1,0.6008389627105276,1
2935,0,1,0.8923836280567691,1
2936,0,1,0.9856619566387939,1
2937,4,0,0.2177793002114306,0
2938,3,0,0.7024182422956958,1
2939,1,1,0.8860096824862335,1
2940,1,0,0.15567705894284325,0
2941,3,1,0.9570795890532738,1
2942,0,0,0.4720112003143225,0
2943,0,1,0.30650191657317827,0
2944,2,0,0.5894527192707049,1
2945,2,0,0.23151217646082073,0
2946,2,1,0.5543741982535649,1
2947,2,0,0.5925775815713873,1
2948,2,0,0.6934486025773623,1
2949,2,0,0.6271844075985872,1
2950,1,0,0.22266969612722837,0
2951,0,0,0.16303960971404574,0
2952,2,0,0.23225100147300676,0
2953,4,0,0.1894964756892773,0
2954,4,0,0.6182414016503813,1
2955,1,0,0.2953720263806121,0
2956,1,0,0.1666433367299136,0
2957,1,0,0.11721317935714573,0
2958,4,1,0.6541741449200075,1
2959,0,0,0.16845941478802648,0
2960,1,1,0.9600264491395193,1
2961,2,0,0.1893567633967076,0
2962,2,0,0.1134361043814213,0
2963,2,0,0.18559034093634091,0
2964,1,0,0.10187922794881511,0
2965,0,0,0.1806192411192357,0
2966,0,0,0.5394968654098705,1
2967,3,0,0.14862905998158082,0
2968,3,0,0.15971283600574013,0
2969,1,1,0.6224801642296921,1
2970,2,1,0.6271844075985872,1
2971,2,1,0.6637444209548696,1
2972,2,1,0.5897295605775373,1
2973,4,0,0.38641231037724333,0
2974,3,1,0.5263607353694217,1
2975,3,0,0.208013584650939,0
2976,1,0,0.5845708354824015,1
2977,2,0,0.6769051083189733,1
2978,2,0,0.15628138002129374,0
2979,0,0,0.5579482966412054,1
2980,2,0,0.521502311559014,1
2981,4,1,0.4939418070688314,0
2982,3,1,0.9849129121689251,1
2983,3,1,0.6981253050787658,1
2984,0,0,0.20753445579339924,0
2985,2,1,0.5342839107611064,1
2986,2,1,0.9579392471592377,1
2987,4,1,0.9555926546281981,1
2988,1,0,0.6062809613306337,1
2989,3,1,0.640034693536898,1
2990,3,0,0.17562065812087688,0
2991,2,0,0.16528656247277768,0
2992,2,0,0.1210360979291234,0
2993,0,1,0.91201221482838,1
2994,2,0,0.12908626556164324,0
2995,3,0,0.6638804111958381,1
2996,4,1,0.6191825176175487,1
2997,0,0,0.5507972117550805,1
2998,0,0,0.5818540131914511,1
2999,3,0,0.6165383346570436,1
3000,2,0,0.1705561452458152,0
3001,0,0,0.531715167500766,1
3002,3,0,0.21323234753469242,0
3003,4,0,0.4934836612913855,0
3004,1,1,0.62210720216564,1
3005,2,1,0.632513030879556,1
3006,0,1,0.8649189354076682,1
3007,3,0,0.5999336106143027,1
3008,3,0,0.10492831721340443,0
3009,0,0,0.1881903689821478,0
3010,0,0,0.49298504081220085,0
3011,1,0,0.566663424125461,1
3012,3,1,0.38102106390948337,0
3013,1,1,0.4052948046791948,0
3014,4,0,0.5660204883914436,1
3015,4,1,0.5514549938937258,1
3016,4,1,0.5773461390700957,1
3017,4,1,0.6614752246539163,1
3018,0,0,0.6408827616801881,1
3019,2,1,0.5736342080689418,1
3020,2,0,0.14622011359399853,0
3021,2,0,0.1604746269633849,0
3022,3,1,0.3748432768259658,0
3023,3,0,0.35941872624168103,0
3024,4,1,0.9207814764840097,1
3025,4,1,0.9761059185266285,1
3026,4,1,0.9761059185266285,1
3027,4,1,0.9761059185266285,1
3028,1,1,0.612694925659347,1
3029,4,0,0.1553849916259369,0
3030,1,1,0.9867474578839455,1
3031,1,1,0.9780571277388944,1
3032,1,1,0.7424518859081854,1
3033,0,0,0.1895969959098612,0
3034,0,0,0.39812395945514734,0
3035,1,0,0.16539092744925543,0
3036,1,0,0.1620632009067226,0
3037,0,1,0.6054094645296106,1
3038,0,1,0.5997765841118037,1
3039,0,1,0.5923171006380383,1
3040,2,1,0.19077876936221005,0
3041,4,0,0.18560942966996885,0
3042,0,1,0.5872553357721618,1
3043,1,1,0.9780955880596366,1
3044,4,0,0.11472306352165221,0
3045,1,1,0.9856785367323093,1
3046,1,1,0.8776048611346873,1
3047,1,1,0.9767075202970485,1
3048,0,1,0.16159894074537332,0
3049,2,1,0.5858467317221225,1
3050,2,0,0.5772727156841789,1
3051,3,0,0.10512139415783123,0
3052,3,1,0.2159169337089385,0
3053,3,0,0.31666905102902265,0
3054,4,1,0.45222169563646974,0
3055,2,0,0.5870431032248183,1
3056,3,1,0.9563839946955173,1
3057,3,0,0.10512140662238129,0
3058,3,1,0.6789442142280508,1
3059,3,1,0.59176019890964,1
3060,3,1,0.6231481129198163,1
3061,3,1,0.5738987041201855,1
3062,1,1,0.9480487733815278,1
3063,3,0,0.8739883361990339,1
3064,3,0,0.15290355435573127,0
3065,3,0,0.4460691284345223,0
3066,1,0,0.5514632861677983,1
3067,3,1,0.9440093679196179,1
3068,3,0,0.24449173981641537,0
3069,0,0,0.1070337472151593,0
3070,2,1,0.9888472363393113,1
3071,3,0,0.27997874603266115,0
3072,1,0,0.19966872028018814,0
3073,3,0,0.18996727940199973,0
3074,1,1,0.5246541443721252,1
3075,1,1,0.98574439690362,1
3076,1,1,0.8851092521552039,1
3077,1,1,0.9778269376664613,1
3078,1,1,0.9767075202970485,1
3079,4,0,0.47701091535469203,0
3080,2,1,0.5556931003546353,1
3081,2,1,0.9818395629777504,1
3082,2,1,0.9818805820626402,1
3083,1,1,0.9557930475394293,1
3084,1,1,0.9568544513117446,1
3085,4,1,0.5814322350699413,1
3086,0,0,0.6256406677005386,1
3087,4,0,0.2197256296172424,0
3088,1,0,0.1645988351407911,0
3089,2,1,0.5449854302391701,1
3090,0,0,0.12707957667293174,0
3091,0,1,0.20129025865434955,0
3092,4,0,0.17967890174986775,0
3093,4,1,0.8825411657785972,1
3094,4,1,0.89815956218536,1
3095,4,1,0.9567364558625715,1
3096,4,1,0.9851043227635794,1
3097,4,0,0.15459828838202735,0
3098,4,0,0.17760887612396667,0
3099,2,1,0.5858467317221225,1
3100,2,0,0.6292288961597655,1
3101,0,1,0.6309659527877662,1
3102,4,0,0.6675600212770968,1
3103,0,0,0.4805114466869171,0
3104,3,1,0.9631694944875596,1
3105,1,1,0.666832126445178,1
3106,3,0,0.6011415162684886,1
3107,4,0,0.20037895792605637,0
3108,4,1,0.9848857514250257,1
3109,4,0,0.3417257533179791,0
3110,4,1,0.6302881634821438,1
3111,4,1,0.3743432609899381,0
3112,4,1,0.5409290355315739,1
3113,1,0,0.6224177346147571,1
3114,3,0,0.5347224664225425,1
3115,4,1,0.19482398296437534,0
3116,0,1,0.9604403885514362,1
3117,0,1,0.964285102940075,1
3118,0,1,0.9617364787815376,1
3119,3,0,0.2296811321692774,0
3120,2,0,0.20591074746775084,0
3121,1,1,0.5585686453904835,1
3122,1,0,0.5771852143287469,1
3123,3,0,0.28060747237222483,0
3124,4,1,0.6184611038068699,1
3125,4,0,0.13738564588021623,0
3126,4,0,0.14440266198910415,0
3127,2,1,0.5900107488542651,1
3128,1,1,0.9557930475394293,1
3129,4,0,0.16898374751111103,0
3130,0,0,0.6319282292715128,1
3131,1,0,0.5587172087242792,1
3132,2,1,0.5449854302391701,1
3133,1,0,0.16248110109425587,0
3134,4,0,0.15567739293209815,0
3135,0,0,0.2028961270424116,0
3136,4,1,0.630692653063215,1
3137,0,1,0.9608894570643006,1
3138,2,0,0.6292288961597655,1
3139,3,1,0.6018740167890132,1
3140,4,1,0.9548126825569712,1
3141,0,1,0.9714865088636649,1
3142,0,0,0.30858012998934853,0
3143,4,1,0.5670683197348501,1
3144,4,1,0.6104033818366361,1
3145,4,1,0.5987391015199408,1
3146,4,1,0.5630566942308545,1
3147,2,1,0.49128410607779166,0
3148,2,0,0.6206767980624416,1
3149,4,1,0.9672986302027617,1
3150,2,0,0.4485988560798094,0
3151,0,1,0.6553596377279546,1
3152,0,0,0.5464586792793585,1
3153,0,1,0.25233652730418427,0
3154,2,1,0.6232416865281036,1
3155,3,0,0.6403020927799347,1
3156,3,1,0.5808446924512052,1
3157,3,0,0.6231481129198163,1
3158,1,0,0.17179260487331593,0
3159,1,0,0.12418003914833332,0
3160,0,1,0.6320752201461232,1
3161,0,0,0.18886655849867143,0
3162,2,1,0.5817206190031476,1
3163,1,0,0.11204407784705633,0
3164,1,1,0.9763341713045889,1
3165,1,1,0.7789673417778158,1
3166,4,0,0.5813340525240566,1
3167,3,0,0.18515007547611434,0
3168,4,1,0.5182113550853021,1
3169,2,1,0.9570235675372168,1
3170,4,0,0.13405022764871036,0
3171,3,0,0.6213800170740745,1
3172,0,0,0.16804000342874223,0
3173,0,1,0.7593650845449429,1
3174,0,1,0.841345660425177,1
3175,3,1,0.5939161530016966,1
3176,3,0,0.16386150733540422,0
3177,0,0,0.21665892448462104,0
3178,3,0,0.32140362576879417,0
3179,2,1,0.9818805820626402,1
3180,2,1,0.27600982635266114,0
3181,3,1,0.5231044752371254,1
3182,3,1,0.9566051843617888,1
3183,1,0,0.18622091635537455,0
3184,3,0,0.1251309092715701,0
3185,1,1,0.6004418819772456,1
3186,4,0,0.30409161267282736,0
3187,4,1,0.6104033818366361,1
3188,0,1,0.5819306087626447,1
3189,4,0,0.5858415967009709,1
3190,4,1,0.9762461076845624,1
3191,4,1,0.886622994828807,1
3192,4,1,0.9082200119263016,1
3193,4,0,0.2704499340474162,0
3194,0,0,0.19581225836695232,0
3195,2,0,0.21378771455961748,0
3196,2,0,0.17861838420923712,0
3197,3,1,0.1927701156839545,0
3198,0,1,0.7990213443997487,1
3199,0,1,0.9794163494221881,1
3200,0,1,0.5060101216585524,1
3201,0,1,0.9003404648198993,1
3202,0,0,0.5234581271203278,1
3203,0,1,0.6380054223698727,1
3204,2,0,0.18044113161151204,0
3205,1,0,0.21080479112723496,0
3206,2,1,0.17916767693169422,0
3207,2,1,0.5382475855853092,1
3208,4,0,0.5776138959184912,1
3209,4,0,0.5776138959184912,1
3210,1,1,0.9600264491395193,1
3211,2,1,0.6323404091950611,1
3212,0,1,0.9635732356742461,1
3213,3,1,0.6403020927799347,1
3214,1,0,0.43892045958928,0
3215,2,1,0.9690674700999183,1
3216,0,0,0.2801823881797939,0
3217,0,0,0.6309659527877662,1
3218,0,0,0.15991650101263494,0
3219,4,0,0.14490511462867076,0
3220,2,1,0.5955932643367045,1
3221,3,1,0.9599884641231579,1
3222,0,0,0.6309659527877662,1
3223,0,1,0.651688710219934,1
3224,3,0,0.24229963112386302,0
3225,2,1,0.9655280129662634,1
3226,2,0,0.3345813337267784,0
3227,2,1,0.9794408010328409,1
3228,2,1,0.9661269047129186,1
3229,0,1,0.9795633797783158,1
3230,0,0,0.3325915034627181,0
3231,0,1,0.7157959123740094,1
3232,4,1,0.5514549938937258,1
3233,4,1,0.5514549938937258,1
3234,4,1,0.5514549938937258,1
3235,4,0,0.31072501870227354,0
3236,1,0,0.841343716865356,1
3237,1,0,0.48354799939401255,0
3238,3,0,0.4952297481565591,0
3239,1,0,0.6004418819772456,1
3240,4,1,0.6763068185110773,1
3241,2,0,0.27566643043414996,0
3242,2,1,0.8389434454267743,1
3243,2,1,0.6858225990458411,1
3244,3,1,0.5401668280345964,1
3245,1,0,0.18605845426341647,0
3246,1,0,0.8130628582658666,1
3247,1,0,0.2514427432404682,0
3248,4,0,0.1537810396255419,0
3249,4,1,0.9557701271926488,1
3250,2,1,0.7288855876695018,1
3251,2,1,0.1920487090241633,0
3252,2,0,0.20298889544275825,0
3253,0,0,0.45899338842092446,0
3254,1,1,0.6778564603688352,1
3255,1,1,0.30735734107317403,0
3256,1,1,0.9863172645947662,1
3257,1,1,0.9774674054975914,1
3258,3,1,0.9566051843617888,1
3259,3,0,0.21555689139218823,0
3260,3,0,0.5563799453536303,1
3261,1,0,0.4802556333773554,0
3262,1,1,0.5585686453904835,1
3263,3,1,0.49942578297769,0
3264,1,0,0.5585686453904835,1
3265,0,0,0.19250512816776552,0
3266,3,1,0.5939161530016966,1
3267,2,1,0.9793997819479511,1
3268,2,0,0.3246829308304181,0
3269,2,0,0.6063665644079759,1
3270,0,0,0.20073492890333364,0
3271,1,0,0.9590007233060684,1
3272,1,1,0.9591806919324091,1
3273,2,1,0.6292288961597655,1
3274,4,1,0.536642377183434,1
3275,4,1,0.5741493081180584,1
3276,4,1,0.5741493081180584,1
3277,4,0,0.4101832071120013,0
3278,2,1,0.7238654619864077,1
3279,3,1,0.9537318278374809,1
3280,1,1,0.9777930214570466,1
3281,1,1,0.760697457122439,1
3282,1,1,0.9591806919324091,1
3283,3,0,0.17491909101285377,0
3284,2,1,0.5893982086438276,1
3285,1,1,0.6224801642296921,1
3286,2,0,0.11632584721250264,0
3287,2,1,0.9578446808235573,1
3288,4,0,0.13566185829868066,0
3289,0,0,0.1880159935367863,0
3290,2,0,0.15579085264479642,0
3291,2,1,0.9565122685115965,1
3292,4,1,0.9330977378245204,1
3293,1,0,0.2030076511119897,0
3294,2,0,0.27265159013239554,0
3295,3,1,0.612517541329717,1
3296,1,1,0.9557930475394293,1
3297,4,1,0.7311503922971729,1
3298,4,1,0.9784741438375338,1
3299,4,1,0.9679096369479105,1
3300,1,0,0.5596059812157941,1
3301,4,0,0.2792421309548018,0
3302,0,1,0.5302179319471318,1
3303,4,0,0.6034510464909806,1
3304,4,0,0.6126720864852465,1
3305,4,0,0.6182414016503813,1
3306,4,0,0.25092630799821475,0
3307,4,1,0.9760080408266673,1
3308,3,0,0.16253922281971414,0
3309,3,1,0.15113766479769575,0
3310,3,1,0.6415489897785719,1
3311,3,0,0.10071438038789955,0
3312,0,1,0.9619789521716382,1
3313,2,0,0.15938054147994107,0
3314,2,1,0.5171304954294099,1
3315,1,1,0.9591806919324091,1
3316,1,1,0.2457621920279701,0
3317,0,0,0.1822081452900885,0
3318,4,0,0.0986140634840517,0
3319,4,1,0.5827057579079636,1
3320,3,0,0.5939161530016966,1
3321,0,1,0.5997765841118037,1
3322,2,1,0.5423296805742513,1
3323,4,0,0.45022932535738575,0
3324,0,0,0.16370065558062344,0
3325,1,1,0.9600264491395193,1
3326,4,1,0.4709088748475386,0
3327,3,0,0.11379357435033526,0
3328,4,0,0.20938952185223803,0
3329,2,1,0.1997879019562916,0
3330,1,0,0.14847946388334865,0
3331,0,1,0.9419001701095772,1
3332,0,0,0.21048718052043847,0
3333,2,1,0.1609645235433697,0
3334,0,1,0.609186135135532,1
3335,4,0,0.14082857288782305,0
3336,1,0,0.21707985602780278,0
3337,1,0,0.1759887242511485,0
3338,2,0,0.2012794126647518,0
3339,4,1,0.46354242660540085,0
3340,3,0,0.1542688474074087,0
3341,1,1,0.6096715930102555,1
3342,0,1,0.9799202624049672,1
3343,0,1,0.91201221482838,1
3344,2,0,0.464660947082008,0
3345,1,0,0.19532731321393093,0
3346,3,1,0.6396551084511025,1
3347,4,1,0.8766041795671378,1
3348,3,1,0.6447665318191358,1
3349,1,0,0.6001339435020779,1
3350,1,1,0.9590007233060684,1
3351,3,1,0.9578538849828709,1
3352,3,1,0.9444191640242983,1
3353,3,1,0.7840947602571328,1
3354,2,0,0.13678842021400514,0
3355,2,0,0.35117347278936795,0
3356,2,1,0.8410129324120531,1
3357,2,1,0.9817523319011028,1
3358,0,1,0.6320752201461232,1
3359,1,1,0.5881986537790649,1
3360,4,1,0.5267769238322589,1
3361,0,1,0.5048126509835482,1
3362,2,0,0.20163093082930403,0
3363,4,0,0.5877511162896032,1
3364,4,1,0.5308182914669095,1
3365,1,1,0.6518248522925097,1
3366,0,0,0.23693045001620086,0
3367,1,1,0.9763341713045889,1
3368,3,1,0.9774156722695911,1
3369,3,0,0.26003298634952776,0
3370,1,0,0.5484810556803582,1
3371,4,1,0.48640288628174205,0
3372,1,1,0.6221471965107527,1
3373,4,0,0.17023249213459715,0
3374,2,1,0.9579648046307453,1
3375,0,0,0.1923350698532447,0
3376,3,0,0.1613657350749357,0
3377,1,1,0.5228992176402582,1
3378,3,0,0.1414008780581296,0
3379,4,1,0.8184080299582672,1
3380,1,0,0.2161312970410129,0
3381,2,0,0.6145550343552026,1
3382,2,1,0.5858467317221225,1
3383,2,0,0.5044478637802121,1
3384,0,1,0.6266868658345155,1
3385,2,0,0.2004543854703968,0
3386,1,1,0.9557930475394293,1
3387,3,1,0.8775120150142801,1
3388,3,1,0.8740198309568745,1
3389,3,1,0.8745474183176647,1
3390,3,1,0.8775120150142801,1
3391,3,1,0.8775120150142801,1
3392,4,1,0.9851382703642302,1
3393,1,0,0.15381997074491072,0
3394,4,1,0.5776834940872133,1
3395,0,0,0.6309659527877662,1
3396,2,0,0.2138331767524739,0
3397,4,0,0.5886981184266913,1
3398,4,0,0.1971877246218782,0
3399,0,0,0.12041541849001278,0
3400,1,1,0.619306099869951,1
3401,1,1,0.6554479009539961,1
3402,2,0,0.5048828546927939,1
3403,2,1,0.6047833511420762,1
3404,2,1,0.9887314231138692,1
3405,4,1,0.9548126825569712,1
3406,0,1,0.6519496386706808,1
3407,4,1,0.9330977378245204,1
3408,4,1,0.9786784318561872,1
3409,3,0,0.44814164254159694,0
3410,1,1,0.21517986422428123,0
3411,2,0,0.20006065185733166,0
3412,4,1,0.5688845592643393,1
3413,1,0,0.8404706203224305,1
3414,2,0,0.1653793110834988,0
3415,2,1,0.9817523319011028,1
3416,4,1,0.9852898983368712,1
3417,4,0,0.3156729697473766,0
3418,3,1,0.9579822381941154,1
3419,0,0,0.2341808818988544,0
3420,3,1,0.9133807695992595,1
3421,3,1,0.9075897156307543,1
3422,3,1,0.9562865698868143,1
3423,3,1,0.1915711295045738,0
3424,0,0,0.11238316530610427,0
3425,3,0,0.16267459829015357,0
3426,3,1,0.7310595815343598,1
3427,0,1,0.9800551099677303,1
3428,0,1,0.3368749582713968,0
3429,0,1,0.9800551099677303,1
3430,0,0,0.25857926689083754,0
3431,4,0,0.40544209288342853,0
3432,1,0,0.6541382421995684,1
3433,1,1,0.7512111059416204,1
3434,1,0,0.1434049579780665,0
3435,3,0,0.4814259003677958,0
3436,1,0,0.1902604256119198,0
3437,1,0,0.13939873122590354,0
3438,1,1,0.5784082087932946,1
3439,1,0,0.18472998628814816,0
3440,1,1,0.6108539814293126,1
3441,1,1,0.663131433606643,1
3442,2,0,0.18579677342739379,0
3443,2,0,0.5598993586903819,1
3444,2,0,0.652223504096719,1
3445,3,1,0.9567306042620065,1
3446,3,0,0.12856681145536208,0
3447,3,1,0.9608143301118314,1
3448,3,1,0.9755332454928393,1
3449,3,1,0.9850019727705198,1
3450,3,1,0.9746171711405783,1
3451,3,0,0.5824593607359175,1
3452,2,0,0.5236652077675947,1
3453,3,0,0.6243669474359989,1
3454,3,0,0.6115704103286737,1
3455,3,1,0.5541030342102641,1
3456,3,0,0.61516131879597,1
3457,2,1,0.6950975769697272,1
3458,2,0,0.29744115730628357,0
3459,0,1,0.9608894570643006,1
3460,3,1,0.7310595815343598,1
3461,3,1,0.6089787677437547,1
3462,0,1,0.7399840176905232,1
3463,3,1,0.6168646448215739,1
3464,2,1,0.8947816750907798,1
3465,2,0,0.13485776013841477,0
3466,2,1,0.9444131997180243,1
3467,2,0,0.2203815026887543,0
3468,2,0,0.21301987210104567,0
3469,0,1,0.6320230942916125,1
3470,0,1,0.46798001795614236,0
3471,0,0,0.18817133786766876,0
3472,4,1,0.5730874464316832,1
3473,2,0,0.4600368509099062,0
3474,2,1,0.7463456630112116,1
3475,1,0,0.22092570788163968,0
3476,1,1,0.9645161659295993,1
3477,1,0,0.6508684682952521,1
3478,1,1,0.6230876009368355,1
3479,2,0,0.5261940974461737,1
3480,4,1,0.5556468957046132,1
3481,1,0,0.15403826305268392,0
3482,3,0,0.5112923967323618,1
3483,3,1,0.960198026456825,1
3484,3,0,0.23625553410020336,0
3485,3,1,0.9755305941556229,1
3486,4,1,0.9560775351847645,1
3487,0,1,0.9795392103566333,1
3488,0,1,0.9706956380375373,1
3489,4,0,0.09091074860274792,0
3490,0,0,0.19429423563308443,0
3491,0,1,0.2618603220080742,0
3492,3,0,0.23934932708045853,0
3493,0,0,0.4364439317050209,0
3494,2,1,0.5802389823141828,1
3495,2,0,0.7367205324625619,1
3496,0,0,0.6238476904339049,1
3497,0,1,0.9617364787815376,1
3498,3,1,0.7309151971445343,1
3499,2,0,0.19717570117834615,0
3500,2,1,0.7194913553054537,1
3501,0,1,0.7358500851090014,1
3502,4,1,0.6141678770828215,1
3503,0,1,0.1695709670904213,0
3504,4,1,0.9547045841045122,1
3505,4,0,0.2973651281274148,0
3506,4,1,0.5958249500801635,1
3507,3,0,0.15569451101020126,0
3508,2,1,0.6039214118203662,1
3509,3,0,0.10691389823291107,0
3510,2,1,0.6133027735717484,1
3511,2,1,0.4769539358758327,0
3512,4,1,0.5230412875691908,1
3513,4,1,0.6046717771645651,1
3514,4,1,0.22608821909588303,0
3515,3,0,0.1708634616601961,0
3516,2,0,0.6039214118203662,1
3517,3,0,0.3319264849117176,0
3518,1,1,0.9560321462610103,1
3519,1,1,0.9560321462610103,1
3520,4,1,0.532208938074916,1
3521,0,1,0.9856619566387939,1
3522,2,1,0.2405248244745711,0
3523,2,1,0.5329502686583272,1
3524,2,0,0.3651077774685702,0
3525,3,0,0.19812194628788604,0
3526,0,0,0.10448901640305305,0
3527,1,0,0.6230876009368355,1
3528,2,0,0.610999737466348,1
3529,2,0,0.11144231965102425,0
3530,1,1,0.956036840252073,1
3531,1,1,0.9057630690654944,1
3532,3,1,0.5631043487043769,1
3533,1,0,0.21917129250895082,0
3534,1,1,0.7217014979344284,1
3535,3,1,0.61516131879597,1
3536,4,1,0.7634316168718402,1
3537,1,1,0.9863172645947662,1
3538,4,1,0.5252561226523843,1
3539,4,0,0.8385576763480503,1
3540,4,1,0.8551510280139211,1
3541,0,0,0.1989926697543294,0
3542,4,0,0.21140642017106256,0
3543,0,0,0.19842746375426001,0
3544,1,0,0.23543463456756092,0
3545,4,1,0.7249433083536905,1
3546,1,0,0.1977130342557879,0
3547,3,1,0.956764058161246,1
3548,1,0,0.12447242020856955,0
3549,2,0,0.5314319069985598,1
3550,0,1,0.951549926380993,1
3551,3,0,0.138239559794629,0
3552,0,0,0.169126337264783,0
3553,4,0,0.17209506251113296,0
3554,0,0,0.5268863169145482,1
3555,4,1,0.9560775351847645,1
3556,3,0,0.22887347752766057,0
3557,0,0,0.23779270278926287,0
3558,1,1,0.15477129675646964,0
3559,2,1,0.48651911573997886,0
3560,4,0,0.13070828236983295,0
3561,2,0,0.21950367670675922,0
3562,3,0,0.1999628474451617,0
3563,1,0,0.2318436503645456,0
3564,4,0,0.5248493382915679,1
3565,2,1,0.15665236716805692,0
3566,4,1,0.4045258447085804,0
3567,1,0,0.21166920514984613,0
3568,4,0,0.1421597048531086,0
3569,2,0,0.1977196542271873,0
3570,0,1,0.615892499431619,1
3571,2,0,0.43047689135605993,0
3572,3,0,0.2248910440761663,0
3573,3,0,0.203063613514336,0
3574,3,0,0.3510985976158098,0
3575,3,1,0.9849129121689251,1
3576,3,1,0.8306180757473408,1
3577,3,1,0.9850019727705198,1
3578,3,1,0.9746171711405783,1
3579,3,1,0.5180623377508102,1
3580,3,1,0.9849981178684761,1
3581,2,0,0.2632070554601559,0
3582,0,1,0.9606471781931114,1
3583,3,1,0.5775719039336488,1
3584,4,1,0.6072564325495126,1
3585,1,1,0.270296316781333,0
3586,2,1,0.8527338684606152,1
3587,4,1,0.9591966836068555,1
3588,1,1,0.12680104375725804,0
3589,1,0,0.6604140069203034,1
3590,2,0,0.3119585495846096,0
3591,4,1,0.5034810173338145,1
3592,4,0,0.17217939199474058,0
3593,2,0,0.23710834314227763,0
3594,1,1,0.9524893219439817,1
3595,2,0,0.2044334431726771,0
3596,2,1,0.5286927995078985,1
3597,4,0,0.1601268772375864,0
3598,3,1,0.664011938712866,1
3599,3,0,0.664011938712866,1
3600,3,1,0.664011938712866,1
3601,4,1,0.48943854423286726,0
3602,3,1,0.7222979214185096,1
3603,3,0,0.7330717896409029,1
3604,3,1,0.9847202719780415,1
3605,1,1,0.9867474578839455,1
3606,0,1,0.9604967467215325,1
3607,0,0,0.127774476813647,0
3608,0,0,0.2378399158716026,0
3609,0,1,0.2409512262771594,0
3610,0,0,0.1691994746127242,0
3611,1,0,0.12719426120552205,0
3612,0,1,0.9859750537322926,1
3613,0,0,0.3567961859514572,0
3614,0,1,0.9859750537322926,1
3615,0,1,0.6267151945836692,1
3616,3,1,0.664011938712866,1
3617,3,1,0.7310595815343598,1
3618,3,1,0.5365921197172882,1
3619,1,0,0.6541382421995684,1
3620,1,0,0.15343427319579897,0
3621,1,1,0.6121601093328537,1
3622,4,1,0.3383237546364262,0
3623,2,0,0.6002516574077964,1
3624,4,1,0.7249433083536905,1
3625,2,1,0.8298465299292486,1
3626,1,0,0.6134320928642288,1
3627,1,0,0.611955983360727,1
3628,1,1,0.6508684682952521,1
3629,1,0,0.5976635149400061,1
3630,1,0,0.16770877403748824,0
3631,1,1,0.6508684682952521,1
3632,1,0,0.22651894722055047,0
3633,2,1,0.71771239635124,1
3634,2,1,0.9806599548174936,1
3635,2,0,0.18187847629076753,0
3636,1,1,0.6382045551634283,1
3637,4,1,0.7264610178076067,1
3638,3,1,0.30352620813589015,0
3639,3,0,0.24901393964822544,0
3640,3,0,0.5291025403682676,1
3641,2,1,0.71771239635124,1
3642,0,0,0.25832084094517044,0
3643,0,1,0.9636297610464477,1
3644,2,0,0.28854439976224067,0
3645,4,0,0.18737084891040953,0
3646,2,1,0.5663794698404654,1
3647,2,1,0.6054476496091645,1
3648,4,0,0.1874143304088616,0
3649,1,1,0.611955983360727,1
3650,1,1,0.6508684682952521,1
3651,2,1,0.22860663537406434,0
3652,4,0,0.16483704115137893,0
3653,1,0,0.2883476049975998,0
3654,1,1,0.3834087161118626,0
3655,0,0,0.16049164379213937,0
3656,0,1,0.8625626956280271,1
3657,0,0,0.14643662499413054,0
3658,2,0,0.18478592641047323,0
3659,3,1,0.29581216288266143,0
3660,4,1,0.5340327280712178,1
3661,0,1,0.7529527488354856,1
3662,3,0,0.7349634640574461,1
3663,3,0,0.15744719825299752,0
3664,2,1,0.5221652666210728,1
3665,2,1,0.9568013813875871,1
3666,2,1,0.9598564015853894,1
3667,2,1,0.9579922621559805,1
3668,4,0,0.18947010776245385,0
3669,1,0,0.12778595704078455,0
3670,4,0,0.5962987105356806,1
3671,0,0,0.7398508867903254,1
3672,3,0,0.1398249253674781,0
3673,2,0,0.6002516574077964,1
3674,0,0,0.14127209898549306,0
3675,3,0,0.2690092337245497,0
3676,0,0,0.1744484726356956,0
3677,1,1,0.31641133319555853,0
3678,0,0,0.21023967737977212,0
3679,4,0,0.7263936878485094,1
3680,0,1,0.7323956865471736,1
3681,2,0,0.16256644096724082,0
3682,1,0,0.1878015147968475,0
3683,2,0,0.17589290170502134,0
3684,1,1,0.6508684682952521,1
3685,3,0,0.23256194540404737,0
3686,0,1,0.9608894570643006,1
3687,3,1,0.5907041835920086,1
3688,1,0,0.23284446272659098,0
3689,3,1,0.5483012802405978,1
3690,4,1,0.7275527891564648,1
3691,4,0,0.37327708671685794,0
3692,2,1,0.5742961820192323,1
3693,2,1,0.5598993586903819,1
3694,0,0,0.1533911863379495,0
3695,4,0,0.612563530804738,1
3696,1,1,0.2889198182877745,0
3697,3,0,0.46925093372383214,0
3698,0,1,0.841345660425177,1
3699,3,1,0.16410439222474255,0
3700,0,1,0.7330595122170495,1
3701,2,1,0.7157076794514415,1
3702,0,1,0.5442121799326631,1
3703,1,1,0.6230876009368355,1
3704,2,0,0.23059551737706444,0
3705,1,1,0.7201308376227669,1
3706,0,0,0.17837929608946113,0
3707,0,0,0.16355915396212953,0
3708,0,0,0.15180263567357977,0
3709,4,1,0.580361750484063,1
3710,1,0,0.14984164911209746,0
3711,0,0,0.15784471809999567,0
3712,1,0,0.1637394714500802,0
3713,1,1,0.9768610773827077,1
3714,4,0,0.5527915451329002,1
3715,3,0,0.22963016690667049,0
3716,4,0,0.19416183461650524,0
3717,4,0,0.5527915451329002,1
3718,4,0,0.5527915451329002,1
3719,4,1,0.5789962417582468,1
3720,3,1,0.5501207156108717,1
3721,2,0,0.21092930046901268,0
3722,1,1,0.3952388869966094,0
3723,4,0,0.5063587205191636,1
3724,1,1,0.7194442413938362,1
3725,3,0,0.29752541712516206,0
3726,1,1,0.716585427594781,1
3727,4,1,0.6017603763388336,1
3728,4,1,0.71722673002283,1
3729,4,1,0.7211520796183124,1
3730,4,0,0.752198416354135,1
3731,4,1,0.5461157996211418,1
3732,4,1,0.6675661748207188,1
3733,4,0,0.6478199272016235,1
3734,4,0,0.6933985685089585,1
3735,4,1,0.14858455832644601,0
3736,2,1,0.5598993586903819,1
3737,2,1,0.5724959078321394,1
3738,2,0,0.5598993586903819,1
3739,1,0,0.7073769691016758,1
3740,2,1,0.5918835312266177,1
3741,4,1,0.7257263126804094,1
3742,2,1,0.5802389823141828,1
3743,2,0,0.6016357384442341,1
3744,1,1,0.7476174951587559,1
3745,1,1,0.716585427594781,1
3746,1,1,0.21446332695110373,0
3747,1,0,0.1530987243996066,0
3748,1,1,0.5454927172642143,1
3749,2,1,0.9564818319004459,1
3750,1,1,0.15245162865278167,0
3751,1,0,0.6214809033539043,1
3752,3,0,0.14128833109760355,0
3753,0,0,0.19424674247231297,0
3754,0,0,0.21046897871208636,0
3755,2,0,0.3067243698457357,0
3756,0,0,0.6196653789226223,1
3757,3,1,0.9564433842404506,1
3758,3,1,0.9562865698868143,1
3759,0,0,0.7000492971924172,1
3760,3,0,0.15420612262476063,0
3761,1,0,0.5202241840065825,1
3762,1,1,0.3819244145018719,0
3763,0,0,0.19086780215905047,0
3764,1,0,0.1516743199091702,0
3765,2,0,0.17217095263997906,0
3766,1,0,0.555886257119778,1
3767,1,1,0.9867474578839455,1
3768,0,1,0.6281473113404026,1
3769,3,1,0.664011938712866,1
3770,1,0,0.7073769691016758,1
3771,3,0,0.664011938712866,1
3772,3,0,0.7310595815343598,1
3773,3,0,0.664011938712866,1
3774,2,1,0.9817523319011028,1
3775,2,1,0.9690674700999183,1
3776,1,1,0.597305774620793,1
3777,2,1,0.14457886013772087,0
3778,3,0,0.6558309415043061,1
3779,2,1,0.6496638655191498,1
3780,1,0,0.17326053547500792,0
3781,3,1,0.7349634640574461,1
3782,2,0,0.7194913553054537,1
3783,1,0,0.18058673347175314,0
3784,3,0,0.6089787677437547,1
3785,2,1,0.8436188487694888,1
3786,2,1,0.9572359165314903,1
3787,2,1,0.9572359165314903,1
3788,4,0,0.1749916181416874,0
3789,4,0,0.202227883306925,0
3790,4,1,0.9055242089835656,1
3791,4,1,0.9570282120921862,1
3792,0,0,0.1031174008108396,0
3793,1,1,0.6410160155468513,1
3794,0,1,0.7358500851090014,1
3795,2,0,0.9572359165314903,1
3796,2,0,0.1242150388322713,0
3797,3,1,0.7310595815343598,1
3798,1,0,0.5271897492406218,1
3799,4,0,0.21682114007834524,0
3800,3,0,0.17108309502757132,0
3801,4,0,0.14910006992120886,0
3802,0,1,0.964285102940075,1
3803,0,1,0.964285102940075,1
3804,3,1,0.7222979214185096,1
3805,1,1,0.17495238793031975,0
3806,0,0,0.15026525687085748,0
3807,1,0,0.2990024455797661,0
3808,1,1,0.9768610773827077,1
3809,1,0,0.24304376007684653,0
3810,1,1,0.7518465837763088,1
3811,3,1,0.960198026456825,1
3812,3,1,0.975285346770587,1
3813,3,1,0.7063015368092672,1
3814,2,0,0.13634994631644054,0
3815,2,0,0.14653314736965442,0
3816,1,0,0.6230876009368355,1
3817,3,0,0.1436866599371239,0
3818,2,0,0.17407913497705968,0
3819,0,0,0.19572341477063893,0
3820,0,0,0.611328644400018,1
3821,3,1,0.8540206162076055,1
3822,2,1,0.3379446375425592,0
3823,0,1,0.307365605866993,0
3824,4,1,0.5937704036008272,1
3825,1,1,0.5352909122914137,1
3826,1,0,0.19154289757768433,0
3827,0,0,0.1590674503112824,0
3828,4,1,0.14588007146440726,0
3829,2,0,0.5161479156142301,1
3830,3,0,0.6089787677437547,1
3831,0,1,0.6124793955665266,1
3832,4,0,0.15947804830204695,0
3833,1,1,0.9661043801913556,1
3834,0,0,0.6110472788097933,1
3835,0,0,0.16104185792066733,0
3836,1,1,0.5488186289491693,1
3837,4,0,0.4522421701908334,0
3838,0,1,0.9861582767919401,1
3839,0,1,0.7976726740031059,1
3840,4,1,0.3777248384246071,0
3841,4,0,0.15032786048883745,0
3842,3,1,0.7310595815343598,1
3843,2,1,0.9796317834685766,1
3844,2,1,0.7424138431212414,1
3845,2,1,0.6769051083189733,1
3846,0,0,0.7399840176905232,1
3847,4,1,0.5689848185114177,1
3848,3,0,0.7328349365929459,1
3849,4,1,0.6141678770828215,1
3850,4,1,0.8385576763480503,1
3851,4,0,0.52578657577215,1
3852,4,1,0.9003778570473814,1
3853,4,1,0.9603514177932051,1
3854,0,0,0.5490819343362929,1
3855,1,1,0.9310516409947858,1
3856,1,1,0.9775473852602129,1
3857,1,0,0.6651589264188245,1
3858,1,1,0.7074082103766414,1
3859,2,0,0.10615927317492735,0
3860,0,0,0.20911480394424412,0
3861,0,0,0.1985368019879262,0
3862,1,0,0.5782051381376678,1
3863,4,1,0.9763827256650872,1
3864,0,0,0.6916676308249136,1
3865,1,0,0.31006852578743416,0
3866,1,0,0.16646565244938216,0
3867,1,1,0.26609762237825973,0
3868,1,1,0.978573248270792,1
3869,3,1,0.3722529936973533,0
3870,1,1,0.551820034405961,1
3871,3,1,0.6595279864312055,1
3872,1,0,0.16548694991195753,0
3873,0,1,0.9604403885514362,1
3874,0,0,0.6440636602832914,1
3875,4,0,0.4526562696406093,0
3876,2,0,0.22766257934914194,0
3877,4,1,0.19668466510656823,0
3878,2,1,0.7463456630112116,1
3879,0,1,0.4098007838690659,0
3880,3,1,0.9753287868394601,1
3881,3,1,0.7864450375990885,1
3882,4,0,0.4197154597213555,0
3883,2,0,0.20384657350891924,0
3884,4,0,0.21107643298731565,0
3885,2,1,0.9530973940610735,1
3886,2,1,0.6378300479026091,1
3887,0,1,0.9714865088636649,1
3888,0,0,0.6124793955665266,1
3889,0,1,0.9606471781931114,1
3890,0,0,0.10581371746028306,0
3891,0,1,0.7324321694354083,1
3892,0,0,0.14685990710501656,0
3893,0,0,0.5386768637779564,1
3894,0,1,0.9619789521716382,1
3895,2,1,0.7364691109909046,1
3896,2,0,0.1661732233777418,0
3897,2,0,0.1704325151016535,0
3898,3,0,0.2060427286862867,0
3899,3,1,0.9563839946955173,1
3900,3,1,0.9566051843617888,1
3901,3,1,0.144511409242832,0
3902,3,0,0.10878754583055608,0
3903,2,0,0.1767138010095171,0
3904,3,1,0.9579822381941154,1
3905,3,1,0.16073473842031996,0
3906,3,1,0.9736988409977966,1
3907,3,1,0.9847202719780415,1
3908,3,0,0.20618377898315718,0
3909,4,0,0.18410013020098157,0
3910,3,1,0.6730665254575183,1
3911,3,1,0.9432126172910553,1
3912,4,1,0.8736016194697,1
3913,4,1,0.8736016194697,1
3914,0,1,0.9470682971944657,1
3915,4,1,0.9677036050050705,1
3916,4,0,0.1349949265983253,0
3917,4,1,0.25566646072754323,0
3918,0,0,0.2114160941982923,0
3919,0,0,0.13528995156504198,0
3920,0,0,0.22473006883589206,0
3921,1,0,0.16341601590072655,0
3922,0,0,0.17869066254338034,0
3923,4,1,0.5728190220835084,1
3924,4,1,0.7595135728570552,1
3925,3,1,0.1427648429800093,0
3926,0,0,0.163484753394479,0
3927,4,0,0.13219639082921436,0
3928,4,1,0.960235596606016,1
3929,0,1,0.7358144047913274,1
3930,1,1,0.21252039676464404,0
3931,1,1,0.21723166018032836,0
3932,3,0,0.16207100391778817,0
3933,2,1,0.5837313767948749,1
3934,3,0,0.1974116627966548,0
3935,2,1,0.6094124857145079,1
3936,2,0,0.5598993586903819,1
3937,2,1,0.6039214118203662,1
3938,0,0,0.24414733045485762,0
3939,1,0,0.5068205143140712,1
3940,2,1,0.8861987127174686,1
3941,2,1,0.9888472363393113,1
3942,4,0,0.4161460278697006,0
3943,2,1,0.9898451444333772,1
3944,2,1,0.9898131337875361,1
3945,4,1,0.9678238073265513,1
3946,4,1,0.7275527891564648,1
3947,2,0,0.4741728999563565,0
3948,4,0,0.09725334363461433,0
3949,4,0,0.16380484851084684,0
3950,2,1,0.9660771928659276,1
3951,2,1,0.8587385596524236,1
3952,0,1,0.9606471781931114,1
3953,0,1,0.6738634742029213,1
3954,1,1,0.9632350254591642,1
3955,1,0,0.14931041188373706,0
3956,1,0,0.11222456638663375,0
3957,0,0,0.18687327363636458,0
3958,4,1,0.5914924350353349,1
3959,4,0,0.1610007641079015,0
3960,2,0,0.16627861162401217,0
3961,1,1,0.14751769916101923,0
3962,4,1,0.19363892228978807,0
3963,3,0,0.6550775210651478,1
3964,2,0,0.28350892922266696,0
3965,0,0,0.15409520880770375,0
3966,4,1,0.6363246898063626,1
3967,3,1,0.7819109143654941,1
3968,0,0,0.23496533911266154,0
3969,4,1,0.571946963666032,1
3970,0,1,0.9856619566387939,1
3971,0,0,0.1760925114577713,0
3972,2,1,0.8701876180895137,1
3973,4,1,0.9560775351847645,1
3974,4,0,0.12913208967600218,0
3975,4,1,0.22295628215299845,0
3976,1,1,0.7217014979344284,1
3977,2,0,0.08929798229752701,0
3978,1,1,0.5528608714664718,1
3979,1,1,0.9778269376664613,1
3980,1,1,0.49849270136502344,0
3981,2,0,0.13412393855736443,0
3982,2,1,0.3408729828319822,0
3983,4,0,0.1687160510016605,0
3984,1,0,0.11509235364360162,0
3985,1,1,0.9645161659295993,1
3986,1,0,0.153127733032454,0
3987,4,1,0.6085109355692858,1
3988,0,0,0.1275902843795668,0
3989,1,0,0.6268422477662267,1
3990,1,1,0.6230876009368355,1
3991,0,1,0.15790184582665026,0
3992,1,0,0.16217204727889248,0
3993,1,0,0.6230876009368355,1
3994,1,0,0.47936654826765257,0
3995,0,0,0.5095445904367608,1
3996,4,0,0.49719660623962947,0
3997,1,0,0.2889456772714315,0
3998,1,0,0.16022137905312378,0
3999,1,0,0.6866486802916699,1
4000,1,1,0.9560321462610103,1
4001,4,1,0.7275527891564648,1
4002,4,1,0.21393963916613654,0
4003,2,1,0.9690674700999183,1
4004,2,0,0.3555732292860317,0
4005,4,0,0.21870778792208612,0
4006,3,1,0.7349634640574461,1
4007,1,1,0.6268422477662267,1
4008,0,1,0.5669777938700906,1
4009,1,0,0.20973357967169043,0
4010,4,1,0.9263176273588146,1
4011,4,1,0.23351039132213353,0
4012,1,0,0.1607781087960217,0
4013,0,1,0.5532353055321958,1
4014,2,1,0.54239532281225,1
4015,3,0,0.5738560852170764,1
4016,1,1,0.9590007233060684,1
4017,2,0,0.71771239635124,1
4018,0,1,0.2363012760077408,0
4019,0,1,0.5464457132931841,1
4020,2,1,0.20455070723370347,0
4021,4,1,0.7407692330269772,1
4022,2,1,0.9395047400866706,1
4023,3,0,0.7309151971445343,1
4024,2,0,0.20605977542831616,0
4025,0,1,0.7399840176905232,1
4026,1,1,0.8433763191219414,1
4027,3,1,0.6495805717509671,1
4028,3,1,0.5501419631235371,1
4029,3,0,0.36800710172643375,0
4030,1,0,0.49862851820443826,0
4031,1,1,0.6262634721843205,1
4032,1,1,0.6365024406804518,1
4033,3,1,0.14621523371613163,0
4034,3,0,0.5385591575081727,1
4035,0,1,0.5565852833979553,1
4036,0,0,0.2045165120909372,0
4037,0,0,0.23441425410861694,0
4038,0,1,0.4129152736398272,0
4039,3,1,0.5354845617509194,1
4040,3,0,0.13459675614921696,0
4041,3,1,0.34460629324803577,0
4042,2,1,0.9565122685115965,1
4043,3,0,0.15538043128397172,0
4044,3,0,0.16860082765291537,0
4045,2,1,0.9065607205346464,1
4046,2,1,0.9565122685115965,1
4047,2,0,0.1426585517906561,0
4048,2,1,0.9623391530832446,1
4049,2,1,0.6103877310053023,1
4050,3,0,0.22785806104754658,0
4051,2,1,0.2458819345432555,0
4052,2,1,0.7463456630112116,1
4053,0,0,0.24036200515753384,0
4054,4,1,0.9271745152287582,1
4055,2,0,0.6769051083189733,1
4056,2,1,0.5341525165641111,1
4057,2,1,0.9806304065661532,1
4058,1,1,0.16280590341287882,0
4059,2,1,0.23496474032560738,0
4060,3,1,0.5745424727707115,1
4061,3,1,0.8571845139515972,1
4062,3,1,0.2613623945082767,0
4063,3,1,0.6495064992258613,1
4064,3,0,0.13715619542882235,0
4065,0,1,0.6288098304512695,1
4066,4,1,0.7264610178076067,1
4067,0,1,0.5992480638450991,1
4068,2,0,0.16649157283596627,0
4069,3,1,0.20160674653979965,0
4070,4,0,0.18417749322556534,0
4071,3,1,0.9599884641231579,1
4072,1,0,0.15505964022224336,0
4073,1,1,0.7194442413938362,1
4074,1,0,0.2050815166612712,0
4075,0,0,0.18108875402991298,0
4076,2,1,0.5579023445818487,1
4077,2,1,0.8175040267696619,1
4078,4,0,0.32884907309696587,0
4079,2,1,0.988863257409659,1
4080,0,0,0.22934616968849947,0
4081,3,1,0.4096649760898597,0
4082,3,0,0.49125215891861634,0
4083,3,1,0.5618507935056473,1
4084,3,0,0.42117099922923035,0
4085,0,1,0.9619789521716382,1
4086,3,1,0.15900857711964653,0
4087,0,1,0.42570007286938555,0
4088,4,1,0.6141678770828215,1
4089,0,0,0.17900158387660406,0
4090,4,1,0.5540784081854114,1
4091,0,1,0.7529527488354856,1
4092,2,1,0.9609883795799596,1
4093,3,0,0.19332346682031276,0
4094,0,0,0.14487174751592266,0
4095,0,1,0.6191171170381263,1
4096,0,0,0.35144211691564253,0
4097,0,1,0.8751266219716419,1
4098,0,1,0.6479448747608836,1
4099,0,1,0.42267229341750834,0
4100,0,1,0.9609434452172687,1
4101,0,0,0.1674291287116527,0
4102,1,0,0.1873609757914,0
4103,4,1,0.2536576791766589,0
4104,0,1,0.1998307087102068,0
4105,1,1,0.8780639613560092,1
4106,3,1,0.8505080364189895,1
4107,3,1,0.6656089508425129,1
4108,0,0,0.43091447252533477,0
4109,3,1,0.8504841721926684,1
4110,4,1,0.9604889264321937,1
4111,4,1,0.9567096834335469,1
4112,4,0,0.13400152200411364,0
4113,1,1,0.1634973510534942,0
4114,2,0,0.18257474008939809,0
4115,1,0,0.611955983360727,1
4116,3,0,0.1687653156005698,0
4117,4,0,0.15267953379209934,0
4118,4,0,0.18354625317063994,0
4119,3,1,0.7076913768554889,1
4120,4,0,0.4427446563591734,0
4121,2,0,0.17988185296851728,0
4122,0,1,0.918069017489494,1
4123,0,1,0.964285102940075,1
4124,3,1,0.6869206881415639,1
4125,3,1,0.7349634640574461,1
4126,0,0,0.6281473113404026,1
4127,4,0,0.21856220077114777,0
4128,0,0,0.23771495383283975,0
4129,3,0,0.4302544903883264,0
4130,2,1,0.9806599548174936,1
4131,1,1,0.7142356491693461,1
4132,0,1,0.9609299538217697,1
4133,1,1,0.5965278967755923,1
4134,2,0,0.18381726046883426,0
4135,0,1,0.20155282979305628,0
4136,4,0,0.23183434500302386,0
4137,1,0,0.1626126715635479,0
4138,1,1,0.9779925265424949,1
4139,4,1,0.9760080408266673,1
4140,4,1,0.4275118075571833,0
4141,1,0,0.10100706208114026,0
4142,3,1,0.9564433842404506,1
4143,3,0,0.1595335164262748,0
4144,3,0,0.2130681735750503,0
4145,2,1,0.58199880882833,1
4146,3,0,0.13441346782189967,0
4147,0,1,0.6680720686566073,1
4148,1,0,0.6393641254757083,1
4149,0,0,0.6064186079161086,1
4150,1,0,0.6365024406804518,1
4151,3,1,0.6215459297435729,1
4152,4,1,0.7275527891564648,1
4153,2,0,0.15756286582329443,0
4154,0,1,0.4710016119537114,0
4155,1,1,0.9762070651601453,1
4156,1,1,0.9641668159623923,1
4157,1,1,0.681349157717406,1
4158,4,0,0.5252339821210864,1
4159,4,0,0.1633780256577906,0
4160,1,0,0.19561758151968853,0
4161,1,0,0.14478861729054113,0
4162,1,1,0.9868749693473217,1
4163,1,1,0.5962664633470791,1
4164,1,1,0.34085141002727143,0
4165,4,1,0.7095388794724032,1
4166,0,1,0.6663797144751604,1
4167,0,1,0.596346652098376,1
4168,2,1,0.9817523319011028,1
4169,2,1,0.7539916461900982,1
4170,2,1,0.9817523319011028,1
4171,2,0,0.2678140671814214,0
4172,1,1,0.7504087802993581,1
4173,2,1,0.71771239635124,1
4174,3,0,0.34965866748027885,0
4175,4,1,0.4353748150084304,0
4176,0,1,0.1735607314695542,0
4177,0,1,0.6320230942916125,1
4178,0,1,0.9617364787815376,1
4179,0,0,0.1920173329786822,0
4180,3,1,0.960198026456825,1
4181,3,1,0.960198026456825,1
4182,3,0,0.6464902239711573,1
4183,3,0,0.9355186207644354,1
4184,3,0,0.2157027124138371,0
4185,3,0,0.25972251148857894,0
4186,0,0,0.22965746685395022,0
4187,0,1,0.5271331244278061,1
4188,3,1,0.960198026456825,1
4189,3,0,0.11782568175932767,0
4190,2,0,0.16139807718564556,0
4191,1,0,0.6864522878559236,1
4192,0,0,0.5053088395077763,1
4193,2,0,0.15317250895448029,0
4194,4,0,0.15713936579980048,0
4195,0,1,0.7330595122170495,1
4196,0,1,0.7358500851090014,1
4197,0,1,0.7330595122170495,1
4198,0,0,0.25999997380759815,0
4199,0,1,0.934032541456737,1
4200,2,0,0.15864422365672531,0
4201,4,0,0.5352250992667944,1
4202,4,0,0.12392106993478418,0
4203,4,0,0.6675661748207188,1
4204,4,1,0.6478199272016235,1
4205,4,1,0.6478199272016235,1
4206,4,0,0.7271779641890529,1
4207,4,1,0.71722673002283,1
4208,3,0,0.13387040787486038,0
4209,3,0,0.1285510228191215,0
4210,2,1,0.9576011434763237,1
4211,2,0,0.19834071854201754,0
4212,2,1,0.718713452745502,1
4213,2,0,0.151532977395715,0
4214,1,0,0.4847831518704215,0
4215,0,0,0.24598300825513247,0
4216,1,1,0.6212316283998778,1
4217,4,1,0.26041716506620166,0
4218,3,1,0.9562865698868143,1
4219,2,1,0.6080600663156334,1
4220,2,0,0.5957706941412997,1
4221,2,0,0.6802071041093571,1
4222,2,0,0.7193005374137569,1
4223,2,1,0.7185770847555341,1
4224,2,0,0.6525357926707799,1
4225,2,1,0.71771239635124,1
4226,2,1,0.5701026977483289,1
4227,2,0,0.22276241279755277,0
4228,2,0,0.655366185057226,1
4229,0,0,0.19623306945037433,0
4230,0,1,0.7358500851090014,1
4231,1,0,0.653913069223325,1
4232,2,1,0.46311975112429643,0
4233,2,0,0.6634288844971735,1
4234,2,0,0.5286640583956097,1
4235,2,0,0.2412553450768941,0
4236,3,0,0.1777619090882205,0
4237,2,0,0.13896809907306945,0
4238,2,1,0.5216689644819519,1
4239,1,1,0.6016703554469307,1
4240,1,1,0.7661890540785266,1
4241,3,1,0.8505080364189895,1
4242,1,1,0.9768610773827077,1
4243,1,1,0.9867474578839455,1
4244,3,0,0.16222145127727727,0
4245,1,1,0.7217014979344284,1
4246,2,0,0.5598993586903819,1
4247,2,1,0.7307925206420446,1
4248,4,0,0.1884920910052951,0
4249,2,0,0.1695456254990468,0
4250,3,0,0.16683745936671313,0
4251,3,0,0.20201314133485634,0
4252,0,1,0.22135159656315112,0
4253,3,1,0.6969745888398042,1
4254,3,0,0.2290255903213066,0
4255,0,0,0.16358264220045904,0
4256,2,1,0.9692390916850351,1
4257,3,1,0.7309151971445343,1
4258,3,1,0.9588165394366691,1
4259,0,1,0.5316700343465205,1
4260,3,0,0.18444839551497977,0
4261,3,0,0.5069670792022292,1
4262,4,0,0.20579113097826104,0
4263,2,0,0.15871641193208855,0
4264,2,1,0.684208748128161,1
4265,2,1,0.7182297136737019,1
4266,0,1,0.9716521075571599,1
4267,0,1,0.9796988317268263,1
4268,0,0,0.11275840150765332,0
4269,4,1,0.6072564325495126,1
4270,2,1,0.56174661019036,1
4271,4,1,0.22737564276817235,0
4272,0,0,0.20848947609690704,0
4273,3,1,0.5467527071811016,1
4274,4,1,0.32194648854836994,0
4275,2,0,0.23092416004303615,0
4276,3,0,0.1683425933989691,0
4277,0,0,0.5169800222931316,1
4278,4,0,0.18906967063987934,0
4279,1,1,0.22237978787235527,0
4280,3,1,0.600414576015871,1
4281,4,0,0.24770858632351855,0
4282,2,1,0.9790024386178268,1
4283,3,1,0.9849129121689251,1
4284,3,0,0.48924108499539687,0
4285,0,0,0.41154633349481606,0
4286,4,0,0.17581284154623195,0
4287,3,0,0.12480785005453766,0
4288,4,1,0.9783882602230183,1
4289,4,0,0.12234653310929713,0
4290,1,1,0.9788034383432247,1
4291,2,1,0.718713452745502,1
4292,0,0,0.1862826384255428,0
4293,4,1,0.18990712290308173,0
4294,2,0,0.21277445516630802,0
4295,3,0,0.18126415225892265,0
4296,3,0,0.17252768573353955,0
4297,4,1,0.695783111879555,1
4298,1,1,0.9557930475394293,1
4299,0,1,0.540326167154117,1
4300,0,1,0.6474014483303312,1
4301,0,0,0.13756483958000668,0
4302,1,0,0.2149920782519409,0
4303,1,0,0.15100276558276654,0
4304,1,1,0.8433763191219414,1
4305,1,1,0.9057630690654944,1
4306,1,1,0.9557211170277505,1
4307,1,1,0.9557211170277505,1
4308,1,1,0.9599722477718264,1
4309,3,1,0.5336945597516917,1
4310,3,0,0.14696789019077539,0
4311,3,0,0.2659697296570916,0
4312,3,1,0.6111131420467488,1
4313,3,0,0.12459247102990129,0
4314,1,1,0.967064682773418,1
4315,1,1,0.7194442413938362,1
4316,3,1,0.6089787677437547,1
4317,1,0,0.16187920077997633,0
4318,0,1,0.7831244622591371,1
4319,0,0,0.3325372625435658,0
4320,0,0,0.22128183746731583,0
4321,2,0,0.15626597016619037,0
4322,4,0,0.2370216546351843,0
4323,4,0,0.17805016351720213,0
4324,1,0,0.17817636793622812,0
4325,4,1,0.1689606080034572,0
4326,1,0,0.3203948010253951,0
4327,1,0,0.14188564356065117,0
4328,0,1,0.7358500851090014,1
4329,4,1,0.5835140904006378,1
4330,2,1,0.9658708713317178,1
4331,0,1,0.7191950660400311,1
4332,2,0,0.1844410365867684,0
4333,1,0,0.7188962632672983,1
4334,0,1,0.6590339190715248,1
4335,0,1,0.6410611024187899,1
4336,2,1,0.6300183965238103,1
4337,1,0,0.15960564832900104,0
4338,0,1,0.7794318943813603,1
4339,0,1,0.9859189474815759,1
4340,4,1,0.6782465780705953,1
4341,0,1,0.9859189474815759,1
4342,0,1,0.9794163494221881,1
4343,0,0,0.2827096999829359,0
4344,0,1,0.9859189474815759,1
4345,4,1,0.6511102167153071,1
4346,1,1,0.21834697905270722,0
4347,1,1,0.9785138641313117,1
4348,4,1,0.9763788511065821,1
4349,4,1,0.9761861904111856,1
4350,4,0,0.20238921514833647,0
4351,4,0,0.26052094184710145,0
4352,4,0,0.1950994579608986,0
4353,1,0,0.18709419579881356,0
4354,4,0,0.19908356695939528,0
4355,2,1,0.6130233925164335,1
4356,2,0,0.1807949285374195,0
4357,0,1,0.28812731185285534,0
4358,2,1,0.19778186266775227,0
4359,4,0,0.17590771423723126,0
4360,2,0,0.21512522834742975,0
4361,0,1,0.4977470181891385,0
4362,0,1,0.5281407221072244,1
4363,4,1,0.8101910467123593,1
4364,4,1,0.9762461076845624,1
4365,4,1,0.21358798243650776,0
4366,4,1,0.2126483771238242,0
4367,3,0,0.15434773519867023,0
4368,3,0,0.14861302062433382,0
4369,0,1,0.5756957273468238,1
4370,1,1,0.5683960174497213,1
4371,2,0,0.25015999634901254,0
4372,2,1,0.8298465299292486,1
4373,0,1,0.9790564684654116,1
4374,0,1,0.8641141759720178,1
4375,4,0,0.22229376977598725,0
4376,3,0,0.664011938712866,1
4377,3,0,0.24207900017495854,0
4378,2,0,0.14265639493166138,0
4379,2,0,0.23929236122255507,0
4380,3,0,0.20635238814516452,0
4381,3,1,0.5358276525859152,1
4382,4,0,0.6498778864920014,1
4383,4,1,0.6023137777432865,1
4384,4,0,0.6023137777432865,1
4385,3,0,0.10004902933283771,0
4386,4,0,0.6023137777432865,1
4387,4,0,0.5527915451329002,1
4388,1,0,0.240616949015584,0
4389,1,1,0.9688294128123783,1
4390,2,1,0.5469005543459449,1
4391,4,1,0.71722673002283,1
4392,4,1,0.71722673002283,1
4393,4,1,0.7249433083536905,1
4394,4,1,0.6675661748207188,1
4395,4,1,0.7271779641890529,1
4396,4,1,0.752198416354135,1
4397,4,0,0.46492802476007944,0
4398,2,0,0.6094124857145079,1
4399,1,1,0.7074082103766414,1
4400,4,1,0.9849668889674406,1
4401,4,1,0.9851382703642302,1
4402,3,0,0.6535490658441276,1
4403,3,0,0.403497091504603,0
4404,0,1,0.5698223698575341,1
4405,0,0,0.35275165620593046,0
4406,4,0,0.18639690212474236,0
4407,0,1,0.34229810292104934,0
4408,1,0,0.5698676403404175,1
4409,2,1,0.9614280518993207,1
4410,2,1,0.856451217019046,1
4411,1,0,0.15916287506750915,0
4412,4,1,0.45397454724441877,0
4413,2,1,0.5671415322738241,1
4414,3,1,0.4698358447637183,0
4415,1,1,0.9641668159623923,1
4416,0,0,0.16022978330003074,0
4417,1,0,0.16493404358673694,0
4418,2,0,0.164048259382699,0
4419,2,1,0.9886686303175487,1
4420,0,1,0.5067467085744742,1
4421,1,1,0.9057630690654944,1
4422,1,0,0.11842874405275396,0
4423,1,1,0.9568544513117446,1
4424,3,1,0.9564433842404506,1
4425,3,0,0.6691438617861644,1
4426,1,0,0.10259766676629187,0
4427,4,0,0.6072564325495126,1
4428,4,1,0.60478406670527,1
4429,3,0,0.21134148551888265,0
4430,3,0,0.14126940889350095,0
4431,4,1,0.7238867562258382,1
4432,2,0,0.5006707622131832,1
4433,1,0,0.14952383212138798,0
4434,4,1,0.6008813231010519,1
4435,1,0,0.20944553853870468,0
4436,1,0,0.6230876009368355,1
4437,2,0,0.6039214118203662,1
4438,1,1,0.6593586494355367,1
4439,4,1,0.4570117743850228,0
4440,1,1,0.7194442413938362,1
4441,4,1,0.2351492943905523,0
4442,4,0,0.20946607927297256,0
4443,3,0,0.16748667807776701,0
4444,3,1,0.4559050967661321,0
4445,3,1,0.4807675556534692,0
4446,3,1,0.3077805284780068,0
4447,3,1,0.974652259005292,1
4448,3,1,0.47907230218389396,0
4449,2,0,0.16946427443714734,0
4450,2,1,0.9566842239425225,1
4451,3,0,0.239485590140123,0
4452,3,1,0.925404059962484,1
4453,3,1,0.9617106886240274,1
4454,3,1,0.8237942747450829,1
4455,1,1,0.36591485149480063,0
4456,0,0,0.18367197472689134,0
4457,0,0,0.2704262595074374,0
4458,1,1,0.18177741044003465,0
4459,2,1,0.9576011434763237,1
4460,2,1,0.9011444508302333,1
4461,2,1,0.8954503426103116,1
4462,3,1,0.5662181546981114,1
4463,0,1,0.7799951316066447,1
4464,0,1,0.9800551099677303,1
4465,1,0,0.34957837806664466,0
4466,3,0,0.43585631252151386,0
4467,0,0,0.3140766000401286,0
4468,0,0,0.19657481075310326,0
4469,4,0,0.31673010312393757,0
4470,2,0,0.16311328687388824,0
4471,1,0,0.28714458241155644,0
4472,3,1,0.9566455373469528,1
4473,3,1,0.9855234006336078,1
4474,3,1,0.9855592516867212,1
4475,2,0,0.13847474587826378,0
4476,4,0,0.19356893905540726,0
4477,2,0,0.1871833141169519,0
4478,4,1,0.9559217969282727,1
4479,0,1,0.32855704802071106,0
4480,2,1,0.5336216714129753,1
4481,1,1,0.7194442413938362,1
4482,1,1,0.5235440075205166,1
4483,1,1,0.74491936710606,1
4484,4,0,0.19461106989497987,0
4485,0,1,0.18204410539696247,0
4486,1,1,0.9632350254591642,1
4487,1,1,0.9632350254591642,1
4488,1,0,0.13398489603338393,0
4489,1,1,0.9632350254591642,1
4490,3,1,0.5090122954677085,1
4491,3,1,0.7309151971445343,1
4492,0,0,0.33022120945537764,0
4493,1,0,0.15370753560702438,0
4494,1,1,0.6590206034083541,1
4495,2,1,0.9597238650853978,1
4496,1,0,0.18401764751674454,0
4497,1,0,0.21623331327306652,0
4498,1,1,0.9863172645947662,1
4499,1,0,0.2191592149014415,0
4500,2,1,0.17259427396620847,0
4501,1,1,0.9557211170277505,1
4502,4,1,0.9783882602230183,1
4503,4,1,0.9672053805855456,1
4504,4,0,0.2159020753606602,0
4505,3,0,0.15990125153408016,0
4506,0,0,0.4382187314542263,0
4507,4,1,0.3374154810468155,0
4508,0,1,0.7358144047913274,1
4509,2,0,0.147275814768346,0
4510,2,1,0.7474359324847115,1
4511,0,0,0.17678628731298357,0
4512,4,1,0.4704208119118998,0
4513,3,1,0.672812995597459,1
4514,2,1,0.6803168442263972,1
4515,2,1,0.7193005374137569,1
4516,1,1,0.9590007233060684,1
4517,1,1,0.9632350254591642,1
4518,1,1,0.9600264491395193,1
4519,1,0,0.6268422477662267,1
4520,1,0,0.16124403815266788,0
4521,4,1,0.18915291859653788,0
4522,2,1,0.655366185057226,1
4523,2,1,0.7160031494866423,1
4524,4,0,0.1437050815208015,0
4525,0,0,0.17109477949552665,0
4526,4,0,0.20147734046968815,0
4527,3,1,0.8311753974203592,1
4528,2,1,0.747898117875984,1
4529,0,1,0.20966884830857874,0
4530,3,0,0.28212305524890047,0
4531,0,1,0.22109280587047278,0
4532,0,1,0.9606920291379584,1
4533,0,1,0.9675087118356391,1
4534,0,1,0.9620238031164852,1
4535,0,1,0.7317026169441553,1
4536,0,1,0.9124011667070152,1
4537,3,0,0.16092915272093233,0
4538,4,1,0.7288119543672669,1
4539,0,1,0.17462756082308817,0
4540,1,0,0.15253755852986436,0
4541,1,0,0.18940574372269667,0
4542,2,1,0.9580474031231839,1
4543,1,0,0.18443698225754132,0
4544,1,1,0.9294536693969648,1
4545,2,1,0.7472111137782979,1
4546,0,1,0.542467494264917,1
4547,3,0,0.2452674636779699,0
4548,4,1,0.7746913953401922,1
4549,0,1,0.9862061048181343,1
4550,0,0,0.4135086371587925,0
4551,0,0,0.20595059746937322,0
4552,4,0,0.1357217304628404,0
4553,3,1,0.8496352719958051,1
4554,1,0,0.17310819288208615,0
4555,3,1,0.7330717896409029,1
4556,4,1,0.5488775825327284,1
4557,3,1,0.14919044539531512,0
4558,1,1,0.22230024323172967,0
4559,1,1,0.31322506896749697,0
4560,4,1,0.4415579527018246,0
4561,4,0,0.21844411434815653,0
4562,3,1,0.21920884532705848,0
4563,0,0,0.19371100237149091,0
4564,3,0,0.49868112967403455,0
4565,4,0,0.23240245269922957,0
4566,1,0,0.15580357259566754,0
4567,2,1,0.6749528183704913,1
4568,1,1,0.5047144185815741,1
4569,3,0,0.3955251643681492,0
4570,1,0,0.5218672157054244,1
4571,1,1,0.35443425547327945,0
4572,1,1,0.20020475465345955,0
4573,1,1,0.9568544513117446,1
4574,4,1,0.19355423384338338,0
4575,1,0,0.1396237181942126,0
4576,0,0,0.20141999597985097,0
4577,0,0,0.1722997029513696,0
4578,1,0,0.1316328908510528,0
4579,2,1,0.676623604042756,1
4580,3,0,0.4138050363816774,0
4581,3,1,0.6089787677437547,1
4582,2,0,0.676623604042756,1
4583,4,1,0.2676077495628517,0
4584,4,0,0.2598077186945208,0
4585,2,1,0.26976568658150274,0
4586,0,1,0.9798536765977938,1
4587,0,0,0.23576375057070487,0
4588,4,1,0.6658685056414502,1
4589,1,1,0.6009513420912314,1
4590,1,1,0.9768610773827077,1
4591,1,1,0.9857840009054918,1
4592,3,0,0.20414051733436736,0
4593,3,1,0.7701180626841144,1
4594,3,1,0.6595279864312055,1
4595,1,0,0.45620677631627254,0
4596,1,0,0.1201504133430656,0
4597,2,1,0.18791211664799573,0
4598,4,1,0.7263936878485094,1
4599,4,1,0.5234086540983324,1
4600,3,0,0.15263850355977063,0
4601,1,0,0.5088477873377901,1
4602,0,0,0.17833409856589313,0
4603,0,0,0.6080227081904661,1
4604,3,0,0.1818266074109629,0
4605,2,0,0.18847077725989264,0
4606,4,0,0.18605880660344776,0
4607,1,0,0.11284277500901688,0
4608,1,0,0.1567564919634588,0
4609,0,0,0.12079368709999648,0
4610,0,1,0.9620238031164852,1
4611,2,1,0.1436263527874216,0
4612,4,0,0.6085109355692858,1
4613,0,1,0.9620238031164852,1
4614,2,1,0.3413638017921318,0
4615,1,1,0.6541255521567528,1
4616,1,1,0.7472135557112769,1
4617,1,1,0.9599722477718264,1
4618,1,1,0.9557211170277505,1
4619,1,1,0.4780747256422758,0
4620,2,0,0.17814316249008377,0
4621,2,1,0.736114767181868,1
4622,1,1,0.9057630690654944,1
4623,1,1,0.9557211170277505,1
4624,1,1,0.8616536985390156,1
4625,1,1,0.9057630690654944,1
4626,4,1,0.9628197013304336,1
4627,4,1,0.9672053805855456,1
4628,4,1,0.7406282394114099,1
4629,2,1,0.4773527583806958,0
4630,4,1,0.9644682430390671,1
4631,3,1,0.9086318173295516,1
4632,3,0,0.158749495712344,0
4633,3,0,0.1410809169948014,0
4634,3,1,0.9608836822151748,1
4635,4,0,0.13052062239153714,0
4636,1,0,0.16423631680864528,0
4637,4,1,0.6092185741159434,1
4638,3,1,0.6124021418929474,1
4639,2,1,0.7182297136737019,1
4640,1,0,0.17100054151395622,0
4641,1,1,0.716585427594781,1
4642,1,1,0.7188093875263579,1
4643,4,1,0.9562292049203884,1
4644,2,1,0.6481684358461658,1
4645,2,0,0.26429813488982073,0
4646,2,0,0.3286125330652868,0
4647,0,1,0.6281473113404026,1
4648,0,0,0.6124793955665266,1
4649,3,0,0.6213769324044487,1
4650,1,1,0.6341884357985148,1
4651,3,1,0.956831549260489,1
4652,2,1,0.6464031831648523,1
4653,0,1,0.7358144047913274,1
4654,0,0,0.19976942349191523,0
4655,0,1,0.16904820455263908,0
4656,0,1,0.7194185350671571,1
4657,0,0,0.13308703801176427,0
4658,4,0,0.21867227230039157,0
4659,0,0,0.23317948778227052,0
4660,3,1,0.7974945652508759,1
4661,0,0,0.16567407888986355,0
4662,3,1,0.6495805717509671,1
4663,2,0,0.10175534928358354,0
4664,4,1,0.9580295933665395,1
4665,3,1,0.7328349365929459,1
4666,3,1,0.6530379830823032,1
4667,3,1,0.7353657488301938,1
4668,2,1,0.6009595714131847,1
4669,2,0,0.1435991212240769,0
4670,0,0,0.4855467870142641,0
4671,3,0,0.6215459297435729,1
4672,1,0,0.1469009452366741,0
4673,1,0,0.5782051381376678,1
4674,1,0,0.5782051381376678,1
4675,3,1,0.5601073931449649,1
4676,3,1,0.6500830108214785,1
4677,3,0,0.20918483771859894,0
4678,0,1,0.17453592933744802,0
4679,3,1,0.18420429627785484,0
4680,0,0,0.16701279390069376,0
4681,0,0,0.9706956380375373,1
4682,0,0,0.188089224245175,0
4683,4,0,0.17452287710031883,0
4684,3,1,0.18817047506060572,0
4685,1,1,0.9557930475394293,1
4686,3,1,0.9631114410071105,1
4687,2,1,0.7030558993279901,1
4688,0,0,0.15853073985669763,0
4689,0,1,0.6110472788097933,1
4690,1,0,0.6268422477662267,1
4691,1,1,0.9645161659295993,1
4692,2,0,0.16705541687868602,0
4693,3,1,0.9605584981819609,1
4694,3,1,0.9753287868394601,1
4695,3,0,0.25685248926971854,0
4696,0,0,0.1587496131457052,0
4697,3,1,0.9576362764632546,1
4698,0,1,0.960924345229889,1
4699,3,0,0.13594110885963673,0
4700,1,1,0.663131433606643,1
4701,0,1,0.7187272695032616,1
4702,2,0,0.17136814329624395,0
4703,1,1,0.9632350254591642,1
4704,1,0,0.1811086008750161,0
4705,0,0,0.14975180253648798,0
4706,2,1,0.9565814282539699,1
4707,0,1,0.615892499431619,1
4708,0,0,0.2022759142424493,0
4709,4,1,0.20254463700262176,0
4710,4,1,0.5172795029562015,1
4711,3,0,0.18850548375487194,0
4712,0,0,0.15907495170843447,0
4713,0,0,0.5121240272312342,1
4714,3,0,0.21511140843941826,0
4715,4,1,0.8534960525647227,1
4716,2,0,0.21295134953088704,0
4717,4,1,0.7249433083536905,1
4718,1,0,0.6350506052454281,1
4719,1,0,0.19874619422840528,0
4720,1,0,0.09010459456285407,0
4721,1,1,0.9568544513117446,1
4722,1,1,0.15588464907507785,0
4723,1,0,0.15735354602704246,0
4724,4,0,0.3305625751624858,0
4725,4,0,0.1831483319704227,0
4726,0,1,0.17378845459229214,0
4727,0,0,0.40738390262434737,0
4728,0,1,0.7398508867903254,1
4729,2,1,0.6690804457506371,1
4730,1,0,0.17570233237766833,0
4731,0,0,0.16064336805596546,0
4732,2,1,0.9580918585095045,1
4733,2,1,0.6588489650444909,1
4734,0,1,0.6440636602832914,1
4735,0,1,0.9617813297263845,1
4736,0,0,0.1478687914066393,0
4737,0,1,0.9609343080091477,1
4738,3,0,0.18562302202929679,0
4739,1,1,0.9800800847532473,1
4740,1,1,0.9664392003681213,1
4741,1,0,0.40489026676487855,0
4742,1,0,0.21094621228851057,0
4743,0,1,0.9798536765977938,1
4744,0,1,0.8138724521937992,1
4745,0,0,0.18093148341518303,0
4746,1,1,0.553229458131681,1
4747,3,0,0.12292407520338568,0
4748,3,1,0.854458966708704,1
4749,3,0,0.11644797472700774,0
4750,1,1,0.2833467979152363,0
4751,3,1,0.6017812313148765,1
4752,0,0,0.17995884858837485,0
4753,1,1,0.19428235599589244,0
4754,1,0,0.5782051381376678,1
4755,1,0,0.6410160155468513,1
4756,2,1,0.9614255674346823,1
4757,0,0,0.13028004289538322,0
4758,1,0,0.1850902931998711,0
4759,1,0,0.181478965946779,0
4760,0,0,0.6124793955665266,1
4761,4,0,0.8464561811139909,1
4762,4,0,0.16579848444472262,0
4763,2,1,0.5056785947619336,1
4764,0,0,0.11783501416620722,0
4765,1,1,0.13125255667369523,0
4766,0,0,0.14342332345746667,0
4767,0,1,0.7584738904133019,1
4768,0,0,0.5565852833979553,1
4769,0,0,0.6074939990703101,1
4770,0,1,0.5737942400787668,1
4771,0,0,0.6074939990703101,1
4772,1,0,0.1787326311276604,0
4773,0,1,0.5524749501925209,1
4774,4,0,0.1106199759353666,0
4775,2,0,0.23506323088026676,0
4776,0,1,0.9609299538217697,1
4777,1,1,0.6508684682952521,1
4778,1,1,0.5698150601898038,1
4779,0,1,0.5522698549527784,1
4780,3,1,0.8248024217906744,1
4781,1,1,0.5187373130526886,1
4782,0,1,0.6763293885902862,1
4783,1,1,0.7194442413938362,1
4784,0,1,0.6320230942916125,1
4785,1,1,0.182709089974001,0
4786,2,0,0.1852992918961032,0
4787,2,0,0.18146702369544462,0
4788,2,0,0.1909733461438624,0
4789,0,1,0.9865502132698605,1
4790,0,1,0.9862149574619339,1
4791,0,1,0.9798249829848044,1
4792,3,1,0.9753945862463752,1
4793,3,1,0.9849981178684761,1
4794,1,1,0.9557211170277505,1
4795,1,1,0.9568544513117446,1
4796,0,0,0.6117843456657635,1
4797,2,1,0.5422958441752733,1
4798,3,0,0.18956094158870226,0
4799,3,0,0.1678889858420705,0
4800,3,1,0.9855592516867212,1
4801,4,1,0.4878768858891794,0
4802,4,0,0.12313517044203039,0
4803,3,0,0.5466607716900651,1
4804,3,1,0.7252691264805037,1
4805,3,1,0.6094901513610317,1
4806,2,1,0.71771239635124,1
4807,1,0,0.12618179078237862,0
4808,4,1,0.5520767764637995,1
4809,4,0,0.6141678770828215,1
4810,4,1,0.6141678770828215,1
4811,0,0,0.4207770047109371,0
4812,0,0,0.4837062091045228,0
4813,4,1,0.66101695322077,1
4814,0,0,0.1414512319029178,0
4815,0,0,0.2012113200783708,0
4816,2,0,0.18704665824969569,0
4817,1,1,0.6544578751662204,1
4818,4,1,0.672270429448793,1
4819,4,1,0.7291867793346789,1
4820,3,1,0.9068692380734418,1
4821,3,0,0.10154592759841276,0
4822,3,1,0.9568667270132242,1
4823,3,1,0.9068692380734418,1
4824,3,1,0.61516131879597,1
4825,2,1,0.7182297136737019,1
4826,2,1,0.5103307413178284,1
4827,2,0,0.19700694576148234,0
4828,3,1,0.61516131879597,1
4829,4,1,0.9585925562776544,1
4830,1,0,0.1979046578527269,0
4831,0,0,0.256893082454323,0
4832,2,1,0.988863257409659,1
4833,2,1,0.5046529370485869,1
4834,0,1,0.18876352074079417,0
4835,2,0,0.4749564372166473,0
4836,4,0,0.1558552657278196,0
4837,3,1,0.9039732464208028,1
4838,2,1,0.9608992811508602,1
4839,2,0,0.22238369959967974,0
4840,3,1,0.6849615131586129,1
4841,3,1,0.4430237743097552,0
4842,0,1,0.3833005327644753,0
4843,3,1,0.25701765262106335,0
4844,3,0,0.15888661607106977,0
4845,0,0,0.48245306346946865,0
4846,1,0,0.20684048401125069,0
4847,3,1,0.9582121879504119,1
4848,3,1,0.9773552801904138,1
4849,3,0,0.11922507798340941,0
4850,4,0,0.1570301093675091,0
4851,0,0,0.18703732145443533,0
4852,4,1,0.8785509550710332,1
4853,0,1,0.9805301812649413,1
4854,4,1,0.6141678770828215,1
4855,1,1,0.8404706203224305,1
4856,0,1,0.6074939990703101,1
4857,0,1,0.1879938379793531,0
4858,3,1,0.5541030342102641,1
4859,1,0,0.15689014691734404,0
4860,4,0,0.4547915103394268,0
4861,0,0,0.1638456187521217,0
4862,1,0,0.16318891277670441,0
4863,1,1,0.611955983360727,1
4864,1,0,0.6268422477662267,1
4865,3,0,0.2210677518475368,0
4866,2,1,0.9566118648651206,1
4867,2,1,0.2618184090008448,0
4868,4,1,0.9670919648319073,1
4869,4,1,0.9782340861367672,1
4870,1,1,0.6212316283998778,1
4871,1,0,0.611955983360727,1
4872,3,1,0.5283373062878834,1
4873,4,0,0.15072955213672515,0
4874,2,0,0.8133434569768466,1
4875,2,0,0.1481547063258311,0
4876,2,1,0.6039214118203662,1
4877,2,0,0.2497576320513787,0
4878,4,0,0.19548395075120809,0
4879,3,1,0.664011938712866,1
4880,3,1,0.664011938712866,1
4881,3,1,0.6581499579463967,1
4882,4,0,0.39288350433936425,0
4883,3,0,0.1670346434892571,0
4884,1,1,0.23216510748885605,0
4885,4,0,0.171059879005646,0
4886,2,1,0.9817523319011028,1
4887,2,0,0.1340268094836253,0
4888,1,1,0.3060543042231748,0
4889,1,1,0.5679820182239245,1
4890,4,0,0.18857646064826775,0
4891,4,1,0.5383655266870445,1
4892,2,0,0.6133027735717484,1
4893,0,0,0.6110472788097933,1
4894,4,1,0.9782340861367672,1
4895,4,1,0.9780388695894141,1
4896,1,0,0.15253730018522474,0
4897,4,0,0.14410279662313127,0
4898,3,0,0.39736800323226185,0
4899,3,1,0.3901284115029913,0
4900,3,1,0.9524183175197085,1
4901,3,1,0.9608836822151748,1
4902,2,0,0.18626293387855353,0
4903,0,1,0.7021278032944304,1
4904,0,1,0.7398508867903254,1
4905,1,1,0.7217014979344284,1
4906,2,0,0.18186237141975198,0
4907,4,1,0.6121184138631662,1
4908,0,1,0.36267278733093883,0
4909,4,0,0.37725760230655747,0
4910,3,1,0.5221468248409507,1
4911,2,0,0.6130233925164335,1
4912,3,1,0.7310595815343598,1
4913,1,1,0.7194442413938362,1
4914,2,1,0.7030558993279901,1
4915,4,1,0.17197763392396298,0
4916,4,1,0.7271779641890529,1
4917,3,0,0.15250234929081538,0
4918,3,1,0.5967376665195694,1
4919,2,1,0.4784804995150704,0
4920,0,1,0.5923601241008202,1
4921,4,1,0.18840605937783644,0
4922,2,0,0.14735517856723668,0
4923,2,1,0.9566118648651206,1
4924,3,1,0.2361968092976276,0
4925,0,1,0.4865405999781737,0
4926,3,1,0.3665787435215013,0
4927,2,1,0.9790024386178268,1
4928,2,1,0.9792535917676862,1
4929,2,1,0.9543924100256835,1
4930,2,1,0.9107159010594729,1
4931,0,1,0.9604852394962831,1
4932,2,0,0.2127521039966285,0
4933,3,0,0.20115929867379473,0
4934,4,1,0.3573534754721031,0
4935,1,1,0.6651589264188245,1
4936,3,1,0.61516131879597,1
4937,0,1,0.7358500851090014,1
4938,3,1,0.2585185614666087,0
4939,0,0,0.20345960714629813,0
4940,2,0,0.24562359366637174,0
4941,0,0,0.32988867758746154,0
4942,1,1,0.5358334241525106,1
4943,1,1,0.5284492453475436,1
4944,4,0,0.29863717525021055,0
4945,0,1,0.9606920291379584,1
4946,1,0,0.5676184510845825,1
4947,1,0,0.16205907790362542,0
4948,0,0,0.18964838863825442,0
4949,1,1,0.2849792250367749,0
4950,1,1,0.18817179394252193,0
4951,2,1,0.9887314231138692,1
4952,3,0,0.1721384908981751,0
4953,2,1,0.7574730624813226,1
4954,0,0,0.2585754280522996,0
4955,1,1,0.21414089161078143,0
4956,1,1,0.2256434508336313,0
4957,1,1,0.7429403646187062,1
4958,1,1,0.3728886925111027,0
4959,1,1,0.49845732674349064,0
4960,3,0,0.1577623695299681,0
4961,1,0,0.12959290707310678,0
4962,4,1,0.8226730169666487,1
4963,1,1,0.6214809033539043,1
4964,2,1,0.7182297136737019,1
4965,3,1,0.7334607017995053,1
4966,3,1,0.753183203490373,1
4967,1,1,0.9645161659295993,1
4968,1,1,0.9762070651601453,1
4969,2,0,0.6829791431759293,1
4970,2,1,0.5598993586903819,1
4971,2,1,0.5598993586903819,1
4972,2,1,0.6016357384442341,1
4973,2,0,0.6133027735717484,1
4974,4,0,0.13857922901951428,0
4975,4,1,0.954888465640988,1
4976,4,1,0.6264593799356227,1
4977,3,1,0.9745302031938087,1
4978,2,0,0.12449173832232374,0
4979,4,1,0.9672986302027617,1
4980,3,1,0.4680277978604367,0
4981,1,1,0.8291481774947304,1
4982,0,0,0.16125061802240165,0
4983,0,1,0.9638190989535144,1
4984,1,1,0.8413666737988792,1
4985,1,0,0.28428442986166796,0
4986,4,1,0.9562292049203884,1
4987,0,1,0.9605415976663795,1
4988,2,1,0.19683293158336,0
4989,3,1,0.9568667270132242,1
4990,0,0,0.836662473960506,1
4991,3,1,0.5092282180123442,1
4992,3,0,0.31410026510197014,0
4993,4,1,0.17871983818535292,0
4994,4,1,0.7595135728570552,1
4995,4,1,0.5459355424075798,1
4996,0,1,0.45299867420682355,0
4997,2,0,0.18787194672873148,0
4998,2,1,0.718713452745502,1
4999,0,0,0.25141963782398224,0
5000,3,0,0.24893664632914875,0
5001,3,1,0.9765933217429887,1
5002,4,0,0.17402560312815926,0
5003,1,0,0.11486143651406314,0
5004,3,1,0.15092785679452514,0
5005,0,0,0.2639541302917434,0
5006,4,1,0.4992195466935593,0
5007,3,0,0.13344370459061053,0
5008,2,0,0.18489565685626452,0
5009,1,1,0.9856785367323093,1
5010,1,1,0.8012779719277402,1
5011,1,0,0.16513710548330368,0
5012,4,0,0.6348593376749911,1
5013,0,1,0.4411880280359651,0
5014,2,1,0.6002516574077964,1
5015,3,0,0.11161911419775238,0
5016,1,0,0.2016524473234642,0
5017,4,1,0.9559217969282727,1
5018,4,1,0.38757437686393387,0
5019,3,1,0.8496352719958051,1
5020,0,1,0.9605415976663795,1
5021,1,0,0.1770596930965948,0
5022,1,1,0.814579299386257,1
5023,4,1,0.9378581324875899,1
5024,4,1,0.4905781047856625,0
5025,4,1,0.610865061172474,1
5026,1,0,0.12703827673617105,0
5027,4,0,0.5004533105559831,1
5028,2,1,0.6184988622762255,1
5029,3,1,0.9746171711405783,1
5030,3,1,0.974652259005292,1
5031,1,0,0.20196586240864686,0
5032,1,0,0.11383729497960392,0
5033,4,0,0.2565390963696749,0
5034,1,0,0.490848585841123,0
5035,0,1,0.3448193625289005,0
5036,0,1,0.7544568644757454,1
5037,3,0,0.163196792712234,0
5038,0,0,0.19627025591081373,0
5039,4,1,0.7249433083536905,1
5040,4,1,0.6035030267458994,1
5041,4,0,0.11560866650852662,0
5042,2,1,0.718713452745502,1
5043,2,1,0.7194913553054537,1
5044,2,1,0.18733581627231125,0
5045,4,0,0.1639901790626696,0
5046,2,1,0.6878439182996314,1
5047,3,1,0.7298389669164237,1
5048,1,0,0.15313653562079127,0
5049,0,1,0.8830390522948793,1
5050,0,1,0.8733859315806106,1
5051,0,1,0.8961918308598609,1
5052,4,0,0.18293815051286805,0
5053,3,0,0.15149067631982596,0
5054,3,0,0.16901750204910285,0
5055,3,0,0.20339124123648028,0
5056,0,0,0.13056853414493544,0
5057,0,0,0.131579691328059,0
5058,2,0,0.17255683110004397,0
5059,0,0,0.4054067084430501,0
5060,3,1,0.49524486051027156,0
5061,4,1,0.39923231670059145,0
5062,3,0,0.18970558856837597,0
5063,3,0,0.5479809073678945,1
5064,4,0,0.23773269457241578,0
5065,4,0,0.17747408843353524,0
5066,3,1,0.6215459297435729,1
5067,0,0,0.2672350662426404,0
5068,3,1,0.9068692380734418,1
5069,3,0,0.12912592677827892,0
5070,3,1,0.9582121879504119,1
5071,3,1,0.9132948098191642,1
5072,1,0,0.5366529160675655,1
5073,3,1,0.5479613683936099,1
5074,4,0,0.09249403887612449,0
5075,2,1,0.9697211377156885,1
5076,4,0,0.16472678531798213,0
5077,0,1,0.629667147430932,1
5078,4,0,0.15607865682428615,0
5079,0,0,0.20229456735642748,0
5080,0,0,0.23340461847907906,0
5081,0,1,0.7326593370819895,1
5082,0,0,0.11858709649137143,0
5083,0,0,0.1489967538786437,0
5084,0,0,0.615892499431619,1
5085,1,1,0.22701757787181542,0
5086,4,1,0.6088744963764773,1
5087,2,0,0.14035497888322696,0
5088,1,0,0.21171240413997996,0
5089,0,1,0.149634712798484,0
5090,3,0,0.6087709960352374,1
5091,2,1,0.7160031494866423,1
5092,0,0,0.19264044227453903,0
5093,0,0,0.18280465056538753,0
5094,1,1,0.9857840009054918,1
5095,0,0,0.20492856212352628,0
5096,0,0,0.5542856024208647,1
5097,3,1,0.6089787677437547,1
5098,2,1,0.9627487474646722,1
5099,2,1,0.8449719168854504,1
5100,4,1,0.6180730554912628,1
5101,4,1,0.49883501454450085,0
5102,0,1,0.878188960459552,1
5103,4,0,0.16890259330007729,0
5104,3,0,0.14973043778630232,0
5105,0,0,0.14429293005246713,0
5106,2,0,0.15683989841373175,0
5107,2,0,0.6039749215265894,1
5108,0,0,0.2942375931094835,0
5109,1,0,0.17448272138386292,0
5110,4,1,0.19111142196984235,0
5111,4,0,0.4231638663305426,0
5112,4,0,0.10693568311103079,0
5113,4,1,0.9604889264321937,1
5114,4,1,0.978472521747544,1
5115,4,0,0.13725107493924485,0
5116,4,1,0.8703402314260898,1
5117,4,0,0.23632778657458117,0
5118,4,0,0.22397064618006382,0
5119,1,0,0.134372409353382,0
5120,2,1,0.9790024386178268,1
5121,4,1,0.9347539705213724,1
5122,4,0,0.6088744963764773,1
5123,2,0,0.20648994337856066,0
5124,1,1,0.5441467264927591,1
5125,0,1,0.6750262735629985,1
5126,2,0,0.6282802096735879,1
5127,3,1,0.18316576498248482,0
5128,0,1,0.19345375297429288,0
5129,4,0,0.10936177093067737,0
5130,0,1,0.7529527488354856,1
5131,1,0,0.14141101863067868,0
5132,0,0,0.19899037202275371,0
5133,3,1,0.9612540373584368,1
5134,2,0,0.19396768688320795,0
5135,4,1,0.9562292049203884,1
5136,2,1,0.965817557751318,1
5137,2,1,0.6394661949579525,1
5138,2,0,0.10289405578504769,0
5139,2,1,0.965943094195749,1
5140,0,1,0.615892499431619,1
5141,0,0,0.6074939990703101,1
5142,4,0,0.08538911247523565,0
5143,4,0,0.2907427753704923,0
5144,2,0,0.18771488114517118,0
5145,4,1,0.18542944356355956,0
5146,2,1,0.6496638655191498,1
5147,2,1,0.9792535917676862,1
5148,2,1,0.8662247122752191,1
5149,0,1,0.7323956865471736,1
5150,2,0,0.12635904388173616,0
5151,1,1,0.18133031748284892,0
5152,2,0,0.4823182246621223,0
5153,1,1,0.9524826421658664,1
5154,3,0,0.5845340969553368,1
5155,3,0,0.18339754009839643,0
5156,4,1,0.5960125673008776,1
5157,4,1,0.7275527891564648,1
5158,2,1,0.6039214118203662,1
5159,1,0,0.19839364217254182,0
5160,2,0,0.24542806807734283,0
5161,4,1,0.5672609200200834,1
5162,2,1,0.7182297136737019,1
5163,2,1,0.7185770847555341,1
5164,2,1,0.17884802803535604,0
5165,2,1,0.655366185057226,1
5166,1,0,0.16467572360787402,0
5167,4,0,0.6348593376749911,1
5168,1,1,0.5972976682660417,1
5169,4,0,0.17203582603110557,0
5170,3,1,0.20902410768930582,0
5171,4,1,0.17286733266738769,0
5172,4,1,0.19363221887677154,0
5173,1,0,0.23686622193576198,0
5174,2,1,0.5186823983967964,1
5175,3,0,0.453296398183536,0
5176,3,1,0.7063015368092672,1
5177,0,0,0.1760705382876608,0
5178,0,0,0.6347221977236387,1
5179,0,0,0.6080227081904661,1
5180,0,1,0.6347221977236387,1
5181,3,0,0.22433596246396353,0
5182,3,0,0.23699040411065572,0
5183,0,0,0.5199509419588743,1
5184,1,1,0.9591806919324091,1
5185,0,0,0.18524127672338603,0
5186,0,1,0.9605415976663795,1
5187,2,1,0.22680289161160866,0
5188,2,1,0.655366185057226,1
5189,2,1,0.684208748128161,1
5190,2,1,0.9566118648651206,1
5191,0,0,0.12140627029923899,0
5192,4,1,0.9567096834335469,1
5193,4,1,0.9585925562776544,1
5194,1,0,0.2169287657407085,0
5195,1,1,0.5096394240366474,1
5196,3,1,0.9568667270132242,1
5197,3,1,0.962535376388324,1
5198,0,0,0.12881979111291458,0
5199,2,1,0.567032649030306,1
5200,2,1,0.7182297136737019,1
5201,2,1,0.7160031494866423,1
5202,2,0,0.10075178624526417,0
5203,3,1,0.47979193933376924,0
5204,3,1,0.6094901513610317,1
5205,1,0,0.8604850503679096,1
5206,1,1,0.9600264491395193,1
5207,1,0,0.14322311028747312,0
5208,1,1,0.21595716112705396,0
5209,1,0,0.20214085033427404,0
5210,0,1,0.6110472788097933,1
5211,4,1,0.7634316168718402,1
5212,2,0,0.17071854650935384,0
5213,1,1,0.930602694098685,1
5214,1,0,0.20241686981999502,0
5215,1,0,0.2620619993367116,0
5216,1,0,0.44982824956882145,0
5217,3,1,0.962535376388324,1
5218,4,0,0.12558870607230208,0
5219,0,0,0.2417529343984846,0
5220,0,1,0.9796988317268263,1
5221,1,0,0.6268422477662267,1
5222,4,1,0.23598688679723712,0
5223,0,1,0.9649374003108433,1
5224,4,0,0.1654119606623402,0
5225,1,0,0.13621708296935678,0
5226,2,0,0.13467622633693518,0
5227,2,1,0.9576011434763237,1
5228,1,1,0.6651589264188245,1
5229,2,1,0.7192532136864529,1
5230,0,1,0.9859189474815759,1
5231,4,0,0.1447272300786444,0
5232,2,1,0.3356694136849972,0
5233,2,0,0.17677557303174005,0
5234,4,1,0.40263574461501117,0
5235,4,0,0.14496015039886323,0
5236,4,0,0.17319890573805963,0
5237,1,1,0.49286888938020074,0
5238,3,0,0.19509882153275174,0
5239,3,1,0.9618619488538508,1
5240,1,0,0.14076328764555684,0
5241,3,0,0.16056362695505658,0
5242,2,0,0.22508386600033184,0
5243,0,1,0.48594118260129293,0
5244,0,0,0.18304804304946526,0
5245,0,1,0.7334535082610713,1
5246,0,1,0.6692652538532584,1
5247,4,1,0.6495034121482461,1
5248,2,1,0.18761212791253687,0
5249,0,1,0.7508969464123285,1
5250,1,1,0.9641668159623923,1
5251,1,1,0.47717763970696925,0
5252,0,0,0.11611315608483827,0
5253,0,1,0.9861582767919401,1
5254,0,1,0.49208040381223755,0
5255,0,1,0.5174614515514919,1
5256,3,0,0.1702691647810553,0
5257,4,1,0.9764287299572624,1
5258,4,0,0.15289564494357533,0
5259,3,1,0.9523833516171181,1
5260,3,0,0.22307096412568397,0
5261,0,1,0.3300556913524047,0
5262,4,1,0.7590892103928522,1
5263,1,1,0.7498149226967284,1
5264,1,1,0.18050718327385962,0
5265,0,1,0.567284749796856,1
5266,0,1,0.7548411724224299,1
5267,1,1,0.5959454468113541,1
5268,2,1,0.6039214118203662,1
5269,4,0,0.6923206519651554,1
5270,4,0,0.6182082483612471,1
5271,4,0,0.10014352184555879,0
5272,4,1,0.6901125867099656,1
5273,4,0,0.14800673247724142,0
5274,2,1,0.7201333588639327,1
5275,4,0,0.5481211531346741,1
5276,4,0,0.6089795176674101,1
5277,4,1,0.6089795176674101,1
5278,2,0,0.17950703364215245,0
5279,4,0,0.198253451290901,0
5280,1,1,0.21973957854921278,0
5281,0,1,0.8475547463337731,1
5282,2,1,0.9790024386178268,1
5283,2,1,0.9596842642922397,1
5284,0,1,0.6582045929129028,1
5285,0,0,0.12873456000314903,0
5286,0,0,0.19951329858182357,0
5287,3,0,0.13473760386316533,0
5288,1,1,0.7516188076172063,1
5289,1,1,0.9593692233614989,1
5290,3,1,0.9617106886240274,1
5291,3,1,0.4629578460448821,0
5292,3,0,0.13689523336126708,0
5293,0,0,0.24774390090531193,0
5294,0,0,0.23541868187659123,0
5295,2,0,0.1280581495708044,0
5296,2,1,0.19410717049482615,0
5297,4,0,0.19366479601783917,0
5298,3,0,0.617738617396144,1
5299,4,0,0.16291228916050748,0
5300,4,0,0.19846487253725326,0
5301,3,1,0.22063865324565324,0
5302,0,0,0.6383518313739152,1
5303,4,1,0.7252752770542823,1
5304,4,0,0.17457168765730585,0
5305,3,1,0.679105725432206,1
5306,0,0,0.09918892795246975,0
5307,2,0,0.591064679743037,1
5308,2,1,0.35475195937800824,0
5309,3,0,0.16410896545066012,0
5310,1,0,0.14312556241937932,0
5311,1,1,0.722850688903369,1
5312,1,1,0.7490790110439881,1
5313,1,1,0.719853996804817,1
5314,1,1,0.6703680112608704,1
5315,4,1,0.7098026222350142,1
5316,4,1,0.8892429252144264,1
5317,4,1,0.9856298584600777,1
5318,4,0,0.48103553945142685,0
5319,4,1,0.9764287299572624,1
5320,1,0,0.6257922767047295,1
5321,2,0,0.13573133510843668,0
5322,0,0,0.13501984309219617,0
5323,2,0,0.28670172648147474,0
5324,1,1,0.6154822994280155,1
5325,2,0,0.14324860055732594,0
5326,2,0,0.14666566551670487,0
5327,0,1,0.6731584767997214,1
5328,4,1,0.7275099328896448,1
5329,2,1,0.6064319074271125,1
5330,0,0,0.2308991367255917,0
5331,3,1,0.2256717228782352,0
5332,1,1,0.7193060186782788,1
5333,0,1,0.8811485175986405,1
5334,1,1,0.6652412749810633,1
5335,0,1,0.6130429630418418,1
5336,3,1,0.7371565452942268,1
5337,1,1,0.6156836465744276,1
5338,4,1,0.649426476244511,1
5339,0,1,0.636175971869727,1
5340,4,1,0.20609365080920475,0
5341,1,1,0.6077414854945823,1
5342,4,0,0.14765310082681968,0
5343,3,1,0.8326895346393306,1
5344,3,1,0.18723268158299697,0
5345,4,0,0.5539762726100154,1
5346,4,1,0.5522572130456781,1
5347,4,1,0.5539762726100154,1
5348,4,1,0.6124410810284617,1
5349,4,1,0.6089795176674101,1
5350,2,1,0.23047128682767337,0
5351,4,1,0.36664721544512413,0
5352,2,1,0.7191055057385057,1
5353,3,1,0.1771766154745462,0
5354,3,0,0.6142854182010942,1
5355,0,1,0.979023017312424,1
5356,0,0,0.32698276575231466,0
5357,1,0,0.19264053100191905,0
5358,4,0,0.7012292817742436,1
5359,0,1,0.6295077259532181,1
5360,1,1,0.17292670563589507,0
5361,4,1,0.9783882602230183,1
5362,3,0,0.14670167232529155,0
5363,0,0,0.19256625189628357,0
5364,1,1,0.9591324206265828,1
5365,2,0,0.14552099331268575,0
5366,1,0,0.2012975571165923,0
5367,1,1,0.5974647970297879,1
5368,4,0,0.13728395687832637,0
5369,3,1,0.6824908220062406,1
5370,1,0,0.20635230895549247,0
5371,0,1,0.8191670840684502,1
5372,0,1,0.6028124292413757,1
5373,2,1,0.7186217666667057,1
5374,2,1,0.7191055057385057,1
5375,4,0,0.19131679313273883,0
5376,4,0,0.23495177276354193,0
5377,3,0,0.24115831627107917,0
5378,1,1,0.6033402380948939,1
5379,4,0,0.10569593408455095,0
5380,1,0,0.1689360948318883,0
5381,2,0,0.2742752856492246,0
5382,1,0,0.270254115454075,0
5383,1,0,0.15888670516015574,0
5384,3,1,0.521486486706407,1
5385,1,0,0.18792537564256973,0
5386,1,0,0.17870484609257445,0
5387,1,0,0.15606705723665876,0
5388,1,0,0.6694631670287842,1
5389,1,1,0.7516641169870748,1
5390,1,0,0.45894507091039466,0
5391,2,0,0.4559963917115667,0
5392,1,0,0.10185214873399735,0
5393,4,0,0.16013395230805064,0
5394,4,1,0.7278847578570568,1
5395,4,1,0.9764741152476514,1
5396,3,0,0.24345632388622418,0
5397,3,0,0.156080707067234,0
5398,3,1,0.5976565621647574,1
5399,4,0,0.5008483331642705,1
5400,1,1,0.7196464679084993,1
5401,3,1,0.9602237572512836,1
5402,3,1,0.975285346770587,1
5403,2,1,0.965817557751318,1
5404,2,1,0.9796317834685766,1
5405,1,1,0.5383612122323428,1
5406,2,0,0.10916935305946805,0
5407,3,1,0.985351827484263,1
5408,3,0,0.28971243024912957,0
5409,2,0,0.1734466473953073,0
5410,2,0,0.20252337390466285,0
5411,3,1,0.5638030282134263,1
5412,3,1,0.2911090009457366,0
5413,3,1,0.9588165394366691,1
5414,3,1,0.975285346770587,1
5415,2,0,0.2005964850161936,0
5416,3,1,0.3629093975636542,0
5417,3,0,0.22413932634324038,0
5418,2,0,0.11939545081991641,0
5419,2,1,0.17492186429546275,0
5420,1,0,0.2886819033130934,0
5421,2,1,0.31219608707240604,0
5422,2,0,0.10271680396663574,0
5423,1,1,0.8477891215974972,1
5424,1,0,0.13788530166207186,0
5425,3,1,0.5513664235925193,1
5426,0,0,0.12590235322230858,0
5427,0,1,0.7543450051352037,1
5428,4,0,0.19353055956397652,0
5429,2,1,0.16944657953886472,0
5430,2,0,0.6004543301542578,1
5431,1,0,0.17132294873222736,0
5432,4,0,0.5539762726100154,1
5433,0,0,0.1631621494849481,0
5434,0,0,0.17881300191183278,0
5435,0,0,0.17290231010531495,0
5436,0,1,0.645710193794037,1
5437,2,1,0.6004543301542578,1
5438,1,1,0.5422984965736527,1
5439,2,0,0.3118016101820753,0
5440,2,1,0.18784321355336372,0
5441,1,1,0.718323783208398,1
5442,1,1,0.657935145897274,1
5443,1,1,0.722111253345409,1
5444,1,1,0.718323783208398,1
5445,1,1,0.7193060186782788,1
5446,1,1,0.7502188621442075,1
5447,3,1,0.6073953225666822,1
5448,4,0,0.24148835533470298,0
5449,4,1,0.8970055297746435,1
5450,4,1,0.8970055297746435,1
5451,4,1,0.5047247542697473,1
5452,4,1,0.8847647268311686,1
5453,4,0,0.16686295173820384,0
5454,4,1,0.8825411657785972,1
5455,2,1,0.2367474742195583,0
5456,0,1,0.9604852394962831,1
5457,3,0,0.1434151248455119,0
5458,1,1,0.9768610773827077,1
5459,0,1,0.5037013655884837,1
5460,3,0,0.257386930766198,0
5461,0,1,0.6165098136110926,1
5462,0,1,0.7543608195978422,1
5463,2,1,0.6504771971993999,1
5464,0,1,0.4946181867104944,0
5465,3,1,0.7087966696616467,1
5466,3,1,0.16495685651258904,0
5467,0,0,0.17518430403008892,0
5468,1,0,0.21641059102678611,0
5469,3,0,0.6717036868412433,1
5470,3,0,0.14829400172998813,0
5471,3,1,0.7117590507782993,1
5472,2,1,0.9887314231138692,1
5473,3,0,0.20304873231628434,0
5474,1,1,0.9776538570099916,1
5475,0,0,0.6130429630418418,1
5476,4,1,0.9851382703642302,1
5477,4,1,0.9851382703642302,1
5478,3,1,0.7100092952833389,1
5479,4,1,0.5451641054215928,1
5480,2,0,0.5261344330597686,1
5481,1,0,0.1409043775465345,0
5482,0,1,0.4206917712353003,0
5483,3,0,0.19113462117533794,0
5484,0,0,0.16737208633609135,0
5485,4,1,0.20256683161044664,0
5486,3,1,0.6420964290420237,1
5487,1,1,0.5526111958026214,1
5488,1,1,0.9763341713045889,1
5489,1,1,0.9645161659295993,1
5490,4,0,0.2015136632259538,0
5491,1,1,0.1664173124115582,0
5492,1,1,0.3095454200935763,0
5493,3,0,0.14389361659106337,0
5494,3,1,0.9608836822151748,1
5495,3,1,0.9086318173295516,1
5496,0,1,0.6139476324511516,1
5497,4,1,0.5808744414635296,1
5498,4,0,0.3580945548725021,0
5499,3,0,0.11756319722071575,0
5500,4,0,0.21785920002046325,0
5501,4,1,0.7601709884136343,1
5502,2,1,0.7092784300590725,1
5503,1,1,0.7147639174716699,1
5504,2,0,0.19462339813874044,0
5505,2,1,0.14303668712905598,0
5506,4,1,0.9604690743789687,1
5507,4,1,0.9562296682415424,1
5508,2,0,0.7009223808844097,1
5509,3,1,0.9851091127449586,1
5510,2,1,0.9566118648651206,1
5511,4,1,0.6124410810284617,1
5512,3,0,0.1931039826601779,0
5513,3,1,0.5137761408657605,1
5514,3,1,0.17231048591126807,0
5515,3,1,0.6445684292804206,1
5516,3,0,0.16148356275958328,0
5517,3,1,0.7760979437402499,1
5518,3,0,0.15656150523966342,0
5519,3,0,0.2169113775788481,0
5520,3,1,0.6038069715500012,1
5521,2,0,0.1281754484026555,0
5522,0,0,0.6934308174574814,1
5523,3,1,0.1914007737317077,0
5524,3,0,0.3760489359793756,0
5525,4,0,0.14065913671896066,0
5526,4,0,0.12880205035979217,0
5527,3,0,0.13829650193505444,0
5528,1,1,0.719853996804817,1
5529,2,1,0.6143394211455075,1
5530,4,1,0.727601203725486,1
5531,2,1,0.8871503014264359,1
5532,2,1,0.7345878293118203,1
5533,2,1,0.9580437401494594,1
5534,2,1,0.9575945779971934,1
5535,2,1,0.9613272742149649,1
5536,2,0,0.20213557644732338,0
5537,0,0,0.5729510033898576,1
5538,4,0,0.17077446945522692,0
5539,1,1,0.5368347710467917,1
5540,1,0,0.1877509555129649,0
5541,3,1,0.712115963675252,1
5542,0,1,0.5222770647718177,1
5543,2,1,0.5594408380901743,1
5544,0,1,0.7334535082610713,1
5545,0,1,0.7508969464123285,1
5546,2,1,0.7186217666667057,1
5547,0,0,0.25389492419444326,0
5548,2,0,0.2395688580403464,0
5549,0,1,0.439533980543638,0
5550,4,1,0.736556151502421,1
5551,4,0,0.3120132619899623,0
5552,2,1,0.5958131879815345,1
5553,4,0,0.5017502537148787,1
5554,4,0,0.5483677249585487,1
5555,4,1,0.9592511224292769,1
5556,4,0,0.18849597031847107,0
5557,1,0,0.2899553830263581,0
5558,1,1,0.7958497334906675,1
5559,1,0,0.26680651729367527,0
5560,0,0,0.22026903635661135,0
5561,0,0,0.11655042703819996,0
5562,0,1,0.9795392103566333,1
5563,0,0,0.11052122056905715,0
5564,0,1,0.9716521075571599,1
5565,0,0,0.440365287821856,0
5566,0,0,0.2558022439940104,0
5567,3,1,0.3964940881024241,0
5568,4,1,0.9852898983368712,1
5569,4,0,0.23826923014885368,0
5570,4,1,0.9851043227635794,1
5571,4,0,0.182301288956252,0
5572,1,0,0.14376396866053484,0
5573,3,1,0.5386463096405126,1
5574,1,1,0.5159532951183589,1
5575,1,1,0.719853996804817,1
5576,1,0,0.179461162864758,0
5577,1,1,0.5150064154503757,1
5578,0,1,0.7395015583139196,1
5579,4,1,0.7176842250618727,1
5580,4,1,0.7635507717173453,1
5581,4,1,0.1871805106319942,0
5582,2,0,0.36043975275927126,0
5583,1,1,0.8224081984203178,1
5584,2,0,0.17826320167131207,0
5585,4,1,0.9570898340795677,1
5586,1,0,0.46967717348333893,0
5587,4,0,0.21218074638050913,0
5588,1,1,0.8704613378449959,1
5589,4,0,0.5748511678079022,1
5590,2,0,0.13461673209189323,0
5591,0,0,0.16567519142814197,0
5592,4,0,0.13897095509819266,0
5593,2,0,0.12520536653882208,0
5594,0,1,0.9798666364188781,1
5595,0,1,0.9798666364188781,1
5596,0,0,0.32884218796460435,0
5597,2,0,0.34335331119625495,0
5598,2,1,0.9608928828864748,1
5599,0,1,0.8057111040597535,1
5600,0,1,0.3329285517547558,0
5601,0,1,0.9862149574619339,1
5602,3,0,0.19278072358670464,0
5603,2,1,0.5173069765529068,1
5604,2,1,0.6428534769955431,1
5605,2,1,0.4909912126627851,0
5606,2,0,0.5637026594725704,1
5607,1,0,0.17987685021114364,0
5608,1,1,0.718323783208398,1
5609,2,0,0.5563240541060913,1
5610,1,1,0.657935145897274,1
5611,4,1,0.9856298584600777,1
5612,0,0,0.20576324153148248,0
5613,3,1,0.1735316321603932,0
5614,1,0,0.13610548887507723,0
5615,1,1,0.8829262338261499,1
5616,1,1,0.8429874705411126,1
5617,2,0,0.1484964874607226,0
5618,0,1,0.8714269964078649,1
5619,0,0,0.2762135189516387,0
5620,0,1,0.8714269964078649,1
5621,0,0,0.17815223656363696,0
5622,2,1,0.7722995086192157,1
5623,4,0,0.15038715766057137,0
5624,4,1,0.6957188673329254,1
5625,4,1,0.9054085052988347,1
5626,2,0,0.1406881205394342,0
5627,2,1,0.9579207138368655,1
5628,0,1,0.15296331765906776,0
5629,4,0,0.18297907579150352,0
5630,1,1,0.17771944044961047,0
5631,0,1,0.8089520519911819,1
5632,1,1,0.5282665165219218,1
5633,4,0,0.11151732280519851,0
5634,0,0,0.188259691363412,0
5635,1,1,0.719853996804817,1
5636,1,1,0.3879313141728554,0
5637,1,1,0.720646925763567,1
5638,1,1,0.6590206034083541,1
5639,0,0,0.14669450337184933,0
5640,2,1,0.6064319074271125,1
5641,3,1,0.19788510171719229,0
5642,3,1,0.2055964323193816,0
5643,4,0,0.13424785937641034,0
5644,3,0,0.5445052234394703,1
5645,3,0,0.5993285557637327,1
5646,2,0,0.1707437786540016,0
5647,2,1,0.9566118648651206,1
5648,3,0,0.14614046224214608,0
5649,3,1,0.95763827747982,1
5650,4,1,0.60451577120439,1
5651,2,1,0.4947691507171411,0
5652,2,1,0.7473997208954973,1
5653,2,0,0.11989096336305434,0
5654,1,0,0.5326268979169491,1
5655,4,1,0.9760080408266673,1
5656,4,1,0.4027596456176014,0
5657,3,0,0.1466501552846449,0
5658,3,0,0.13931123057475475,0
5659,4,1,0.954888465640988,1
5660,4,1,0.9570898340795677,1
5661,2,1,0.5253478474712532,1
5662,3,0,0.662152456987266,1
5663,3,0,0.6142854182010942,1
5664,3,0,0.5529426184031334,1
5665,3,0,0.6142854182010942,1
5666,0,0,0.27715283955406655,0
5667,3,0,0.5529426184031334,1
5668,3,0,0.6142854182010942,1
5669,3,0,0.1933715754556996,0
5670,2,1,0.6143394211455075,1
5671,4,0,0.4167762192157854,0
5672,4,1,0.14391918981505025,0
5673,3,1,0.823510154762253,1
5674,1,0,0.2950878370167976,0
5675,1,0,0.330640492239564,0
5676,1,1,0.8298930463337038,1
5677,0,1,0.2538668254608855,0
5678,1,1,0.7508113856906141,1
5679,0,0,0.2341199555069392,0
5680,2,1,0.6593100728206036,1
5681,2,1,0.7191055057385057,1
5682,2,1,0.1823673523229175,0
5683,2,1,0.18719322670040692,0
5684,2,1,0.7186217666667057,1
5685,2,1,0.7169192024870797,1
5686,2,1,0.6486707469459579,1
5687,1,1,0.24983351076732468,0
5688,4,1,0.7252752770542823,1
5689,3,0,0.1958369721481884,0
5690,4,1,0.7529813582491647,1
5691,3,0,0.13677890146072152,0
5692,2,1,0.9626408892319989,1
5693,4,1,0.26057825939395374,0
5694,4,0,0.6916207528959891,1
5695,4,1,0.6653899658713848,1
5696,4,1,0.19447778330355303,0
5697,2,0,0.5637026594725704,1
5698,3,1,0.448565806212012,0
5699,3,1,0.3839899430741953,0
5700,3,1,0.5507519739060677,1
5701,1,0,0.13723011927195336,0
5702,4,1,0.649426476244511,1
5703,2,0,0.23209118700285497,0
5704,1,1,0.17901428330062213,0
5705,3,0,0.20867141264830538,0
5706,4,0,0.1463377187727543,0
5707,1,0,0.27531562051459,0
5708,0,0,0.13998668101387737,0
5709,2,1,0.1972538715847554,0
5710,2,0,0.9395522570251302,1
5711,1,1,0.2229913674171123,0
5712,3,0,0.6029159156738934,1
5713,1,1,0.9557211170277505,1
5714,0,0,0.13792673361810368,0
5715,0,1,0.9726389720992664,1
5716,0,0,0.11800974568418868,0
5717,4,0,0.1177491877059944,0
5718,4,1,0.7284151354903063,1
5719,0,1,0.40079744419285784,0
5720,2,0,0.17566411255408362,0
5721,4,0,0.6136133755760981,1
5722,3,0,0.12817060241222888,0
5723,0,1,0.5430965039359272,1
5724,4,0,0.3178631639924282,0
5725,4,0,0.23280362272396346,0
5726,4,1,0.8905961510543091,1
5727,4,0,0.16458046650563857,0
5728,3,1,0.5470231917409341,1
5729,3,0,0.13596850635296745,0
5730,0,0,0.1336692917994438,0
5731,3,1,0.28764590423130676,0
5732,4,1,0.9593560292835983,1
5733,4,1,0.9672986302027617,1
5734,3,1,0.18713831202522677,0
5735,1,1,0.6257922767047295,1
5736,1,1,0.1906189734377108,0
5737,2,0,0.5637026594725704,1
5738,0,1,0.5541100431989012,1
5739,0,1,0.7376865505385312,1
5740,4,0,0.19142454432112488,0
5741,2,1,0.9575945779971934,1
5742,0,1,0.6130429630418418,1
5743,4,0,0.1864485571141502,0
5744,0,1,0.5858608992877168,1
5745,0,1,0.7409339715896489,1
5746,0,1,0.6692652538532584,1
5747,2,1,0.9897513361281386,1
5748,2,1,0.9898434357057505,1
5749,2,1,0.9898131337875361,1
5750,1,0,0.14686513836302098,0
5751,2,1,0.5486349486892118,1
5752,2,1,0.2122117935543325,0
5753,2,0,0.1871947737615689,0
5754,1,0,0.11505842861169935,0
5755,2,1,0.7191055057385057,1
5756,3,0,0.14801609419134934,0
5757,2,0,0.21370965408706163,0
5758,3,1,0.6233370292587127,1
5759,2,0,0.24276356620245595,0
5760,4,1,0.9853210039067042,1
5761,0,1,0.18504836736961705,0
5762,0,0,0.2257705119747648,0
5763,3,0,0.2945084418723134,0
5764,3,1,0.962535376388324,1
5765,4,1,0.24161765331619417,0
5766,3,1,0.9382991446123394,1
5767,3,0,0.10990301588619222,0
5768,3,1,0.9537318278374809,1
5769,3,1,0.9470255924568658,1
5770,3,1,0.3076518440122963,0
5771,2,1,0.9575945779971934,1
5772,0,0,0.14232235095531096,0
5773,3,0,0.1722188664649051,0
5774,0,0,0.27474768922567744,0
5775,1,0,0.13555181153201837,0
5776,4,0,0.6898628668410257,1
5777,1,1,0.5837484538724335,1
5778,3,1,0.8357790111145248,1
5779,3,0,0.3199939554155303,0
5780,3,1,0.5366937565493316,1
5781,2,1,0.9580339556157822,1
5782,4,1,0.5463784314634352,1
5783,2,1,0.9818805820626402,1
5784,1,0,0.21153592894718498,0
5785,0,0,0.6130429630418418,1
5786,1,0,0.1939923586328058,0
5787,3,1,0.7293485903047451,1
5788,1,1,0.9560321462610103,1
5789,2,1,0.7201333588639327,1
5790,0,0,0.32333767478375763,0
5791,1,0,0.19315600116858783,0
5792,4,1,0.649426476244511,1
5793,2,0,0.19107144915163435,0
5794,4,1,0.7275099328896448,1
5795,4,1,0.7176842250618727,1
5796,4,1,0.7176842250618727,1
5797,4,1,0.649426476244511,1
5798,2,1,0.4120453641204573,0
5799,0,1,0.9056192565735757,1
5800,0,1,0.9417976109909412,1
5801,0,1,0.4934106751807464,0
5802,0,1,0.9798536765977938,1
5803,0,1,0.9865502132698605,1
5804,0,1,0.9860137356845305,1
5805,0,0,0.2281109209962986,0
5806,0,0,0.1868903772359478,0
5807,3,1,0.3021483864691451,0
5808,3,0,0.34150975870455075,0
5809,0,0,0.836662473960506,1
5810,0,1,0.9609343080091477,1
5811,0,1,0.9604852394962831,1
5812,1,1,0.1536325701801032,0
5813,4,1,0.5397076416630182,1
5814,4,1,0.9760209327491306,1
5815,4,0,0.1769217172230478,0
5816,4,1,0.9856298584600777,1
5817,2,0,0.1938258911630683,0
5818,0,0,0.18349860973354462,0
5819,0,0,0.1494061734069259,0
5820,3,1,0.7385975152835698,1
5821,1,0,0.18704950751819738,0
5822,4,0,0.18165848407928073,0
5823,0,0,0.16142476171638728,0
5824,1,1,0.7191347482151973,1
5825,1,1,0.722850688903369,1
5826,1,1,0.6752954909927411,1
5827,3,1,0.21029644908809905,0
5828,0,0,0.19685763735241912,0
5829,4,0,0.4137835653334221,0
5830,0,1,0.7344935309949826,1
5831,3,1,0.960198026456825,1
5832,1,0,0.49304047537892165,0
5833,3,1,0.6265629367459632,1
5834,3,0,0.6118002694386278,1
5835,1,0,0.16181980536145085,0
5836,1,1,0.6220940827968858,1
5837,1,0,0.1450237732504057,0
5838,4,1,0.9559222602494268,1
5839,2,0,0.6105569224386824,1
5840,3,1,0.9588165394366691,1
5841,2,1,0.719942540972236,1
5842,3,0,0.21411540685468095,0
5843,2,0,0.5958131879815345,1
5844,3,1,0.739071469730369,1
5845,3,1,0.4676715208096083,0
5846,4,1,0.5539762726100154,1
5847,0,1,0.9307670501291917,1
5848,0,1,0.9277077258943421,1
5849,0,1,0.9314739878167648,1
5850,0,1,0.9281576164515071,1
5851,1,1,0.5411909396369797,1
5852,1,0,0.16854298382112626,0
5853,1,1,0.6593586494355367,1
5854,4,1,0.538031939020014,1
5855,2,1,0.5215466609177118,1
5856,2,0,0.37297859960597896,0
5857,2,0,0.20067834520548108,0
5858,1,0,0.34579037463841006,0
5859,0,0,0.14386345333481732,0
5860,1,0,0.18200691877176928,0
5861,4,0,0.16775471030995254,0
5862,4,1,0.9006576799450982,1
5863,4,0,0.6241770943236427,1
5864,3,1,0.962079488862771,1
5865,1,1,0.14714335881163962,0
5866,1,1,0.17668912296977962,0
5867,2,1,0.26501504524207936,0
5868,2,0,0.16447750464685915,0
5869,4,1,0.5582579373656931,1
5870,2,0,0.21201314256876472,0
5871,4,0,0.15008207712003055,0
5872,4,0,0.460435467468415,0
5873,1,0,0.19287216178189542,0
5874,2,0,0.23736668741759373,0
5875,2,0,0.13029022233394524,0
5876,4,0,0.20766401736943382,0
5877,2,1,0.6885278574343252,1
5878,2,0,0.19058565537329109,0
5879,3,0,0.42875266151283203,0
5880,3,1,0.5169452887864592,1
5881,4,1,0.9559222602494268,1
5882,2,0,0.14053701161791482,0
5883,1,1,0.98574439690362,1
5884,1,1,0.42840058969147465,0
5885,3,0,0.1832448001066084,0
5886,4,1,0.955824437910386,1
5887,0,1,0.9604852394962831,1
5888,0,0,0.1475333251074934,0
5889,2,0,0.22873779966950028,0
5890,1,1,0.7196464679084993,1
5891,3,1,0.6003610037377607,1
5892,0,0,0.5557676785843896,1
5893,3,1,0.7759050710698081,1
5894,2,1,0.565622900325474,1
5895,0,1,0.6374209306638097,1
5896,3,1,0.15930010295882685,0
5897,2,0,0.14761910273754625,0
5898,3,0,0.11806863292651745,0
5899,3,0,0.15037465243143752,0
5900,3,1,0.9736988409977966,1
5901,3,1,0.9746976089419469,1
5902,3,1,0.5993285557637327,1
5903,0,1,0.9608820277351877,1
5904,3,0,0.12582448886270559,0
5905,4,1,0.9782340861367672,1
5906,4,0,0.2535234186204751,0
5907,0,0,0.18926763896024104,0
5908,1,0,0.19459995203266392,0
5909,3,1,0.6118152147408186,1
5910,4,1,0.9546805520210133,1
5911,4,0,0.14752855274956148,0
5912,4,0,0.19600810687247172,0
5913,1,1,0.8023979036455906,1
5914,3,0,0.13938496664677041,0
5915,3,0,0.11351158792420857,0
5916,0,1,0.9618444560923042,1
5917,3,1,0.6629447457030572,1
5918,3,1,0.734588140614551,1
5919,1,0,0.4180357860369657,0
5920,2,1,0.5809118720093223,1
5921,2,1,0.5956067037850631,1
5922,1,0,0.178421078819832,0
5923,2,0,0.21630604034023607,0
5924,2,0,0.22811393842523459,0
5925,3,1,0.8678505933474887,1
5926,3,1,0.8107070811606246,1
5927,3,1,0.18199090938611745,0
5928,2,1,0.19879363047621815,0
5929,1,1,0.20817666450780695,0
5930,4,0,0.5000737114802061,1
5931,1,1,0.9768610773827077,1
5932,2,1,0.5092756612263136,1
5933,4,1,0.767296557655791,1
5934,4,1,0.956710146754701,1
5935,0,0,0.15295076604731828,0
5936,1,0,0.19332914470585263,0
5937,0,0,0.5592490600313069,1
5938,0,1,0.5592490600313069,1
5939,0,1,0.6667281843548978,1
5940,0,0,0.13380080962335092,0
5941,0,1,0.578529986534524,1
5942,0,1,0.6130429630418418,1
5943,1,1,0.7609211682047382,1
5944,2,1,0.9889276152106108,1
5945,2,0,0.22197631994734693,0
5946,1,0,0.20081506662408277,0
5947,2,1,0.6593100728206036,1
5948,2,1,0.6593100728206036,1
5949,2,1,0.7169192024870797,1
5950,2,1,0.6593100728206036,1
5951,2,1,0.6885278574343252,1
5952,2,0,0.18490221277090174,0
5953,2,0,0.22352367219907116,0
5954,0,0,0.33625092584603217,0
5955,1,0,0.20374694413782243,0
5956,0,0,0.18109411658127328,0
5957,2,1,0.6042956764717271,1
5958,2,0,0.19117616134298393,0
5959,1,1,0.5290141978991776,1
5960,3,1,0.9774156722695911,1
5961,3,0,0.2856388768456786,0
5962,3,1,0.976956581089017,1
5963,2,1,0.6903952780420929,1
5964,4,0,0.19462675515100372,0
5965,4,1,0.8314878714138206,1
5966,4,0,0.473334081696897,0
5967,1,1,0.6647524092051311,1
5968,1,1,0.5906440181856359,1
5969,1,1,0.7192191429373386,1
5970,3,0,0.4524727862252074,0
5971,4,0,0.14525256923398422,0
5972,3,1,0.9619783966709243,1
5973,0,0,0.6116108462851084,1
5974,0,0,0.6254904481310686,1
5975,4,0,0.17050571272891538,0
5976,0,1,0.5837283433067869,1
5977,0,1,0.7395015583139196,1
5978,0,1,0.9862149574619339,1
5979,4,1,0.7275099328896448,1
5980,4,1,0.7227491615359091,1
5981,4,1,0.6675989941589355,1
5982,4,1,0.7227491615359091,1
5983,0,1,0.363976278348514,0
5984,1,0,0.18902682585695738,0
5985,4,1,0.6701419074647194,1
5986,2,0,0.1366108102466467,0
5987,1,0,0.5485488010272642,1
5988,2,0,0.5637026594725704,1
5989,0,1,0.642653654171503,1
5990,0,0,0.24530328996309486,0
5991,0,0,0.21621403886436136,0
5992,0,1,0.7048740273457577,1
5993,0,1,0.5837283433067869,1
5994,0,1,0.6165098136110926,1
5995,1,0,0.13765836338414328,0
5996,1,0,0.14436717193280318,0
5997,2,1,0.7183514329427034,1
5998,1,0,0.24755064867584436,0
5999,3,1,0.18013050548883563,0
6000,4,1,0.5220802464557343,1
6001,0,1,0.951549926380993,1
6002,1,1,0.20663166932470167,0
6003,1,1,0.5375406048815045,1
6004,3,1,0.1332379528071002,0
6005,4,0,0.2071244014219917,0
6006,1,1,0.8475861387600477,1
6007,1,1,0.9314212331109551,1
6008,1,1,0.9341633127991669,1
6009,4,1,0.42759324460806414,0
6010,3,0,0.7120756235397351,1
6011,3,1,0.6551001558789572,1
6012,3,0,0.6142854182010942,1
6013,3,0,0.6142854182010942,1
6014,2,1,0.5655486082628668,1
6015,3,0,0.6073953225666822,1
6016,3,0,0.6118002694386278,1
6017,2,0,0.24076158381668802,0
6018,3,1,0.2381680496826137,0
6019,0,0,0.16299539166089708,0
6020,0,1,0.6091234269054759,1
6021,0,0,0.18654032935957943,0
6022,3,1,0.18257129533457453,0
6023,1,1,0.9558679791443472,1
6024,0,0,0.15971478809443762,0
6025,1,1,0.4418872726069652,0
6026,1,0,0.4521538135056488,0
6027,1,1,0.4660472889726295,0
6028,1,1,0.9761958244917245,1
6029,3,1,0.17718967195053753,0
6030,3,0,0.15482679703796434,0
6031,4,1,0.9590556358396403,1
6032,0,1,0.7412093381972208,1
6033,4,0,0.4192195778072201,0
6034,1,1,0.6257922767047295,1
6035,4,0,0.18257410022042214,0
6036,1,0,0.21836759600542016,0
6037,1,0,0.19112327353327246,0
6038,4,1,0.19034965685241537,0
6039,3,1,0.734588140614551,1
6040,0,1,0.7325413221024558,1
6041,0,1,0.7360137870507681,1
6042,0,1,0.7344935309949826,1
6043,0,0,0.12549147277503114,0
6044,2,0,0.5247341209618953,1
6045,4,0,0.5154055986976003,1
6046,0,1,0.6427403282059008,1
6047,2,0,0.34340359553016403,0
6048,1,1,0.43087933809584006,0
6049,1,0,0.25578183232148954,0
6050,3,0,0.5600452987459046,1
6051,3,0,0.6142854182010942,1
6052,3,1,0.6142854182010942,1
6053,3,1,0.6666524732563053,1
6054,3,0,0.5529426184031334,1
6055,0,1,0.637426046003906,1
6056,2,0,0.21501658671497031,0
6057,3,1,0.6565361974520079,1
6058,2,1,0.7191055057385057,1
6059,2,1,0.6885278574343252,1
6060,2,1,0.9597238650853978,1
6061,4,1,0.9852088557799236,1
6062,3,1,0.617738617396144,1
6063,2,0,0.18571282489887309,0
6064,2,0,0.19793251220581515,0
6065,3,0,0.4784122795623528,0
6066,0,0,0.1866367619866343,0
6067,1,0,0.4077433023491313,0
6068,0,1,0.3112938356987333,0
6069,0,1,0.9610514225280354,1
6070,4,1,0.19517529125815553,0
6071,4,0,0.18690255736047187,0
6072,2,1,0.5889451076295457,1
6073,2,1,0.9817523319011028,1
6074,3,0,0.10901344309875559,0
6075,2,0,0.1479624483732453,0
6076,2,1,0.9594255780167279,1
6077,2,0,0.13718618137329516,0
6078,2,0,0.15003765757388116,0
6079,3,0,0.1660037711813168,0
6080,0,1,0.9806280675521913,1
6081,0,1,0.9725740798674312,1
6082,1,0,0.6257922767047295,1
6083,3,0,0.21099429203666065,0
6084,2,1,0.6105569224386824,1
6085,2,0,0.5279410412583994,1
6086,1,0,0.12035023811410081,0
6087,4,1,0.5916269458187381,1
6088,4,1,0.8825411657785972,1
6089,2,1,0.5835743523926024,1
6090,1,1,0.17478270468805446,0
6091,0,1,0.18546682986546836,0
6092,3,1,0.7269956472918024,1
6093,3,0,0.1337769609315279,0
6094,4,1,0.5521807546730871,1
6095,4,1,0.7529813582491647,1
6096,4,1,0.6461238514308644,1
6097,4,1,0.7176842250618727,1
6098,4,0,0.25283498873756954,0
6099,4,0,0.15760165781551805,0
6100,4,1,0.7176842250618727,1
6101,3,0,0.5529426184031334,1
6102,3,1,0.6142854182010942,1
6103,0,0,0.1973407896064546,0
6104,0,1,0.7334535082610713,1
6105,0,1,0.7334535082610713,1
6106,1,1,0.6346448732621877,1
6107,1,0,0.24272271590831046,0
6108,3,0,0.5955177918662075,1
6109,3,0,0.09476901843005049,0
6110,3,0,0.26863032225626604,0
6111,3,1,0.9773552801904138,1
6112,2,0,0.16829874196312256,0
6113,3,1,0.4843923308309995,0
6114,3,1,0.5529426184031334,1
6115,3,1,0.6142854182010942,1
6116,3,0,0.19559843090296633,0
6117,3,1,0.6073953225666822,1
6118,3,0,0.1588819119077057,0
6119,3,0,0.4490378857434575,0
6120,4,1,0.47892385849532326,0
6121,0,0,0.6253087063641037,1
6122,0,0,0.6165098136110926,1
6123,4,1,0.47105009036711126,0
6124,3,1,0.9562233742073072,1
6125,3,1,0.20892926455481078,0
6126,2,0,0.09777486177996998,0
6127,0,0,0.15620735850363668,0
6128,4,1,0.9562296682415424,1
6129,4,1,0.9604774646193394,1
6130,0,0,0.6934308174574814,1
6131,1,0,0.1562617425847961,0
6132,0,0,0.4639561636635599,0
6133,3,1,0.6616279948278799,1
6134,3,1,0.9741481392444181,1
6135,3,1,0.9849601709644649,1
6136,4,1,0.9545724535685546,1
6137,2,1,0.9575945779971934,1
6138,1,0,0.13289052001923968,0
6139,1,0,0.13245438807530396,0
6140,2,0,0.1425651636606504,0
6141,4,0,0.19403827690906922,0
6142,1,1,0.5827326204677274,1
6143,4,0,0.17644851913144854,0
6144,4,1,0.9586682323931479,1
6145,4,1,0.9586682323931479,1
6146,3,1,0.3255178385913712,0
6147,0,1,0.1897684056443374,0
6148,4,0,0.17514364357845214,0
6149,1,0,0.2538068860529938,0
6150,4,0,0.6124410810284617,1
6151,0,1,0.9803895653904294,1
6152,0,0,0.1259163235796464,0
6153,0,1,0.5084347633519866,1
6154,0,1,0.6525519367624307,1
6155,2,1,0.7201333588639327,1
6156,1,1,0.6405538306420633,1
6157,2,0,0.14873339396465665,0
6158,1,0,0.1974733636478747,0
6159,0,1,0.6851898279793593,1
6160,3,1,0.6738500819091041,1
6161,0,0,0.18961863979315097,0
6162,1,0,0.19619625203095914,0
6163,4,1,0.19390174642244495,0
6164,4,0,0.200887869547194,0
6165,0,0,0.18955397933874052,0
6166,0,0,0.6116108462851084,1
6167,0,1,0.636649783999489,1
6168,0,1,0.847011177942057,1
6169,0,1,0.8204396788706455,1
6170,0,0,0.14280975469540308,0
6171,1,0,0.6460481393209246,1
6172,0,0,0.21684725748046824,0
6173,0,0,0.14025457592734758,0
6174,0,0,0.15605000515667922,0
6175,3,0,0.13424692547032924,0
6176,3,1,0.5783972214799599,1
6177,1,1,0.7339288681062345,1
6178,4,0,0.2910622868438639,0
6179,0,1,0.7395015583139196,1
6180,0,1,0.7360137870507681,1
6181,1,1,0.6220940827968858,1
6182,1,0,0.6163778054059802,1
6183,0,1,0.740909493662887,1
6184,2,0,0.5150174547703127,1
6185,1,1,0.7502188621442075,1
6186,0,0,0.15886174992370325,0
6187,1,0,0.34972458254517325,0
6188,0,1,0.49383979820711393,0
6189,1,0,0.5076423595498986,1
6190,3,1,0.36317402839529894,0
6191,0,1,0.15937381829758787,0
6192,4,0,0.3923936621804684,0
6193,4,0,0.14938316556422,0
6194,2,1,0.2493522968512912,0
6195,4,0,0.1288843178474898,0
6196,4,0,0.18275267341977686,0
6197,1,0,0.4193021122131842,0
6198,2,0,0.19857586560801924,0
6199,1,1,0.9592713647106522,1
6200,1,1,0.9628468830159544,1
6201,4,0,0.12761866466258073,0
6202,0,1,0.14932198783270306,0
6203,2,1,0.1893770040480935,0
6204,0,0,0.14452706562984283,0
6205,0,1,0.7757754336962189,1
6206,2,0,0.1900909945938721,0
6207,3,1,0.28976199635186706,0
6208,0,0,0.23152850631776167,0
6209,1,0,0.13703043736518838,0
6210,1,0,0.1871732248051689,0
6211,2,0,0.5958131879815345,1
6212,0,0,0.19295839923873226,0
6213,3,0,0.17511373986238699,0
6214,4,1,0.6426975495813609,1
6215,0,0,0.18129126315069,0
6216,4,0,0.3965014643160076,0
6217,0,1,0.543123058529717,1
6218,1,0,0.19139944473472922,0
6219,3,0,0.6645241785441566,1
6220,3,1,0.9574721357852649,1
6221,1,0,0.4131074595242864,0
6222,0,0,0.31766370867532245,0
6223,3,1,0.8254798364787959,1
6224,3,1,0.5061637981324194,1
6225,3,1,0.734588140614551,1
6226,1,1,0.4103350320384234,0
6227,0,1,0.3244876027018401,0
6228,0,1,0.7359957206642835,1
6229,0,0,0.9714865088636649,1
6230,0,1,0.25120540139488207,0
6231,3,0,0.2130464353316309,0
6232,2,1,0.9565813930461962,1
6233,3,1,0.5239304330350627,1
6234,3,0,0.48698845449052436,0
6235,3,1,0.662152456987266,1
6236,4,1,0.5017651233331201,1
6237,1,1,0.955939909656026,1
6238,1,1,0.978573248270792,1
6239,1,0,0.18264141174268525,0
6240,2,1,0.6669430325403484,1
6241,1,1,0.7595330708195184,1
6242,1,1,0.9800800847532473,1
6243,3,0,0.43614704368490714,0
6244,1,0,0.14772604689458865,0
6245,2,0,0.6626871450818296,1
6246,2,1,0.19759761657793837,0
6247,0,0,0.6071610692449637,1
6248,1,1,0.5134811162709177,1
6249,2,1,0.7186217666667057,1
6250,1,1,0.9558679791443472,1
6251,0,1,0.12229893508939842,0
6252,2,1,0.5811359960285668,1
6253,3,1,0.4287310638769821,0
6254,4,1,0.5319649420583343,1
6255,3,0,0.17391599286228257,0
6256,3,1,0.617738617396144,1
6257,0,1,0.8786175353287158,1
6258,3,0,0.11404836433627812,0
6259,4,1,0.612939196102405,1
6260,3,0,0.4985139174083381,0
6261,0,0,0.6130429630418418,1
6262,2,0,0.18093116438303747,0
6263,2,1,0.5537047387772743,1
6264,3,0,0.25402061909184515,0
6265,2,1,0.8662247122752191,1
6266,2,1,0.9793997819479511,1
6267,0,1,0.6785348961987817,1
6268,3,0,0.6771840534536612,1
6269,3,0,0.35758681211636584,0
6270,4,0,0.1537152756932403,0
6271,4,0,0.6089795176674101,1
6272,2,1,0.6143394211455075,1
6273,1,1,0.9776538570099916,1
6274,1,1,0.9863247459287747,1
6275,2,1,0.6881921118173528,1
6276,3,0,0.22954296423070425,0
6277,2,1,0.7473997208954973,1
6278,3,1,0.726085208067031,1
6279,2,1,0.6471001927595846,1
6280,4,0,0.5349775292736269,1
6281,0,0,0.20844748885345035,0
6282,1,0,0.2036020673516761,0
6283,2,1,0.7486599581349248,1
6284,2,1,0.7473997208954973,1
6285,2,1,0.7191055057385057,1
6286,1,1,0.6520696209659189,1
6287,4,1,0.9667356740505438,1
6288,1,1,0.8610589753315091,1
6289,0,0,0.1897281571028462,0
6290,1,0,0.657935145897274,1
6291,1,1,0.6448339226823551,1
6292,1,1,0.747108309890791,1
6293,1,0,0.1531454688009993,0
6294,1,0,0.47351678746485526,0
6295,2,1,0.6187972312125812,1
6296,2,1,0.9796317834685766,1
6297,2,0,0.691773260133299,1
6298,2,1,0.8068177483898049,1
6299,2,0,0.2471155091851289,0
6300,2,1,0.9807968316910478,1
6301,3,1,0.4476461231844878,0
6302,3,0,0.13570377249292406,0
6303,4,1,0.3714838560783436,0
6304,4,0,0.1806428628591308,0
6305,3,1,0.9563801885609435,1
6306,3,1,0.1632410702809579,0
6307,4,0,0.1436336014769156,0
6308,4,1,0.9006576799450982,1
6309,4,1,0.9068399578163227,1
6310,1,0,0.5527883123133646,1
6311,4,1,0.9585810944647998,1
6312,1,0,0.14770230981052543,0
6313,2,0,0.16176810801839783,0
6314,2,1,0.8305429821292702,1
6315,2,1,0.7343305408156823,1
6316,2,1,0.8300383656501048,1
6317,2,0,0.1475608889419157,0
6318,3,0,0.17224629356838198,0
6319,0,0,0.19198163001418886,0
6320,0,1,0.9547045453718702,1
6321,3,1,0.4823100766138948,0
6322,1,1,0.5508192440562835,1
6323,0,1,0.6280756091964848,1
6324,2,0,0.1219553999613595,0
6325,2,1,0.44385684055830293,0
6326,2,0,0.14767365888555198,0
6327,0,1,0.4802535800990123,0
6328,4,1,0.9852898983368712,1
6329,0,0,0.3519577016188363,0
6330,4,1,0.5948605265932109,1
6331,3,0,0.20425891934998208,0
6332,2,0,0.2532480010684765,0
6333,1,0,0.5639471191987869,1
6334,2,1,0.569463581232745,1
6335,3,1,0.960198026456825,1
6336,3,1,0.960198026456825,1
6337,3,1,0.726085208067031,1
6338,2,1,0.8194920975451254,1
6339,2,1,0.8194920975451254,1
6340,2,0,0.2368081633614908,0
6341,2,1,0.9592017152714176,1
6342,2,1,0.9598076013844944,1
6343,2,1,0.9598661052197426,1
6344,0,1,0.7359957206642835,1
6345,2,0,0.5914344002395978,1
6346,2,0,0.17206760596983314,0
6347,2,0,0.1655620647051661,0
6348,2,0,0.6023824585568007,1
6349,2,1,0.6004543301542578,1
6350,0,1,0.9611143438271184,1
6351,0,1,0.8175039234212271,1
6352,4,1,0.6482607052626104,1
6353,3,1,0.854458966708704,1
6354,3,0,0.12229761322443745,0
6355,3,1,0.8588214804049634,1
6356,1,1,0.9785138641313117,1
6357,1,1,0.9779305373818099,1
6358,4,0,0.12446251113469603,0
6359,0,1,0.5034650103686621,1
6360,0,1,0.26011928489064234,0
6361,0,0,0.26226583362217126,0
6362,0,1,0.9376682368859296,1
6363,0,0,0.2040733465413327,0
6364,1,1,0.5866826721610131,1
6365,3,0,0.13901958142189944,0
6366,0,1,0.5950507216220987,1
6367,0,1,0.9862600730107841,1
6368,0,1,0.9860137356845305,1
6369,0,1,0.9860137356845305,1
6370,4,1,0.11267513334053657,0
6371,0,1,0.5609730903596785,1
6372,1,1,0.18639956024731114,0
6373,0,0,0.13353715317068565,0
6374,0,1,0.16873597616737826,0
6375,4,0,0.16870733975765512,0
6376,4,0,0.12158401143157617,0
6377,2,0,0.34054104639937,0
6378,3,0,0.6686465959097072,1
6379,3,0,0.13598191206549348,0
6380,2,0,0.17933659285578119,0
6381,2,1,0.6004543301542578,1
6382,1,1,0.9667844372590163,1
6383,0,1,0.9605483658622028,1
6384,0,1,0.9140764455435325,1
6385,0,0,0.13302741376779434,0
6386,1,0,0.18536383936990164,0
6387,1,1,0.5783541728862825,1
6388,1,0,0.24839686650332193,0
6389,2,1,0.9565813930461962,1
6390,4,0,0.701452556438497,1
6391,3,1,0.9602237572512836,1
6392,3,0,0.8231898276927847,1
6393,2,1,0.6296126334946202,1
6394,3,0,0.13733215414462996,0
6395,1,1,0.5641036147433385,1
6396,1,1,0.5777158919530428,1
6397,1,0,0.14843533277454396,0
6398,0,0,0.46733250155147354,0
6399,0,1,0.6120430659340127,1
6400,0,1,0.9622138017137144,1
6401,3,0,0.572445844126527,1
6402,4,0,0.5485137617019232,1
6403,2,1,0.4898748683069996,0
6404,4,0,0.1457994655099945,0
6405,4,1,0.7153509276842588,1
6406,4,1,0.9556165242904114,1
6407,3,0,0.1925592883648474,0
6408,3,1,0.6142854182010942,1
6409,3,1,0.6142854182010942,1
6410,3,0,0.17856460663102613,0
6411,1,1,0.6202381102599283,1
6412,1,0,0.612060550600436,1
6413,4,0,0.5399445774357597,1
6414,2,1,0.7473997208954973,1
6415,3,0,0.1446962610972126,0
6416,1,0,0.20684121086230564,0
6417,2,1,0.6999012376082439,1
6418,2,1,0.9889276152106108,1
6419,2,1,0.9791659799837806,1
6420,2,1,0.8764867919575283,1
6421,1,1,0.9861729687381605,1
6422,1,1,0.42353968468937997,0
6423,3,0,0.5026888858542246,1
6424,1,0,0.2218531557591853,0
6425,1,1,0.2542251126996375,0
6426,4,0,0.13450512234488787,0
6427,1,1,0.6769819399964946,1
6428,1,0,0.6769819399964946,1
6429,1,0,0.7274803705575789,1
6430,1,1,0.7167317002556973,1
6431,1,1,0.7428168036406629,1
6432,1,1,0.6848040525728974,1
6433,1,0,0.18452409341665713,0
6434,3,0,0.4566424916686891,0
6435,0,1,0.163317757782236,0
6436,1,1,0.7113930507390027,1
6437,4,1,0.5392070969413012,1
6438,1,0,0.1665504771168035,0
6439,1,1,0.19212284253755965,0
6440,2,1,0.9898434357057505,1
6441,1,1,0.6257922767047295,1
6442,3,1,0.5900278619406865,1
6443,3,0,0.2002030876698044,0
6444,0,0,0.23833272169953618,0
6445,3,1,0.5397393612610248,1
6446,1,0,0.19211996385263863,0
6447,4,1,0.7012292817742436,1
6448,4,1,0.2913854675928343,0
6449,4,1,0.9370076596164372,1
6450,4,1,0.7585082070558551,1
6451,4,1,0.7319459772074652,1
6452,4,0,0.26242650298211895,0
6453,3,1,0.33514809018421055,0
6454,2,0,0.6538731007684192,1
6455,2,0,0.1608814706003549,0
6456,2,1,0.6064319074271125,1
6457,2,1,0.5551803349419664,1
6458,2,0,0.6538731007684192,1
6459,2,1,0.6023824585568007,1
6460,1,0,0.2094351804794979,0
6461,1,1,0.6399610555992449,1
6462,1,0,0.12790651106941944,0
6463,3,0,0.30050520047813006,0
6464,0,0,0.4923080854777544,0
6465,2,1,0.22765463228160293,0
6466,1,1,0.955939909656026,1
6467,1,0,0.1579394580008031,0
6468,1,0,0.1371051091919541,0
6469,2,0,0.1450315600458114,0
6470,2,1,0.9438667859335589,1
6471,2,1,0.9428474292057352,1
6472,2,1,0.8289429183613923,1
6473,3,1,0.6142854182010942,1
6474,3,0,0.27847342980637063,0
6475,3,0,0.6113659099679187,1
6476,1,0,0.6220940827968858,1
6477,3,1,0.9568516606578105,1
6478,4,1,0.14773109724533248,0
6479,1,1,0.719853996804817,1
6480,0,1,0.69608892524496,1
6481,3,0,0.16122290980594015,0
6482,0,1,0.9608820277351877,1
6483,1,1,0.6906245896527939,1
6484,3,1,0.9741481392444181,1
6485,3,1,0.984564372270037,1
6486,2,0,0.2817228848152547,0
6487,1,1,0.947031267792542,1
6488,2,0,0.161797549097855,0
6489,1,0,0.6360967086972115,1
6490,0,0,0.2623758288471107,0
6491,4,1,0.5300026812989795,1
6492,0,0,0.23884055852827546,0
6493,3,0,0.12210212336477798,0
6494,2,0,0.6095503473007052,1
6495,4,1,0.9672986302027617,1
6496,4,1,0.9670919648319073,1
6497,4,0,0.2271683206642256,0
6498,4,1,0.8703402314260898,1
6499,3,1,0.7363017034045395,1
6500,3,1,0.7385975152835698,1
6501,2,1,0.703963303648581,1
6502,2,0,0.6593100728206036,1
6503,0,0,0.6131878879066114,1
6504,2,1,0.944414622820988,1
6505,2,1,0.9596673591494924,1
6506,0,0,0.12178894644608555,0
6507,0,1,0.9547045453718702,1
6508,2,1,0.8248814286541357,1
6509,2,0,0.15895397879599232,0
6510,1,0,0.11637630663763447,0
6511,4,0,0.5439976614563662,1
6512,2,1,0.4959988534922181,0
6513,2,1,0.3119025148629171,0
6514,0,1,0.7359957206642835,1
6515,2,0,0.13478652267878072,0
6516,0,0,0.7020221642572524,1
6517,1,1,0.9632526234182617,1
6518,0,0,0.613583035604475,1
6519,3,1,0.2933409751079007,0
6520,4,1,0.9554605240922404,1
6521,1,0,0.22631205433012613,0
6522,1,0,0.17265085034140357,0
6523,3,1,0.22188345009254207,0
6524,2,1,0.5307012601178132,1
6525,4,1,0.9762461076845624,1
6526,1,1,0.955939909656026,1
6527,1,1,0.9059696248017864,1
6528,1,1,0.8703665288681488,1
6529,0,0,0.16565600386875368,0
6530,3,0,0.20341324712930925,0
6531,4,1,0.9057631627385487,1
6532,4,1,0.9057631627385487,1
6533,0,1,0.6612687373440619,1
6534,2,1,0.7832049073332882,1
6535,2,0,0.7858040836659863,1
6536,4,1,0.7252752770542823,1
6537,4,0,0.25985659519214577,0
6538,4,1,0.9515131337259691,1
6539,4,0,0.12131812786058749,0
6540,4,0,0.48125488567790825,0
6541,3,0,0.15596351782198276,0
6542,4,1,0.5657363773027305,1
6543,4,1,0.1772491385560719,0
6544,3,0,0.26351220733306735,0
6545,4,1,0.9604774646193394,1
6546,0,1,0.6130429630418418,1
6547,0,0,0.30298872857857195,0
6548,3,0,0.19222366452127979,0
6549,0,1,0.5835378774205902,1
6550,4,0,0.16573670966438692,0
6551,4,1,0.9554605240922404,1
6552,0,0,0.1314168917139607,0
6553,0,1,0.9605483658622028,1
6554,0,0,0.12850916612940042,0
6555,0,1,0.740909493662887,1
6556,1,0,0.21324385677521854,0
6557,1,1,0.8619182777808065,1
6558,1,1,0.9863172645947662,1
6559,1,1,0.7386031684668881,1
6560,1,1,0.5966220005801587,1
6561,1,1,0.9861729687381605,1
6562,1,0,0.19082467631438083,0
6563,3,1,0.6551188233956879,1
6564,2,0,0.49328793705161067,0
6565,1,1,0.15980203910940013,0
6566,1,0,0.15039498061106477,0
6567,4,0,0.6461238514308644,1
6568,3,1,0.5600452987459046,1
6569,3,1,0.6113659099679187,1
6570,3,1,0.49210624286692206,0
6571,4,1,0.7252752770542823,1
6572,3,1,0.9765933217429887,1
6573,0,1,0.20081632865382013,0
6574,2,1,0.5717325562818926,1
6575,0,0,0.12877216727766727,0
6576,1,1,0.718323783208398,1
6577,1,0,0.15038839123392186,0
6578,3,1,0.5707008733032229,1
6579,1,1,0.9868749693473217,1
6580,2,1,0.9690674700999183,1
6581,3,1,0.9847202719780415,1
6582,0,0,0.1709208467827844,0
6583,3,1,0.9745302031938087,1
6584,3,1,0.473434529076899,0
6585,1,0,0.5536121287755129,1
6586,4,1,0.9851043227635794,1
6587,4,1,0.9851043227635794,1
6588,0,1,0.7042510452517867,1
6589,0,1,0.95060286779445,1
6590,3,0,0.12759787194639885,0
6591,3,0,0.15540016044654814,0
6592,1,1,0.7434520632675418,1
6593,0,0,0.2323886341084537,0
6594,0,0,0.1809239542839881,0
6595,4,0,0.19084424980745832,0
6596,2,0,0.5077955244269247,1
6597,0,0,0.15309541235589377,0
6598,0,0,0.18088935181034307,0
6599,1,0,0.5632163499137394,1
6600,1,0,0.19128227907089243,0
6601,4,0,0.1153248528802791,0
6602,1,0,0.1907645893403837,0
6603,2,1,0.857142842474132,1
6604,2,1,0.857142842474132,1
6605,2,1,0.9689081259510924,1
6606,2,1,0.981579800029296,1
6607,2,1,0.5511822137032173,1
6608,2,0,0.21780558064180225,0
6609,0,0,0.18742005241971177,0
6610,4,0,0.20169666920879337,0
6611,2,1,0.5439280723777676,1
6612,4,1,0.7302446277371005,1
6613,4,1,0.5480595246202826,1
6614,4,1,0.4946887515272674,0
6615,2,0,0.17448773310689755,0
6616,0,1,0.1829654824065425,0
6617,3,0,0.2443919912535746,0
6618,2,1,0.6004543301542578,1
6619,3,0,0.12999890677275452,0
6620,3,1,0.957231724123539,1
6621,3,0,0.09858540730926191,0
6622,0,0,0.23626834160667576,0
6623,3,1,0.734588140614551,1
6624,4,0,0.3053222792880734,0
6625,4,1,0.7620257771913597,1
6626,3,0,0.18363367243704506,0
6627,0,0,0.12378469420599546,0
6628,0,1,0.9715793048681558,1
6629,4,0,0.5522572130456781,1
6630,4,0,0.6089795176674101,1
6631,4,1,0.6089795176674101,1
6632,3,1,0.9741481392444181,1
6633,3,0,0.2908717608248383,0
6634,1,0,0.5513158556849286,1
6635,3,0,0.4503321526617802,0
6636,0,0,0.1567662110666741,0
6637,4,0,0.12046395475162426,0
6638,4,0,0.1828559843538337,0
6639,1,0,0.15057547205029015,0
6640,0,1,0.9547045453718702,1
6641,1,0,0.17695705603705064,0
6642,3,0,0.32949020568462933,0
6643,1,1,0.627250353008705,1
6644,2,1,0.719942540972236,1
6645,1,1,0.319923179350303,0
6646,1,0,0.1947738633682812,0
6647,0,0,0.18503623500129984,0
6648,0,0,0.20535956887411858,0
6649,2,1,0.22286026599200262,0
6650,0,0,0.17320478007375753,0
6651,0,1,0.7344935309949826,1
6652,1,1,0.5934334866687008,1
6653,2,1,0.9690674700999183,1
6654,4,0,0.6146575778420926,1
6655,4,1,0.6089795176674101,1
6656,4,0,0.6355944974494981,1
6657,2,0,0.5371472054633222,1
6658,2,0,0.2626630867758387,0
6659,2,1,0.7191055057385057,1
6660,4,1,0.7635507717173453,1
6661,3,1,0.6536929141745644,1
6662,3,0,0.23944764232367924,0
6663,2,1,0.6865131745254187,1
6664,1,0,0.26061160521590593,0
6665,3,1,0.48695650305541377,0
6666,3,1,0.7049233385797056,1
6667,3,1,0.7371565452942268,1
6668,0,1,0.6510989030376325,1
6669,0,0,0.7307605719316623,1
6670,2,1,0.5637026594725704,1
6671,4,0,0.39507149232902283,0
6672,3,0,0.1488636492437631,0
6673,1,1,0.6257922767047295,1
6674,0,0,0.0938925382161276,0
6675,4,0,0.595812781339142,1
6676,4,0,0.1949234118899006,0
6677,1,1,0.722111253345409,1
6678,3,1,0.9574721357852649,1
6679,2,0,0.5933138302552958,1
6680,0,0,0.2257064899914714,0
6681,1,0,0.16099199612760906,0
6682,4,1,0.7640890324284192,1
6683,3,0,0.30291312594277875,0
6684,3,1,0.734588140614551,1
6685,1,1,0.5619655262965915,1
6686,1,0,0.26431410733467264,0
6687,1,1,0.7381999327822759,1
6688,3,0,0.1325170787048427,0
6689,4,0,0.12303239337309192,0
6690,2,0,0.12004686458937883,0
6691,3,1,0.9607509543775005,1
6692,4,1,0.7134641013069628,1
6693,1,0,0.1533711576795208,0
6694,2,1,0.6182243433844373,1
6695,0,0,0.14846201173367443,0
6696,2,0,0.23982318750214685,0
6697,4,0,0.17959970587167415,0
6698,4,0,0.7640890324284192,1
6699,4,1,0.649426476244511,1
6700,1,0,0.2204141039427591,0
6701,1,0,0.4754045835626126,0
6702,2,1,0.703963303648581,1
6703,2,1,0.7169192024870797,1
6704,2,0,0.17657276695908472,0
6705,2,0,0.5864102580269858,1
6706,3,0,0.2040542566892042,0
6707,4,0,0.5282473771939065,1
6708,4,1,0.6549570121522698,1
6709,2,0,0.18214720367312967,0
6710,3,1,0.9745747217428368,1
6711,3,1,0.8751921292209462,1
6712,1,0,0.20692477030350262,0
6713,2,0,0.3124743545423112,0
6714,2,1,0.9644835191280976,1
6715,2,1,0.9613272742149649,1
6716,1,0,0.16136512347730433,0
6717,2,1,0.6023824585568007,1
6718,0,0,0.4186641195138747,0
6719,1,1,0.2670365757279938,0
6720,2,0,0.49125203459722216,0
6721,1,1,0.6204873852139547,1
6722,1,1,0.48181520538186157,0
6723,3,0,0.6113659099679187,1
6724,4,1,0.5400989739035486,1
6725,0,1,0.6335502225385639,1
6726,0,1,0.9798536765977938,1
6727,0,0,0.44212063226303366,0
6728,0,1,0.9795633797783158,1
6729,2,1,0.7982130499971106,1
6730,2,0,0.49054782776578826,0
6731,2,0,0.17574525002482147,0
6732,2,0,0.15862886457929123,0
6733,2,1,0.5429172182580762,1
6734,2,0,0.28863747596397876,0
6735,1,0,0.14880492263691633,0
6736,1,1,0.5398551483717989,1
6737,4,1,0.49438044404358106,0
6738,0,1,0.9618444560923042,1
6739,3,0,0.14207364027529462,0
6740,2,0,0.2364429515816796,0
6741,4,0,0.14992846437270263,0
6742,2,0,0.22654607469335875,0
6743,2,1,0.19426313092059094,0
6744,4,0,0.47275418270010083,0
6745,0,0,0.6295077259532181,1
6746,4,1,0.9783882602230183,1
6747,4,0,0.5552888677655206,1
6748,3,0,0.11569399452786495,0
6749,1,0,0.2041140366076277,0
6750,1,1,0.9857840009054918,1
6751,1,1,0.9857840009054918,1
6752,1,0,0.20273645557719153,0
6753,3,0,0.35854552989686767,0
6754,3,1,0.9588165394366691,1
6755,1,0,0.1137536765206151,0
6756,1,1,0.7560218076134779,1
6757,1,0,0.236570930194873,0
6758,3,0,0.21833694795506464,0
6759,3,0,0.17278909577605037,0
6760,1,1,0.6405538306420633,1
6761,0,0,0.47966037577695103,0
6762,3,0,0.22357747689994223,0
6763,1,0,0.5683614681294706,1
6764,1,1,0.5741598917936815,1
6765,1,0,0.6590206034083541,1
6766,4,0,0.1625953476469071,0
6767,1,0,0.6202381102599283,1
6768,1,1,0.31535883447947755,0
6769,0,1,0.9570968553486716,1
6770,0,0,0.17217395518509418,0
6771,4,1,0.649426476244511,1
6772,4,1,0.7276554140449105,1
6773,4,0,0.16813085014527487,0
6774,3,1,0.6353420813526945,1
6775,3,1,0.5845340969553368,1
6776,3,1,0.6656506250329982,1
6777,3,1,0.5955177918662075,1
6778,4,1,0.935002572568199,1
6779,1,0,0.16678395306697488,0
6780,0,1,0.9793643841705617,1
6781,4,1,0.6089795176674101,1
6782,2,0,0.1990069480258863,0
6783,3,0,0.18870801594561562,0
6784,1,1,0.9570013134283413,1
6785,3,0,0.08798457108304125,0
6786,4,1,0.38092223143364384,0
6787,4,1,0.5799566887908202,1
6788,0,0,0.6280756091964848,1
6789,2,1,0.5958131879815345,1
6790,3,1,0.6297753981499208,1
6791,4,0,0.540353984257021,1
6792,4,1,0.9786784318561872,1
6793,4,0,0.3701578164306259,0
6794,4,1,0.7724792101039025,1
6795,1,0,0.1698190287158228,0
6796,1,1,0.5733044964361458,1
6797,3,0,0.21285817600038562,0
6798,1,1,0.9592713647106522,1
6799,4,0,0.208129213134337,0
6800,1,1,0.5430976319771151,1
6801,3,1,0.819570443465599,1
6802,3,0,0.21499995333050229,0
6803,3,0,0.1908777726742978,0
6804,0,1,0.6295077259532181,1
6805,2,1,0.857142842474132,1
6806,2,0,0.11978682074392932,0
6807,2,1,0.9690674700999183,1
6808,4,1,0.9678238073265513,1
6809,0,1,0.7543608195978422,1
6810,1,0,0.5637683232875127,1
6811,0,1,0.7360137870507681,1
6812,2,1,0.1807861634351126,0
6813,1,0,0.20466410669719465,0
6814,3,0,0.5837428232143186,1
6815,3,0,0.5173538909583951,1
6816,2,1,0.6089993624985057,1
6817,3,0,0.178875611546839,0
6818,1,1,0.21269641882216628,0
6819,3,0,0.15609150491824214,0
6820,1,0,0.17507851778021802,0
6821,1,1,0.6220940827968858,1
6822,3,1,0.5600452987459046,1
6823,0,0,0.2328772573059474,0
6824,0,0,0.5565033891301177,1
6825,4,1,0.53181197169566,1
6826,2,1,0.9580339556157822,1
6827,1,1,0.20524042860233874,0
6828,3,1,0.4148975103550891,0
6829,3,1,0.8505080364189895,1
6830,2,1,0.857142842474132,1
6831,2,0,0.9467795541756328,1
6832,2,1,0.9693731903552136,1
6833,1,0,0.1626357060718776,0
6834,2,1,0.9691668688210039,1
6835,2,0,0.11886645748199035,0
6836,4,0,0.21221501993137296,0
6837,1,1,0.7192191429373386,1
6838,0,0,0.21877255506851773,0
6839,2,0,0.13012426844316144,0
6840,2,0,0.17572473222864993,0
6841,3,0,0.17903997429127616,0
6842,4,1,0.7275099328896448,1
6843,3,0,0.13222606740403325,0
6844,4,0,0.6948544304332118,1
6845,1,0,0.17831244187570205,0
6846,2,0,0.30484541672376586,0
6847,0,1,0.6750768256586542,1
6848,2,0,0.13372598867540264,0
6849,3,1,0.6672951805546389,1
6850,3,1,0.7396620894175435,1
6851,4,1,0.9852088557799236,1
6852,4,0,0.13072480828502614,0
6853,4,0,0.2116391836787725,0
6854,2,0,0.17710699844765776,0
6855,1,1,0.9059696248017864,1
6856,0,1,0.6857121063273758,1
6857,0,0,0.5446744175484618,1
6858,4,1,0.2420620056564224,0
6859,2,0,0.5551803349419664,1
6860,1,0,0.46827660676714533,0
6861,3,1,0.664909861286949,1
6862,4,0,0.20155748841170695,0
6863,1,1,0.17285360716207843,0
6864,4,1,0.2364154278775363,0
6865,2,0,0.1985117196857341,0
6866,4,1,0.6146575778420926,1
6867,3,1,0.974652259005292,1
6868,3,1,0.8576568370509182,1
6869,0,0,0.199583699374615,0
6870,0,1,0.6116108462851084,1
6871,0,0,0.27087721410603804,0
6872,0,1,0.31403856863293217,0
6873,4,0,0.4084440419423352,0
6874,3,0,0.4648186186490391,0
6875,2,1,0.7183514329427034,1
6876,4,1,0.5787478436181744,1
6877,2,1,0.9815683842485144,1
6878,0,0,0.11712126073343541,0
6879,4,1,0.8571303684089718,1
6880,3,0,0.4665395943993351,0
6881,0,1,0.7395015583139196,1
6882,3,1,0.27905569044107353,0
6883,3,1,0.9575632677582455,1
6884,3,1,0.9575632677582455,1
6885,3,1,0.95763827747982,1
6886,3,0,0.11930813628970699,0
6887,3,0,0.1948196244056293,0
6888,4,0,0.4052501691580412,0
6889,4,0,0.15828845147689194,0
6890,3,0,0.20672898145574514,0
6891,2,1,0.39483847454250287,0
6892,2,1,0.6172237656917015,1
6893,3,1,0.9582901364173609,1
6894,0,0,0.17881526836534054,0
6895,1,0,0.2098877265877026,0
6896,4,1,0.9596763736279956,1
6897,2,1,0.703963303648581,1
6898,0,1,0.2235098305045455,0
6899,2,0,0.17935208799129781,0
6900,2,0,0.14551062524138098,0
6901,2,0,0.14923186875284566,0
6902,4,0,0.5102856764584591,1
6903,2,0,0.11973798788051296,0
6904,1,1,0.8516799440427738,1
6905,4,0,0.15203817899697084,0
6906,1,1,0.9592105753373896,1
6907,0,0,0.20560440442999436,0
6908,0,0,0.26561104744870234,0
6909,1,1,0.5974907045724255,1
6910,1,0,0.1263766778069006,0
6911,2,1,0.14421873491868673,0
6912,1,0,0.1493975824450562,0
6913,3,0,0.41158270116366097,0
6914,4,0,0.15240629821944773,0
6915,1,0,0.2118096936183283,0
6916,2,0,0.5775633800410187,1
6917,4,0,0.20408175281233823,0
6918,4,0,0.5950430450326725,1
6919,4,0,0.1625456340094991,0
6920,4,0,0.19825314284718176,0
6921,2,0,0.1058667698987366,0
6922,2,0,0.18692870277588908,0
6923,4,1,0.7601709884136343,1
6924,0,1,0.20864450760859019,0
6925,1,0,0.2039052369884082,0
6926,4,0,0.2129770413602417,0
6927,3,0,0.572445844126527,1
6928,4,0,0.4093852352711792,0
6929,3,1,0.726085208067031,1
6930,1,1,0.9615553839100104,1
6931,1,0,0.1950832810353134,0
6932,1,1,0.978573248270792,1
6933,4,1,0.20619799807577188,0
6934,3,0,0.6073953225666822,1
6935,3,1,0.6142854182010942,1
6936,1,0,0.1872869050383373,0
6937,4,1,0.4523835520907535,0
6938,2,1,0.7486599581349248,1
6939,3,1,0.976956581089017,1
6940,3,1,0.9773552801904138,1
6941,1,0,0.5005929665571087,1
6942,3,0,0.16247861291596238,0
6943,4,0,0.12670732960523245,0
6944,4,0,0.1378119081756703,0
6945,0,0,0.19674708405867605,0
6946,4,1,0.648139434982991,1
6947,3,0,0.10248049384401998,0
6948,2,1,0.9578941380527471,1
6949,2,1,0.8300383656501048,1
6950,1,0,0.6333207739416132,1
6951,0,0,0.6648844081982772,1
6952,3,0,0.18192067952027613,0
6953,2,1,0.7805526361494521,1
6954,4,1,0.727601203725486,1
6955,0,0,0.17217434295771306,0
6956,2,0,0.5958131879815345,1
6957,0,0,0.6116108462851084,1
6958,4,0,0.19415531110006623,0
6959,4,0,0.49570695397646214,0
6960,2,1,0.9889276152106108,1
6961,2,1,0.9791659799837806,1
6962,2,0,0.1467249804223549,0
6963,2,0,0.37888062968467257,0
6964,4,1,0.6359996709337182,1
6965,4,1,0.9759585122297191,1
6966,4,1,0.9760718281879889,1
6967,2,1,0.17663459786280772,0
6968,3,0,0.23762427222471857,0
6969,1,0,0.5906575156742075,1
6970,2,1,0.7744455490336248,1
6971,2,1,0.9898434357057505,1
6972,1,0,0.3137275799148946,0
6973,1,1,0.5629985526895455,1
6974,2,0,0.5542226163506903,1
6975,2,0,0.5854027303787586,1
6976,0,1,0.5235241451785532,1
6977,4,0,0.15183760165680926,0
6978,0,0,0.15482334008705434,0
6979,4,1,0.9015518083269696,1
6980,1,1,0.5001364824026283,1
6981,0,1,0.5519565330458576,1
6982,3,0,0.20631174487624876,0
6983,3,1,0.591863975884576,1
6984,3,0,0.1602265725571254,0
6985,0,1,0.8650469005459696,1
6986,0,0,0.17753843927696078,0
6987,4,0,0.15309344882766338,0
6988,2,0,0.20117928071802246,0
6989,2,0,0.4807275247576572,0
6990,0,1,0.8436367646270022,1
6991,4,1,0.9783882602230183,1
6992,2,0,0.5427098547683691,1
6993,0,1,0.9861582767919401,1
6994,0,1,0.9799202624049672,1
6995,0,1,0.9800365839958992,1
6996,0,1,0.24057413242604883,0
6997,2,0,0.5700444497059333,1
6998,4,0,0.7103183247925698,1
6999,2,0,0.5959708696866521,1
7000,2,0,0.701647325015284,1
7001,4,0,0.15424329519697505,0
7002,4,0,0.1521480412954192,0
7003,2,0,0.17758738292365647,0
7004,3,0,0.13497581443142567,0
7005,4,0,0.1658959323994704,0
7006,4,1,0.9764779898061566,1
7007,4,1,0.5913827349555248,1
7008,4,1,0.9852088557799236,1
7009,1,1,0.9863172645947662,1
7010,4,1,0.30344775515171224,0
7011,3,1,0.7074568704435413,1
7012,0,0,0.1648887154043448,0
7013,4,0,0.6924135873737103,1
7014,4,0,0.3648981162098608,0
7015,4,1,0.14802998607049772,0
7016,0,1,0.9547045453718702,1
7017,2,1,0.6073624853746382,1
7018,3,1,0.5993071051282622,1
7019,2,1,0.9565813930461962,1
7020,3,1,0.9580751146333503,1
7021,3,1,0.9580689467510896,1
7022,4,0,0.14534155173408733,0
7023,4,1,0.8211022814713487,1
7024,4,1,0.9546805520210133,1
7025,2,0,0.21510902260747647,0
7026,4,1,0.17291219554753592,0
7027,1,1,0.5424109818504553,1
7028,2,0,0.1544514102292279,0
7029,3,0,0.13447434649186601,0
7030,4,1,0.46224388452518245,0
7031,4,0,0.13926179341643755,0
7032,4,1,0.6966123164881752,1
7033,2,1,0.7011635859434839,1
7034,3,1,0.7069361133758224,1
7035,3,0,0.28001010969991597,0
7036,2,0,0.6223670305311976,1
7037,0,1,0.8146590526559818,1
7038,0,0,0.1822090683341272,0
7039,0,1,0.9654362025694386,1
7040,0,1,0.5943753874160379,1
7041,3,1,0.5691202109225967,1
7042,3,0,0.1597171527922165,0
7043,1,0,0.1689569153276282,0
7044,1,1,0.5289009476825562,1
7045,0,1,0.9793624491700286,1
7046,0,1,0.2759697575618364,0
7047,2,0,0.15324261384474114,0
7048,2,0,0.07198193978337859,0
7049,2,1,0.9618587930334055,1
7050,2,1,0.9618587930334055,1
7051,1,0,0.1434527700340259,0
7052,0,0,0.5506509106644485,1
7053,0,1,0.6184094049518302,1
7054,0,1,0.6255806431154631,1
7055,2,0,0.26500571940744805,0
7056,1,0,0.1622391292953045,0
7057,1,0,0.15268860869902273,0
7058,3,0,0.5189274223368833,1
7059,2,0,0.4862664547528483,0
7060,2,0,0.11934616686322196,0
7061,0,0,0.9605483658622028,1
7062,0,1,0.9140764455435325,1
7063,2,0,0.15846737311372097,0
7064,3,1,0.960198026456825,1
7065,3,0,0.143827486689029,0
7066,1,0,0.14704461387214776,0
7067,2,0,0.16120422238129173,0
7068,1,0,0.19264660359758243,0
7069,3,1,0.46804759059076234,0
7070,0,1,0.5985039869436405,1
7071,0,1,0.6199146598235904,1
7072,0,0,0.19009414937684735,0
7073,0,1,0.9865167603448529,1
7074,0,1,0.4582244711486401,0
7075,3,1,0.7106753701888181,1
7076,0,1,0.9793624491700286,1
7077,0,1,0.9859750537322926,1
7078,3,1,0.6785077830195205,1
7079,4,0,0.21892597472633626,0
7080,1,1,0.15076543267805395,0
7081,3,1,0.9574721357852649,1
7082,2,0,0.21365971274728485,0
7083,2,0,0.3216580423660795,0
7084,0,0,0.2208656007228065,0
7085,1,0,0.5499563498868193,1
7086,1,0,0.19161729226014976,0
7087,4,0,0.7120197470018008,1
7088,0,1,0.5807329791524465,1
7089,1,1,0.6263034494195914,1
7090,0,1,0.4781820440101785,0
7091,2,0,0.23119311916252308,0
7092,2,0,0.215926601477126,0
7093,0,1,0.8551835421984174,1
7094,0,0,0.20072412041187035,0
7095,2,1,0.9612245437455837,1
7096,0,1,0.43853355917731274,0
7097,0,1,0.9798666364188781,1
7098,0,0,0.22599111748484282,0
7099,0,1,0.873120266526906,1
7100,3,0,0.7527193760477406,1
7101,3,0,0.23124235085528821,0
7102,1,0,0.11438956575461635,0
7103,0,0,0.12045115575916296,0
7104,0,0,0.7229671836511812,1
7105,4,0,0.6109401561530848,1
7106,0,1,0.9856619566387939,1
7107,2,1,0.7133896774513147,1
7108,2,0,0.27372925909180135,0
7109,2,0,0.16870699292541455,0
7110,3,0,0.18409927264140902,0
7111,4,1,0.18158306734108057,0
7112,4,1,0.7120197470018008,1
7113,2,1,0.7123836447570058,1
7114,4,1,0.886622994828807,1
7115,4,1,0.9764741152476514,1
7116,4,0,0.4137773551644558,0
7117,4,1,0.985060858192034,1
7118,4,0,0.1884327500913678,0
7119,4,1,0.8430488322751748,1
7120,4,1,0.9757377902721034,1
7121,2,1,0.4314483704545873,0
7122,1,1,0.6447138122835222,1
7123,1,1,0.5103842763231656,1
7124,1,0,0.12867099841781146,0
7125,4,1,0.9854490172505301,1
7126,4,1,0.5635373483978479,1
7127,2,1,0.9898434357057505,1
7128,2,1,0.9808297441978163,1
7129,2,1,0.6647434248883505,1
7130,3,0,0.22328985324889952,0
7131,1,0,0.19589198784696,0
7132,4,1,0.9573307498205714,1
7133,4,0,0.19639186481485882,0
7134,1,0,0.12679344769354983,0
7135,4,1,0.9556165242904114,1
7136,0,1,0.9605483658622028,1
7137,4,0,0.15078551579523397,0
7138,4,1,0.9264128161916443,1
7139,4,1,0.9786784318561872,1
7140,3,1,0.5213118103065959,1
7141,0,1,0.18291924312137195,0
7142,3,0,0.22829365257564124,0
7143,0,1,0.9790564684654116,1
7144,3,0,0.18032706029054532,0
7145,2,0,0.15219830093495695,0
7146,1,1,0.978848762512122,1
7147,2,0,0.22432784434550615,0
7148,4,0,0.16806367444006304,0
7149,0,1,0.38693027211150993,0
7150,2,1,0.6662753159066845,1
7151,0,0,0.1366787213979297,0
7152,1,0,0.20345511898041543,0
7153,3,0,0.1835083676420033,0
7154,1,0,0.12641879893545588,0
7155,2,0,0.1451008040446964,0
7156,4,1,0.7120197470018008,1
7157,1,1,0.9868749693473217,1
7158,4,1,0.9856298584600777,1
7159,3,1,0.591863975884576,1
7160,2,1,0.17642924815598937,0
7161,4,0,0.12384101176223282,0
7162,4,1,0.9674870805590666,1
7163,4,1,0.6109401561530848,1
7164,3,1,0.6115425224253761,1
7165,3,0,0.361511263228456,0
7166,3,1,0.8143453421351771,1
7167,1,0,0.16998938374505115,0
7168,3,1,0.7074568704435413,1
7169,1,1,0.6990076675553059,1
7170,1,0,0.7306149717385648,1
7171,1,1,0.7036456633280037,1
7172,0,1,0.18636912855487975,0
7173,1,0,0.6990076675553059,1
7174,4,1,0.9856298584600777,1
7175,0,0,0.7229671836511812,1
7176,3,1,0.9847202719780415,1
7177,4,1,0.7091713144770588,1
7178,3,1,0.585704449765312,1
7179,2,1,0.9597251380722819,1
7180,1,1,0.9761958244917245,1
7181,2,0,0.446099620783852,0
7182,0,1,0.9605483658622028,1
7183,1,0,0.17136697880101726,0
7184,0,0,0.12386885815335272,0
7185,4,0,0.7116180842202284,1
7186,1,0,0.14331328950368008,0
7187,1,1,0.5987596208965561,1
7188,2,0,0.587543060636068,1
7189,1,0,0.11805797099852418,0
7190,1,0,0.693100923138338,1
7191,0,1,0.5427238868321386,1
7192,2,1,0.5655479434693068,1
7193,1,0,0.19301643401115287,0
7194,1,0,0.5650168592505415,1
7195,4,0,0.15329591301985543,0
7196,3,1,0.5264010986744874,1
7197,3,1,0.9580751146333503,1
7198,2,0,0.25337972975864537,0
7199,2,1,0.5360137660132747,1
7200,2,1,0.8067226564694746,1
7201,0,0,0.16824746368022625,0
7202,1,0,0.15260168538526264,0
7203,2,0,0.1453549402077439,0
7204,3,1,0.8505441934966935,1
7205,3,1,0.9847202719780415,1
7206,1,1,0.2508524213452103,0
7207,0,1,0.5779800385678444,1
7208,2,0,0.14365330964414288,0
7209,4,0,0.6041132127836143,1
7210,0,1,0.6597143628156044,1
7211,0,1,0.7229671836511812,1
7212,2,0,0.11876536337894708,0
7213,2,0,0.1538665572565693,0
7214,1,0,0.4983253783243405,0
7215,0,0,0.12626062397171828,0
7216,0,0,0.6199146598235904,1
7217,0,1,0.5870200642455492,1
7218,3,0,0.14374896066455178,0
7219,3,1,0.7554541736651018,1
7220,3,1,0.9736988409977966,1
7221,1,0,0.17743563338327942,0
7222,4,0,0.2778149043072029,0
7223,1,1,0.8429874705411126,1
7224,4,0,0.15165457784732658,0
7225,0,1,0.7020221642572524,1
7226,4,0,0.5106459205457311,1
7227,2,1,0.7457989094084018,1
7228,0,1,0.9714865088636649,1
7229,2,0,0.29961186152102137,0
7230,0,1,0.20998560808333624,0
7231,3,0,0.3469603802927596,0
7232,0,1,0.9806280675521913,1
7233,4,1,0.9780388695894141,1
7234,0,0,0.13153990698531626,0
7235,3,1,0.9574721357852649,1
7236,4,0,0.19044739412592482,0
7237,3,0,0.6539522122059863,1
7238,1,0,0.5224783084389609,1
7239,2,1,0.9567602305053932,1
7240,2,1,0.9579669759653084,1
7241,3,0,0.14547041174388864,0
7242,3,0,0.43073246255814485,0
7243,3,1,0.9736988409977966,1
7244,2,1,0.9597238650853978,1
7245,3,0,0.23466206729386072,0
7246,3,0,0.531857673868412,1
7247,3,0,0.25865552130079755,0
7248,1,1,0.8829262338261499,1
7249,1,0,0.3784385100091983,0
7250,0,1,0.9805301812649413,1
7251,2,0,0.1750441135187574,0
7252,1,0,0.6541007605759458,1
7253,2,1,0.34304691640282303,0
7254,0,1,0.689818024226074,1
7255,0,1,0.9790314174031154,1
7256,0,1,0.542090349485796,1
7257,4,0,0.4757309374344095,0
7258,1,1,0.17119788484516724,0
7259,0,1,0.6272302011830911,1
7260,1,0,0.16658151946726157,0
7261,2,0,0.14661548521337447,0
7262,3,1,0.7096518130639535,1
7263,0,1,0.4705786681253288,0
7264,1,0,0.325632118700671,0
7265,3,0,0.17503586366311394,0
7266,2,0,0.1782819957545114,0
7267,3,1,0.5680901839875273,1
7268,4,1,0.6041132127836143,1
7269,2,1,0.1409455804087108,0
7270,1,0,0.2394471037029006,0
7271,0,0,0.11044266839734238,0
7272,4,1,0.6076276325434613,1
7273,1,0,0.1494855260567155,0
7274,4,0,0.7032739757123754,1
7275,0,1,0.513240587028331,1
7276,2,0,0.17181262465223962,0
7277,2,0,0.2969975372205778,0
7278,1,1,0.9570013134283413,1
7279,1,1,0.9593422726579041,1
7280,1,0,0.177228594827326,0
7281,1,0,0.1667566697165886,0
7282,4,0,0.5635894844849,1
7283,4,1,0.9504590979075493,1
7284,1,0,0.19096549843006402,0
7285,0,0,0.18875523934191665,0
7286,1,0,0.7515391329833142,1
7287,1,0,0.16652871409655232,0
7288,1,1,0.9558679791443472,1
7289,1,0,0.4646909949414808,0
7290,0,0,0.17355112329367076,0
7291,3,0,0.21331340611218225,0
7292,4,1,0.6041132127836143,1
7293,1,0,0.1656227077675959,0
7294,3,0,0.1740718798232364,0
7295,0,0,0.5779800385678444,1
7296,0,1,0.635233494159501,1
7297,4,0,0.5412424777808532,1
7298,3,0,0.49884081488091403,0
7299,1,0,0.4837096367749575,0
7300,0,1,0.9605483658622028,1
7301,0,1,0.9605483658622028,1
7302,1,0,0.16005986127664099,0
7303,3,0,0.1463344809798382,0
7304,1,0,0.14938647481928144,0
7305,3,1,0.5343204364942458,1
7306,1,1,0.5376778698959083,1
7307,2,0,0.5922118413948,1
7308,3,1,0.5415601076469007,1
7309,2,0,0.18438257790402698,0
7310,4,0,0.13848717628496343,0
7311,0,0,0.7227212874207852,1
7312,2,1,0.6996144153857248,1
7313,3,1,0.7096518130639535,1
7314,3,1,0.7133207936325711,1
7315,3,0,0.2214369521681916,0
7316,3,0,0.6539522122059863,1
7317,2,0,0.13863381240321127,0
7318,4,0,0.15445136334529433,0
7319,1,0,0.20194249240613768,0
7320,1,1,0.505646391598093,1
7321,4,0,0.18909514593806362,0
7322,4,0,0.7149621594988894,1
7323,1,1,0.9856078575962942,1
7324,1,1,0.9750717025903941,1
7325,4,0,0.5411861696880238,1
7326,4,0,0.2108120027701552,0
7327,4,0,0.08376659109450402,0
7328,4,0,0.3790690753593903,0
7329,3,1,0.510885932441942,1
7330,0,1,0.9364177289056753,1
7331,3,1,0.984055272811482,1
7332,3,0,0.33095688206515433,0
7333,0,0,0.18507929497654096,0
7334,3,1,0.9574003985043227,1
7335,4,0,0.19282493843220214,0
7336,0,0,0.7048740273457577,1
7337,2,1,0.9582202738924194,1
7338,0,0,0.1636617595471393,0
7339,3,0,0.16709733447329483,0
7340,3,0,0.14420380725779716,0
7341,3,1,0.9614525314590086,1
7342,0,0,0.21180598840769002,0
7343,3,0,0.18293215152323547,0
7344,0,0,0.14914475769078525,0
7345,0,0,0.17538086038990566,0
7346,2,1,0.21351114160527196,0
7347,2,0,0.5945668613334689,1
7348,4,1,0.7157238006215519,1
7349,1,1,0.7259892736479749,1
7350,2,1,0.9801891911926287,1
7351,2,1,0.9806570039729244,1
7352,2,1,0.9898434357057505,1
7353,3,0,0.1336649629086495,0
7354,2,0,0.15512059995582797,0
7355,0,1,0.9706956380375373,1
7356,0,1,0.6750768256586542,1
7357,0,0,0.5526504549203789,1
7358,0,0,0.11360788974978503,0
7359,3,0,0.3047529263811401,0
7360,0,0,0.5526504549203789,1
7361,0,1,0.5995713037129716,1
7362,0,1,0.5714634515470367,1
7363,3,0,0.177117518884253,0
7364,3,1,0.4731260976292641,0
7365,0,1,0.9855628091772736,1
7366,2,0,0.5207775859337365,1
7367,2,0,0.20201035450028218,0
7368,3,0,0.39518228388073895,0
7369,4,0,0.46340324327282467,0
7370,4,0,0.5989255109883345,1
7371,4,1,0.5448603179668399,1
7372,3,1,0.5909250857089229,1
7373,1,0,0.13590056394196975,0
7374,1,1,0.6067841358050257,1
7375,2,0,0.18790443518342204,0
7376,1,1,0.5140559625065767,1
7377,0,1,0.9706981946388716,1
7378,2,0,0.2238923228243765,0
7379,4,1,0.7426003418461474,1
7380,1,1,0.7073769691016758,1
7381,4,1,0.7357259987233475,1
7382,4,0,0.1678372036088126,0
7383,3,1,0.46921614910419873,0
7384,3,1,0.45987118778594366,0
7385,2,0,0.19331621691572193,0
7386,0,1,0.9865023852436661,1
7387,1,0,0.6956387834183885,1
7388,1,0,0.16781711839639757,0
7389,1,1,0.6990076675553059,1
7390,2,1,0.9568573985188705,1
7391,1,0,0.5494145492309934,1
7392,1,1,0.6263034494195914,1
7393,1,0,0.6040348876621905,1
7394,1,0,0.4443378969119945,0
7395,2,0,0.17198608366266024,0
7396,0,1,0.6815397456198697,1
7397,0,1,0.3406926556408391,0
7398,3,0,0.3560138928200151,0
7399,3,1,0.9753945862463752,1
7400,3,0,0.32407651542212834,0
7401,1,1,0.955938887091599,1
7402,0,1,0.9855628091772736,1
7403,1,0,0.5002531816852598,1
7404,4,1,0.7120197470018008,1
7405,4,0,0.6010991706696285,1
7406,4,0,0.28635821450587007,0
7407,4,1,0.20738216547251917,0
7408,3,0,0.5909250857089229,1
7409,0,1,0.9612303247237846,1
7410,0,0,0.5372182393923118,1
7411,4,1,0.9560671114112546,1
7412,1,0,0.12939351088838427,0
7413,3,0,0.18141155157876057,0
7414,1,0,0.16967403992964664,0
7415,0,0,0.24905005824953774,0
7416,3,1,0.7066720200425672,1
7417,4,1,0.16415402628830955,0
7418,0,0,0.5127202829442882,1
7419,3,0,0.5264010986744874,1
7420,3,1,0.5474905439944923,1
7421,4,0,0.1480570191779025,0
7422,4,1,0.9654712910735808,1
7423,0,0,0.3776982901254358,0
7424,1,0,0.1937666396796092,0
7425,0,0,0.2599261096568742,0
7426,4,1,0.9782340861367672,1
7427,4,1,0.7633061797788792,1
7428,0,0,0.1293449334590223,0
7429,0,1,0.9547045453718702,1
7430,2,1,0.9568264066554508,1
7431,4,1,0.49258193970487724,0
7432,1,0,0.13003338385637825,0
7433,0,0,0.12843779482343246,0
7434,3,0,0.5268208382070201,1
7435,3,1,0.591863975884576,1
7436,2,1,0.4910441777859423,0
7437,3,1,0.591863975884576,1
7438,4,0,0.14547015705547064,0
7439,0,0,0.15616135409499363,0
7440,0,0,0.22132835065463982,0
7441,0,0,0.1567643072533575,0
7442,4,1,0.7120797837653073,1
7443,1,1,0.6593586494355367,1
7444,4,0,0.14522436640398195,0
7445,3,0,0.1810990251842903,0
7446,3,0,0.20316563766137274,0
7447,2,1,0.2834693184265845,0
7448,0,1,0.5225661826404853,1
7449,4,1,0.9780388695894141,1
7450,4,0,0.2440750871549111,0
7451,3,1,0.8868751787090116,1
7452,0,0,0.2712459203979545,0
7453,0,0,0.3151004239739197,0
7454,4,1,0.7120797837653073,1
7455,2,0,0.16453980593473685,0
7456,4,0,0.17959153914556028,0
7457,4,0,0.9667356740505438,1
7458,4,1,0.9670919648319073,1
7459,3,1,0.9452297527906331,1
7460,2,1,0.8958574415623082,1
7461,2,1,0.958333515671336,1
7462,2,1,0.16607166742432716,0
7463,2,1,0.8958574415623082,1
7464,2,1,0.1441303203590607,0
7465,3,0,0.15320757992041528,0
7466,4,0,0.12201215739566128,0
7467,4,1,0.9767062050677973,1
7468,4,0,0.7149621594988894,1
7469,0,1,0.6320062922196976,1
7470,3,1,0.9452579747466661,1
7471,3,1,0.9510067583737583,1
7472,4,0,0.17454898312037548,0
7473,2,1,0.9544293783581349,1
7474,3,0,0.32018285088588433,0
7475,0,1,0.9796988317268263,1
7476,2,1,0.6464325974650417,1
7477,2,1,0.7011635859434839,1
7478,4,1,0.9015518083269696,1
7479,1,1,0.9593844299494038,1
7480,2,0,0.18516701544174288,0
7481,2,1,0.7025860931925791,1
7482,2,0,0.19176509225062102,0
7483,2,0,0.29810879258902023,0
7484,2,0,0.14472926899632607,0
7485,4,1,0.12249874476029758,0
7486,4,1,0.803493763839837,1
7487,1,1,0.955938887091599,1
7488,4,0,0.6453262663703988,1
7489,1,1,0.955938887091599,1
7490,3,1,0.707205389128086,1
7491,2,1,0.8927360762281823,1
7492,2,0,0.12839990682182512,0
7493,2,1,0.9884405545452816,1
7494,0,0,0.18565838079874755,0
7495,4,0,0.15950544447721346,0
7496,3,1,0.9596355973545486,1
7497,1,0,0.16697420375628053,0
7498,4,0,0.6010991706696285,1
7499,3,1,0.2663308823676354,0
7500,3,1,0.9440093679196179,1
7501,0,0,0.5601841138850846,1
7502,3,1,0.8231898276927847,1
7503,4,1,0.9551790408875687,1
7504,0,0,0.6504375625097804,1
7505,4,0,0.5137943074184524,1
7506,0,0,0.18260518312103102,0
7507,4,0,0.7149621594988894,1
7508,1,1,0.9571545856630359,1
7509,2,1,0.9448440671940495,1
7510,2,1,0.9449927340676971,1
7511,1,0,0.6613922483783972,1
7512,1,0,0.15331664201702694,0
7513,1,1,0.956010817603278,1
7514,0,0,0.20888565534004805,0
7515,0,0,0.2239101419700177,0
7516,2,0,0.4939876298093319,0
7517,4,1,0.9850733017673619,1
7518,4,1,0.9850733017673619,1
7519,0,0,0.6320062922196976,1
7520,1,1,0.545337803940036,1
7521,1,1,0.4342013406357393,0
7522,1,1,0.3567667540502163,0
7523,1,1,0.9416565216369223,1
7524,4,1,0.6076276325434613,1
7525,1,0,0.14601624715927083,0
7526,3,0,0.3328681589330941,0
7527,3,1,0.7020004552461839,1
7528,3,1,0.7133207936325711,1
7529,3,0,0.6539522122059863,1
7530,3,0,0.36100985770563726,0
7531,1,0,0.1328425825013528,0
7532,2,0,0.1469768599898119,0
7533,3,0,0.5464163623253494,1
7534,4,0,0.38597137476020166,0
7535,4,1,0.5308962079468565,1
7536,0,1,0.9714674975690085,1
7537,0,1,0.9796988317268263,1
7538,4,0,0.1526848159399386,0
7539,2,0,0.1872477231919648,0
7540,0,0,0.19486832997172182,0
7541,0,1,0.9607154585915988,1
7542,1,0,0.5268375671813552,1
7543,2,1,0.9397071321287472,1
7544,3,1,0.6353420813526945,1
7545,3,0,0.6656506250329982,1
7546,1,1,0.955938887091599,1
7547,4,0,0.18501469458615133,0
7548,0,0,0.21529537683933583,0
7549,1,1,0.9626413834506811,1
7550,2,1,0.5837236001072859,1
7551,3,1,0.9523833516171181,1
7552,3,0,0.21984832960865913,0
7553,2,0,0.20836477140726856,0
7554,1,0,0.271727865615236,0
7555,1,0,0.12151760717137436,0
7556,4,0,0.16173649507272803,0
7557,0,0,0.1179239261514246,0
7558,2,1,0.20108313261375835,0
7559,1,1,0.3588688665910698,0
7560,2,0,0.5959708696866521,1
7561,0,1,0.13318405248904594,0
7562,4,0,0.16642159743475518,0
7563,2,0,0.11899569571676037,0
7564,1,0,0.19262528478752383,0
7565,4,1,0.6010405806178872,1
7566,3,1,0.532967293125968,1
7567,2,0,0.1875897114638743,0
7568,0,0,0.11087644151771359,0
7569,4,1,0.6771495954264695,1
7570,3,0,0.19577111722419074,0
7571,4,1,0.15046739364110726,0
7572,4,1,0.9654712910735808,1
7573,4,0,0.3114940640220403,0
7574,0,1,0.3797184471623285,0
7575,1,1,0.9763142302758614,1
7576,1,0,0.2345648618399873,0
7577,1,1,0.4306004931459217,0
7578,1,1,0.9761958244917245,1
7579,1,1,0.547949400206658,1
7580,3,0,0.11017192330883503,0
7581,3,0,0.41045558526471015,0
7582,3,0,0.15981034305364192,0
7583,1,1,0.7290119699325355,1
7584,0,0,0.1983524079011041,0
7585,1,0,0.4834333976078254,0
7586,0,0,0.21768136435711602,0
7587,3,1,0.9732107093359638,1
7588,3,1,0.9740674478870825,1
7589,0,0,0.20630614321596732,0
7590,3,1,0.9740415899400254,1
7591,3,0,0.15172658373056358,0
7592,3,1,0.9847018648529591,1
7593,0,0,0.6030728495386158,1
7594,4,0,0.7837199631919481,1
7595,4,1,0.5365804298420681,1
7596,4,0,0.21819214708535117,0
7597,3,1,0.2673235925388635,0
7598,2,1,0.5922118413948,1
7599,2,0,0.18097457881087714,0
7600,2,1,0.524642076853347,1
7601,2,0,0.17857171251401882,0
7602,1,0,0.6040348876621905,1
7603,3,0,0.49502521919239145,0
7604,1,1,0.9593422726579041,1
7605,3,1,0.7230933900788086,1
7606,1,1,0.5650168592505415,1
7607,1,0,0.1682042147302897,0
7608,1,0,0.1908275499741897,0
7609,1,0,0.5681181967341254,1
7610,0,0,0.7227212874207852,1
7611,0,0,0.676798771261612,1
7612,0,0,0.7209505153978091,1
7613,4,1,0.9551790408875687,1
7614,3,0,0.12297620917104198,0
7615,0,1,0.9724910750390853,1
7616,4,1,0.9786952612896973,1
7617,4,0,0.12293736955325524,0
7618,3,0,0.15398804326402868,0
7619,1,0,0.6541007605759458,1
7620,2,1,0.49050620978672166,0
7621,3,1,0.7096518130639535,1
7622,4,1,0.7112182284699452,1
7623,4,1,0.21711212976930003,0
7624,4,1,0.978472521747544,1
7625,4,0,0.15309677860742038,0
7626,4,1,0.7617467341120373,1
7627,4,1,0.8703402314260898,1
7628,3,0,0.09427366536603436,0
7629,4,1,0.7069772966156515,1
7630,3,0,0.19992110425362072,0
7631,3,1,0.5890562862290964,1
7632,4,0,0.3741484438926461,0
7633,2,0,0.6036623046934301,1
7634,2,1,0.7126921203051058,1
7635,2,1,0.6802967111383833,1
7636,2,0,0.14037005160639948,0
7637,0,0,0.7229671836511812,1
7638,0,0,0.6067105974790098,1
7639,4,0,0.23785612281754637,0
7640,1,1,0.6406012292388142,1
7641,3,0,0.15562582564083477,0
7642,1,0,0.21353572412761287,0
7643,1,1,0.7028249191968433,1
7644,1,1,0.667657595904726,1
7645,1,1,0.6406012292388142,1
7646,1,0,0.14869684139406764,0
7647,3,0,0.15327451246479923,0
7648,2,0,0.15163435765061822,0
7649,0,0,0.16334459429024092,0
7650,3,0,0.22076058424535566,0
7651,0,0,0.15756308031053703,0
7652,3,1,0.7096518130639535,1
7653,1,0,0.5218314698045016,1
7654,1,0,0.20962046380514388,0
7655,1,0,0.19204281389761094,0
7656,1,0,0.2011783243193857,0
7657,3,0,0.1948983937037489,0
7658,3,1,0.545013823173531,1
7659,3,1,0.7096518130639535,1
7660,3,1,0.707205389128086,1
7661,0,0,0.4285290708280327,0
7662,0,1,0.5958479106590591,1
7663,1,1,0.9759043292676548,1
7664,3,0,0.26856243367345173,0
7665,1,0,0.2708320838982374,0
7666,4,1,0.7091713144770588,1
7667,4,0,0.2211613918301885,0
7668,0,1,0.676798771261612,1
7669,0,1,0.7281072034230328,1
7670,0,0,0.6597143628156044,1
7671,0,0,0.7273112851160347,1
7672,4,0,0.2899455377265786,0
7673,0,1,0.985902642309049,1
7674,2,0,0.17537197183676675,0
7675,0,0,0.14668519468360125,0
7676,4,1,0.5714868614408339,1
7677,4,0,0.16967092914198123,0
7678,1,0,0.5644312237998855,1
7679,2,1,0.6036623046934301,1
7680,4,1,0.9060458621445118,1
7681,4,1,0.9060458621445118,1
7682,4,1,0.8889795302684477,1
7683,4,1,0.6255153160008062,1
7684,4,0,0.3352749910786013,0
7685,4,1,0.9765663520147312,1
7686,4,0,0.729627978043361,1
7687,4,1,0.9761090856202095,1
7688,1,0,0.40743403070590095,0
7689,1,0,0.42695894233878084,0
7690,1,0,0.1757982864733542,0
7691,1,1,0.9593905439637302,1
7692,2,1,0.7025860931925791,1
7693,2,1,0.4733805124059115,0
7694,2,0,0.13047938569695594,0
7695,2,1,0.730661525151342,1
7696,2,0,0.20081075208960117,0
7697,2,0,0.19756947307375758,0
7698,1,1,0.9524826421658664,1
7699,3,1,0.5193055064737137,1
7700,3,0,0.23353961645319665,0
7701,4,1,0.9667356740505438,1
7702,1,0,0.11313673620571202,0
7703,1,1,0.7773723187407422,1
7704,4,1,0.9570233418284557,1
7705,4,0,0.12778569878022053,0
7706,1,1,0.5992075114089465,1
7707,4,0,0.7112182284699452,1
7708,2,0,0.4486010874018984,0
7709,0,1,0.9645819682947314,1
7710,0,1,0.9607154585915988,1
7711,0,1,0.9645819682947314,1
7712,2,1,0.5578801592014252,1
7713,2,1,0.5959708696866521,1
7714,4,1,0.48107912344796994,0
7715,4,0,0.20538217018042862,0
7716,4,0,0.2102010379074815,0
7717,1,0,0.5859412252625916,1
7718,1,0,0.2067724843159696,0
7719,0,0,0.16492292335709086,0
7720,2,0,0.17895489577560392,0
7721,2,0,0.18314661194927692,0
7722,3,0,0.7527193760477406,1
7723,0,0,0.20433553320030198,0
7724,0,1,0.6192076333014498,1
7725,2,0,0.17242342054061713,0
7726,0,0,0.15052635019270905,0
7727,0,1,0.28314104448501515,0
7728,1,0,0.6067841358050257,1
7729,1,0,0.1897766701935651,0
7730,1,1,0.6982963361652069,1
7731,0,0,0.19489427780241933,0
7732,3,0,0.5400750530096363,1
7733,3,0,0.5969857087758556,1
7734,2,1,0.958333515671336,1
7735,2,0,0.1735710461105136,0
7736,3,0,0.2646208922589523,0
7737,4,0,0.3570815603511622,0
7738,3,0,0.17606142080498785,0
7739,3,1,0.686211331696798,1
7740,3,1,0.7478215833942427,1
7741,4,0,0.6054825572393299,1
7742,4,1,0.5657459909582723,1
7743,2,0,0.5959708696866521,1
7744,2,1,0.5959708696866521,1
7745,0,0,0.1498333616067036,0
7746,1,1,0.9593422726579041,1
7747,3,1,0.9740674478870825,1
7748,3,0,0.2746349724121613,0
7749,0,1,0.616816989999928,1
7750,2,1,0.6068197454658949,1
7751,3,1,0.9105881104325515,1
7752,3,1,0.9614525314590086,1
7753,3,1,0.9569563641291302,1
7754,3,0,0.1645182092073122,0
7755,0,1,0.9607154585915988,1
7756,2,1,0.8208025787980539,1
7757,2,1,0.9690674700999183,1
7758,0,1,0.6274494040223376,1
7759,0,1,0.579382218490531,1
7760,3,1,0.5238728113360743,1
7761,1,0,0.17639914110951804,0
7762,2,0,0.5037523751086935,1
7763,1,0,0.16146977058831438,0
7764,2,0,0.16940468746167128,0
7765,4,0,0.14141393101350355,0
7766,2,0,0.5959708696866521,1
7767,3,1,0.7106753701888181,1
7768,4,1,0.9761460131378683,1
7769,2,1,0.6829912499571249,1
7770,0,0,0.157761399786747,0
7771,2,0,0.22198209584571962,0
7772,1,1,0.9570722213755931,1
7773,4,1,0.1981391191875412,0
7774,3,0,0.31094145897736364,0
7775,0,1,0.6597143628156044,1
7776,0,0,0.61537955910404,1
7777,4,0,0.28977205907669845,0
7778,4,1,0.5468348112984469,1
7779,4,1,0.6076276325434613,1
7780,4,0,0.1609646705053612,0
7781,4,1,0.7846873726529483,1
7782,4,1,0.9267973843695861,1
7783,4,1,0.8732092134801263,1
7784,2,0,0.18779806987539213,0
7785,0,0,0.2099858439630333,0
7786,0,1,0.27687128275745937,0
7787,2,0,0.20275882384073654,0
7788,1,0,0.17970666288933246,0
7789,0,0,0.4910873141654821,0
7790,2,1,0.9597251380722819,1
7791,2,0,0.14298719294246007,0
7792,2,0,0.14918421204939533,0
7793,2,1,0.9647262487728521,1
7794,4,0,0.5190685917797266,1
7795,3,1,0.6117827228739967,1
7796,2,0,0.19992970581265984,0
7797,3,0,0.11156769827518034,0
7798,0,1,0.8883579939032662,1
7799,2,1,0.4878041182156189,0
7800,2,0,0.6036623046934301,1
7801,1,0,0.16051781651002073,0
7802,3,0,0.5993071051282622,1
7803,1,0,0.6067841358050257,1
7804,1,0,0.180095428915522,0
7805,4,1,0.6109401561530848,1
7806,4,0,0.2152592023030766,0
7807,2,1,0.6073624853746382,1
7808,2,0,0.16247440575486977,0
7809,0,1,0.7021278032944304,1
7810,3,1,0.9582901364173609,1
7811,3,0,0.11214713780618864,0
7812,3,1,0.9596355973545486,1
7813,4,0,0.13191978910136223,0
7814,4,0,0.17227454183244614,0
7815,1,0,0.19232928464018667,0
7816,3,1,0.26522899177013476,0
7817,3,1,0.8270503227433882,1
7818,3,0,0.18410503802056322,0
7819,1,0,0.18414686151532172,0
7820,1,1,0.8786640200046314,1
7821,1,1,0.2574132621688167,0
7822,1,1,0.8802151340672343,1
7823,4,0,0.6492294502840873,1
7824,3,0,0.20162725902639644,0
7825,4,1,0.6948544304332118,1
7826,1,1,0.9751222687576844,1
7827,1,1,0.9751222687576844,1
7828,2,0,0.6073624853746382,1
7829,3,1,0.9740415899400254,1
7830,3,1,0.9732107093359638,1
7831,3,1,0.46737875963880965,0
7832,4,0,0.36836048888471745,0
7833,4,0,0.2266108158072088,0
7834,0,1,0.6320062922196976,1
7835,4,0,0.5468348112984469,1
7836,4,0,0.6461936336351675,1
7837,4,1,0.5943947930128707,1
7838,4,0,0.18858683747615979,0
7839,4,0,0.5468348112984469,1
7840,4,1,0.5943947930128707,1
7841,2,1,0.25287637663019624,0
7842,1,1,0.9563435265893528,1
7843,2,1,0.2852629384257106,0
7844,2,1,0.4998987992201455,0
7845,2,0,0.23820872060492793,0
7846,2,1,0.9596842642922397,1
7847,2,1,0.22762636761574093,0
7848,0,1,0.9607372539060924,1
7849,4,0,0.14459453511761547,0
7850,2,0,0.1277303061272701,0
7851,4,0,0.18710044518887473,0
7852,0,1,0.6199146598235904,1
7853,1,0,0.1688129634611138,0
7854,2,0,0.1258121790345881,0
7855,4,0,0.5960786305863829,1
7856,4,0,0.5943947930128707,1
7857,4,1,0.5468348112984469,1
7858,4,1,0.5943947930128707,1
7859,4,0,0.5468348112984469,1
7860,4,1,0.48738788333772587,0
7861,4,0,0.5448603179668399,1
7862,4,0,0.10777201148797169,0
7863,4,0,0.10296047558972284,0
7864,2,1,0.15972027205525377,0
7865,3,1,0.6117827228739967,1
7866,1,0,0.5119072698282312,1
7867,2,0,0.1892879127752788,0
7868,1,0,0.10864382237650168,0
7869,1,0,0.15004555730015753,0
7870,2,1,0.4625749786442542,0
7871,1,1,0.9751222687576844,1
7872,1,1,0.9763142302758614,1
7873,3,1,0.984305836796885,1
7874,4,1,0.9851802234097341,1
7875,1,1,0.6984660265844902,1
7876,1,1,0.7028249191968433,1
7877,3,1,0.5469823116977858,1
7878,1,0,0.15298767629997245,0
7879,2,0,0.5542194338559627,1
7880,0,0,0.6067105974790098,1
7881,3,0,0.27833074255462753,0
7882,2,1,0.6080639401483086,1
7883,4,0,0.5074715837954515,1
7884,2,1,0.5458077120023802,1
7885,3,1,0.9843330836296965,1
7886,3,0,0.32604734093074644,0
7887,3,1,0.529034152182569,1
7888,0,1,0.7227212874207852,1
7889,1,0,0.13626990047087914,0
7890,3,1,0.5603283693559153,1
7891,0,0,0.22502176046517702,0
7892,1,0,0.6263034494195914,1
7893,3,1,0.7517451264121485,1
7894,3,0,0.3429344776141941,0
7895,2,1,0.9793586360119895,1
7896,2,0,0.4755375262078132,0
7897,3,0,0.5909250857089229,1
7898,0,1,0.22665899645766613,0
7899,2,0,0.20842063606358538,0
7900,1,0,0.264414869570129,0
7901,3,1,0.7527193760477406,1
7902,2,0,0.15357644685405836,0
7903,1,0,0.5267749404764489,1
7904,1,0,0.17982213476798503,0
7905,4,1,0.978472521747544,1
7906,3,0,0.16624129079216496,0
7907,3,1,0.6431442634370201,1
7908,1,0,0.13594648489314848,0
7909,1,1,0.955938887091599,1
7910,1,0,0.30851210961008946,0
7911,1,1,0.9667844372590163,1
7912,1,1,0.9800800847532473,1
7913,1,1,0.31995744194352876,0
7914,2,0,0.20372908257941294,0
7915,1,1,0.9784558624396736,1
7916,4,0,0.19773908887479183,0
7917,1,0,0.3025390839089664,0
7918,1,1,0.9850568790431447,1
7919,1,1,0.9849125831865388,1
7920,1,1,0.9773219529874634,1
7921,1,1,0.5352537422376672,1
7922,1,1,0.8260784690484534,1
7923,0,0,0.7228349748947877,1
7924,1,0,0.17156443205500452,0
7925,4,1,0.5218588546696672,1
7926,2,0,0.5304540886811823,1
7927,0,0,0.6120206596150235,1
7928,4,1,0.9579896704983787,1
7929,3,0,0.14037929457994597,0
7930,0,1,0.635233494159501,1
7931,3,0,0.15028625247388827,0
7932,3,1,0.7517451264121485,1
7933,3,0,0.11586712202640215,0
7934,0,0,0.1707554523164679,0
7935,0,0,0.5966604074284007,1
7936,1,0,0.2096789627866324,0
7937,2,0,0.5423807194779834,1
7938,2,0,0.11885117833386684,0
7939,2,1,0.22666072266655166,0
7940,0,0,0.1367037290046397,0
7941,2,0,0.1535956252050601,0
7942,0,0,0.11026145063704403,0
7943,0,0,0.46703164600107444,0
7944,0,1,0.9797815101495627,1
7945,1,0,0.7290119699325355,1
7946,3,1,0.9523833516171181,1
7947,3,1,0.7106753701888181,1
7948,3,0,0.2630441645675201,0
7949,3,1,0.6038395726966181,1
7950,2,1,0.5868329024097806,1
7951,4,1,0.14669823648733762,0
7952,2,0,0.6036623046934301,1
7953,2,1,0.18811797789260068,0
7954,2,1,0.41017747244746366,0
7955,4,1,0.5583889521508352,1
7956,4,0,0.13542154792402147,0
7957,0,0,0.1450123402532121,0
7958,0,0,0.23835008405028862,0
7959,0,1,0.9798666364188781,1
7960,0,1,0.6380603190666865,1
7961,2,1,0.641994027252447,1
7962,4,0,0.1586530505484153,0
7963,1,1,0.9593905439637302,1
7964,1,1,0.9636675057618748,1
7965,1,1,0.9068446953757222,1
7966,4,0,0.5773710492016101,1
7967,3,0,0.2155891367021775,0
7968,1,1,0.5351166429935399,1
7969,3,0,0.13185368751118542,0
7970,0,1,0.24471380766990072,0
7971,0,0,0.8175039234212271,1
7972,0,1,0.18629542565351728,0
7973,1,0,0.3139036346117831,0
7974,1,1,0.9845308536397739,1
7975,0,0,0.1711431847309857,0
7976,3,0,0.13234287365338201,0
7977,4,0,0.3140332169945145,0
7978,4,0,0.21644251006708703,0
7979,4,1,0.9560671114112546,1
7980,4,0,0.11621903713044707,0
7981,4,1,0.9574707802287653,1
7982,0,0,0.49117995333820225,0
7983,3,0,0.19891998734145278,0
7984,3,0,0.1489038906095946,0
7985,3,1,0.14062916217716934,0
7986,0,0,0.6945829960873328,1
7987,1,0,0.18401530895419607,0
7988,0,0,0.15004626210856425,0
7989,3,0,0.3010073739327748,0
7990,0,1,0.9607154585915988,1
7991,2,0,0.20448429647994354,0
7992,4,0,0.6241770943236427,1
7993,0,0,0.08990072379351975,0
7994,2,1,0.20498512938673222,0
7995,3,0,0.15796446934258887,0
7996,3,1,0.5006727111167886,1
7997,0,1,0.9787124404628731,1
7998,0,1,0.985902642309049,1
7999,2,0,0.14467968290362593,0
8000,4,1,0.9015518083269696,1
8001,4,1,0.9596763736279956,1
8002,2,1,0.646679067967278,1
8003,3,0,0.7096518130639535,1
8004,4,0,0.18983412444626646,0
8005,3,1,0.7151431463523719,1
8006,3,0,0.7125977200085849,1
8007,3,0,0.13060927858647003,0
8008,2,0,0.21456665276349604,0
8009,3,1,0.22368152884330017,0
8010,1,1,0.7028249191968433,1
8011,2,1,0.9570597905609471,1
8012,4,0,0.1788654950691676,0
8013,2,1,0.9603151683151764,1
8014,2,0,0.13362465628263986,0
8015,2,1,0.9597943984285338,1
8016,2,1,0.9571769480060117,1
8017,1,0,0.21065534537972713,0
8018,3,1,0.9741281516839304,1
8019,3,1,0.9740549716819784,1
8020,4,0,0.20779916469892973,0
8021,3,0,0.18407090608131277,0
8022,3,0,0.17656382810810384,0
8023,2,0,0.15104994771163194,0
8024,0,1,0.7055361996051897,1
8025,4,0,0.15123731771985788,0
8026,3,0,0.10609093644756366,0
8027,1,0,0.37500750430920277,0
8028,2,1,0.6616735437142537,1
8029,3,1,0.9628761478789849,1
8030,3,1,0.976956581089017,1
8031,4,1,0.7120197470018008,1
8032,3,1,0.5890562862290964,1
8033,3,1,0.6032430687991183,1
8034,1,0,0.20302194730533138,0
8035,3,0,0.21246512254989816,0
8036,3,0,0.5969857087758556,1
8037,3,0,0.10661556293909115,0
8038,3,0,0.591863975884576,1
8039,0,0,0.6763293885902862,1
8040,0,0,0.1078537710521325,0
8041,0,1,0.9612303247237846,1
8042,4,0,0.3688707602115003,0
8043,2,1,0.9543924100256835,1
8044,4,1,0.9847329187665128,1
8045,4,0,0.3420611496751322,0
8046,4,1,0.9851802234097341,1
8047,3,0,0.7106753701888181,1
8048,3,0,0.14994721548376405,0
8049,0,0,0.1954745901022654,0
8050,1,1,0.6182907359677142,1
8051,4,0,0.16926519064931378,0
8052,1,1,0.6263034494195914,1
8053,0,0,0.4845776533977162,0
8054,0,0,0.5608753324891258,1
8055,1,1,0.6335031836808644,1
8056,0,1,0.6622662206139276,1
8057,3,1,0.1944528886828467,0
8058,3,1,0.7527193760477406,1
8059,3,0,0.15521692802260503,0
8060,3,1,0.9626273890132456,1
8061,2,1,0.5403467073380959,1
8062,0,0,0.45537349954142176,0
8063,0,1,0.9790853176552748,1
8064,1,0,0.14944108926044242,0
8065,2,0,0.1498404400268367,0
8066,0,0,0.23852701263975803,0
8067,3,0,0.21288765775326104,0
8068,2,0,0.6996144153857248,1
8069,3,0,0.18753489282214458,0
8070,0,0,0.23914803606594706,0
8071,1,1,0.7002462235930814,1
8072,2,0,0.6619945544634196,1
8073,3,0,0.18336995366426548,0
8074,0,0,0.14249801351881744,0
8075,2,0,0.18747180134658323,0
8076,3,1,0.9582183695288523,1
8077,4,1,0.7416961155080233,1
8078,4,1,0.32275652296098245,0
8079,2,0,0.3584709676365391,0
8080,4,0,0.6010991706696285,1
8081,4,1,0.5468348112984469,1
8082,4,1,0.5740897518456164,1
8083,0,0,0.7020221642572524,1
8084,2,0,0.0903562408237808,0
8085,0,0,0.4687263862313388,0
8086,2,1,0.9029892027851638,1
8087,2,0,0.15168481782391507,0
8088,2,1,0.9568264066554508,1
8089,3,0,0.20821287554693949,0
8090,4,0,0.08653342338812624,0
8091,4,0,0.21171653932712697,0
8092,4,0,0.19547312316383192,0
8093,2,1,0.4301579508527921,0
8094,4,1,0.9765702265732364,1
8095,4,0,0.23378148443727237,0
8096,4,1,0.9765663520147312,1
8097,4,0,0.17977022757285752,0
8098,1,1,0.610715517153326,1
8099,2,1,0.6652922469970514,1
8100,0,0,0.16073830321210003,0
8101,3,0,0.17741026593276163,0
8102,3,0,0.17423723896661947,0
8103,3,1,0.9482562670375281,1
8104,0,1,0.43218177682542064,0
8105,4,1,0.5150873981860538,1
8106,4,0,0.24908438968938845,0
8107,1,1,0.45785192075027176,0
8108,2,0,0.11274027647945162,0
8109,1,1,0.28484847345196035,0
8110,1,1,0.7174285634538743,1
8111,1,0,0.17248468492286861,0
8112,3,0,0.17089632721008827,0
8113,4,1,0.9615930144213626,1
8114,3,0,0.11923143514490886,0
8115,0,0,0.6120206596150235,1
8116,0,0,0.17394805008356345,0
8117,0,0,0.6597143628156044,1
8118,0,0,0.20798942007518498,0
8119,2,1,0.7025860931925791,1
8120,0,1,0.23722444910712573,0
8121,4,0,0.36106014702447536,0
8122,3,1,0.962535376388324,1
8123,0,0,0.11876925138539865,0
8124,3,1,0.960198026456825,1
8125,3,0,0.615875302054603,1
8126,2,0,0.36247257753928375,0
8127,2,1,0.8958574415623082,1
8128,2,1,0.8958574415623082,1
8129,1,0,0.21741652224615216,0
8130,3,0,0.18467686687110865,0
8131,0,1,0.7412867252330986,1
8132,3,1,0.5024481190534208,1
8133,1,0,0.17237937586412708,0
8134,0,0,0.6241280537800794,1
8135,3,1,0.6038395726966181,1
8136,2,1,0.5959708696866521,1
8137,2,0,0.5465686331870822,1
8138,2,0,0.5945668613334689,1
8139,2,1,0.5973130382986098,1
8140,2,1,0.9800286104915723,1
8141,4,0,0.2554254635591494,0
8142,2,0,0.11344652114493817,0
8143,0,0,0.21679579827579984,0
8144,4,1,0.9552871393400275,1
8145,4,0,0.14215436857775882,0
8146,4,0,0.16852164419512392,0
8147,3,0,0.2876602946997345,0
8148,4,0,0.4050694717162802,0
8149,2,1,0.9597251380722819,1
8150,0,1,0.1330340513776694,0
8151,0,0,0.18701556323774907,0
8152,0,0,0.22193114255937754,0
8153,2,0,0.4837709186775479,0
8154,2,0,0.4691814609893917,0
8155,2,1,0.8366071624280919,1
8156,4,1,0.6082538492810756,1
8157,0,1,0.9858991055366536,1
8158,4,0,0.6957338007355429,1
8159,4,0,0.12451806367441068,0
8160,1,0,0.17823627188464852,0
8161,4,0,0.19052207548769015,0
8162,1,1,0.21349625819749485,0
8163,0,0,0.17368316580926932,0
8164,1,0,0.1515228355391069,0
8165,1,0,0.18793444273896381,0
8166,0,1,0.635233494159501,1
8167,0,0,0.6183141517014825,1
8168,3,0,0.21461905950957383,0
8169,0,1,0.4765062203534588,0
8170,3,0,0.1674858845276802,0
8171,3,0,0.12330317196219721,0
8172,0,0,0.2777155495013707,0
8173,3,0,0.23414568475260591,0
8174,4,1,0.5350090046467474,1
8175,0,0,0.18474270644899476,0
8176,3,1,0.959545079846339,1
8177,3,1,0.13686308915262618,0
8178,3,1,0.9389847627090768,1
8179,3,1,0.4311453501994103,0
8180,3,0,0.29651932201044207,0
8181,2,0,0.18816211301804772,0
8182,1,0,0.15453499039724447,0
8183,0,0,0.1494610418241918,0
8184,3,0,0.48522690477551794,0
8185,0,0,0.22928613161018124,0
8186,3,0,0.12547077392317754,0
8187,2,0,0.16304027523206496,0
8188,2,0,0.16001958326258256,0
8189,2,0,0.196303614965225,0
8190,2,0,0.4891331641640542,0
8191,3,1,0.963490088780296,1
8192,0,1,0.5977175494070912,1
8193,2,0,0.18332194564280452,0
8194,2,0,0.16349096389025536,0
8195,3,0,0.19232882346694413,0
8196,3,1,0.4715956752058484,0
8197,1,1,0.959097698015013,1
8198,1,1,0.9589433451827123,1
8199,1,1,0.7276950043841315,1
8200,0,0,0.6458111355245003,1
8201,0,1,0.7182974062759034,1
8202,2,0,0.17778698165324797,0
8203,0,0,0.15099148157267778,0
8204,0,0,0.5050308586818908,1
8205,0,1,0.6458111355245003,1
8206,0,1,0.4953255276931961,0
8207,3,0,0.47415201896709985,0
8208,2,1,0.9886367466420232,1
8209,4,0,0.11144757625278609,0
8210,1,0,0.47701525447287413,0
8211,0,1,0.7227212874207852,1
8212,1,1,0.23456426856755408,0
8213,1,0,0.17450820227829975,0
8214,2,0,0.1752028255616299,0
8215,2,0,0.17942958959253577,0
8216,3,1,0.9569563641291302,1
8217,4,0,0.17740129913210093,0
8218,4,1,0.872906427905427,1
8219,2,0,0.18764345199612362,0
8220,2,1,0.5545661499936985,1
8221,3,1,0.9753891789186374,1
8222,0,0,0.17054810073385396,0
8223,2,0,0.6757051470508583,1
8224,1,1,0.47377590796556296,0
8225,4,1,0.29973859480051046,0
8226,1,0,0.5016571414388583,1
8227,0,1,0.535827626099622,1
8228,0,1,0.6597143628156044,1
8229,2,0,0.18128480274908446,0
8230,0,0,0.7209505153978091,1
8231,0,0,0.7209505153978091,1
8232,2,0,0.22447135052637132,0
8233,2,1,0.6088356667608085,1
8234,2,1,0.4942244242029993,0
8235,0,1,0.7381929025912061,1
8236,4,0,0.17830804037910017,0
8237,3,0,0.1575315563887351,0
8238,3,1,0.5791484565354043,1
8239,2,0,0.4813071541721817,0
8240,3,1,0.9523833516171181,1
8241,3,0,0.19398586766324422,0
8242,4,1,0.594446801775857,1
8243,4,0,0.1767801407013997,0
8244,4,1,0.5444514071820956,1
8245,3,0,0.108238021273125,0
8246,0,0,0.21429560575661968,0
8247,2,0,0.6616735437142537,1
8248,1,0,0.18636947345622876,0
8249,1,0,0.16972547880504774,0
8250,1,1,0.9763142302758614,1
8251,1,1,0.9073176924595818,1
8252,1,1,0.9844253894665914,1
8253,1,1,0.9845308536397739,1
8254,1,0,0.15419031557116483,0
8255,0,0,0.16519102926258392,0
8256,1,1,0.6216131400342829,1
8257,0,0,0.1549248882138016,0
8258,1,1,0.610715517153326,1
8259,1,1,0.4426700162087624,0
8260,2,0,0.3774098561293092,0
8261,4,1,0.9574707802287653,1
8262,0,0,0.18290929619708238,0
8263,0,1,0.7412867252330986,1
8264,3,0,0.12213247118065906,0
8265,3,0,0.1265820035783557,0
8266,3,0,0.240310005529967,0
8267,4,1,0.4425360292316573,0
8268,4,1,0.21347872244736904,0
8269,0,0,0.23035262387433617,0
8270,1,1,0.955938887091599,1
8271,1,1,0.9570722213755931,1
8272,0,1,0.7410342022524222,1
8273,0,0,0.22435838860796498,0
8274,1,0,0.7002462235930814,1
8275,2,0,0.18500175667300153,0
8276,2,0,0.5959708696866521,1
8277,2,1,0.4997723570842476,0
8278,3,0,0.21168878867707613,0
8279,1,1,0.9589433451827123,1
8280,0,1,0.728889486637135,1
8281,2,0,0.27500735297802653,0
8282,1,1,0.5816008996204401,1
8283,3,0,0.18029825051193862,0
8284,1,0,0.253018415533947,0
8285,1,1,0.16338406571899503,0
8286,2,1,0.730661525151342,1
8287,4,0,0.15659884907128288,0
8288,2,1,0.8735475425874973,1
8289,2,0,0.5088593402284295,1
8290,3,0,0.21253137750648995,0
8291,1,0,0.7028249191968433,1
8292,0,1,0.6199146598235904,1
8293,4,0,0.8354584354226164,1
8294,0,1,0.9612303247237846,1
8295,0,1,0.7182974062759034,1
8296,0,1,0.9612303247237846,1
8297,3,0,0.13900661734971512,0
8298,2,1,0.4786971984514754,0
8299,3,1,0.8227305802979032,1
8300,3,0,0.34456421410059673,0
8301,3,1,0.9741281516839304,1
8302,3,1,0.9842976246343382,1
8303,3,1,0.9741281516839304,1
8304,1,1,0.5342550086966963,1
8305,1,1,0.9570722213755931,1
8306,4,0,0.18534043635806166,0
8307,4,1,0.9780388695894141,1
8308,4,1,0.9780388695894141,1
8309,2,1,0.5014904044725622,1
8310,1,1,0.6982963361652069,1
8311,2,1,0.23922796250551362,0
8312,2,1,0.7025860931925791,1
8313,1,1,0.9589433451827123,1
8314,1,0,0.6067841358050257,1
8315,3,1,0.5749944846126229,1
8316,1,0,0.2062073818528899,0
8317,2,1,0.9581614602765215,1
8318,1,1,0.5888933631993175,1
8319,1,0,0.5650168592505415,1
8320,4,1,0.14882214192860477,0
8321,0,0,0.1668140809505853,0
8322,2,0,0.5514849744587946,1
8323,2,0,0.6996144153857248,1
8324,2,1,0.6521705830065293,1
8325,2,0,0.49969712052545034,0
8326,0,0,0.11686879452789811,0
8327,2,1,0.1866278980516854,0
8328,2,1,0.544287688153486,1
8329,4,0,0.36265258503948133,0
8330,1,1,0.955938887091599,1
8331,1,1,0.9591680261687949,1
8332,3,1,0.6038395726966181,1
8333,3,1,0.6539522122059863,1
8334,0,0,0.421069349729057,0
8335,2,1,0.9789824387975025,1
8336,4,1,0.616317284069295,1
8337,2,0,0.22683532890803104,0
8338,4,0,0.14935762562431926,0
8339,2,1,0.5468657513763111,1
8340,0,0,0.19433939023443253,0
8341,1,1,0.7021072607928873,1
8342,4,0,0.1719495585372645,0
8343,3,0,0.1359168191416997,0
8344,1,0,0.2095201524104104,0
8345,2,0,0.5810434225849511,1
8346,3,1,0.591863975884576,1
8347,2,1,0.5465686331870822,1
8348,2,1,0.4264992627462663,0
8349,1,1,0.986214925440088,1
8350,2,1,0.5189501637896572,1
8351,0,0,0.1717036567374912,0
8352,2,1,0.8300383656501048,1
8353,0,1,0.7360201585296576,1
8354,0,1,0.9607154585915988,1
8355,2,1,0.7027769110842761,1
8356,4,0,0.18595757101533913,0
8357,2,0,0.16128083194522833,0
8358,4,1,0.21639705747758503,0
8359,2,0,0.13349077052731412,0
8360,0,1,0.49621976611583757,0
8361,4,1,0.7079401497689057,1
8362,4,1,0.638959528827982,1
8363,4,0,0.2189240529697301,0
8364,3,0,0.2327388117277693,0
8365,3,0,0.17095973333868106,0
8366,2,1,0.9568573985188705,1
8367,1,0,0.27251346170461305,0
8368,1,1,0.5409908956694578,1
8369,0,0,0.1434560816082598,0
8370,3,0,0.5142834087075591,1
8371,2,0,0.1897935610906362,0
8372,4,1,0.6010991706696285,1
8373,4,0,0.18848459729361222,0
8374,4,0,0.15048485615438906,0
8375,4,0,0.6010991706696285,1
8376,2,0,0.20116110294487405,0
8377,2,0,0.48404345383074143,0
8378,2,0,0.20134474055916346,0
8379,0,1,0.9717629758626586,1
8380,3,1,0.5969857087758556,1
8381,3,0,0.5474905439944923,1
8382,3,0,0.5474905439944923,1
8383,4,0,0.15587870427406383,0
8384,3,0,0.5993071051282622,1
8385,4,0,0.1309659053010657,0
8386,4,1,0.9059532712387681,1
8387,4,1,0.9574707802287653,1
8388,3,0,0.15153108174352606,0
8389,3,0,0.5275545972720365,1
8390,2,1,0.8419812797956032,1
8391,1,1,0.39939177979696594,0
8392,3,0,0.13165453550187245,0
8393,0,1,0.9607154585915988,1
8394,1,1,0.7028249191968433,1
8395,1,0,0.17347873351533044,0
8396,2,0,0.19652408772467533,0
8397,3,0,0.2229729800354846,0
8398,0,0,0.2888136503678718,0
8399,2,0,0.6008623570610346,1
8400,0,0,0.3238311139431637,0
8401,4,0,0.5506334561444773,1
8402,4,0,0.19177515715837812,0
8403,4,0,0.5231115762451531,1
8404,4,0,0.17455528942500181,0
8405,4,0,0.17540442015111848,0
8406,3,1,0.95763827747982,1
8407,1,1,0.7002462235930814,1
8408,1,1,0.7335633771182927,1
8409,1,1,0.7306149717385648,1
8410,1,0,0.6990076675553059,1
8411,4,0,0.5022243372647452,1
8412,1,1,0.7028249191968433,1
8413,4,0,0.5164210620842862,1
8414,1,0,0.6990076675553059,1
8415,4,1,0.6627177762426366,1
8416,4,1,0.9782340861367672,1
8417,4,1,0.9672986302027617,1
8418,4,0,0.1709130506209755,0
8419,1,0,0.2516048379881976,0
8420,1,0,0.1636449565695668,0
8421,4,0,0.1374880730980217,0
8422,4,1,0.7863900847737278,1
8423,4,0,0.17707639812713385,0
8424,4,0,0.7101057841073743,1
8425,4,0,0.16868450797796067,0
8426,3,0,0.14034696947088213,0
8427,0,0,0.6057448810807254,1
8428,4,1,0.2171395766567654,0
8429,2,1,0.9793586360119895,1
8430,2,1,0.9789824387975025,1
8431,4,0,0.6041132127836143,1
8432,3,0,0.45433432418648806,0
8433,3,0,0.7551948404386538,1
8434,0,1,0.6241280537800794,1
8435,1,1,0.9628384779224813,1
8436,2,0,0.4839648694015458,0
8437,3,0,0.3349083359505049,0
8438,4,0,0.18501182269184213,0
8439,4,0,0.15117329230089185,0
8440,4,1,0.5740897518456164,1
8441,4,1,0.9672986302027617,1
8442,3,0,0.2810182929591061,0
8443,3,0,0.29083315972733853,0
8444,4,0,0.2290932491016748,0
8445,3,1,0.1930615310093085,0
8446,2,1,0.17925252700193833,0
8447,1,0,0.14694951317631152,0
8448,1,1,0.19406041780391486,0
8449,4,1,0.7092152683981986,1
8450,2,1,0.5577308071177877,1
8451,4,0,0.38236207045473697,0
8452,4,0,0.12122853554156593,0
8453,2,0,0.16574491948254166,0
8454,2,0,0.16642973364647795,0
8455,3,0,0.5771583234811475,1
8456,2,0,0.6619945544634196,1
8457,4,1,0.951561849572074,1
8458,4,1,0.9515131337259691,1
8459,4,0,0.13110168084290547,0
8460,4,1,0.2701505389026639,0
8461,4,0,0.1985948241024092,0
8462,3,0,0.1956985536157244,0
8463,0,1,0.6199146598235904,1
8464,3,0,0.14585653393027415,0
8465,3,1,0.9482562670375281,1
8466,4,1,0.6054825572393299,1
8467,1,1,0.4857565892271272,0
8468,0,1,0.7249019209323833,1
8469,0,1,0.9858425453497599,1
8470,0,0,0.24009227653080886,0
8471,0,0,0.5966604074284007,1
8472,2,1,0.9806420675541704,1
8473,0,0,0.17959920599676563,0
8474,0,0,0.22873929242413868,0
8475,4,0,0.10628821301386415,0
8476,4,1,0.9674114125283855,1
8477,2,0,0.1759309093803015,0
8478,0,0,0.18955453751466123,0
8479,3,0,0.16627724905408486,0
8480,3,0,0.18663905619823395,0
8481,4,0,0.17275937212654752,0
8482,1,0,0.1881926838340063,0
8483,1,1,0.9645161659295993,1
8484,1,1,0.9763341713045889,1
8485,2,1,0.9597238650853978,1
8486,1,1,0.4737617290036933,0
8487,1,0,0.2434515701477299,0
8488,0,0,0.538753917876731,1
8489,3,1,0.7551948404386538,1
8490,3,0,0.40956552229042126,0
8491,3,0,0.18390387228558197,0
8492,2,0,0.3485962178826268,0
8493,1,1,0.9857353690596704,1
8494,4,1,0.7015463761170969,1
8495,4,0,0.31888763731495773,0
8496,4,0,0.7120197470018008,1
8497,4,1,0.7426003418461474,1
8498,4,1,0.7015463761170969,1
8499,4,1,0.6559448471170778,1
8500,2,0,0.5405293579651352,1
8501,4,0,0.6355929559866356,1
8502,0,1,0.5989318712317105,1
8503,2,0,0.6036623046934301,1
8504,2,0,0.2262374298397132,0
8505,1,1,0.23415228931019494,0
8506,4,0,0.14801509146685124,0
8507,2,0,0.5545661499936985,1
8508,0,0,0.18286655501086937,0
8509,1,0,0.7018345936534233,1
8510,2,1,0.5545661499936985,1
8511,0,1,0.547621232392358,1
8512,0,0,0.5530418491424993,1
8513,2,1,0.5922118413948,1
8514,2,1,0.605432756617593,1
8515,0,0,0.156151936806181,0
8516,4,0,0.1828508093844178,0
8517,4,0,0.13306454232298157,0
8518,4,1,0.926812920664945,1
8519,1,0,0.17478180105523486,0
8520,4,0,0.7120797837653073,1
8521,4,1,0.5396941086479395,1
8522,3,1,0.9579784292428799,1
8523,0,1,0.49069732729489374,0
8524,1,0,0.18299617152846134,0
8525,2,0,0.1945175498956339,0
8526,4,0,0.12321019610953757,0
8527,3,1,0.9760468750697378,1
8528,3,0,0.15767242617366933,0
8529,2,0,0.7006585562458831,1
8530,2,1,0.6847600318971468,1
8531,2,0,0.17483314472464104,0
8532,3,0,0.19458376034305144,0
8533,4,0,0.16197690653520666,0
8534,4,0,0.7545245710998435,1
8535,2,1,0.9884405545452816,1
8536,2,0,0.18912596832847456,0
8537,4,1,0.4742066932952651,0
8538,3,1,0.5499327729879354,1
8539,3,1,0.526222404766862,1
8540,4,0,0.6041132127836143,1
8541,2,0,0.1770781633552916,0
8542,3,0,0.7326621236469094,1
8543,1,0,0.2414020992206822,0
8544,4,1,0.6901125867099656,1
8545,4,1,0.6957338007355429,1
8546,0,1,0.7297185527119865,1
8547,4,0,0.5398440930377056,1
8548,4,0,0.15287224433911434,0
8549,4,0,0.6054825572393299,1
8550,3,0,0.13287089779104405,0
8551,2,1,0.9570597905609471,1
8552,0,0,0.4387454523692419,0
8553,0,1,0.9715049675497472,1
8554,2,0,0.12670314793976492,0
8555,3,0,0.16122529628875465,0
8556,2,0,0.1693545520592208,0
8557,4,0,0.16465096871798204,0
8558,3,0,0.3189627227475265,0
8559,2,0,0.11627557074565131,0
8560,1,1,0.6263034494195914,1
8561,4,1,0.9767023305092921,1
8562,1,0,0.18623328611283663,0
8563,4,0,0.5307512064369587,1
8564,1,0,0.6042013479378741,1
8565,2,0,0.6416633670135549,1
8566,3,1,0.983899854695428,1
8567,3,0,0.14770426853494495,0
8568,2,0,0.4949632095540864,0
8569,1,1,0.9570722213755931,1
8570,1,1,0.6042013479378741,1
8571,1,1,0.9752252596760531,1
8572,2,0,0.2374211904427275,0
8573,2,1,0.7025625744375128,1
8574,2,1,0.6464473485687997,1
8575,2,1,0.6696729144461708,1
8576,2,0,0.280460604126741,0
8577,2,0,0.6416633670135549,1
8578,2,1,0.6996144153857248,1
8579,0,1,0.9790564684654116,1
8580,3,1,0.3727088471417649,0
8581,3,0,0.19739994353461027,0
8582,3,0,0.6464777665552888,1
8583,3,1,0.5909250857089229,1
8584,3,1,0.7104919092688582,1
8585,4,0,0.21589545085844772,0
8586,0,0,0.22171430097763364,0
8587,0,0,0.1768815191093407,0
8588,1,0,0.272999554360443,0
8589,1,1,0.9770533025942884,1
8590,1,1,0.6513335536449433,1
8591,3,0,0.15282360052183683,0
8592,1,0,0.15752944668035118,0
8593,1,0,0.21050887192951356,0
8594,0,1,0.39229669234023773,0
8595,0,1,0.5203738850418431,1
8596,1,1,0.48352380719001303,0
8597,3,0,0.4413822514027044,0
8598,1,1,0.6067841358050257,1
8599,1,0,0.17135604406420105,0
8600,1,0,0.6263034494195914,1
8601,1,1,0.6042013479378741,1
8602,4,0,0.13767720787144144,0
8603,3,1,0.3679489332358041,0
8604,3,0,0.2721906504790454,0
8605,3,0,0.24472493831656664,0
8606,1,1,0.17559930796850973,0
8607,0,1,0.9654362025694386,1
8608,1,0,0.5959260533910101,1
8609,1,0,0.5164141859642761,1
8610,2,1,0.18162984489636572,0
8611,3,1,0.4890235493258648,0
8612,1,0,0.6356823227973946,1
8613,0,0,0.2029041471031097,0
8614,0,0,0.22689175805794995,0
8615,0,1,0.9611863224189571,1
8616,0,1,0.9607154585915988,1
8617,2,1,0.6742830751825396,1
8618,2,1,0.5437968670351657,1
8619,2,0,0.3801228524813206,0
8620,2,1,0.8364167056552897,1
8621,2,0,0.12135704336974579,0
8622,2,1,0.49451298004258537,0
8623,2,0,0.2340723206619423,0
8624,0,1,0.8614593041557377,1
8625,2,1,0.5413909748316432,1
8626,3,0,0.2474334085505587,0
8627,1,1,0.959097698015013,1
8628,4,1,0.9777350713528667,1
8629,4,1,0.9668251935592068,1
8630,4,1,0.9672826643320787,1
8631,4,1,0.7112182284699452,1
8632,0,0,0.18752453044996606,0
8633,2,0,0.23242769442977257,0
8634,3,1,0.13527391953941664,0
8635,1,1,0.5313870008481906,1
8636,1,1,0.9856078575962942,1
8637,3,0,0.686211331696798,1
8638,4,1,0.20698937999971156,0
8639,1,0,0.19177487762152448,0
8640,1,1,0.6067841358050257,1
8641,0,1,0.17121925664681187,0
8642,0,0,0.6030728495386158,1
8643,3,1,0.9574881000769088,1
8644,4,0,0.19348332673866778,0
8645,2,0,0.1830841897174472,0
8646,4,0,0.1828457974088677,0
8647,0,0,0.5995713037129716,1
8648,0,1,0.6241280537800794,1
8649,0,1,0.6171328721832735,1
8650,0,1,0.5995713037129716,1
8651,0,0,0.5526504549203789,1
8652,3,1,0.20040042218129867,0
8653,4,1,0.9653171873411321,1
8654,4,1,0.8976143347493142,1
8655,0,0,0.6117843456657635,1
8656,1,1,0.5628536149784021,1
8657,3,0,0.15593228415111243,0
8658,1,1,0.20455111064840775,0
8659,4,0,0.7112182284699452,1
8660,0,0,0.5483095623153419,1
8661,1,0,0.16577072230279533,0
8662,1,1,0.47066562324273836,0
8663,3,1,0.7125977200085849,1
8664,1,1,0.6244748497998525,1
8665,3,0,0.707205389128086,1
8666,0,1,0.5414655550171759,1
8667,3,1,0.6071208683321947,1
8668,3,1,0.9569563641291302,1
8669,3,1,0.5451001394626905,1
8670,3,1,0.9747357340395729,1
8671,1,1,0.7046324629958591,1
8672,2,0,0.5730475378070541,1
8673,1,1,0.7002462235930814,1
8674,3,0,0.5665280590497311,1
8675,4,1,0.15540275730874437,0
8676,3,0,0.6092844033117788,1
8677,4,1,0.8840480886731494,1
8678,4,1,0.8651815040488082,1
8679,4,1,0.8651815040488082,1
8680,4,1,0.5957191955718807,1
8681,1,1,0.7306296914849759,1
8682,1,1,0.4232893800282372,0
8683,4,0,0.1814603470190532,0
8684,2,1,0.591810387859706,1
8685,1,1,0.8377085073178577,1
8686,1,0,0.6563197687162915,1
8687,1,1,0.5295149547547696,1
8688,3,0,0.23716932320023132,0
8689,1,0,0.7046324629958591,1
8690,3,1,0.692175524334943,1
8691,3,0,0.18259459567021688,0
8692,3,1,0.6501327592093513,1
