row_index,fold,y_true,proba,pred
0,2,0,0.8536213023437377,1
1,1,1,0.1599081231938862,0
2,3,0,0.14553554455659978,0
3,3,0,0.1762180086887978,0
4,2,1,0.15802709634382717,0
5,2,1,0.11599467050967123,0
6,4,1,0.6277608418682971,1
7,1,1,0.7283542704487488,1
8,3,1,0.27271079414478955,0
9,2,1,0.955742429336937,1
10,2,1,0.938798721527758,1
11,2,1,0.6964517602629834,1
12,1,1,0.38449974048809193,0
13,3,0,0.12598462290643522,0
14,0,1,0.5663888155347918,1
15,1,0,0.6697967636371968,1
16,0,0,0.160098569738583,0
17,3,0,0.13276674014421047,0
18,4,1,0.7895646988386918,1
19,2,1,0.4121536656678671,0
20,2,0,0.12320211428024161,0
21,4,0,0.8038650723266789,1
22,4,0,0.8076901295832016,1
23,4,0,0.8223641971822772,1
24,4,1,0.6003314601127977,1
25,4,0,0.758372123811257,1
26,4,0,0.611954447131077,1
27,0,0,0.1762377392612819,0
28,3,1,0.9677478225894578,1
29,2,0,0.12028541129726338,0
30,3,0,0.4549345250252876,0
31,0,0,0.13537003424083313,0
32,4,0,0.08193407024878019,0
33,2,1,0.1655771220476264,0
34,2,1,0.6571012713187552,1
35,2,1,0.1321852998286039,0
36,2,1,0.9643196584763553,1
37,3,0,0.14398337561861804,0
38,1,0,0.2490672618289568,0
39,2,0,0.09219156687808461,0
40,3,0,0.6505315609713154,1
41,2,1,0.6303855161102141,1
42,2,0,0.20653547248639437,0
43,0,0,0.5786124490377159,1
44,0,1,0.676728647782503,1
45,0,1,0.5776942723583172,1
46,0,0,0.1609500435439891,0
47,0,1,0.8190809002938562,1
48,0,0,0.15314731030885348,0
49,1,0,0.063710578292661,0
50,4,0,0.03340969822732089,0
51,3,1,0.919447554212147,1
52,4,1,0.854228810321439,1
53,4,1,0.9293789430007227,1
54,4,1,0.49958857841001353,0
55,0,0,0.6879414886021521,1
56,3,0,0.12392474491611183,0
57,0,0,0.4783587329028183,0
58,4,1,0.8829025004862633,1
59,0,1,0.7636384073993334,1
60,1,0,0.09935527206347765,0
61,4,1,0.6983345908853188,1
62,4,1,0.8404510914052923,1
63,4,0,0.16638194544867163,0
64,2,0,0.13566439458720786,0
65,1,1,0.1690895506992624,0
66,1,0,0.11113811189519492,0
67,1,0,0.3967073550075937,0
68,4,0,0.13962887783878486,0
69,0,0,0.5026416143981707,1
70,1,1,0.7417163662760883,1
71,2,1,0.5523560680653329,1
72,2,1,0.7439165162000921,1
73,4,0,0.2948983712918865,0
74,2,0,0.7485201280950462,1
75,0,0,0.07148924207099758,0
76,0,1,0.8272432741550257,1
77,0,1,0.647489341909973,1
78,1,1,0.10623841560070982,0
79,0,1,0.9724727408575532,1
80,3,0,0.07335291602378351,0
81,3,1,0.7628662231094283,1
82,2,1,0.7179531160478667,1
83,2,1,0.7335155782410175,1
84,2,0,0.31184561899383884,0
85,1,0,0.34581704607474517,0
86,1,1,0.6471134483012981,1
87,1,1,0.6471134483012981,1
88,3,0,0.39918121849036975,0
89,3,0,0.3117623578507873,0
90,3,1,0.2822351379444325,0
91,4,0,0.15306975293866246,0
92,1,1,0.4327400760975615,0
93,4,1,0.8820070571228297,1
94,3,0,0.12176816226896155,0
95,3,1,0.462571996923475,0
96,0,1,0.7810947811627404,1
97,0,0,0.7559804094895639,1
98,2,0,0.2857510014617243,0
99,0,0,0.2176112366357301,0
100,3,0,0.7409624602312828,1
101,3,0,0.14783063667942295,0
102,3,1,0.5487112460656164,1
103,4,0,0.19062585214174135,0
104,3,0,0.3214147869599338,0
105,3,1,0.2616539760277331,0
106,3,1,0.9435362995602018,1
107,0,1,0.9249111808117497,1
108,1,1,0.9227432687861016,1
109,3,1,0.885526676341194,1
110,2,0,0.16234178135859162,0
111,2,1,0.6210479969775425,1
112,0,1,0.4311906370988582,0
113,3,0,0.03484455912097806,0
114,3,1,0.8985616186695389,1
115,1,1,0.8143556247486836,1
116,0,0,0.07803391340353905,0
117,2,0,0.422459055600695,0
118,0,1,0.8535855641720382,1
119,0,0,0.22328581865767377,0
120,1,0,0.16125930398206237,0
121,1,0,0.1091463206526672,0
122,1,1,0.6873941679967027,1
123,4,1,0.8829025004862633,1
124,4,0,0.18263496812063143,0
125,3,1,0.8315858664374708,1
126,0,0,0.19370924746155774,0
127,1,1,0.6376543010677471,1
128,3,0,0.05223612802235729,0
129,0,1,0.9772913193202768,1
130,2,1,0.6119862276289222,1
131,4,0,0.11089790493317006,0
132,4,0,0.8764672978723123,1
133,0,1,0.9231787381202421,1
134,2,0,0.4528367106257854,0
135,0,1,0.7006425080860013,1
136,3,0,0.14931787901660623,0
137,4,1,0.7734775277969778,1
138,4,0,0.6519281853779727,1
139,4,0,0.10393173208702045,0
140,0,0,0.03534328997054417,0
141,4,1,0.9467286834602903,1
142,4,1,0.9491314883409662,1
143,3,1,0.27031690402308434,0
144,3,0,0.7148795961060336,1
145,1,1,0.8080496615483691,1
146,4,1,0.8829025004862633,1
147,4,0,0.18868155622725852,0
148,1,0,0.6184189083017402,1
149,3,0,0.08818635094772438,0
150,4,1,0.6879797105670473,1
151,2,1,0.5932619933564296,1
152,2,1,0.7209074706238521,1
153,1,0,0.1371490218131708,0
154,3,0,0.17616786092654796,0
155,0,0,0.16647638783826094,0
156,4,1,0.45758380127455134,0
157,4,0,0.4011445218395627,0
158,4,1,0.4011445218395627,0
159,4,0,0.055183473088719015,0
160,2,1,0.9566764917615778,1
161,0,1,0.3199666473593733,0
162,3,0,0.06464389115451949,0
163,3,1,0.6974011640180912,1
164,1,0,0.13204973970982695,0
165,2,0,0.7818295206565694,1
166,1,1,0.6471134483012981,1
167,1,0,0.4327400760975615,0
168,1,0,0.05068412796224414,0
169,2,1,0.8344563387265986,1
170,2,0,0.1013678723224122,0
171,2,1,0.6571012713187552,1
172,4,1,0.2587130196188888,0
173,4,0,0.15459230390508866,0
174,3,0,0.37773644396534495,0
175,4,1,0.2867961868656323,0
176,4,0,0.742220994324427,1
177,1,1,0.6376543010677471,1
178,3,1,0.9633502627524161,1
179,3,1,0.960721330077667,1
180,3,1,0.9447687043142776,1
181,0,1,0.18818079091071324,0
182,4,1,0.9715445455780435,1
183,2,0,0.12202070621364886,0
184,3,1,0.585153490388001,1
185,1,0,0.5907033039872895,1
186,4,1,0.8144348693829647,1
187,1,1,0.1823134051840923,0
188,1,1,0.8205004433209735,1
189,1,0,0.14677941898034957,0
190,4,0,0.06259542944060043,0
191,0,0,0.12408445656229442,0
192,1,0,0.14200233506599963,0
193,2,0,0.14628550447064875,0
194,1,0,0.0828772966635845,0
195,1,1,0.6376543010677471,1
196,2,1,0.6484135653280242,1
197,2,1,0.4121536656678671,0
198,2,0,0.6303855161102141,1
199,0,0,0.17623193881993293,0
200,1,0,0.0896863574765681,0
201,2,0,0.4577399330927954,0
202,2,1,0.6303855161102141,1
203,0,0,0.15802333000102267,0
204,0,0,0.15931436110152747,0
205,0,0,0.14955074026243473,0
206,0,1,0.8366238952839061,1
207,0,0,0.12431113804708077,0
208,0,0,0.15097251494812547,0
209,0,0,0.8207087365112588,1
210,3,0,0.19594032772979775,0
211,3,1,0.8793089171910632,1
212,3,1,0.830371833516934,1
213,0,0,0.6301448034189477,1
214,3,0,0.14197373986999354,0
215,4,1,0.5110227329134289,1
216,3,0,0.13326129894417071,0
217,1,0,0.1317893683779515,0
218,0,0,0.6998522971800551,1
219,1,0,0.17056288971309544,0
220,1,0,0.8848639679222917,1
221,2,1,0.9341483596614684,1
222,4,0,0.1989779249180217,0
223,2,1,0.7994626292223866,1
224,1,0,0.08373215212926499,0
225,2,0,0.21167343947277395,0
226,4,0,0.7327961397841766,1
227,0,1,0.8770844315411365,1
228,0,1,0.8988673949207937,1
229,4,1,0.9643737029943225,1
230,4,0,0.1849137514423336,0
231,1,0,0.12232080532146807,0
232,0,0,0.2597646824306604,0
233,3,0,0.6688920980382501,1
234,4,1,0.9271549577468688,1
235,4,0,0.22608650206901368,0
236,4,0,0.1217943944696646,0
237,4,1,0.14360386487970941,0
238,0,1,0.9226678777524617,1
239,3,0,0.23503259175712946,0
240,3,1,0.8452563226897668,1
241,0,0,0.19584855529313874,0
242,3,0,0.16696558919883947,0
243,4,0,0.1072990386723444,0
244,0,1,0.6190043968555514,1
245,1,1,0.9528379326573676,1
246,4,0,0.1321729733481259,0
247,1,1,0.9480129954839267,1
248,3,0,0.08286860365368354,0
249,1,1,0.9612065659768471,1
250,4,1,0.37639885417521596,0
251,2,0,0.13410868217015148,0
252,3,0,0.07814104318965402,0
253,2,1,0.9174928696342918,1
254,2,1,0.9310824487532895,1
255,1,1,0.5807118088699474,1
256,2,1,0.27527472160836897,0
257,0,1,0.8843033238699792,1
258,0,1,0.8815169520432172,1
259,1,0,0.2770386157234099,0
260,1,1,0.9543168006567866,1
261,1,0,0.3554137555979289,0
262,0,0,0.17518199138955082,0
263,2,1,0.9804581354527145,1
264,2,1,0.504515495032381,1
265,2,1,0.9690427441105492,1
266,2,1,0.9039541176198169,1
267,2,1,0.939368071226354,1
268,3,1,0.40880738301395986,0
269,3,1,0.9579120594428856,1
270,2,1,0.21411740116310057,0
271,2,1,0.8982449478095623,1
272,1,0,0.8473612189122849,1
273,2,0,0.09235986235979449,0
274,0,1,0.7347005650102398,1
275,2,0,0.12882046626858307,0
276,2,0,0.36966530782372564,0
277,0,0,0.18663102310651425,0
278,4,1,0.9488353768104749,1
279,3,0,0.16795343752902583,0
280,3,0,0.16572892143182102,0
281,2,1,0.5361279594255173,1
282,4,1,0.6628932487755309,1
283,2,1,0.11661068254344617,0
284,4,1,0.4547487258546598,0
285,2,0,0.0657513023414454,0
286,3,1,0.6846417661307216,1
287,2,1,0.7495015117087745,1
288,2,1,0.9666087273319366,1
289,3,0,0.6349511628762613,1
290,3,0,0.7091984355283666,1
291,3,0,0.182876396697755,0
292,0,0,0.7114991402435105,1
293,3,0,0.6339890703602227,1
294,4,0,0.7327961397841766,1
295,2,1,0.739660998039497,1
296,3,1,0.9444807829404306,1
297,3,1,0.7571145135562908,1
298,3,0,0.5190554124629655,1
299,3,0,0.1314241649099128,0
300,2,1,0.8384534953847298,1
301,1,0,0.09845335901149788,0
302,0,0,0.12581314758151604,0
303,3,1,0.9086538194981395,1
304,3,1,0.2249429350460948,0
305,3,1,0.785461058754804,1
306,0,1,0.7454869316887849,1
307,1,1,0.9674866907463197,1
308,2,0,0.595341310659067,1
309,1,0,0.06350976783831025,0
310,0,0,0.828813017897934,1
311,2,1,0.6724959868277571,1
312,1,0,0.3964252611678584,0
313,0,1,0.44307101351419587,0
314,2,1,0.4154270479263772,0
315,2,1,0.5763698603885844,1
316,4,0,0.15263513468250695,0
317,0,1,0.849264443680074,1
318,3,1,0.9484080131960324,1
319,2,0,0.16910571852599374,0
320,3,1,0.6974011640180912,1
321,3,1,0.6846417661307216,1
322,1,0,0.30360320384819284,0
323,4,0,0.24664667780849098,0
324,3,1,0.1595922176720846,0
325,3,0,0.09487089773951225,0
326,3,0,0.12308947497058302,0
327,3,1,0.7636666198751039,1
328,3,1,0.16315470464193654,0
329,3,0,0.06276901162934122,0
330,1,1,0.8143556247486836,1
331,1,0,0.04744405463078019,0
332,2,0,0.5742627713702871,1
333,0,0,0.15110240032137573,0
334,4,1,0.2860681882075098,0
335,4,0,0.32918822985927043,0
336,0,0,0.31363769024556243,0
337,0,1,0.973102900242837,1
338,0,0,0.25905884826884945,0
339,0,1,0.9636990823832027,1
340,0,1,0.9707804461308699,1
341,0,0,0.40596032087476663,0
342,0,1,0.9674252001980769,1
343,1,1,0.12946285899483742,0
344,0,1,0.95673844569209,1
345,1,1,0.9531641561653228,1
346,1,1,0.9493473624748435,1
347,3,0,0.07159861921828523,0
348,4,0,0.04047929221487477,0
349,4,0,0.6667036648655165,1
350,4,1,0.5915402669061746,1
351,4,1,0.4631611200708937,0
352,0,0,0.1637884512815159,0
353,1,0,0.6086557537994106,1
354,1,0,0.7364243811072826,1
355,1,0,0.13183011243554688,0
356,2,1,0.500756750749172,1
357,0,0,0.042341054969625085,0
358,0,0,0.16646766542190183,0
359,0,0,0.2247957396370364,0
360,0,1,0.7454869316887849,1
361,0,1,0.8670550857896249,1
362,3,0,0.09662180021232446,0
363,1,0,0.24196858008610445,0
364,1,0,0.18753848682161062,0
365,4,1,0.8789195269302229,1
366,0,1,0.2763875859344068,0
367,4,0,0.1308197799743819,0
368,0,0,0.042292428745362834,0
369,0,0,0.17129475720591972,0
370,0,0,0.6056928918400831,1
371,2,0,0.11073686638109359,0
372,2,0,0.9188315341415039,1
373,0,0,0.16306764156910963,0
374,0,0,0.10142407215500787,0
375,4,1,0.44646675332796537,0
376,3,0,0.11408615428335493,0
377,1,0,0.7117572559470373,1
378,1,1,0.9430664066553276,1
379,1,0,0.17206587260889625,0
380,1,1,0.9361669418535218,1
381,0,1,0.7920195677487782,1
382,3,0,0.1360438983537147,0
383,3,1,0.8327071486558663,1
384,3,1,0.8004184963185603,1
385,0,1,0.21599931658815158,0
386,1,1,0.3853526845649761,0
387,0,1,0.6335620644224593,1
388,0,1,0.9247207704588272,1
389,0,1,0.6628625241280895,1
390,2,1,0.7866311462087028,1
391,0,0,0.20291620913496447,0
392,1,1,0.8904070372098876,1
393,1,0,0.16390659136687344,0
394,2,1,0.8654834699702436,1
395,0,1,0.7454869316887849,1
396,4,1,0.5797257550293557,1
397,4,0,0.06094903175126752,0
398,3,0,0.1524692504308368,0
399,3,0,0.5232719642887924,1
400,1,1,0.9604170343762539,1
401,4,0,0.41501519980115725,0
402,0,0,0.14504377778265629,0
403,4,0,0.7050874454246272,1
404,1,0,0.14763352477482103,0
405,0,0,0.09287467933727481,0
406,0,0,0.11315187672954223,0
407,1,0,0.08955976832017427,0
408,4,1,0.9567610233758916,1
409,2,1,0.7924298330026354,1
410,0,0,0.07317130761050993,0
411,4,1,0.5353100071657783,1
412,3,1,0.7545419855224431,1
413,3,1,0.8199866089121272,1
414,4,1,0.970059385525314,1
415,3,1,0.9504726692357325,1
416,4,1,0.9603043641734266,1
417,2,1,0.6117005538224994,1
418,2,1,0.9611751086139588,1
419,2,1,0.9611751086139588,1
420,3,0,0.2353666617786634,0
421,4,1,0.274943986579995,0
422,4,0,0.6351546539948675,1
423,4,0,0.4011445218395627,0
424,0,1,0.957941978285434,1
425,0,0,0.10639029051953361,0
426,1,1,0.6873941679967027,1
427,3,1,0.8798775185886729,1
428,0,1,0.15365105291750056,0
429,0,1,0.577828311804248,1
430,0,0,0.7006425080860013,1
431,4,0,0.1672069782599197,0
432,4,0,0.17539697165428647,0
433,2,0,0.04040212156746898,0
434,2,1,0.1572723847501676,0
435,2,0,0.8167768004625928,1
436,2,0,0.8377731401959854,1
437,3,1,0.8959759672188006,1
438,3,1,0.8248694402679312,1
439,0,0,0.17786289211303138,0
440,0,1,0.966133316192488,1
441,3,0,0.21630331055708804,0
442,0,1,0.771354647084278,1
443,2,0,0.065870144592432,0
444,4,0,0.19288541572382634,0
445,4,1,0.8052884001329754,1
446,4,1,0.8128094638943968,1
447,4,0,0.03849171979689326,0
448,4,0,0.0883376560820502,0
449,2,1,0.7485201280950462,1
450,2,0,0.12429996236222023,0
451,1,0,0.17679762888020883,0
452,4,0,0.3366849606422087,0
453,1,0,0.3770514249000854,0
454,1,0,0.5807118088699474,1
455,2,1,0.7485201280950462,1
456,3,1,0.9537545289052917,1
457,2,1,0.9675391089786115,1
458,3,1,0.8959759672188006,1
459,3,0,0.6263825016062488,1
460,3,1,0.26242964526457335,0
461,2,0,0.3682446578901885,0
462,0,0,0.2951228243486083,0
463,2,1,0.7556663086941839,1
464,2,0,0.17968098758393225,0
465,1,0,0.1447464510921225,0
466,3,1,0.9728912694211042,1
467,3,1,0.9641666223212478,1
468,3,1,0.9658095021650915,1
469,3,0,0.4408300495385357,0
470,3,1,0.9728912694211042,1
471,3,1,0.8945300181775935,1
472,3,1,0.8793089171910632,1
473,2,1,0.4917978624279379,0
474,1,1,0.6839994689751673,1
475,4,1,0.7519324637721586,1
476,4,1,0.9464256253442719,1
477,3,1,0.5798633746640091,1
478,1,1,0.9588216044857099,1
479,4,0,0.3452746826371773,0
480,2,0,0.09412508358870676,0
481,0,1,0.8215292184750949,1
482,1,1,0.7283542704487488,1
483,4,0,0.22073532858493758,0
484,3,1,0.43342323734206845,0
485,3,0,0.17196030262738893,0
486,0,1,0.21488290147822764,0
487,4,1,0.8402810616270688,1
488,2,0,0.2762165571039875,0
489,2,1,0.8743305297273202,1
490,3,0,0.17721143498980543,0
491,1,0,0.5807118088699474,1
492,0,0,0.676728647782503,1
493,0,1,0.6517215837644252,1
494,0,0,0.17815408427075244,0
495,3,0,0.16327461941608987,0
496,3,0,0.24836234809087956,0
497,1,0,0.05159003443328431,0
498,4,1,0.7347781279514186,1
499,2,1,0.9566764917615778,1
500,2,1,0.96091670509227,1
501,2,1,0.8602808277073419,1
502,2,1,0.9497107297086856,1
503,2,0,0.3106412425318376,0
504,2,1,0.8743305297273202,1
505,2,0,0.13108329820518852,0
506,1,0,0.060096164138576554,0
507,0,0,0.08678130260195599,0
508,3,0,0.25463891467517064,0
509,4,0,0.6738801910172421,1
510,4,1,0.8770965169964551,1
511,0,1,0.1892096296104084,0
512,2,1,0.8654834699702436,1
513,3,1,0.13735343502142344,0
514,4,0,0.10366422352100838,0
515,4,1,0.980078053355124,1
516,3,1,0.953488159451657,1
517,3,1,0.5312095390684987,1
518,1,1,0.9584979643149074,1
519,1,0,0.2901557973174991,0
520,3,1,0.699289481129579,1
521,1,0,0.43246286879101936,0
522,1,0,0.5477511092540598,1
523,1,1,0.48802401254603966,0
524,0,1,0.14346411212949614,0
525,4,0,0.10618223997939119,0
526,3,0,0.19718427208530798,0
527,3,1,0.9484080131960324,1
528,3,1,0.9435362995602018,1
529,3,0,0.1821923478114757,0
530,4,0,0.19573625217906726,0
531,1,1,0.8167757269060741,1
532,4,1,0.742220994324427,1
533,1,0,0.37671806952220666,0
534,1,1,0.9612065659768471,1
535,0,1,0.8796687993402227,1
536,4,1,0.5932864556548463,1
537,0,1,0.9639050457796369,1
538,0,0,0.9608203711205244,1
539,0,1,0.9539720670391024,1
540,0,1,0.9563728202429722,1
541,0,1,0.9658062787624487,1
542,0,0,0.2682525378572095,0
543,0,1,0.951445910291605,1
544,4,0,0.10216723617955464,0
545,0,0,0.3347145747389658,0
546,4,1,0.882472944040109,1
547,4,0,0.37303571949300046,0
548,2,0,0.14945154173892744,0
549,4,1,0.5588621480207526,1
550,1,0,0.8351461344911526,1
551,2,1,0.5742627713702871,1
552,2,0,0.2217732376981935,0
553,4,1,0.7975404205551474,1
554,4,1,0.8878431330327622,1
555,4,1,0.8878431330327622,1
556,4,1,0.8724537282883278,1
557,1,1,0.8015816877287801,1
558,1,1,0.8264852057277093,1
559,0,0,0.1378726047199854,0
560,4,1,0.9105022897994774,1
561,1,0,0.17097593648771764,0
562,0,0,0.5776942723583172,1
563,4,0,0.18079229854379417,0
564,4,0,0.044922458535816376,0
565,0,0,0.7114991402435105,1
566,4,0,0.12551804455687737,0
567,1,0,0.5877070100168849,1
568,4,0,0.09001827234613623,0
569,0,1,0.22284697240680915,0
570,3,1,0.628548525611422,1
571,3,0,0.628548525611422,1
572,2,0,0.7485201280950462,1
573,2,1,0.6571012713187552,1
574,2,1,0.6571012713187552,1
575,2,0,0.12096549110495541,0
576,2,1,0.8344563387265986,1
577,2,1,0.6931325484127505,1
578,0,1,0.8106211591780241,1
579,0,0,0.5354025079451115,1
580,0,1,0.8106211591780241,1
581,0,0,0.10263413670631684,0
582,0,0,0.20424497925780588,0
583,0,0,0.5574964545752166,1
584,0,0,0.35880433462248396,0
585,4,1,0.4011445218395627,0
586,4,0,0.21100339879121,0
587,2,0,0.11418157566271361,0
588,3,1,0.6846417661307216,1
589,0,1,0.948529365792391,1
590,1,1,0.5170074397883127,1
591,1,0,0.7032362432422382,1
592,1,1,0.5477511092540598,1
593,1,1,0.7740896864472323,1
594,2,1,0.29235125481851537,0
595,1,0,0.1277923597704438,0
596,0,1,0.9739348901407285,1
597,0,1,0.9760128151678493,1
598,0,1,0.7347005650102398,1
599,1,1,0.08181095723311808,0
600,0,0,0.04134827945658562,0
601,3,1,0.8714559857355745,1
602,1,1,0.8602419104385464,1
603,3,0,0.13636812989484065,0
604,2,0,0.13019136003469742,0
605,0,1,0.8876463068030419,1
606,4,0,0.1279951675751466,0
607,2,0,0.09858466683822825,0
608,2,0,0.08678400606441698,0
609,4,0,0.6594228651845312,1
610,2,1,0.9523141342187846,1
611,0,1,0.4782153287717755,0
612,1,0,0.08901865011427991,0
613,0,1,0.6255891469749201,1
614,0,1,0.5390764083264554,1
615,0,0,0.3994273216152793,0
616,0,1,0.9772913193202768,1
617,0,1,0.9772913193202768,1
618,3,1,0.17534650129840393,0
619,1,1,0.8640141974713661,1
620,4,0,0.046030802123927836,0
621,1,1,0.9764644423283457,1
622,1,1,0.8832102365171459,1
623,1,1,0.8602419104385464,1
624,1,0,0.5836313225862733,1
625,1,1,0.7048122133119208,1
626,3,1,0.6093832848529396,1
627,1,1,0.24286945739536223,0
628,2,0,0.04394147291595289,0
629,0,1,0.6456570628478387,1
630,0,0,0.22991350918027495,0
631,0,0,0.5530569875429932,1
632,3,1,0.7545419855224431,1
633,4,0,0.742220994324427,1
634,0,0,0.33416021179562877,0
635,3,1,0.22054993355185198,0
636,0,0,0.10037944945503881,0
637,0,1,0.9260081603618489,1
638,0,0,0.12172997423760212,0
639,1,0,0.07794259659376161,0
640,1,0,0.14937977969166735,0
641,2,1,0.5183124392026437,1
642,4,0,0.05478822960613765,0
643,1,0,0.669430389636933,1
644,4,0,0.742220994324427,1
645,2,0,0.7179531160478667,1
646,4,0,0.08311071198818612,0
647,3,0,0.5444316079836947,1
648,3,0,0.6615056402193041,1
649,3,0,0.6615056402193041,1
650,0,1,0.8733876205167774,1
651,1,0,0.2937119369436447,0
652,0,1,0.6214855507151416,1
653,0,1,0.647489341909973,1
654,0,1,0.8106211591780241,1
655,0,0,0.23734602618475406,0
656,2,1,0.8233692481040765,1
657,4,0,0.09299236182589166,0
658,2,0,0.18504076744048198,0
659,1,0,0.11359628938368853,0
660,2,1,0.9639904472563067,1
661,4,1,0.8612191523427579,1
662,0,0,0.4113478844308448,0
663,2,0,0.3926253445998158,0
664,0,1,0.8366238952839061,1
665,3,1,0.9504726692357325,1
666,2,0,0.3505659998548115,0
667,4,1,0.29292811944322183,0
668,2,1,0.5209827588775273,1
669,0,1,0.8852802677909772,1
670,4,0,0.22496346455718144,0
671,0,1,0.9492309320688096,1
672,4,0,0.17799466681039564,0
673,4,1,0.742220994324427,1
674,3,1,0.6451993003452924,1
675,2,1,0.9105894083829107,1
676,2,1,0.7018512292322705,1
677,4,1,0.5036859021427472,1
678,4,1,0.9450634784880337,1
679,0,1,0.95673844569209,1
680,4,0,0.06874220410079407,0
681,4,0,0.09717827736348476,0
682,4,1,0.6369070683391729,1
683,3,0,0.09180492766848278,0
684,0,1,0.5639561608688846,1
685,0,0,0.41078883308944425,0
686,0,1,0.39728587820690486,0
687,0,0,0.6047934187850217,1
688,0,0,0.5776942723583172,1
689,0,1,0.676728647782503,1
690,0,1,0.676728647782503,1
691,3,1,0.8594694735887205,1
692,0,0,0.0676385672667657,0
693,2,0,0.5311997173731214,1
694,4,0,0.06340539491223961,0
695,2,0,0.6119862276289222,1
696,3,1,0.1663768836074484,0
697,3,1,0.12348149345477635,0
698,3,1,0.7122553942319559,1
699,1,0,0.9284409481608585,1
700,3,0,0.13449505258560465,0
701,0,0,0.10533194229212148,0
702,2,0,0.19875727317128833,0
703,0,0,0.9046314595911014,1
704,1,1,0.6269499304018817,1
705,0,0,0.29761214069656305,0
706,0,1,0.9658062787624487,1
707,0,0,0.38538919758799867,0
708,4,1,0.742220994324427,1
709,4,0,0.742220994324427,1
710,4,0,0.20748662776893764,0
711,1,1,0.8925613616690247,1
712,1,0,0.15457596681513464,0
713,3,1,0.9469708582341743,1
714,1,1,0.9397816048474477,1
715,3,1,0.9641666223212478,1
716,3,0,0.2926292835788055,0
717,3,1,0.9658095021650915,1
718,1,0,0.14562111031735,0
719,0,1,0.7715903477514087,1
720,3,0,0.6846417661307216,1
721,4,0,0.5134373039170904,1
722,1,1,0.17714427749376147,0
723,1,0,0.2676293451708094,0
724,4,0,0.1922606886282784,0
725,4,0,0.1802079336582217,0
726,4,1,0.9442190509721243,1
727,3,1,0.9641666223212478,1
728,0,0,0.7559804094895639,1
729,0,0,0.1883416887349463,0
730,0,0,0.47306768093614693,0
731,0,0,0.7114991402435105,1
732,0,1,0.577828311804248,1
733,0,1,0.7228730017724242,1
734,4,0,0.6123064087098692,1
735,1,0,0.15340476322858138,0
736,1,1,0.9280135383651853,1
737,1,1,0.751723158166545,1
738,1,1,0.8482177342518544,1
739,0,0,0.15314775380255485,0
740,1,1,0.6327439289473348,1
741,1,0,0.2221472942742151,0
742,4,0,0.12897694779828411,0
743,1,0,0.0920118005724052,0
744,1,1,0.7949510738912271,1
745,1,1,0.9773924293735998,1
746,2,0,0.1275268764331877,0
747,2,1,0.6303855161102141,1
748,4,0,0.6351546539948675,1
749,2,0,0.14200813284962419,0
750,4,0,0.1806240796443849,0
751,4,0,0.20069562405649288,0
752,4,1,0.9325085205372822,1
753,1,1,0.6873941679967027,1
754,0,0,0.5776942723583172,1
755,3,0,0.04821114555648573,0
756,2,1,0.7882968724738014,1
757,2,1,0.9005750278006434,1
758,4,0,0.11684053030812563,0
759,0,1,0.957941978285434,1
760,0,0,0.17331212843371238,0
761,1,1,0.845708558607053,1
762,2,0,0.23307170310861514,0
763,1,1,0.8832102365171459,1
764,0,1,0.449896229312716,0
765,0,0,0.1513930988638824,0
766,1,1,0.5477511092540598,1
767,1,0,0.3007922024019569,0
768,2,1,0.7556663086941839,1
769,2,0,0.23563569847776195,0
770,2,0,0.1908890490038307,0
771,2,1,0.7698150370282687,1
772,3,0,0.15875071590375264,0
773,3,1,0.8937772342157615,1
774,3,1,0.7559108674179081,1
775,1,1,0.7949510738912271,1
776,3,0,0.6823929832940866,1
777,2,0,0.15924614882151245,0
778,1,0,0.628087324211374,1
779,4,1,0.9029915871421049,1
780,1,1,0.6873941679967027,1
781,1,1,0.8770333846089994,1
782,0,0,0.11412506954007566,0
783,0,1,0.34176811075571745,0
784,2,1,0.7948744638590723,1
785,1,1,0.9502767663094301,1
786,4,0,0.22432829729433518,0
787,2,1,0.6303855161102141,1
788,2,1,0.40261711499973435,0
789,3,0,0.16100347556361583,0
790,3,1,0.22457486437412907,0
791,0,1,0.5835851429866159,1
792,3,1,0.08319731532263376,0
793,3,1,0.9504726692357325,1
794,1,0,0.08066750907807847,0
795,3,0,0.10813351518933059,0
796,4,0,0.27635159904471346,0
797,2,0,0.34403286788607507,0
798,2,0,0.08918002699467205,0
799,4,0,0.4234259975378794,0
800,2,0,0.7485201280950462,1
801,3,1,0.8004184963185603,1
802,3,1,0.8224343263140327,1
803,0,1,0.9233662031832545,1
804,0,1,0.9715954407836142,1
805,3,1,0.7858741341280252,1
806,1,0,0.2517548405988506,0
807,0,1,0.782816579567691,1
808,2,1,0.7179531160478667,1
809,3,0,0.10531794364478189,0
810,2,0,0.7179531160478667,1
811,2,0,0.5308589013516738,1
812,2,0,0.7629528617951805,1
813,0,1,0.9715954407836142,1
814,0,1,0.973102900242837,1
815,4,0,0.8429887880635347,1
816,3,1,0.7269035816180862,1
817,2,0,0.32312261511350393,0
818,1,0,0.09873085233847807,0
819,0,1,0.4933773759259168,0
820,3,0,0.04678121387946265,0
821,4,0,0.94033031983595,1
822,2,0,0.4917978624279379,0
823,3,0,0.7214806911257443,1
824,1,1,0.9631430334535223,1
825,2,0,0.1836894470262878,0
826,0,0,0.1957157454386201,0
827,2,0,0.321227847641904,0
828,1,0,0.05855867304100209,0
829,4,0,0.7231552260647902,1
830,4,1,0.7468696844855168,1
831,1,0,0.8986231053748321,1
832,1,1,0.8824550552355401,1
833,1,0,0.3158316464770827,0
834,3,1,0.6505315609713154,1
835,3,0,0.7409624602312828,1
836,4,1,0.852762103790752,1
837,0,0,0.5922226819685228,1
838,0,1,0.7158020356367721,1
839,4,1,0.1031991966364613,0
840,0,0,0.7613135615977619,1
841,2,0,0.41808713288778593,0
842,4,0,0.14840577202236882,0
843,1,1,0.9462184661729339,1
844,4,0,0.1753281548929106,0
845,4,0,0.4026740857957927,0
846,0,1,0.7454869316887849,1
847,0,0,0.08834757139363611,0
848,0,1,0.10905204446042083,0
849,0,1,0.5854800646827779,1
850,1,0,0.08287100306122015,0
851,0,0,0.0867625894580255,0
852,4,0,0.08546774674317509,0
853,2,0,0.06491098695478228,0
854,0,0,0.6757769916754053,1
855,3,1,0.9484080131960324,1
856,3,0,0.34678232404645226,0
857,0,1,0.5564501138967168,1
858,3,1,0.9658095021650915,1
859,3,0,0.654123366016798,1
860,0,0,0.2917109190349181,0
861,0,1,0.8190809002938562,1
862,0,1,0.7928002998719353,1
863,2,1,0.6659863978091571,1
864,2,0,0.34185567483132734,0
865,2,0,0.33456347678580783,0
866,0,1,0.5639561608688846,1
867,0,0,0.08798558416328008,0
868,3,1,0.6451993003452924,1
869,1,1,0.11832315329531429,0
870,0,1,0.8886740996722191,1
871,3,1,0.4032291655401925,0
872,3,0,0.29340062669890615,0
873,3,0,0.08943976985218043,0
874,4,0,0.14154877098066643,0
875,0,1,0.90345274582359,1
876,2,1,0.5502781958017169,1
877,0,1,0.6321394451760997,1
878,4,1,0.2366499118037471,0
879,3,0,0.06424210692029944,0
880,3,0,0.2184231593974905,0
881,2,0,0.08296259414881825,0
882,2,0,0.4577399330927954,0
883,4,1,0.09861688985292517,0
884,3,0,0.15669286626151346,0
885,2,1,0.6724959868277571,1
886,3,1,0.6846417661307216,1
887,2,0,0.3146624997562297,0
888,4,0,0.11778696658286918,0
889,3,0,0.7842105896658272,1
890,3,1,0.7202255408628025,1
891,4,1,0.7895646988386918,1
892,0,0,0.12040586227035927,0
893,2,1,0.8367257080501934,1
894,3,1,0.9435362995602018,1
895,3,1,0.9353553277735872,1
896,3,0,0.23013120085525837,0
897,3,0,0.13355267081736444,0
898,2,0,0.07875782775184871,0
899,0,1,0.7928002998719353,1
900,1,1,0.6376543010677471,1
901,4,0,0.5651924080469779,1
902,0,0,0.057380596787508745,0
903,3,1,0.3225653751323077,0
904,3,0,0.7409624602312828,1
905,1,0,0.8163294215964652,1
906,2,1,0.9039541176198169,1
907,4,1,0.5110227329134289,1
908,4,0,0.4878938411830661,0
909,1,1,0.751759298598132,1
910,4,0,0.08740203097082991,0
911,0,0,0.9286301510237108,1
912,4,0,0.1637354357972978,0
913,4,1,0.7231552260647902,1
914,0,0,0.12310734093999072,0
915,4,1,0.7327961397841766,1
916,4,0,0.6774335716015231,1
917,4,1,0.6825275873522542,1
918,2,1,0.08317736348411538,0
919,3,0,0.09794017190988918,0
920,0,0,0.888771919686826,1
921,0,1,0.21656782568914507,0
922,0,0,0.41078883308944425,0
923,0,0,0.3579953295814401,0
924,3,0,0.7409624602312828,1
925,3,1,0.5967458072380297,1
926,3,0,0.16557772158900327,0
927,3,1,0.4912462493484737,0
928,2,0,0.3091452501679085,0
929,3,1,0.9606421870997813,1
930,3,0,0.26270028862812866,0
931,3,0,0.18170139989858927,0
932,3,0,0.7123778643583749,1
933,4,0,0.19132055405875736,0
934,1,1,0.9616530906249487,1
935,2,0,0.41564622334430557,0
936,3,1,0.6792161842261848,1
937,3,0,0.19942092806338993,0
938,0,0,0.7454869316887849,1
939,1,1,0.7873522099011113,1
940,1,0,0.2701438004273726,0
941,1,1,0.8832102365171459,1
942,0,1,0.9207226239934534,1
943,3,0,0.08975444683580248,0
944,2,0,0.1177138125020271,0
945,2,1,0.7943362139425763,1
946,4,1,0.7008384096246141,1
947,1,1,0.9764644423283457,1
948,1,1,0.968901027163725,1
949,4,0,0.1575897372441841,0
950,2,0,0.5550416979133431,1
951,2,1,0.6303855161102141,1
952,1,0,0.7283542704487488,1
953,4,1,0.8128094638943968,1
954,4,0,0.16856264897045614,0
955,2,0,0.12113500220229968,0
956,1,1,0.6376543010677471,1
957,4,1,0.8864900603874023,1
958,2,1,0.8117071659533205,1
959,0,0,0.13000134924714746,0
960,2,0,0.08003218845433956,0
961,1,1,0.6471134483012981,1
962,1,0,0.05634219083518139,0
963,1,0,0.4730824534558892,0
964,0,0,0.0933230297401088,0
965,1,0,0.7283542704487488,1
966,2,1,0.6571012713187552,1
967,2,0,0.12254851282970029,0
968,2,0,0.147114114334084,0
969,2,1,0.6976279650160419,1
970,3,1,0.8004184963185603,1
971,3,0,0.11373006363052324,0
972,4,0,0.16872665983652385,0
973,1,0,0.5807118088699474,1
974,0,1,0.5648817093667455,1
975,1,0,0.04540695279827478,0
976,0,1,0.6039578412010635,1
977,4,1,0.6774335716015231,1
978,1,0,0.1173162888485013,0
979,1,1,0.1096392525512856,0
980,1,1,0.944547631038285,1
981,3,0,0.08780321819044784,0
982,2,0,0.8858895401229299,1
983,2,0,0.17238768730824067,0
984,0,0,0.20649512766099695,0
985,0,1,0.5786124490377159,1
986,4,1,0.789409025090469,1
987,3,1,0.8258220189574421,1
988,3,1,0.8004184963185603,1
989,1,0,0.4288748867918379,0
990,2,0,0.8850893671959067,1
991,4,0,0.1651062282521658,0
992,4,1,0.4523161771308186,0
993,1,1,0.7487081716338175,1
994,1,1,0.8320593048744499,1
995,4,1,0.9659068888938696,1
996,3,0,0.15113656390844113,0
997,0,0,0.09924926225340194,0
998,1,0,0.285919047495112,0
999,3,1,0.1288354082149678,0
1000,3,1,0.9472522804121571,1
1001,0,1,0.8794604530645316,1
1002,0,1,0.8018615333899533,1
1003,2,0,0.6700361873660666,1
1004,4,0,0.22637697916922217,0
1005,3,1,0.9681091865521633,1
1006,3,1,0.9658095021650915,1
1007,2,0,0.6119862276289222,1
1008,1,0,0.05341495431918351,0
1009,2,0,0.3004842139316181,0
1010,1,0,0.10341409081389341,0
1011,4,0,0.46796222041820135,0
1012,0,0,0.18514842025632577,0
1013,1,1,0.8744436245726194,1
1014,1,1,0.8744436245726194,1
1015,1,1,0.14771399932296758,0
1016,4,0,0.13535641913867338,0
1017,0,0,0.34499498854439564,0
1018,0,1,0.6450812990980578,1
1019,0,0,0.39728587820690486,0
1020,0,0,0.6450812990980578,1
1021,2,1,0.05932898043145097,0
1022,0,1,0.41078883308944425,0
1023,3,0,0.6999783001588439,1
1024,2,1,0.7819708251582413,1
1025,2,0,0.24057153173103069,0
1026,4,1,0.7975404205551474,1
1027,2,1,0.10592847686452568,0
1028,2,0,0.10862637614726751,0
1029,2,1,0.953749105211003,1
1030,1,0,0.10554298019533552,0
1031,3,1,0.7977419287511448,1
1032,4,0,0.8717875276694746,1
1033,2,0,0.16608071729982588,0
1034,2,1,0.6571012713187552,1
1035,2,0,0.08523171993604173,0
1036,4,0,0.14293303486409725,0
1037,4,0,0.13236974143167676,0
1038,0,0,0.19580923956589832,0
1039,0,0,0.31166316023576845,0
1040,0,1,0.8908539661618153,1
1041,0,0,0.3215365485579669,0
1042,0,1,0.7288376782680261,1
1043,1,1,0.7890387393272648,1
1044,2,1,0.12098150731090608,0
1045,3,0,0.18607465806095003,0
1046,3,0,0.6093832848529396,1
1047,3,1,0.7269035816180862,1
1048,0,1,0.5430367453221833,1
1049,1,1,0.4896162778852939,0
1050,0,1,0.7347005650102398,1
1051,4,0,0.09123674562666514,0
1052,1,1,0.07506272240919211,0
1053,0,0,0.17019289077593777,0
1054,2,1,0.9741517983264534,1
1055,0,0,0.09516845453519791,0
1056,1,0,0.8105328437146008,1
1057,4,1,0.5210130584490557,1
1058,0,0,0.8419437287790149,1
1059,2,1,0.5116876538233579,1
1060,1,1,0.9577757904905845,1
1061,4,1,0.3606868605627335,0
1062,4,1,0.6015567630800087,1
1063,4,1,0.9670979219459016,1
1064,4,1,0.9721119316248126,1
1065,3,1,0.7545419855224431,1
1066,1,1,0.05764021156702031,0
1067,0,1,0.5290902289941943,1
1068,0,0,0.2666282747013125,0
1069,0,0,0.14600741277986384,0
1070,2,0,0.11529774160616323,0
1071,4,1,0.9415984820417787,1
1072,3,1,0.9655046296592698,1
1073,3,0,0.22104265732345402,0
1074,3,0,0.42463500204376825,0
1075,0,1,0.7245946867935028,1
1076,3,1,0.9621829377431428,1
1077,3,1,0.9594737938568425,1
1078,3,0,0.3856902303700014,0
1079,3,1,0.5897312652002376,1
1080,3,0,0.5487112460656164,1
1081,3,0,0.7676328779874474,1
1082,3,0,0.5487112460656164,1
1083,3,0,0.5722033609451075,1
1084,0,0,0.771354647084278,1
1085,0,0,0.7200273175544465,1
1086,2,1,0.6303855161102141,1
1087,0,1,0.948529365792391,1
1088,0,1,0.9457214925524491,1
1089,0,1,0.9550061522135803,1
1090,2,0,0.28623168332296983,0
1091,0,1,0.6321394451760997,1
1092,0,0,0.3587847007308474,0
1093,0,1,0.9691469506634337,1
1094,0,1,0.7416547794048924,1
1095,0,0,0.2008860225719579,0
1096,1,1,0.5898648077247641,1
1097,3,1,0.7488975336703878,1
1098,0,0,0.3494299998093431,0
1099,0,0,0.4065846592154988,0
1100,0,1,0.948529365792391,1
1101,0,1,0.9511994806547321,1
1102,2,0,0.5011287565767786,1
1103,4,1,0.8052884001329754,1
1104,1,0,0.06497561770832763,0
1105,1,0,0.16847952338575348,0
1106,1,0,0.15497658154018232,0
1107,3,1,0.2859547162492766,0
1108,1,1,0.6184189083017402,1
1109,0,1,0.8733876205167774,1
1110,0,1,0.951445910291605,1
1111,1,0,0.9320471112539221,1
1112,1,1,0.9648551893343771,1
1113,2,0,0.8488842816474517,1
1114,3,1,0.7925355723341659,1
1115,1,1,0.06332471630400455,0
1116,3,1,0.530803440856649,1
1117,0,0,0.08464516830268563,0
1118,0,1,0.5430367453221833,1
1119,0,0,0.5430367453221833,1
1120,0,0,0.7559804094895639,1
1121,2,1,0.4485043937504662,0
1122,0,0,0.5290902289941943,1
1123,3,0,0.5187408087469946,1
1124,0,0,0.5290902289941943,1
1125,0,0,0.5290902289941943,1
1126,4,0,0.30007545107772576,0
1127,3,1,0.19648925031987693,0
1128,3,0,0.12997307935916078,0
1129,1,0,0.10771218720769922,0
1130,1,1,0.9648551893343771,1
1131,1,1,0.9687573369081959,1
1132,3,1,0.8312726113585627,1
1133,4,0,0.3974285556885142,0
1134,4,1,0.6950872751529572,1
1135,0,0,0.15760121037671568,0
1136,1,0,0.2769642196770969,0
1137,1,0,0.1574291743230775,0
1138,1,0,0.09355068226844519,0
1139,0,1,0.5922226819685228,1
1140,0,0,0.10142729333229508,0
1141,0,0,0.6633703396910802,1
1142,0,0,0.7559804094895639,1
1143,0,1,0.7559804094895639,1
1144,0,0,0.7559804094895639,1
1145,0,1,0.44657328836542387,0
1146,0,0,0.688749111450365,1
1147,0,1,0.577828311804248,1
1148,1,0,0.07027733807647732,0
1149,2,1,0.7534559037195921,1
1150,3,1,0.6505315609713154,1
1151,0,1,0.7347005650102398,1
1152,4,1,0.2451952823528963,0
1153,2,0,0.048526907689381116,0
1154,0,0,0.16504855178311656,0
1155,2,0,0.5502781958017169,1
1156,3,0,0.05915013583588613,0
1157,2,0,0.07895658717542106,0
1158,3,1,0.9793020963018199,1
1159,3,1,0.4861657429744515,0
1160,0,1,0.8886740996722191,1
1161,2,1,0.4248542831067056,0
1162,1,1,0.48407675708668524,0
1163,1,0,0.08280902451570504,0
1164,2,0,0.7021375243179309,1
1165,0,1,0.9739348901407285,1
1166,0,0,0.3578617761124759,0
1167,4,1,0.5473983138300407,1
1168,3,1,0.9285690504470011,1
1169,2,1,0.5620957057328608,1
1170,2,0,0.1499921141857718,0
1171,4,1,0.595128216712429,1
1172,2,1,0.9548985562118304,1
1173,3,1,0.06092620615719949,0
1174,3,1,0.18787556581211873,0
1175,3,1,0.6952214030075079,1
1176,4,0,0.12904735805568765,0
1177,4,0,0.0994616239512137,0
1178,2,0,0.052726475927072296,0
1179,4,1,0.6099273070212575,1
1180,3,0,0.15188211089303127,0
1181,0,0,0.3116194974988188,0
1182,0,0,0.3800020819683871,0
1183,1,1,0.8602419104385464,1
1184,1,1,0.8788953089538014,1
1185,0,0,0.15131280825809051,0
1186,1,0,0.1297806414211705,0
1187,1,0,0.4048227027953788,0
1188,3,1,0.5798633746640091,1
1189,3,0,0.39694045128053906,0
1190,1,0,0.23387125516061538,0
1191,2,0,0.05108477080135362,0
1192,1,1,0.678478279896435,1
1193,2,0,0.08187485674776594,0
1194,3,0,0.5798633746640091,1
1195,3,0,0.12820992632871783,0
1196,3,0,0.21700976699799585,0
1197,3,0,0.6115867497509061,1
1198,4,1,0.9642666476861411,1
1199,3,1,0.8668789127139093,1
1200,3,0,0.7545419855224431,1
1201,3,0,0.597298308294999,1
1202,3,0,0.08616310478410195,0
1203,1,1,0.8744436245726194,1
1204,0,0,0.22303256448129385,0
1205,0,1,0.8852802677909772,1
1206,3,1,0.8327071486558663,1
1207,3,1,0.8547466615195511,1
1208,3,0,0.19589800199314797,0
1209,3,0,0.08339476540765818,0
1210,0,0,0.5430367453221833,1
1211,0,0,0.11308578987166577,0
1212,3,0,0.1332603357589415,0
1213,3,1,0.46578207592226356,0
1214,3,1,0.4843586895478832,0
1215,0,0,0.10774126830723124,0
1216,4,1,0.9325085205372822,1
1217,4,1,0.9097293657042252,1
1218,4,0,0.8416802451941232,1
1219,2,0,0.15458720846692622,0
1220,2,1,0.8154164693962215,1
1221,2,0,0.2304176784942282,0
1222,2,1,0.4017057335366664,0
1223,1,1,0.7090585078779106,1
1224,1,0,0.46278259547936024,0
1225,1,0,0.4525623787207594,0
1226,1,1,0.46278259547936024,0
1227,1,0,0.646657184614434,1
1228,1,1,0.41399619937944043,0
1229,4,1,0.44656444861082584,0
1230,4,1,0.9394738623431031,1
1231,2,0,0.6119862276289222,1
1232,4,1,0.9562896290008809,1
1233,4,0,0.13184811475598818,0
1234,4,0,0.1805877385226053,0
1235,4,1,0.9392552025606734,1
1236,1,1,0.13390782267571366,0
1237,3,0,0.32187992240174196,0
1238,0,1,0.647489341909973,1
1239,0,0,0.17353704899409406,0
1240,2,0,0.12348576467584775,0
1241,3,1,0.6667194246906275,1
1242,1,1,0.9131315334560435,1
1243,1,0,0.13951936341545543,0
1244,1,0,0.11248783145287469,0
1245,2,1,0.5742627713702871,1
1246,4,1,0.7918828092049025,1
1247,1,0,0.7740896864472323,1
1248,1,0,0.5776946630728729,1
1249,1,1,0.7117572559470373,1
1250,1,1,0.7667730002647024,1
1251,1,0,0.19106480661022054,0
1252,1,1,0.7360364887075721,1
1253,1,0,0.14875959351895224,0
1254,1,0,0.2200832782278699,0
1255,3,0,0.628548525611422,1
1256,1,0,0.2628323845934825,0
1257,1,1,0.6041576851109478,1
1258,1,1,0.6873941679967027,1
1259,1,0,0.2170814584895721,0
1260,0,0,0.12745161042405054,0
1261,4,0,0.588953299105633,1
1262,3,1,0.7545419855224431,1
1263,0,0,0.1349354935704186,0
1264,4,0,0.7327961397841766,1
1265,4,0,0.056702387406980775,0
1266,0,0,0.11067034309761754,0
1267,3,1,0.8259009251973015,1
1268,2,0,0.3298415283201676,0
1269,2,1,0.9666087273319366,1
1270,1,1,0.7593638103402848,1
1271,4,0,0.1178209835770381,0
1272,1,0,0.08290992873536933,0
1273,1,0,0.6961735315357758,1
1274,0,0,0.3839375559594728,0
1275,2,0,0.14053044102671816,0
1276,1,1,0.7511873795388919,1
1277,1,0,0.1989476069620168,0
1278,1,1,0.8651194576836708,1
1279,1,1,0.7588037900907862,1
1280,0,1,0.5776942723583172,1
1281,2,0,0.07435409060126316,0
1282,2,1,0.8750242135592791,1
1283,1,1,0.8831012306162759,1
1284,4,0,0.36504862179722564,0
1285,4,0,0.38122242867899436,0
1286,4,1,0.9686124316509735,1
1287,2,1,0.6189018062825706,1
1288,1,0,0.628087324211374,1
1289,3,0,0.11649397275454829,0
1290,3,0,0.24431025839524473,0
1291,0,0,0.5430367453221833,1
1292,4,0,0.9446716246796332,1
1293,4,0,0.588953299105633,1
1294,1,1,0.75697583328612,1
1295,1,0,0.15580225538051112,0
1296,1,1,0.104321642645282,0
1297,3,0,0.12886392935898136,0
1298,3,0,0.3372018078329605,0
1299,0,1,0.6998522971800551,1
1300,3,0,0.4445853141388706,0
1301,3,1,0.939316789910097,1
1302,1,0,0.1921403480405488,0
1303,0,0,0.7559804094895639,1
1304,0,1,0.2277739793335082,0
1305,0,1,0.2500200013282912,0
1306,1,1,0.22865220842009862,0
1307,3,0,0.0809832108263437,0
1308,0,1,0.6190043968555514,1
1309,4,0,0.11427917562450202,0
1310,3,1,0.7588451595934852,1
1311,0,1,0.6047934187850217,1
1312,0,1,0.8190809002938562,1
1313,0,0,0.13954833815515252,0
1314,0,0,0.1767236106074765,0
1315,4,0,0.14889834186122802,0
1316,4,0,0.1552120340608869,0
1317,4,1,0.5377131404715245,1
1318,0,0,0.14761262951209103,0
1319,2,1,0.31064144486949996,0
1320,2,0,0.18400201387558474,0
1321,0,1,0.6643403238434705,1
1322,4,0,0.11190520378313293,0
1323,0,1,0.6998522971800551,1
1324,0,1,0.7509738769436086,1
1325,1,0,0.05495030895093043,0
1326,4,0,0.3502309252078836,0
1327,0,0,0.20091077142140296,0
1328,0,0,0.6308332066796195,1
1329,2,0,0.11753490422970882,0
1330,2,1,0.10011180805880254,0
1331,3,0,0.7159491246275825,1
1332,2,0,0.33601362340667407,0
1333,3,0,0.11414676502932718,0
1334,2,0,0.703652717278056,1
1335,0,0,0.07232618090278277,0
1336,3,1,0.7578117355482743,1
1337,0,0,0.6190043968555514,1
1338,2,0,0.32223639660006476,0
1339,2,0,0.2607767272197816,0
1340,4,0,0.8342174165000856,1
1341,3,0,0.27269586689137737,0
1342,3,0,0.3002846278032953,0
1343,3,1,0.9658095021650915,1
1344,3,1,0.9633502627524161,1
1345,3,1,0.9641666223212478,1
1346,2,1,0.938798721527758,1
1347,2,0,0.3277811879086548,0
1348,2,1,0.8805760836355953,1
1349,2,1,0.48089991479395955,0
1350,2,1,0.938798721527758,1
1351,4,0,0.09809274577015738,0
1352,3,1,0.6615056402193041,1
1353,3,1,0.6615056402193041,1
1354,1,1,0.9397816048474477,1
1355,1,1,0.8651194576836708,1
1356,1,0,0.2950546979443283,0
1357,2,0,0.13017707686477237,0
1358,3,0,0.22052795272092177,0
1359,3,1,0.05756179246738522,0
1360,4,0,0.703243126177024,1
1361,2,0,0.13985168471052226,0
1362,2,1,0.7128395924890805,1
1363,2,0,0.6484135653280242,1
1364,3,0,0.06794169161919672,0
1365,1,0,0.07330104644038751,0
1366,2,0,0.21022365419711928,0
1367,1,0,0.2798845970634064,0
1368,4,0,0.21117915262710296,0
1369,1,1,0.6961735315357758,1
1370,4,1,0.6237993781837999,1
1371,0,1,0.6314986988298,1
1372,0,1,0.5001411821822859,1
1373,1,0,0.06306642070100633,0
1374,1,1,0.9580163042489914,1
1375,1,0,0.2210554740936054,0
1376,4,0,0.38369221758725125,0
1377,4,1,0.9741164875473554,1
1378,4,0,0.29438835423395704,0
1379,1,1,0.9377105565928678,1
1380,4,0,0.42930199977333233,0
1381,4,0,0.18948565627189867,0
1382,4,1,0.9625505529929788,1
1383,1,0,0.04300090251477978,0
1384,1,1,0.5141660447933837,1
1385,4,0,0.27008554028499304,0
1386,0,1,0.973102900242837,1
1387,0,1,0.6046977715913127,1
1388,0,1,0.973102900242837,1
1389,0,1,0.6814293051063948,1
1390,0,0,0.20871522695589306,0
1391,4,0,0.04095207376738235,0
1392,2,0,0.17148656231312892,0
1393,2,1,0.9078930493063987,1
1394,0,1,0.5913132145503307,1
1395,1,0,0.7283542704487488,1
1396,0,1,0.6056928918400831,1
1397,1,0,0.300682949459991,0
1398,3,0,0.06701446321685187,0
1399,4,0,0.10873496422300764,0
1400,3,1,0.8004184963185603,1
1401,1,0,0.05135700520639846,0
1402,1,0,0.133664134898177,0
1403,3,1,0.7886661479629369,1
1404,1,0,0.16713405615384688,0
1405,4,0,0.29440032830898316,0
1406,0,1,0.8018615333899533,1
1407,3,1,0.6999917790440547,1
1408,1,0,0.0743120119337555,0
1409,4,0,0.1576018470266807,0
1410,0,1,0.05050058362201902,0
1411,0,0,0.09826439924496033,0
1412,0,1,0.41078883308944425,0
1413,2,0,0.1935018511888369,0
1414,1,0,0.23790998709311328,0
1415,1,0,0.13603920000091144,0
1416,1,0,0.5375319913280776,1
1417,1,0,0.5477511092540598,1
1418,1,1,0.44949227852687185,0
1419,1,1,0.5574851853992768,1
1420,4,0,0.23850652353974822,0
1421,1,1,0.7443388977992709,1
1422,1,1,0.7117572559470373,1
1423,3,0,0.05048879351011327,0
1424,4,0,0.14608337448818914,0
1425,4,0,0.15599392754304287,0
1426,4,1,0.645445924778441,1
1427,4,1,0.8903790600168349,1
1428,4,0,0.21030426731468416,0
1429,3,0,0.08432133736457059,0
1430,4,0,0.2623374745626701,0
1431,0,0,0.1092904785988121,0
1432,0,0,0.21738019666353897,0
1433,2,1,0.4151845766135351,0
1434,2,1,0.9690427441105492,1
1435,2,0,0.3854415620998121,0
1436,2,0,0.28708436244748525,0
1437,2,0,0.20953327694152976,0
1438,4,1,0.713302553557374,1
1439,1,1,0.8744436245726194,1
1440,1,1,0.9661661719524944,1
1441,1,1,0.9619531032135222,1
1442,2,1,0.7485201280950462,1
1443,4,1,0.22514440190264806,0
1444,4,0,0.11007063510456612,0
1445,3,1,0.9307274324788094,1
1446,3,1,0.8070570464087474,1
1447,4,1,0.1444814045712773,0
1448,3,1,0.5173318459644378,1
1449,3,1,0.8267521237182787,1
1450,2,0,0.1548429323207121,0
1451,2,0,0.26955088462040583,0
1452,4,0,0.056036921396017444,0
1453,2,1,0.8826746023760188,1
1454,2,1,0.800443999678684,1
1455,2,0,0.2484379349317974,0
1456,2,1,0.6470289048979534,1
1457,2,0,0.2365554763112893,0
1458,4,1,0.13394136482863028,0
1459,2,0,0.11137976134404594,0
1460,2,1,0.96091670509227,1
1461,3,0,0.06500195569840597,0
1462,1,1,0.26476956671868473,0
1463,4,0,0.3666255512175841,0
1464,4,1,0.9502986940108926,1
1465,4,1,0.9491314883409662,1
1466,3,0,0.4085397273897025,0
1467,4,0,0.34345219613163147,0
1468,3,1,0.16931854230845825,0
1469,3,0,0.7269035816180862,1
1470,0,0,0.16596787771719132,0
1471,0,0,0.06301846486565382,0
1472,0,0,0.10275065970355132,0
1473,4,0,0.10719574823455881,0
1474,3,0,0.15541405171366982,0
1475,0,0,0.8886740996722191,1
1476,1,0,0.16443944564592983,0
1477,3,1,0.9395752337005581,1
1478,3,0,0.1793821941424128,0
1479,1,1,0.5907033039872895,1
1480,1,1,0.8258159169851443,1
1481,4,0,0.06947553587234498,0
1482,4,0,0.0999423086955084,0
1483,2,0,0.2601360637019819,0
1484,2,0,0.15076216052475785,0
1485,0,1,0.8474450192364892,1
1486,4,0,0.05227220907061355,0
1487,2,1,0.2637357198243299,0
1488,2,0,0.10633928472302619,0
1489,2,0,0.12020136016784581,0
1490,4,1,0.811492460731006,1
1491,2,1,0.8905000924556324,1
1492,1,0,0.10260638822564216,0
1493,0,0,0.6450812990980578,1
1494,2,1,0.6303855161102141,1
1495,1,1,0.8687801742246306,1
1496,1,1,0.30009149285926184,0
1497,2,1,0.9018120948723874,1
1498,2,0,0.36358568919089346,0
1499,0,1,0.6322475766996754,1
1500,0,1,0.8674594057314895,1
1501,3,0,0.09112082508061665,0
1502,4,1,0.04792433541070687,0
1503,4,1,0.9156000503931475,1
1504,1,1,0.9431631783880441,1
1505,2,1,0.5932619933564296,1
1506,4,1,0.9598233786865169,1
1507,4,1,0.9607553970505336,1
1508,3,0,0.05215687498919325,0
1509,4,0,0.08015556144020383,0
1510,0,0,0.2718701036347484,0
1511,0,1,0.6450812990980578,1
1512,0,1,0.4453653533981533,0
1513,0,0,0.04716537296387019,0
1514,3,1,0.19967643025083517,0
1515,4,0,0.13562639909677648,0
1516,1,1,0.3847957984459662,0
1517,2,1,0.402134528053171,0
1518,2,1,0.8660133114295189,1
1519,3,0,0.23459534335220236,0
1520,2,0,0.24525048777869213,0
1521,2,0,0.09472393335902157,0
1522,3,1,0.6115867497509061,1
1523,3,1,0.41835814440694247,0
1524,1,0,0.16759194411751174,0
1525,4,1,0.7231552260647902,1
1526,1,1,0.18030954592995688,0
1527,1,0,0.2096268003215659,0
1528,1,1,0.8198131027224478,1
1529,4,1,0.6983345908853188,1
1530,4,1,0.15132697105290904,0
1531,4,1,0.5377131404715245,1
1532,1,1,0.9659575678253114,1
1533,1,0,0.3129368878353616,0
1534,2,0,0.6755326232720885,1
1535,2,1,0.9611751086139588,1
1536,1,1,0.7048122133119208,1
1537,1,0,0.7443388977992709,1
1538,0,0,0.14749615191741902,0
1539,0,0,0.0996718446683939,0
1540,4,1,0.9741164875473554,1
1541,2,1,0.6484135653280242,1
1542,2,1,0.6303855161102141,1
1543,3,0,0.7717759688692766,1
1544,2,0,0.0834373276895245,0
1545,2,0,0.17859736061406714,0
1546,3,1,0.7409624602312828,1
1547,2,0,0.11861907555436477,0
1548,4,1,0.044939535483535256,0
1549,2,0,0.13353027383990623,0
1550,0,0,0.8664738163226156,1
1551,2,1,0.8286365068065153,1
1552,2,0,0.11859606396572789,0
1553,3,0,0.6825233879444119,1
1554,4,1,0.7734775277969778,1
1555,2,0,0.5183124392026437,1
1556,2,1,0.4577399330927954,0
1557,2,1,0.595341310659067,1
1558,1,0,0.4120695551771757,0
1559,2,0,0.13109999658822974,0
1560,3,1,0.9373748020833601,1
1561,1,0,0.8795730409849739,1
1562,2,0,0.023442572189722517,0
1563,4,1,0.22500354261831282,0
1564,3,0,0.18137719352697676,0
1565,3,0,0.07623539660552678,0
1566,1,0,0.8347997962753426,1
1567,1,0,0.19995441870081093,0
1568,1,1,0.926781291343101,1
1569,1,0,0.28258840500214966,0
1570,0,0,0.13529335513513654,0
1571,4,1,0.5353100071657783,1
1572,1,1,0.7678792073879076,1
1573,0,0,0.16250104339711502,0
1574,1,0,0.17681081182544503,0
1575,1,1,0.8909889494458936,1
1576,1,0,0.2804924200286246,0
1577,1,0,0.058130388860438545,0
1578,1,0,0.6086557537994106,1
1579,1,0,0.25145007347809684,0
1580,0,0,0.14391214102193492,0
1581,0,0,0.1330296882635118,0
1582,1,0,0.6873941679967027,1
1583,4,0,0.6123064087098692,1
1584,1,0,0.5080303212198051,1
1585,4,0,0.06965335784534823,0
1586,0,1,0.8157640308037304,1
1587,1,0,0.34727894250209795,0
1588,4,0,0.4547487258546598,0
1589,4,1,0.6351546539948675,1
1590,0,0,0.21316429368026032,0
1591,1,0,0.21402097043021534,0
1592,2,0,0.8671922268636106,1
1593,4,1,0.742220994324427,1
1594,0,0,0.11428847307985505,0
1595,1,0,0.19644431608620788,0
1596,4,1,0.6667036648655165,1
1597,1,0,0.13760770463988167,0
1598,1,0,0.11618503118125531,0
1599,2,0,0.04430719836549244,0
1600,1,1,0.7212513332875844,1
1601,0,1,0.37752980306153855,0
1602,4,1,0.970059385525314,1
1603,4,0,0.2187094604427472,0
1604,4,0,0.28079284084847694,0
1605,4,1,0.7063493310614778,1
1606,2,0,0.6464848078444032,1
1607,3,0,0.06435548136941749,0
1608,2,0,0.6552698483755645,1
1609,0,1,0.20973292059170132,0
1610,1,0,0.22886270329593228,0
1611,2,0,0.13944042722295702,0
1612,2,1,0.8905000924556324,1
1613,0,0,0.17932355035376546,0
1614,2,0,0.3848179609701751,0
1615,2,1,0.5571705597046923,1
1616,2,0,0.15240354616097632,0
1617,2,0,0.37385573151836876,0
1618,2,0,0.08558658852057724,0
1619,1,0,0.2265386183464465,0
1620,4,0,0.5377131404715245,1
1621,1,0,0.7364243811072826,1
1622,4,1,0.07194260522672286,0
1623,4,0,0.05507447796995428,0
1624,2,1,0.8481228744790328,1
1625,2,0,0.6303855161102141,1
1626,1,0,0.1169451904653411,0
1627,3,0,0.0993670885590154,0
1628,0,1,0.6424002348835542,1
1629,4,0,0.1960560974789547,0
1630,3,1,0.8240105952882818,1
1631,3,0,0.1495419001282245,0
1632,2,0,0.05360235230315906,0
1633,1,1,0.14555974408623976,0
1634,2,1,0.09006782083057707,0
1635,4,1,0.5594309660184226,1
1636,4,1,0.769316465951198,1
1637,2,0,0.10686341296768907,0
1638,1,1,0.6184189083017402,1
1639,4,0,0.5473983138300407,1
1640,3,0,0.10725683840612461,0
1641,0,1,0.7613135615977619,1
1642,4,1,0.6774335716015231,1
1643,1,0,0.11073372948933524,0
1644,3,0,0.5328957320895554,1
1645,2,0,0.15090215632905768,0
1646,4,1,0.8714900132771325,1
1647,2,1,0.6125041475479304,1
1648,0,0,0.05414408731173471,0
1649,0,0,0.41078883308944425,0
1650,0,1,0.41078883308944425,0
1651,1,0,0.5503695156374384,1
1652,1,1,0.16920928671140636,0
1653,4,1,0.7327961397841766,1
1654,2,0,0.7335155782410175,1
1655,1,0,0.42197532020072076,0
1656,3,0,0.08529177259189409,0
1657,4,0,0.18027902350167427,0
1658,1,0,0.26463853167341395,0
1659,0,1,0.0665299720578208,0
1660,0,0,0.10048758312444392,0
1661,0,1,0.71827598217711,1
1662,1,1,0.8693240738045155,1
1663,2,0,0.6641459703127417,1
1664,0,0,0.1657409644822334,0
1665,2,1,0.9804581354527145,1
1666,2,1,0.4207270420550051,0
1667,2,1,0.5078873122841786,1
1668,2,1,0.970551737696498,1
1669,0,0,0.07910680039219,0
1670,2,1,0.865442954849315,1
1671,2,1,0.9741517983264534,1
1672,2,1,0.8238385393751609,1
1673,0,0,0.1386584701976712,0
1674,3,1,0.8091117288539382,1
1675,2,1,0.6044099898661536,1
1676,1,0,0.8891470271815647,1
1677,3,0,0.7148795961060336,1
1678,1,1,0.29889734485090924,0
1679,1,1,0.9714372179136865,1
1680,3,0,0.8461268783138691,1
1681,1,0,0.20365998154914894,0
1682,2,0,0.13574974448651414,0
1683,2,0,0.6870902462512386,1
1684,1,0,0.7526760702043578,1
1685,4,0,0.16611740167404165,0
1686,1,0,0.12230159650958919,0
1687,0,1,0.9753213461973097,1
1688,0,1,0.9525339254332293,1
1689,0,0,0.13495333768764026,0
1690,0,0,0.09920602308351673,0
1691,4,1,0.5797257550293557,1
1692,4,0,0.7818945441148762,1
1693,4,0,0.751426180146604,1
1694,4,1,0.5377131404715245,1
1695,4,1,0.751426180146604,1
1696,3,0,0.050536363876152124,0
1697,0,0,0.11459382973995566,0
1698,1,1,0.837346266545313,1
1699,1,1,0.7283542704487488,1
1700,4,0,0.6594228651845312,1
1701,3,0,0.2524954073127935,0
1702,3,0,0.6105778410202746,1
1703,2,0,0.09256668902454883,0
1704,2,1,0.6870902462512386,1
1705,4,0,0.19472408881808273,0
1706,0,1,0.3523306049542729,0
1707,4,0,0.24973336396723284,0
1708,0,1,0.47395596923137623,0
1709,0,1,0.9289196528272169,1
1710,4,0,0.1521872623177319,0
1711,4,1,0.6237993781837999,1
1712,0,0,0.3746110907055348,0
1713,4,1,0.6772605961423461,1
1714,3,1,0.2442354253572729,0
1715,3,0,0.8976026138725791,1
1716,2,0,0.22683129762436446,0
1717,2,1,0.10177329161780191,0
1718,3,1,0.6579666068954028,1
1719,3,1,0.5553319358897244,1
1720,3,1,0.21827539465293772,0
1721,3,1,0.24944961994642334,0
1722,3,1,0.9307274324788094,1
1723,3,0,0.25261759298703707,0
1724,4,0,0.7327961397841766,1
1725,0,0,0.27892925055753365,0
1726,1,1,0.8250041549260493,1
1727,4,1,0.10724028667206104,0
1728,1,0,0.11165088756383242,0
1729,1,0,0.17913301313630114,0
1730,0,0,0.12131884490943028,0
1731,2,1,0.7629528617951805,1
1732,2,1,0.7629528617951805,1
1733,1,0,0.08657209206934446,0
1734,4,0,0.21078752790769636,0
1735,3,0,0.11735464152578212,0
1736,4,0,0.07343154991882493,0
1737,2,0,0.9203858445495842,1
1738,2,0,0.17051575326050414,0
1739,0,1,0.6527941478190508,1
1740,0,1,0.47123287717043877,0
1741,4,1,0.655462871466394,1
1742,3,0,0.24837491451125454,0
1743,2,1,0.43448768589900855,0
1744,0,0,0.5017422032915568,1
1745,0,1,0.8886740996722191,1
1746,2,0,0.17445321476281142,0
1747,2,0,0.3323167362362288,0
1748,4,1,0.8820070571228297,1
1749,4,0,0.27763932430002713,0
1750,1,1,0.7216875760869356,1
1751,2,0,0.20521475654150625,0
1752,4,0,0.751426180146604,1
1753,4,0,0.5377131404715245,1
1754,4,1,0.5377131404715245,1
1755,4,0,0.5377131404715245,1
1756,4,0,0.05006341980981558,0
1757,4,0,0.5377131404715245,1
1758,4,0,0.10373599603042644,0
1759,0,1,0.789125660686975,1
1760,4,1,0.7569297760855347,1
1761,2,0,0.8278927358076384,1
1762,3,1,0.7269035816180862,1
1763,3,0,0.6797995166768526,1
1764,0,0,0.051621859391560256,0
1765,3,0,0.055542409903133874,0
1766,4,0,0.0828355256777133,0
1767,1,0,0.40081231750029417,0
1768,0,0,0.16836319312701217,0
1769,2,1,0.06797456895585598,0
1770,4,1,0.979374083255159,1
1771,1,1,0.9577757904905845,1
1772,3,0,0.7977419287511448,1
1773,1,0,0.11461391649496548,0
1774,4,0,0.3691619323960654,0
1775,2,1,0.1427030054181265,0
1776,0,0,0.11608724519766198,0
1777,2,0,0.6659507453945112,1
1778,1,0,0.6642442893563658,1
1779,1,0,0.7908313473953839,1
1780,4,1,0.24682943218800812,0
1781,3,1,0.32443999095881115,0
1782,4,0,0.16021073467372143,0
1783,2,1,0.461368490569249,0
1784,2,1,0.4429669404239813,0
1785,3,0,0.7717759688692766,1
1786,1,0,0.5702483068573148,1
1787,4,1,0.8998769528024888,1
1788,4,1,0.9041791194175605,1
1789,2,0,0.07126613361027133,0
1790,1,0,0.6269981408586545,1
1791,4,0,0.15699043885323782,0
1792,3,0,0.7545419855224431,1
1793,2,0,0.42498391795983814,0
1794,1,0,0.058193915606529874,0
1795,3,0,0.3001024228287576,0
1796,0,0,0.06557327110167534,0
1797,2,1,0.9329264222201592,1
1798,2,0,0.2544285619769533,0
1799,3,0,0.9414937300958165,1
1800,3,1,0.9182116839664927,1
1801,3,1,0.2995550527237659,0
1802,3,0,0.12544491559991094,0
1803,4,0,0.788648366799081,1
1804,2,1,0.5177776824711361,1
1805,2,1,0.9637500748631449,1
1806,1,0,0.7191908333520931,1
1807,0,0,0.7518571615729558,1
1808,1,0,0.18319574746958778,0
1809,0,1,0.10243946504866809,0
1810,3,1,0.9744387373833556,1
1811,3,1,0.2623442964491789,0
1812,4,0,0.7966498738729766,1
1813,4,0,0.8206483702961513,1
1814,2,1,0.3474658915843615,0
1815,0,0,0.1597843855312997,0
1816,0,0,0.11347450678592912,0
1817,1,0,0.4685543231951547,0
1818,4,0,0.2039851358402878,0
1819,3,0,0.24357037448967692,0
1820,4,0,0.8647341933964429,1
1821,1,0,0.06248507898850509,0
1822,2,0,0.19114180988802593,0
1823,2,0,0.11503010485936416,0
1824,1,0,0.12325132241570429,0
1825,2,0,0.11704485257972147,0
1826,0,0,0.21679453515454347,0
1827,0,1,0.2450159966918057,0
1828,1,0,0.743451106610485,1
1829,3,1,0.9621829377431428,1
1830,3,0,0.31042941911109506,0
1831,3,1,0.6030567741890794,1
1832,0,1,0.6546296270267591,1
1833,0,1,0.5999990716077196,1
1834,1,1,0.06333615989544238,0
1835,1,0,0.10353751761640574,0
1836,2,0,0.47711839603045786,0
1837,2,1,0.6659507453945112,1
1838,0,0,0.06872059420692384,0
1839,1,0,0.37323421872125784,0
1840,0,1,0.6269562226766784,1
1841,2,1,0.5570847056603698,1
1842,2,1,0.44757212489528386,0
1843,2,0,0.13368087780736748,0
1844,0,1,0.9285329320118338,1
1845,3,0,0.11632321081429149,0
1846,4,0,0.08668018322628142,0
1847,0,1,0.9820622393738129,1
1848,0,1,0.7036678887966622,1
1849,0,1,0.973102900242837,1
1850,0,0,0.3595364502318997,0
1851,0,1,0.9745324542938961,1
1852,0,1,0.9616853334868212,1
1853,0,1,0.9691469506634337,1
1854,4,1,0.811492460731006,1
1855,4,1,0.7588324752350237,1
1856,3,0,0.25267715818915076,0
1857,2,1,0.7767439371103356,1
1858,2,0,0.10211336775649535,0
1859,2,1,0.7178826503430272,1
1860,2,0,0.12506764549422686,0
1861,4,0,0.0590933313526401,0
1862,2,1,0.8091340329971596,1
1863,4,1,0.8552407948768683,1
1864,4,0,0.6102551590486379,1
1865,2,0,0.19035815890698965,0
1866,0,1,0.23705157238643507,0
1867,0,1,0.8886740996722191,1
1868,2,0,0.18227731538504183,0
1869,0,1,0.07595429001412647,0
1870,4,0,0.07978022069259004,0
1871,4,0,0.1766217993000094,0
1872,0,1,0.4899662339381429,0
1873,0,0,0.14975514631061157,0
1874,0,1,0.8693169800636248,1
1875,2,0,0.1349812815950446,0
1876,4,0,0.05495403362793005,0
1877,1,0,0.8088235844100673,1
1878,3,0,0.5691304978124825,1
1879,3,0,0.782080609121878,1
1880,3,1,0.9484693417073229,1
1881,4,0,0.8669010832997176,1
1882,4,1,0.9491314883409662,1
1883,4,1,0.9525485442587956,1
1884,3,1,0.5824998571089006,1
1885,0,0,0.6951630715432033,1
1886,2,0,0.16321599882575258,0
1887,3,0,0.11398525924852361,0
1888,0,1,0.1473225533389401,0
1889,1,1,0.5111845194056847,1
1890,1,0,0.25366048923097395,0
1891,2,0,0.3732359836020872,0
1892,3,1,0.5691304978124825,1
1893,0,1,0.383839266040604,0
1894,3,1,0.7565425340227079,1
1895,3,1,0.7314598916939918,1
1896,3,0,0.18288425160675503,0
1897,1,1,0.5917078221888113,1
1898,2,0,0.18310929349557295,0
1899,3,0,0.8665981100706169,1
1900,2,1,0.8233186379917227,1
1901,1,0,0.14682752776787178,0
1902,3,0,0.6939356514869547,1
1903,3,1,0.9579120594428856,1
1904,3,1,0.9658095021650915,1
1905,2,1,0.5549557608091692,1
1906,0,0,0.12936783833278004,0
1907,1,1,0.8827287038122557,1
1908,3,1,0.6555151520829358,1
1909,3,1,0.7608217533665232,1
1910,3,0,0.6691218713059927,1
1911,4,1,0.44259455611139836,0
1912,4,1,0.39917315966596145,0
1913,2,0,0.37553308602165547,0
1914,3,0,0.3222465015901665,0
1915,0,0,0.4054202970850174,0
1916,0,1,0.05942796041407045,0
1917,0,1,0.6399765738304831,1
1918,0,1,0.432718705845669,0
1919,0,1,0.6653939789171706,1
1920,0,0,0.6527941478190508,1
1921,1,0,0.617318661756709,1
1922,0,0,0.08275508315941753,0
1923,0,0,0.058531787092103285,0
1924,1,1,0.6093470686718448,1
1925,0,1,0.060588094398182774,0
1926,4,0,0.10288665097379508,0
1927,1,1,0.4907420711793226,0
1928,1,0,0.3445123150123115,0
1929,3,0,0.7022480695725118,1
1930,1,0,0.07617347430596691,0
1931,3,1,0.7695593171466533,1
1932,4,1,0.955895490998293,1
1933,4,0,0.2668084680429212,0
1934,2,1,0.10435743688602116,0
1935,2,0,0.4116415954064581,0
1936,2,1,0.6560291688195135,1
1937,1,0,0.20742018433445672,0
1938,0,0,0.21060060898801755,0
1939,0,1,0.9002024518596418,1
1940,4,0,0.22748841315762022,0
1941,2,0,0.08419147139428687,0
1942,0,1,0.6372699408135951,1
1943,1,0,0.05800009816443851,0
1944,4,0,0.17343145338973243,0
1945,0,0,0.06120966312021409,0
1946,0,1,0.8749967646692962,1
1947,1,0,0.27196310134304363,0
1948,0,1,0.45504730128218035,0
1949,0,1,0.3247151649180497,0
1950,4,1,0.9159517279596627,1
1951,3,0,0.9483246731403631,1
1952,0,1,0.0854720108789578,0
1953,2,0,0.12220571147466301,0
1954,3,1,0.5854844674267902,1
1955,0,0,0.11132335998763078,0
1956,4,1,0.8000221281620641,1
1957,0,0,0.1338408717072015,0
1958,1,0,0.10200201063930443,0
1959,4,0,0.2023932295906807,0
1960,4,0,0.15892085589910737,0
1961,3,1,0.8240105952882818,1
1962,1,0,0.106053296042679,0
1963,1,0,0.2595734509197051,0
1964,1,0,0.2236115907627984,0
1965,0,1,0.973102900242837,1
1966,3,1,0.8797602804410545,1
1967,1,1,0.7659488309835943,1
1968,0,0,0.37131258392771377,0
1969,3,0,0.2175465542340544,0
1970,1,0,0.6890796404634472,1
1971,4,0,0.7966498738729766,1
1972,1,0,0.03889550128905975,0
1973,4,0,0.04958972774199974,0
1974,2,0,0.6483342359402444,1
1975,4,0,0.26050130243722025,0
1976,3,0,0.09997670800507695,0
1977,4,1,0.9721119316248126,1
1978,4,1,0.9533668318066316,1
1979,3,0,0.7430359938299058,1
1980,2,0,0.14838061852771567,0
1981,3,0,0.5999008725801281,1
1982,3,1,0.9634397020526999,1
1983,3,0,0.6476748979335716,1
1984,3,0,0.5999008725801281,1
1985,3,1,0.6170534285452783,1
1986,3,0,0.12695383855260817,0
1987,0,0,0.05095461348037445,0
1988,2,0,0.21901238687064642,0
1989,1,1,0.13936119677888764,0
1990,2,0,0.07196113677213227,0
1991,0,0,0.11456011577304875,0
1992,3,0,0.18032693421515125,0
1993,1,0,0.05280852429482621,0
1994,4,0,0.2208458334397006,0
1995,4,1,0.8917702929501541,1
1996,2,0,0.15262493367775032,0
1997,1,0,0.03966512261118923,0
1998,1,0,0.12618125589236348,0
1999,1,0,0.0834227324299364,0
2000,1,1,0.8258159169851443,1
2001,1,1,0.7159509431931845,1
2002,1,1,0.7159509431931845,1
2003,1,1,0.7804116963120229,1
2004,0,1,0.8941026317618386,1
2005,4,1,0.9081759504180512,1
2006,4,1,0.8993663030453889,1
2007,3,1,0.8804536924131333,1
2008,1,0,0.12358677341433254,0
2009,3,0,0.782080609121878,1
2010,0,0,0.81824727492811,1
2011,3,0,0.9077021116080021,1
2012,0,1,0.17491705536681534,0
2013,4,0,0.241282154721344,0
2014,3,1,0.9681091865521633,1
2015,3,0,0.5824998571089006,1
2016,4,0,0.06133675006059991,0
2017,1,0,0.6460485845379379,1
2018,1,0,0.06080643044650988,0
2019,3,0,0.12795243319183414,0
2020,1,1,0.5027567334834006,1
2021,1,1,0.9529572499847712,1
2022,0,1,0.8071857036680375,1
2023,0,1,0.8704856242408351,1
2024,0,1,0.7740353116347642,1
2025,1,0,0.056454209543124356,0
2026,0,1,0.948529365792391,1
2027,3,0,0.439084707378679,0
2028,1,1,0.878398434943858,1
2029,1,0,0.47755623577518136,0
2030,3,0,0.10470593245883122,0
2031,1,0,0.026752829222323655,0
2032,2,1,0.8598368818723939,1
2033,3,1,0.5999008725801281,1
2034,2,1,0.7391211468434916,1
2035,0,1,0.798306710312442,1
2036,0,0,0.3747721400270676,0
2037,3,0,0.18668303006040154,0
2038,3,0,0.2756778087832797,0
2039,3,0,0.16479047190126292,0
2040,3,0,0.24002009541479935,0
2041,2,0,0.7484546235035155,1
2042,0,0,0.07209289979582778,0
2043,0,0,0.17350683576492726,0
2044,3,0,0.05509695160337741,0
2045,3,0,0.16491178183055294,0
2046,2,1,0.8742922922289992,1
2047,4,0,0.32114799261443694,0
2048,4,0,0.731102428444718,1
2049,2,1,0.11291593723374203,0
2050,3,0,0.1611379284584975,0
2051,3,1,0.7684815642199433,1
2052,3,1,0.9395752337005581,1
2053,3,0,0.24013115569658128,0
2054,0,1,0.45636417603109897,0
2055,2,0,0.1762436046120788,0
2056,3,1,0.41390500126513796,0
2057,0,0,0.13829164601414645,0
2058,0,0,0.22894925307344285,0
2059,2,1,0.972107919177099,1
2060,2,0,0.11211215708652936,0
2061,0,0,0.45397529191573494,0
2062,0,0,0.15397389965315708,0
2063,2,0,0.15946805378872342,0
2064,1,0,0.7512259052646413,1
2065,2,1,0.24635834802724127,0
2066,2,0,0.05042509591411643,0
2067,3,1,0.41922150285569176,0
2068,3,1,0.6036142904307349,1
2069,3,1,0.9283961470933384,1
2070,3,0,0.368137984834931,0
2071,3,1,0.8747842010291852,1
2072,4,1,0.8176705392071751,1
2073,3,1,0.5999008725801281,1
2074,2,0,0.08671402592797164,0
2075,2,1,0.28165785477825733,0
2076,0,0,0.5994690230389536,1
2077,0,0,0.1604437808425337,0
2078,2,0,0.32819485852111296,0
2079,4,0,0.16881117524565067,0
2080,4,0,0.875986311909551,1
2081,4,0,0.3623683843579263,0
2082,3,0,0.0672710124966259,0
2083,4,1,0.8491080753935185,1
2084,4,1,0.8491080753935185,1
2085,4,0,0.5393121797542606,1
2086,4,0,0.1988835196226371,0
2087,1,0,0.7304998339951227,1
2088,4,1,0.8552407948768683,1
2089,4,0,0.1202424815219001,0
2090,2,0,0.25655305805838197,0
2091,0,1,0.42961272778147597,0
2092,0,1,0.9724727408575532,1
2093,1,1,0.9417791623001109,1
2094,4,1,0.4301480054153081,0
2095,0,0,0.2134233425972058,0
2096,3,1,0.1362840203088026,0
2097,4,0,0.20259432015566042,0
2098,4,0,0.29410081316813563,0
2099,0,0,0.0699805711107939,0
2100,2,0,0.12516190132529523,0
2101,1,0,0.09584187181299061,0
2102,3,1,0.9603729485118143,1
2103,3,1,0.9565793301570442,1
2104,3,1,0.7290485008525054,1
2105,4,1,0.5055900779516507,1
2106,2,1,0.9523141342187846,1
2107,4,1,0.6102551590486379,1
2108,2,1,0.9470519524147148,1
2109,1,0,0.10542504007304045,0
2110,0,0,0.08894290962293262,0
2111,0,1,0.1747269553502925,0
2112,0,0,0.13186767989789408,0
2113,3,1,0.10688808926826149,0
2114,1,0,0.6554070187295676,1
2115,4,1,0.8188277964478441,1
2116,3,1,0.36978324308598376,0
2117,4,1,0.4226379357223357,0
2118,0,1,0.8598509750886055,1
2119,4,1,0.4226379357223357,0
2120,2,0,0.10631397941463193,0
2121,1,1,0.9645772179983418,1
2122,1,1,0.9645772179983418,1
2123,1,0,0.3112851401879248,0
2124,2,0,0.5564262903372152,1
2125,0,1,0.9658062787624487,1
2126,0,0,0.3655431357786214,0
2127,0,0,0.2895487153139934,0
2128,2,1,0.4569214512486409,0
2129,1,0,0.16992042979669914,0
2130,0,0,0.07637129790094288,0
2131,0,0,0.14411084695117188,0
2132,2,0,0.3997925016597588,0
2133,3,1,0.60785247285346,1
2134,4,0,0.6127962018675213,1
2135,4,0,0.17499363830337927,0
2136,4,0,0.21707823679592056,0
2137,1,0,0.11225706410537403,0
2138,1,0,0.12290568748424519,0
2139,0,1,0.6399765738304831,1
2140,1,0,0.18228051197929573,0
2141,2,0,0.4595652302177734,0
2142,3,0,0.29559842160726124,0
2143,3,0,0.2308344700571809,0
2144,0,1,0.17368330844723784,0
2145,0,0,0.10801454821421384,0
2146,0,0,0.1839577214714005,0
2147,2,0,0.10802361004088454,0
2148,3,1,0.1490182360955454,0
2149,1,0,0.7108002828324412,1
2150,2,1,0.9075458817411308,1
2151,2,1,0.893559562376963,1
2152,2,0,0.25546293593090247,0
2153,2,1,0.863742664500149,1
2154,2,1,0.9578715540107019,1
2155,2,0,0.4767113081845148,0
2156,4,1,0.9533668318066316,1
2157,4,0,0.43015818378987686,0
2158,4,0,0.1540954692411889,0
2159,4,1,0.48321213726117535,0
2160,3,0,0.6339193736086277,1
2161,1,1,0.9297568224049295,1
2162,1,1,0.9213789079224581,1
2163,1,0,0.16457342016710805,0
2164,1,1,0.9243105126540286,1
2165,3,0,0.14902935857466687,0
2166,0,0,0.7518571615729558,1
2167,4,0,0.13206797968591932,0
2168,1,0,0.7512259052646413,1
2169,1,1,0.9493473624748435,1
2170,3,1,0.6869756758509445,1
2171,1,0,0.11599755361816429,0
2172,4,0,0.3328979685141865,0
2173,3,0,0.5471167801536428,1
2174,3,0,0.5881814149760278,1
2175,1,1,0.7038417766688203,1
2176,2,0,0.7035801538875287,1
2177,2,1,0.4136111266946077,0
2178,2,1,0.8233186379917227,1
2179,2,0,0.10583646667393548,0
2180,3,0,0.5159332873351372,1
2181,2,1,0.9433711129030422,1
2182,2,0,0.17953962696578338,0
2183,2,1,0.6724193460571358,1
2184,4,0,0.08463464760740216,0
2185,2,0,0.16172392652292628,0
2186,2,0,0.9277694011052511,1
2187,3,1,0.939165277540363,1
2188,3,0,0.6712866046715851,1
2189,2,0,0.17316398741684638,0
2190,4,1,0.644385775605923,1
2191,4,0,0.655462871466394,1
2192,4,1,0.5929771519932255,1
2193,4,1,0.6928862997762572,1
2194,4,0,0.061483206388155805,0
2195,4,0,0.4226379357223357,0
2196,2,0,0.3415609410814329,0
2197,0,0,0.22802977874338248,0
2198,4,1,0.6293621784614036,1
2199,0,0,0.201497669051918,0
2200,3,0,0.279712212628258,0
2201,3,1,0.9096372949369028,1
2202,3,1,0.8970804780010017,1
2203,4,0,0.15409157449523087,0
2204,2,1,0.6303044382304008,1
2205,3,0,0.6339193736086277,1
2206,2,1,0.9092279635580238,1
2207,4,1,0.603689690367797,1
2208,4,1,0.04177560177980371,0
2209,3,1,0.9015444139633815,1
2210,0,0,0.8157640308037304,1
2211,2,0,0.09742876365355621,0
2212,2,0,0.13809256624003974,0
2213,0,0,0.46030358710483815,0
2214,4,0,0.17118619429860746,0
2215,0,1,0.2925986392590427,0
2216,1,1,0.24050483542833806,0
2217,1,0,0.20175027109923502,0
2218,3,1,0.9472822903017905,1
2219,2,0,0.2901524254423109,0
2220,0,0,0.07517644563555718,0
2221,2,0,0.701778411682023,1
2222,2,0,0.7351301804511239,1
2223,2,1,0.5955775538557562,1
2224,2,1,0.5694601488299285,1
2225,2,0,0.7628899257232801,1
2226,2,0,0.5112587564842237,1
2227,1,1,0.8473612189122849,1
2228,4,0,0.21479585143484306,0
2229,3,1,0.04418499861139972,0
2230,1,0,0.08378262334444248,0
2231,1,0,0.027367978647103507,0
2232,2,0,0.07733644477325287,0
2233,1,1,0.6365769239110046,1
2234,2,0,0.0770164380586484,0
2235,0,0,0.0901902755356496,0
2236,4,0,0.11783790416008458,0
2237,3,0,0.9134221065007823,1
2238,3,0,0.7442508031250114,1
2239,3,0,0.19031337109493898,0
2240,4,1,0.5452586910898058,1
2241,2,0,0.6483342359402444,1
2242,1,0,0.07758807528395459,0
2243,1,0,0.3582199286105789,0
2244,1,1,0.9745404441514396,1
2245,1,1,0.6168434865024844,1
2246,1,1,0.9069273019523562,1
2247,2,1,0.8978959309298802,1
2248,4,0,0.24108748216272205,0
2249,0,1,0.6399765738304831,1
2250,2,1,0.5931780274756011,1
2251,1,1,0.6419725888274449,1
2252,4,1,0.6331518652501809,1
2253,1,1,0.7123525143927947,1
2254,0,0,0.0675082172934915,0
2255,1,0,0.1540350718271733,0
2256,0,0,0.050665787947084644,0
2257,2,1,0.6483342359402444,1
2258,4,1,0.5271944435519137,1
2259,2,0,0.6303044382304008,1
2260,2,1,0.5531684258527176,1
2261,0,1,0.85776639508731,1
2262,0,1,0.8941026317618386,1
2263,4,1,0.9686124316509735,1
2264,3,0,0.14799274461288206,0
2265,4,0,0.08061637038320286,0
2266,4,0,0.8506833101368472,1
2267,1,1,0.9569031099756644,1
2268,0,0,0.11593186976802967,0
2269,1,0,0.12105901892346448,0
2270,2,1,0.8233186379917227,1
2271,3,1,0.2534467267213355,0
2272,0,0,0.2970999527033878,0
2273,0,1,0.8157640308037304,1
2274,4,0,0.12179559784223666,0
2275,3,0,0.1325505887401099,0
2276,3,0,0.10943185249381097,0
2277,2,1,0.35766618322930466,0
2278,1,1,0.8258159169851443,1
2279,0,0,0.7502676636545181,1
2280,1,1,0.837346266545313,1
2281,0,0,0.7296039412665222,1
2282,2,0,0.20990948717515745,0
2283,1,1,0.7293263568020885,1
2284,3,0,0.09364915150151236,0
2285,1,0,0.323240562962093,0
2286,1,0,0.6093470686718448,1
2287,2,1,0.6483342359402444,1
2288,4,1,0.531616992512002,1
2289,4,1,0.5692787533416711,1
2290,3,0,0.6996820654251018,1
2291,3,0,0.7314598916939918,1
2292,2,0,0.3123013826983847,0
2293,3,0,0.1271310273441573,0
2294,2,0,0.26842207102245585,0
2295,3,0,0.09965596169353802,0
2296,3,0,0.0974633658153907,0
2297,2,0,0.08186306078636674,0
2298,1,0,0.12960339110642058,0
2299,0,1,0.8830037027491853,1
2300,0,0,0.19830496938756725,0
2301,3,0,0.09514536930386143,0
2302,0,1,0.9586537806599027,1
2303,0,1,0.9575721105906617,1
2304,1,0,0.617318661756709,1
2305,4,0,0.8162050683864969,1
2306,0,0,0.22355832878261608,0
2307,2,0,0.16358383141566424,0
2308,2,0,0.1686663393517203,0
2309,2,0,0.12938917926074536,0
2310,1,0,0.1776841948375433,0
2311,0,1,0.948529365792391,1
2312,2,0,0.10121373803045995,0
2313,0,1,0.8886740996722191,1
2314,0,0,0.15414147801565833,0
2315,3,0,0.19072637616186472,0
2316,3,0,0.08843950580707118,0
2317,0,1,0.9785031807556814,1
2318,4,0,0.06219722705845389,0
2319,2,0,0.11995945131545598,0
2320,3,0,0.19987229395816256,0
2321,3,1,0.6655769782667305,1
2322,2,0,0.08178088255171065,0
2323,2,0,0.057094080276915565,0
2324,0,0,0.020811979247817053,0
2325,0,1,0.8840228521714908,1
2326,0,0,0.2112171243544308,0
2327,3,1,0.9481852648478627,1
2328,3,1,0.9538019252559646,1
2329,4,0,0.9492345041910615,1
2330,1,1,0.42866078556588444,0
2331,1,0,0.34321045357807445,0
2332,1,1,0.9764644423283457,1
2333,2,0,0.15803159494553792,0
2334,1,0,0.28877161714048527,0
2335,1,1,0.9699798660340403,1
2336,4,0,0.06590074399470922,0
2337,3,1,0.9594737938568425,1
2338,3,1,0.9655046296592698,1
2339,0,1,0.42126173004497497,0
2340,1,0,0.4264346702599269,0
2341,3,0,0.6999917790440547,1
2342,0,1,0.8240439022412146,1
2343,1,1,0.9512912180803877,1
2344,2,1,0.9393437521785215,1
2345,0,1,0.9525339254332293,1
2346,1,1,0.6951869772334355,1
2347,4,1,0.3152728212618169,0
2348,4,0,0.21822769672339584,0
2349,2,1,0.5762848979192174,1
2350,1,0,0.34764889694686185,0
2351,1,1,0.8645747724224543,1
2352,2,0,0.39767083297983047,0
2353,2,1,0.955742429336937,1
2354,1,0,0.6460485845379379,1
2355,4,1,0.07802087257271728,0
2356,0,0,0.20317628770759846,0
2357,3,0,0.22578847472745714,0
2358,3,0,0.0909229058260487,0
2359,1,1,0.9333626823159021,1
2360,1,0,0.37722772984501013,0
2361,4,0,0.6275020762922155,1
2362,1,0,0.23243262690288324,0
2363,1,0,0.2689695650781457,0
2364,2,1,0.15414351706513918,0
2365,0,0,0.1102370419738775,0
2366,1,0,0.13622753408718608,0
2367,1,1,0.681692052852354,1
2368,1,0,0.14935093190392718,0
2369,3,1,0.6639267256017062,1
2370,1,0,0.14659634253471807,0
2371,0,1,0.9349277664887402,1
2372,4,1,0.6127962018675213,1
2373,4,1,0.6127962018675213,1
2374,1,1,0.9528379326573676,1
2375,2,1,0.9523141342187846,1
2376,2,1,0.938798721527758,1
2377,2,1,0.9727064491977158,1
2378,0,1,0.6677351907643857,1
2379,0,1,0.6294165941626954,1
2380,0,1,0.27995106446637436,0
2381,0,1,0.8397208253830433,1
2382,3,0,0.2308902545466997,0
2383,2,1,0.6139496301612931,1
2384,2,0,0.06924897538837098,0
2385,2,0,0.4311366412922586,0
2386,4,0,0.11078828991506307,0
2387,0,1,0.8240439022412146,1
2388,0,0,0.12291866005691336,0
2389,4,1,0.6508095727870742,1
2390,3,1,0.8342106077256558,1
2391,2,0,0.10595891339927195,0
2392,3,1,0.16683755300391162,0
2393,2,1,0.9789021137014265,1
2394,2,1,0.9734715928089447,1
2395,0,1,0.9639050457796369,1
2396,3,0,0.2356215325231454,0
2397,2,0,0.09582001848214398,0
2398,2,0,0.38717993475112294,0
2399,1,0,0.08155159973630512,0
2400,1,0,0.11848060995960387,0
2401,2,0,0.05723096385549131,0
2402,0,0,0.364719109874449,0
2403,3,1,0.6776947394325157,1
2404,0,1,0.9586537806599027,1
2405,0,1,0.9575721105906617,1
2406,0,0,0.29249817942467676,0
2407,0,0,0.2812266566949635,0
2408,0,1,0.9586537806599027,1
2409,3,0,0.4386414519457378,0
2410,3,0,0.11788129419208161,0
2411,3,1,0.5824998571089006,1
2412,3,0,0.24771631189530938,0
2413,4,0,0.08000493113085386,0
2414,3,0,0.1719656895639599,0
2415,3,0,0.22851347124544236,0
2416,4,0,0.07229561006948465,0
2417,0,1,0.9674252001980769,1
2418,3,1,0.701748330904311,1
2419,3,1,0.6655769782667305,1
2420,0,0,0.14974912039289076,0
2421,3,1,0.6655769782667305,1
2422,0,0,0.11918949704165727,0
2423,3,1,0.8240105952882818,1
2424,4,1,0.8869806343357829,1
2425,4,0,0.22815748542107386,0
2426,3,0,0.1600871727228616,0
2427,2,0,0.8481228744790328,1
2428,2,1,0.8233186379917227,1
2429,1,0,0.7211212199692567,1
2430,1,1,0.5888983242346973,1
2431,1,0,0.7293263568020885,1
2432,1,1,0.9027863489938502,1
2433,4,0,0.12292406477067384,0
2434,4,0,0.34043694471638225,0
2435,0,1,0.9616853334868212,1
2436,0,1,0.9707804461308699,1
2437,0,1,0.5466005869816895,1
2438,0,1,0.9272415631958465,1
2439,4,1,0.6965129065527892,1
2440,0,0,0.20956044760794587,0
2441,3,0,0.24178074577720696,0
2442,4,1,0.681660433856965,1
2443,3,0,0.18228295465112682,0
2444,1,0,0.2305133891412929,0
2445,4,0,0.7972291152197629,1
2446,2,1,0.6483342359402444,1
2447,4,0,0.06493114297169533,0
2448,2,0,0.262306579728044,0
2449,4,0,0.0869253054168732,0
2450,4,1,0.9083152616299794,1
2451,4,0,0.1348881125058831,0
2452,4,0,0.057423806297131307,0
2453,1,1,0.8314071309167134,1
2454,3,0,0.4444048371454462,0
2455,3,1,0.8804536924131333,1
2456,0,1,0.11986464289554703,0
2457,1,0,0.10117403214442768,0
2458,2,0,0.09171166384563542,0
2459,4,0,0.15599181596173178,0
2460,3,0,0.7314598916939918,1
2461,2,0,0.0701404770363172,0
2462,0,0,0.1299618572157846,0
2463,1,1,0.6269571782152343,1
2464,1,0,0.22780784073644483,0
2465,1,1,0.9745404441514396,1
2466,1,1,0.44842707856802355,0
2467,1,1,0.9773924293735998,1
2468,1,0,0.22523477504647424,0
2469,1,0,0.09469466443512996,0
2470,0,0,0.14314448001066143,0
2471,4,0,0.23614407228876763,0
2472,3,0,0.63107387111132,1
2473,2,1,0.9675391089786115,1
2474,0,1,0.6130495681676126,1
2475,1,0,0.7355188720126671,1
2476,4,0,0.1399317565588437,0
2477,0,0,0.17076282199590828,0
2478,0,1,0.6750703637160297,1
2479,3,0,0.09399963643772824,0
2480,0,0,0.14080220520194364,0
2481,0,1,0.7518571615729558,1
2482,4,0,0.18864219023686116,0
2483,4,1,0.1160423098921057,0
2484,1,1,0.7406337280370079,1
2485,0,0,0.8366238952839061,1
2486,0,0,0.1759364115576061,0
2487,4,0,0.10556591333531246,0
2488,4,0,0.15690407202168438,0
2489,4,0,0.3756782494348619,0
2490,4,0,0.11224267008552957,0
2491,3,0,0.09585994527796854,0
2492,1,1,0.6583321878456319,1
2493,0,1,0.35714701823967515,0
2494,4,0,0.2570566296849832,0
2495,3,1,0.7400254298020572,1
2496,3,0,0.7565425340227079,1
2497,3,0,0.07021189501045329,0
2498,2,1,0.9293109694378765,1
2499,2,0,0.11336946784580566,0
2500,1,0,0.06864566506275072,0
2501,3,1,0.4174985763910435,0
2502,2,0,0.14183343364921727,0
2503,2,1,0.17231860481868563,0
2504,1,0,0.11331573269932349,0
2505,3,0,0.18795717850236243,0
2506,2,0,0.20383848519728034,0
2507,2,0,0.19517466640663478,0
2508,2,0,0.15377408897463377,0
2509,2,0,0.9177740741158344,1
2510,3,0,0.1641422755642277,0
2511,2,0,0.2279779114046407,0
2512,1,0,0.36495024324292064,0
2513,2,0,0.23200487105234266,0
2514,4,1,0.6965129065527892,1
2515,4,1,0.6331518652501809,1
2516,2,0,0.6314088066172326,1
2517,0,0,0.19315268662123394,0
2518,3,1,0.9709260705332948,1
2519,2,1,0.4381822065809863,0
2520,2,1,0.9584936693084307,1
2521,1,1,0.673063523901661,1
2522,0,1,0.8992964514339108,1
2523,0,1,0.7740353116347642,1
2524,0,0,0.16900517418030303,0
2525,0,1,0.7640759426630391,1
2526,1,1,0.9604170343762539,1
2527,1,1,0.6460485845379379,1
2528,2,0,0.279145639928917,0
2529,1,0,0.0925706486339829,0
2530,2,1,0.9514082161589098,1
2531,4,0,0.049052873601205825,0
2532,4,0,0.4108040624573481,0
2533,4,1,0.655462871466394,1
2534,4,0,0.4986787702402853,0
2535,2,1,0.9078917411560611,1
2536,4,1,0.9753161728275834,1
2537,4,1,0.6640406495566405,1
2538,1,1,0.8532525645855039,1
2539,1,0,0.14558314202437594,0
2540,4,0,0.15855589023932357,0
2541,3,0,0.6797995166768526,1
2542,3,0,0.13176586749557284,0
2543,1,1,0.7512259052646413,1
2544,3,1,0.7145920754421962,1
2545,2,0,0.10563783401713187,0
2546,3,1,0.7695593171466533,1
2547,4,1,0.7966498738729766,1
2548,4,0,0.6127962018675213,1
2549,3,1,0.649362807485006,1
2550,4,0,0.1432996434730176,0
2551,2,1,0.5304447911073723,1
2552,2,0,0.4693932647024853,0
2553,1,0,0.14204386549749043,0
2554,2,1,0.5570847056603698,1
2555,1,1,0.08144872075862696,0
2556,2,0,0.10081846376618829,0
2557,0,0,0.19602905495549078,0
2558,1,0,0.16312360617680918,0
2559,1,0,0.2038332766223811,0
2560,1,1,0.6449350680124998,1
2561,4,1,0.4706136695771115,0
2562,4,1,0.10431832647054175,0
2563,0,1,0.8770844315411365,1
2564,2,0,0.4311366412922586,0
2565,2,0,0.5762848979192174,1
2566,2,1,0.05220293806563713,0
2567,3,0,0.08909702307957744,0
2568,4,0,0.06452970331306652,0
2569,0,1,0.9525339254332293,1
2570,1,0,0.13107503742700605,0
2571,4,1,0.5692787533416711,1
2572,2,0,0.07099496513835342,0
2573,3,0,0.5513919785247074,1
2574,3,0,0.782080609121878,1
2575,3,1,0.782080609121878,1
2576,1,0,0.15416541098595893,0
2577,1,0,0.13769967881285064,0
2578,3,1,0.23779373586419067,0
2579,3,1,0.07170866573150098,0
2580,4,0,0.21292994795818465,0
2581,3,1,0.3248613519792193,0
2582,3,0,0.5691304978124825,1
2583,3,0,0.782080609121878,1
2584,4,0,0.8873467662985449,1
2585,1,0,0.28738021179848555,0
2586,2,0,0.0809538676070405,0
2587,0,0,0.35390065924755254,0
2588,3,0,0.12790220285083653,0
2589,3,0,0.9117062917895121,1
2590,3,0,0.12123736288884816,0
2591,4,1,0.13819667991655354,0
2592,1,1,0.8314071309167134,1
2593,4,0,0.6197041985815126,1
2594,3,0,0.63107387111132,1
2595,1,1,0.9397816048474477,1
2596,1,0,0.20207210846240983,0
2597,3,1,0.2661246234453965,0
2598,3,1,0.9699211940530379,1
2599,2,1,0.07626325822050962,0
2600,2,0,0.5430583042830962,1
2601,0,0,0.5994690230389536,1
2602,2,0,0.6119035984979908,1
2603,1,1,0.9512912180803877,1
2604,1,0,0.4416187960254928,0
2605,1,0,0.30496178877816726,0
2606,1,0,0.19897975875465254,0
2607,1,1,0.7264964245458692,1
2608,2,1,0.6870154312599633,1
2609,1,1,0.07881476192896687,0
2610,1,1,0.9639991781573468,1
2611,1,0,0.36609529005015856,0
2612,3,0,0.15313291853153516,0
2613,0,0,0.0851483507279959,0
2614,2,0,0.1565378128968071,0
2615,2,1,0.9116764603416039,1
2616,3,0,0.07956559984635132,0
2617,3,1,0.7170821967193647,1
2618,0,0,0.11679977282818604,0
2619,0,1,0.31974994954746344,0
2620,1,0,0.19378420960463955,0
2621,1,0,0.2368843366878555,0
2622,3,0,0.059967494156781265,0
2623,0,0,0.5994690230389536,1
2624,0,1,0.6653939789171706,1
2625,0,1,0.6137491840765191,1
2626,2,0,0.6483342359402444,1
2627,3,0,0.16779045868460885,0
2628,4,1,0.2773299988427142,0
2629,0,1,0.7621717863525849,1
2630,3,1,0.6170534285452783,1
2631,2,0,0.2726095302360012,0
2632,3,1,0.6655769782667305,1
2633,3,1,0.8647324260598903,1
2634,3,1,0.37913815691668623,0
2635,3,0,0.15626539825088379,0
2636,2,1,0.5931780274756011,1
2637,0,1,0.6337430803350969,1
2638,1,1,0.7873867208442202,1
2639,1,0,0.5669169374284332,1
2640,1,1,0.7873867208442202,1
2641,1,1,0.7512259052646413,1
2642,1,0,0.7588415151065078,1
2643,2,1,0.8233186379917227,1
2644,2,1,0.9772250716721399,1
2645,0,1,0.7324155117497306,1
2646,0,0,0.34418647673908775,0
2647,0,0,0.26795530475616813,0
2648,4,1,0.18835316356686901,0
2649,4,0,0.16639869298827883,0
2650,4,0,0.09506884356949799,0
2651,4,1,0.34018882901776165,0
2652,4,0,0.10598293732360861,0
2653,4,0,0.05491630606510985,0
2654,0,0,0.5354025079451115,1
2655,1,1,0.8161159053565512,1
2656,1,0,0.22272598720992387,0
2657,1,0,0.1972290454475599,0
2658,4,1,0.7498102402845277,1
2659,3,1,0.6639267256017062,1
2660,4,0,0.061483339505219996,0
2661,3,1,0.5733525104685683,1
2662,1,0,0.08431549116335099,0
2663,2,0,0.49677377416864005,0
2664,4,0,0.15156608727137227,0
2665,2,1,0.9727064491977158,1
2666,2,1,0.9765655813623495,1
2667,2,1,0.970551737696498,1
2668,3,1,0.9655046296592698,1
2669,1,1,0.1189927778792242,0
2670,1,1,0.80714586337536,1
2671,3,1,0.8091117288539382,1
2672,2,0,0.07344512593199597,0
2673,2,0,0.11647069223001727,0
2674,2,1,0.23847065815587745,0
2675,0,1,0.9739348901407285,1
2676,0,0,0.452770078988005,0
2677,4,0,0.09936966430511868,0
2678,3,1,0.5292216445630645,1
2679,2,1,0.07298574639315676,0
2680,1,1,0.9453306927896312,1
2681,1,1,0.9431631783880441,1
2682,4,1,0.11689879030935116,0
2683,1,0,0.1410618597943433,0
2684,1,1,0.9647939723054246,1
2685,4,0,0.2318484728824764,0
2686,1,0,0.11428372181098405,0
2687,0,1,0.6158896691312313,1
2688,1,0,0.5895761793872685,1
2689,0,0,0.5996009414012493,1
2690,4,0,0.7588324752350237,1
2691,3,1,0.915573854623692,1
2692,2,0,0.1742678196086154,0
2693,0,0,0.34062092109845143,0
2694,0,0,0.205916374606426,0
2695,1,0,0.24389164296190993,0
2696,1,1,0.9409150981649216,1
2697,0,0,0.7210533457531206,1
2698,4,1,0.35920716096578775,0
2699,4,0,0.6928862997762572,1
2700,4,1,0.7031486068304698,1
2701,0,0,0.8958766370531797,1
2702,4,0,0.4226379357223357,0
2703,3,0,0.12271055616556661,0
2704,1,0,0.17593714717930176,0
2705,0,1,0.14411158062787588,0
2706,1,0,0.11375792831488232,0
2707,1,1,0.8827287038122557,1
2708,4,0,0.08410166669475283,0
2709,4,1,0.09968087168183577,0
2710,0,0,0.1993245547322939,0
2711,2,0,0.17048307962211617,0
2712,3,0,0.10394012361381176,0
2713,4,1,0.8742227499755197,1
2714,3,0,0.5691304978124825,1
2715,2,0,0.1528353771151423,0
2716,4,0,0.7031486068304698,1
2717,2,0,0.8893269145562606,1
2718,1,0,0.7211212199692567,1
2719,0,0,0.20376409559550004,0
2720,2,1,0.4857680099373435,0
2721,2,1,0.7833202629031725,1
2722,2,1,0.9048456171860653,1
2723,0,1,0.9009917690949579,1
2724,4,1,0.27517555720816506,0
2725,4,1,0.8601296800867876,1
2726,2,0,0.25124656863204653,0
2727,3,1,0.8388873543094552,1
2728,1,0,0.3693436473100855,0
2729,1,1,0.9361669418535218,1
2730,1,1,0.9385838892371495,1
2731,0,1,0.6951630715432033,1
2732,3,0,0.046831597743018094,0
2733,3,0,0.9230760401320272,1
2734,4,0,0.12728969347131217,0
2735,3,0,0.14427112471401082,0
2736,4,1,0.9493106559936543,1
2737,0,1,0.5935671218322613,1
2738,1,0,0.05905848890513413,0
2739,2,0,0.20041504307966268,0
2740,2,0,0.6303044382304008,1
2741,3,0,0.15154862442180195,0
2742,2,0,0.5134134535817597,1
2743,2,0,0.7817701628131675,1
2744,2,1,0.5694601488299285,1
2745,0,1,0.6593663287755064,1
2746,0,1,0.5136857166864665,1
2747,2,0,0.6303044382304008,1
2748,4,0,0.22920902623914746,0
2749,0,1,0.7232844181978946,1
2750,0,1,0.185613335066874,0
2751,2,0,0.07080603197720127,0
2752,1,0,0.10028085073653821,0
2753,1,0,0.13449666349360248,0
2754,2,0,0.6267279370009603,1
2755,2,0,0.09216536545487047,0
2756,0,0,0.11321563113699085,0
2757,0,0,0.24497428895249035,0
2758,0,0,0.1884361679062695,0
2759,0,1,0.25310220930637145,0
2760,4,1,0.6102551590486379,1
2761,0,0,0.06929635068786338,0
2762,4,0,0.21858008663406428,0
2763,2,1,0.010414708095934267,0
2764,0,1,0.1878507573152519,0
2765,4,0,0.7208047982248621,1
2766,2,0,0.8536213023437377,1
2767,1,1,0.9674866907463197,1
2768,0,1,0.07126751114397172,0
2769,0,0,0.21346742316611395,0
2770,4,0,0.10338760086094909,0
2771,4,0,0.213101058186703,0
2772,4,1,0.6965129065527892,1
2773,0,0,0.13061009853632202,0
2774,1,0,0.10943549219922363,0
2775,2,0,0.13904728167568603,0
2776,0,1,0.9550061522135803,1
2777,0,1,0.9499329814248371,1
2778,1,0,0.5541618255713241,1
2779,4,1,0.7225652139665788,1
2780,2,0,0.14689402250730912,0
2781,4,0,0.2792959245881993,0
2782,4,1,0.9298572854347507,1
2783,4,1,0.9728601175701892,1
2784,4,1,0.767630183625987,1
2785,1,0,0.14130190757410435,0
2786,1,1,0.8596807230467992,1
2787,4,0,0.08502894264024335,0
2788,3,1,0.6391018929286568,1
2789,4,0,0.16015090803236556,0
2790,3,0,0.09642246638539262,0
2791,2,0,0.10900764862164894,0
2792,1,0,0.3622431035894043,0
2793,4,1,0.24153543202364372,0
2794,4,0,0.0978407432362744,0
2795,0,0,0.07871976048363051,0
2796,1,0,0.2039323681955877,0
2797,4,0,0.12885945711938668,0
2798,0,0,0.13927118969040675,0
2799,0,0,0.36410198159166796,0
2800,0,0,0.28444388744501514,0
2801,3,1,0.8255758391702859,1
2802,2,1,0.2733101176503991,0
2803,0,1,0.22643370136456983,0
2804,0,0,0.09384577493196357,0
2805,4,0,0.6331518652501809,1
2806,2,0,0.6303044382304008,1
2807,3,0,0.36706403532399784,0
2808,3,1,0.9035159552340778,1
2809,2,1,0.3334715868739208,0
2810,2,1,0.9431406696363903,1
2811,1,0,0.5567804666221533,1
2812,1,0,0.7588415151065078,1
2813,1,0,0.5669169374284332,1
2814,4,0,0.13393470942187274,0
2815,3,0,0.13311913266101127,0
2816,2,0,0.8787850903578661,1
2817,0,0,0.10023416615352518,0
2818,3,0,0.24553268615829507,0
2819,2,0,0.8504805889963918,1
2820,1,0,0.15758018628362028,0
2821,0,0,0.23999490560453818,0
2822,2,0,0.15015635888250609,0
2823,0,0,0.7518571615729558,1
2824,0,1,0.7279234816693475,1
2825,0,0,0.09569745153191961,0
2826,2,0,0.8278927358076384,1
2827,1,1,0.22582135292140357,0
2828,4,0,0.14780884844266617,0
2829,3,0,0.15888448923747261,0
2830,1,0,0.10578294065442628,0
2831,2,0,0.27402146839093394,0
2832,4,0,0.17583666288916538,0
2833,3,0,0.5746147396432619,1
2834,1,0,0.11744023489363943,0
2835,3,0,0.03513004041599823,0
2836,2,0,0.29594245730385293,0
2837,4,1,0.5811747749666393,1
2838,4,1,0.655462871466394,1
2839,0,0,0.060818360308824586,0
2840,2,1,0.7484546235035155,1
2841,4,1,0.5298690335894125,1
2842,3,0,0.06476963328719523,0
2843,3,1,0.7565425340227079,1
2844,2,0,0.09108617292227562,0
2845,2,1,0.5931780274756011,1
2846,2,1,0.9690427441105492,1
2847,2,0,0.30844771613197147,0
2848,1,1,0.8310064048343916,1
2849,4,1,0.5692787533416711,1
2850,3,0,0.1319113982988865,0
2851,0,0,0.12975536009536645,0
2852,0,1,0.4946615930217214,0
2853,0,1,0.9709310188683762,1
2854,2,1,0.7569080536128268,1
2855,2,0,0.3216709340283085,0
2856,1,1,0.8953150122888225,1
2857,3,0,0.04849402880936415,0
2858,3,1,0.386345124013406,0
2859,3,0,0.7520932421659946,1
2860,0,1,0.5707784387158528,1
2861,2,0,0.1681536100548447,0
2862,1,1,0.9546542318317913,1
2863,0,0,0.06142435126259331,0
2864,4,1,0.09541136047008901,0
2865,3,0,0.2154657226549994,0
2866,2,1,0.5408500399547216,1
2867,1,1,0.8105328437146008,1
2868,4,0,0.5596851738353706,1
2869,4,1,0.19172672953667638,0
2870,4,1,0.767630183625987,1
2871,2,1,0.9486345477963674,1
2872,0,0,0.16518752311171572,0
2873,0,1,0.41900752053598245,0
2874,0,1,0.6399765738304831,1
2875,2,1,0.059189179857742365,0
2876,3,0,0.1597554576710253,0
2877,2,0,0.7196259683434376,1
2878,2,1,0.8242877009294133,1
2879,2,1,0.8170803049671077,1
2880,4,0,0.12679925880442736,0
2881,0,0,0.3130187309923795,0
2882,2,0,0.09377724256360198,0
2883,2,0,0.6303044382304008,1
2884,0,0,0.08884003853630934,0
2885,3,1,0.8199866089121272,1
2886,3,0,0.13367385383588887,0
2887,4,1,0.7166946716885024,1
2888,4,1,0.644385775605923,1
2889,3,1,0.845352736052345,1
2890,3,1,0.18383658936675812,0
2891,3,1,0.8149624182146021,1
2892,1,1,0.5187275862016003,1
2893,1,1,0.9131795887596924,1
2894,1,0,0.07216468973885315,0
2895,0,0,0.30592562242040766,0
2896,1,1,0.7585112664638781,1
2897,1,1,0.743451106610485,1
2898,1,1,0.7588415151065078,1
2899,3,1,0.8255758391702859,1
2900,4,0,0.7788656662888348,1
2901,4,1,0.4581624410278211,0
2902,3,1,0.6476748979335716,1
2903,2,0,0.11249838890246346,0
2904,4,0,0.18554008368402164,0
2905,1,0,0.6825728270505494,1
2906,1,0,0.24929909114948373,0
2907,0,1,0.901903809677802,1
2908,1,1,0.8251445928115876,1
2909,1,1,0.2656883295791439,0
2910,1,1,0.8897475803589441,1
2911,1,1,0.7512259052646413,1
2912,1,0,0.7512259052646413,1
2913,3,0,0.12411357244695731,0
2914,2,1,0.8584498667581346,1
2915,1,0,0.20780816982747846,0
2916,2,1,0.5694601488299285,1
2917,2,0,0.12331147993152776,0
2918,2,0,0.7628899257232801,1
2919,1,0,0.13859452662312866,0
2920,1,0,0.61414462218643,1
2921,3,0,0.63107387111132,1
2922,3,1,0.835703221117074,1
2923,1,1,0.7803175352771186,1
2924,0,1,0.35830888812478046,0
2925,0,1,0.7772708688907718,1
2926,2,0,0.7793732003842067,1
2927,4,1,0.42723221595209115,0
2928,2,1,0.8232680164906632,1
2929,3,1,0.9484080131960324,1
2930,4,1,0.17518237910548695,0
2931,3,0,0.16543363087142413,0
2932,0,0,0.1923746483516833,0
2933,3,0,0.10983104311893717,0
2934,2,1,0.9472993639643609,1
2935,0,1,0.9362169619459099,1
2936,0,1,0.9715954407836142,1
2937,4,0,0.17060734752205825,0
2938,3,0,0.8336387225012339,1
2939,1,1,0.853997695729572,1
2940,1,0,0.15660442846082737,0
2941,3,1,0.8657100699838768,1
2942,0,0,0.8632875547403727,1
2943,0,1,0.3348232845571539,0
2944,2,0,0.5694601488299285,1
2945,2,0,0.07357112446767926,0
2946,2,1,0.5127353382326332,1
2947,2,0,0.49386645748148916,0
2948,2,0,0.7492920756753887,1
2949,2,0,0.7767439371103356,1
2950,1,0,0.2355519193717296,0
2951,0,0,0.11691606299458258,0
2952,2,0,0.15484597925133545,0
2953,4,0,0.13629746758268318,0
2954,4,0,0.7498102402845277,1
2955,1,0,0.19034235151888254,0
2956,1,0,0.16049865905258584,0
2957,1,0,0.07407336118802248,0
2958,4,1,0.763277143051814,1
2959,0,0,0.056536859161449224,0
2960,1,1,0.8422587933284901,1
2961,2,0,0.27439488586714406,0
2962,2,0,0.1808890707873149,0
2963,2,0,0.2196078226305449,0
2964,1,0,0.06310727472021707,0
2965,0,0,0.09491432123348055,0
2966,0,0,0.432718705845669,0
2967,3,0,0.07888382691921236,0
2968,3,0,0.15896396747587976,0
2969,1,1,0.7512259052646413,1
2970,2,1,0.7767439371103356,1
2971,2,1,0.7817701628131675,1
2972,2,1,0.4617474963286477,0
2973,4,0,0.19539457346674086,0
2974,3,1,0.768696261248889,1
2975,3,0,0.20381227750054803,0
2976,1,0,0.5669169374284332,1
2977,2,0,0.8164627426266132,1
2978,2,0,0.05483451152693603,0
2979,0,0,0.870108994939364,1
2980,2,0,0.3206145693584946,0
2981,4,1,0.4187081693461241,0
2982,3,1,0.9807123800157214,1
2983,3,1,0.7385798201857222,1
2984,0,0,0.13566408638331026,0
2985,2,1,0.6424813292186475,1
2986,2,1,0.786514318393556,1
2987,4,1,0.8861123537362274,1
2988,1,0,0.4317577412027606,0
2989,3,1,0.715091049358289,1
2990,3,0,0.17581862392030753,0
2991,2,0,0.05460907679205922,0
2992,2,0,0.10878375087246396,0
2993,0,1,0.687379669196742,1
2994,2,0,0.10516599816855206,0
2995,3,0,0.8199866089121272,1
2996,4,1,0.7405658735870114,1
2997,0,0,0.7151012651547206,1
2998,0,0,0.6399765738304831,1
2999,3,0,0.5923493569459233,1
3000,2,0,0.07496338404974885,0
3001,0,0,0.4054202970850174,0
3002,3,0,0.16110901952434287,0
3003,4,0,0.2191264091879233,0
3004,1,1,0.6203597665074012,1
3005,2,1,0.7035801538875287,1
3006,0,1,0.9230176481559172,1
3007,3,0,0.6797995166768526,1
3008,3,0,0.04043139854767178,0
3009,0,0,0.15943427223628207,0
3010,0,0,0.8875606795065111,1
3011,1,0,0.6402434201721962,1
3012,3,1,0.5257340081244792,1
3013,1,1,0.13651141595717903,0
3014,4,0,0.5986146583422756,1
3015,4,1,0.47682738939727287,0
3016,4,1,0.8998774719636172,1
3017,4,1,0.8044235766298886,1
3018,0,0,0.7296039412665222,1
3019,2,1,0.6119035984979908,1
3020,2,0,0.04886349906965001,0
3021,2,0,0.04366640673116967,0
3022,3,1,0.337217292682252,0
3023,3,0,0.2668420320867682,0
3024,4,1,0.9542657271332585,1
3025,4,1,0.9753161728275834,1
3026,4,1,0.9753161728275834,1
3027,4,1,0.9753161728275834,1
3028,1,1,0.5895761793872685,1
3029,4,0,0.14867818423894982,0
3030,1,1,0.9661661719524944,1
3031,1,1,0.9571647373063018,1
3032,1,1,0.6751837841388438,1
3033,0,0,0.15677382111102872,0
3034,0,0,0.31537854220097805,0
3035,1,0,0.07758069254743742,0
3036,1,0,0.0789116789525303,0
3037,0,1,0.612856342121422,1
3038,0,1,0.5994690230389536,1
3039,0,1,0.5226102337318707,1
3040,2,1,0.22755600366434164,0
3041,4,0,0.19895092573219308,0
3042,0,1,0.6527941478190508,1
3043,1,1,0.9588216044857099,1
3044,4,0,0.17909361532213944,0
3045,1,1,0.9699798660340403,1
3046,1,1,0.9163891838172741,1
3047,1,1,0.9619531032135222,1
3048,0,1,0.20338649222447386,0
3049,2,1,0.5762848979192174,1
3050,2,0,0.6303044382304008,1
3051,3,0,0.041632757581068124,0
3052,3,1,0.257334619399896,0
3053,3,0,0.22728906321476267,0
3054,4,1,0.2869380802716888,0
3055,2,0,0.530772242142828,1
3056,3,1,0.8255758391702859,1
3057,3,0,0.11288527512421674,0
3058,3,1,0.8092620351634114,1
3059,3,1,0.5691304978124825,1
3060,3,1,0.6096149791015236,1
3061,3,1,0.5335217411114205,1
3062,1,1,0.9243105126540286,1
3063,3,0,0.8275280260439084,1
3064,3,0,0.1822886820809397,0
3065,3,0,0.21762060725475882,0
3066,1,0,0.32884899330110695,0
3067,3,1,0.9191257811848691,1
3068,3,0,0.29035661917556077,0
3069,0,0,0.0939497577574439,0
3070,2,1,0.9675391089786115,1
3071,3,0,0.2526513567965769,0
3072,1,0,0.14567252217118362,0
3073,3,0,0.050114771672307934,0
3074,1,1,0.6005425488817367,1
3075,1,1,0.9674866907463197,1
3076,1,1,0.9194905867973178,1
3077,1,1,0.9604170343762539,1
3078,1,1,0.9619531032135222,1
3079,4,0,0.2868313844574421,0
3080,2,1,0.5931780274756011,1
3081,2,1,0.9578715540107019,1
3082,2,1,0.9546003515214998,1
3083,1,1,0.8864564339340444,1
3084,1,1,0.8944854948207961,1
3085,4,1,0.5573022232521222,1
3086,0,0,0.7951581309776009,1
3087,4,0,0.09498971713590051,0
3088,1,0,0.1279277189515392,0
3089,2,1,0.5741776985195922,1
3090,0,0,0.14280604566158034,0
3091,0,1,0.22965152992049015,0
3092,4,0,0.2794142798913041,0
3093,4,1,0.887515131731775,1
3094,4,1,0.9154583937372104,1
3095,4,1,0.8025669515805032,1
3096,4,1,0.9758102271630228,1
3097,4,0,0.23206394215584558,0
3098,4,0,0.28631529212056245,0
3099,2,1,0.5762848979192174,1
3100,2,0,0.7484546235035155,1
3101,0,1,0.7518571615729558,1
3102,4,0,0.771961436554518,1
3103,0,0,0.2941988610616621,0
3104,3,1,0.9429129122462109,1
3105,1,1,0.8736132172047586,1
3106,3,0,0.5648909496533727,1
3107,4,0,0.24980691437759603,0
3108,4,1,0.9810068111869545,1
3109,4,0,0.34283760503001504,0
3110,4,1,0.6787978315553508,1
3111,4,1,0.5073450038817242,1
3112,4,1,0.48460799908280083,0
3113,1,0,0.7123525143927947,1
3114,3,0,0.8120337328463566,1
3115,4,1,0.13403006524038588,0
3116,0,1,0.8972657537197168,1
3117,0,1,0.9071539670273578,1
3118,0,1,0.9023213840300062,1
3119,3,0,0.207850589904916,0
3120,2,0,0.07801310595071635,0
3121,1,1,0.45190282487917016,0
3122,1,0,0.40340212013863014,0
3123,3,0,0.21401097937505253,0
3124,4,1,0.6965129065527892,1
3125,4,0,0.201532654435096,0
3126,4,0,0.0807471917129488,0
3127,2,1,0.5952574811795527,1
3128,1,1,0.8864564339340444,1
3129,4,0,0.17460283228128834,0
3130,0,0,0.741247062231029,1
3131,1,0,0.7951641005592974,1
3132,2,1,0.5741776985195922,1
3133,1,0,0.13568480019685988,0
3134,4,0,0.09193904455619549,0
3135,0,0,0.07499086707497855,0
3136,4,1,0.6824294494986791,1
3137,0,1,0.8864562457723849,1
3138,2,0,0.7484546235035155,1
3139,3,1,0.7933042192517231,1
3140,4,1,0.8909342846384548,1
3141,0,1,0.948529365792391,1
3142,0,0,0.32698190886687495,0
3143,4,1,0.5519877770213677,1
3144,4,1,0.767630183625987,1
3145,4,1,0.7115339199469526,1
3146,4,1,0.5596851738353706,1
3147,2,1,0.7518624675248022,1
3148,2,0,0.6142644998385953,1
3149,4,1,0.9467286834602903,1
3150,2,0,0.20515322553701,0
3151,0,1,0.9035224190223876,1
3152,0,0,0.34825016352300714,0
3153,0,1,0.10707351815222156,0
3154,2,1,0.6724193460571358,1
3155,3,0,0.7430359938299058,1
3156,3,1,0.5513919785247074,1
3157,3,0,0.6096149791015236,1
3158,1,0,0.3109601657550524,0
3159,1,0,0.2638237271513289,0
3160,0,1,0.7621717863525849,1
3161,0,0,0.11274479449217971,0
3162,2,1,0.6483342359402444,1
3163,1,0,0.14247286322499592,0
3164,1,1,0.9512912180803877,1
3165,1,1,0.8718516740249642,1
3166,4,0,0.5692787533416711,1
3167,3,0,0.19157239513684218,0
3168,4,1,0.9201470065921024,1
3169,2,1,0.8560303324527253,1
3170,4,0,0.13151825730881156,0
3171,3,0,0.6996820654251018,1
3172,0,0,0.08638305392269142,0
3173,0,1,0.7715221273755517,1
3174,0,1,0.8784407533836139,1
3175,3,1,0.6476748979335716,1
3176,3,0,0.08994847579979098,0
3177,0,0,0.23820856097361606,0
3178,3,0,0.18432329628369115,0
3179,2,1,0.9546003515214998,1
3180,2,1,0.377437841186603,0
3181,3,1,0.8836783938417255,1
3182,3,1,0.835703221117074,1
3183,1,0,0.13765966825586923,0
3184,3,0,0.2064372800620156,0
3185,1,1,0.6460485845379379,1
3186,4,0,0.12936533033163214,0
3187,4,1,0.767630183625987,1
3188,0,1,0.6653939789171706,1
3189,4,0,0.4943955124132465,0
3190,4,1,0.9686124316509735,1
3191,4,1,0.9257418509333853,1
3192,4,1,0.920025359231903,1
3193,4,0,0.28854522938521104,0
3194,0,0,0.05957282857547766,0
3195,2,0,0.24802750664613804,0
3196,2,0,0.16400628607779483,0
3197,3,1,0.21979491175580904,0
3198,0,1,0.9641085296213207,1
3199,0,1,0.9707804461308699,1
3200,0,1,0.47752724967690074,0
3201,0,1,0.9309356051268726,1
3202,0,0,0.47502188023795633,0
3203,0,1,0.6951630715432033,1
3204,2,0,0.15262269085145835,0
3205,1,0,0.09651805637748692,0
3206,2,1,0.40016048880079713,0
3207,2,1,0.49898913690678665,0
3208,4,0,0.6331518652501809,1
3209,4,0,0.6331518652501809,1
3210,1,1,0.8422587933284901,1
3211,2,1,0.7196259683434376,1
3212,0,1,0.848017564667729,1
3213,3,1,0.7430359938299058,1
3214,1,0,0.1329646295110622,0
3215,2,1,0.9566764917615778,1
3216,0,0,0.14178081213390747,0
3217,0,0,0.7518571615729558,1
3218,0,0,0.1765244772700813,0
3219,4,0,0.08743157088022874,0
3220,2,1,0.6851580585247622,1
3221,3,1,0.9353553277735872,1
3222,0,0,0.7518571615729558,1
3223,0,1,0.7868286261144071,1
3224,3,0,0.225609482096604,0
3225,2,1,0.938798721527758,1
3226,2,0,0.34796560611619787,0
3227,2,1,0.9404562413140838,1
3228,2,1,0.9471919041106972,1
3229,0,1,0.9739348901407285,1
3230,0,0,0.3655635658976399,0
3231,0,1,0.8053766242196513,1
3232,4,1,0.47682738939727287,0
3233,4,1,0.47682738939727287,0
3234,4,1,0.47682738939727287,0
3235,4,0,0.09970132549779892,0
3236,1,0,0.8591765254388257,1
3237,1,0,0.34443053748243496,0
3238,3,0,0.5849449053624595,1
3239,1,0,0.6460485845379379,1
3240,4,1,0.821227180335262,1
3241,2,0,0.24865621675744123,0
3242,2,1,0.9295258153511711,1
3243,2,1,0.6237924800411002,1
3244,3,1,0.8306597705505059,1
3245,1,0,0.17957168199116436,0
3246,1,0,0.846538805081201,1
3247,1,0,0.31157244756174773,0
3248,4,0,0.1418413675115106,0
3249,4,1,0.8246943671824746,1
3250,2,1,0.9456883215557006,1
3251,2,1,0.2565992732196057,0
3252,2,0,0.12420274316950759,0
3253,0,0,0.26950552370378733,0
3254,1,1,0.7525881882040609,1
3255,1,1,0.4214764783024721,0
3256,1,1,0.9773924293735998,1
3257,1,1,0.9745404441514396,1
3258,3,1,0.835703221117074,1
3259,3,0,0.2774522505417722,0
3260,3,0,0.5525005548515415,1
3261,1,0,0.15837554293991157,0
3262,1,1,0.45190282487917016,0
3263,3,1,0.91587236509453,1
3264,1,0,0.45190282487917016,0
3265,0,0,0.255841660607847,0
3266,3,1,0.6476748979335716,1
3267,2,1,0.9446875244556541,1
3268,2,0,0.35749312148779666,0
3269,2,0,0.9379649233682565,1
3270,0,0,0.09177974331341382,0
3271,1,0,0.8310064048343916,1
3272,1,1,0.8251445928115876,1
3273,2,1,0.7484546235035155,1
3274,4,1,0.764505918600775,1
3275,4,1,0.655462871466394,1
3276,4,1,0.655462871466394,1
3277,4,0,0.12592951488061963,0
3278,2,1,0.8280932489354836,1
3279,3,1,0.9537545289052917,1
3280,1,1,0.955444301814287,1
3281,1,1,0.8520247237060269,1
3282,1,1,0.8251445928115876,1
3283,3,0,0.2270943272777693,0
3284,2,1,0.794967012423358,1
3285,1,1,0.7512259052646413,1
3286,2,0,0.14365367977067184,0
3287,2,1,0.8116007798639188,1
3288,4,0,0.0943370463597197,0
3289,0,0,0.10378693550470908,0
3290,2,0,0.21796882461597233,0
3291,2,1,0.8978640260834704,1
3292,4,1,0.9450634784880337,1
3293,1,0,0.14880542270033306,0
3294,2,0,0.16244197053582068,0
3295,3,1,0.6170534285452783,1
3296,1,1,0.8864564339340444,1
3297,4,1,0.641610407579096,1
3298,4,1,0.967474378970659,1
3299,4,1,0.9516029543668992,1
3300,1,0,0.8386703614647781,1
3301,4,0,0.36032202877734026,0
3302,0,1,0.6257718255848799,1
3303,4,0,0.7214236357930416,1
3304,4,0,0.7166946716885024,1
3305,4,0,0.7498102402845277,1
3306,4,0,0.3566455509522389,0
3307,4,1,0.970059385525314,1
3308,3,0,0.13771568789610553,0
3309,3,1,0.10805015476298838,0
3310,3,1,0.7695593171466533,1
3311,3,0,0.08375366647404345,0
3312,0,1,0.8442253103653572,1
3313,2,0,0.12852813583271094,0
3314,2,1,0.3849733648392905,0
3315,1,1,0.8251445928115876,1
3316,1,1,0.19811104549737146,0
3317,0,0,0.0781940164719075,0
3318,4,0,0.07325983205285239,0
3319,4,1,0.644385775605923,1
3320,3,0,0.6476748979335716,1
3321,0,1,0.5994690230389536,1
3322,2,1,0.8743827723660742,1
3323,4,0,0.21663403640255693,0
3324,0,0,0.10813023204146435,0
3325,1,1,0.8422587933284901,1
3326,4,1,0.2658813626837945,0
3327,3,0,0.03928205849883363,0
3328,4,0,0.10809621194737404,0
3329,2,1,0.10308883622744373,0
3330,1,0,0.14590599950673527,0
3331,0,1,0.901903809677802,1
3332,0,0,0.10389562102450299,0
3333,2,1,0.055691393818999804,0
3334,0,1,0.6370702981140386,1
3335,4,0,0.043571883470791425,0
3336,1,0,0.24499149645949905,0
3337,1,0,0.21682170277887333,0
3338,2,0,0.053572783757349245,0
3339,4,1,0.25177947408151413,0
3340,3,0,0.08552452911713479,0
3341,1,1,0.559388647523893,1
3342,0,1,0.9656107770457987,1
3343,0,1,0.687379669196742,1
3344,2,0,0.47428988994660104,0
3345,1,0,0.2542381956984328,0
3346,3,1,0.7565425340227079,1
3347,4,1,0.7760169588999264,1
3348,3,1,0.6691218713059927,1
3349,1,0,0.6269981408586545,1
3350,1,1,0.8310064048343916,1
3351,3,1,0.9352285204198914,1
3352,3,1,0.9243194068139909,1
3353,3,1,0.7711781514267442,1
3354,2,0,0.30865782601190433,0
3355,2,0,0.38735595235049025,0
3356,2,1,0.9099686525177907,1
3357,2,1,0.9637500748631449,1
3358,0,1,0.7621717863525849,1
3359,1,1,0.8512837075593552,1
3360,4,1,0.8651013721976617,1
3361,0,1,0.8911564052495964,1
3362,2,0,0.1401540364172421,0
3363,4,0,0.6011819961576428,1
3364,4,1,0.8986490937795795,1
3365,1,1,0.7732737373239783,1
3366,0,0,0.15857199976068964,0
3367,1,1,0.9512912180803877,1
3368,3,1,0.9575398623185237,1
3369,3,0,0.36193803908415756,0
3370,1,0,0.43159652965390477,0
3371,4,1,0.3149094484362691,0
3372,1,1,0.7355188720126671,1
3373,4,0,0.14526446229893977,0
3374,2,1,0.8343601830951602,1
3375,0,0,0.11005344839623442,0
3376,3,0,0.09496478168832344,0
3377,1,1,0.49969543892142393,0
3378,3,0,0.1273192210053767,0
3379,4,1,0.8684562414451497,1
3380,1,0,0.1107284161737504,0
3381,2,0,0.7178826503430272,1
3382,2,1,0.5762848979192174,1
3383,2,0,0.42648869302989745,0
3384,0,1,0.6956635236978661,1
3385,2,0,0.13435534562643672,0
3386,1,1,0.8864564339340444,1
3387,3,1,0.8170070626266415,1
3388,3,1,0.8375643621065815,1
3389,3,1,0.8471245640132687,1
3390,3,1,0.8170070626266415,1
3391,3,1,0.8170070626266415,1
3392,4,1,0.980078053355124,1
3393,1,0,0.10822683706433141,0
3394,4,1,0.6217713748068727,1
3395,0,0,0.7518571615729558,1
3396,2,0,0.14268322824945492,0
3397,4,0,0.8952144929243714,1
3398,4,0,0.19516615045728522,0
3399,0,0,0.08376396133270375,0
3400,1,1,0.7588415151065078,1
3401,1,1,0.7533732332470828,1
3402,2,0,0.29209565518533803,0
3403,2,1,0.6727667698911332,1
3404,2,1,0.9699074180539504,1
3405,4,1,0.8909342846384548,1
3406,0,1,0.7772708688907718,1
3407,4,1,0.9450634784880337,1
3408,4,1,0.9625505529929788,1
3409,3,0,0.25194004012615495,0
3410,1,1,0.15908463740083287,0
3411,2,0,0.15936384945327053,0
3412,4,1,0.8203700956502755,1
3413,1,0,0.8640853799654514,1
3414,2,0,0.2582640776002332,0
3415,2,1,0.9637500748631449,1
3416,4,1,0.9746339294428641,1
3417,4,0,0.37681872438944475,0
3418,3,1,0.845352736052345,1
3419,0,0,0.21721708113607718,0
3420,3,1,0.8120611021252476,1
3421,3,1,0.7851726732189682,1
3422,3,1,0.8958164326230531,1
3423,3,1,0.13417962473004824,0
3424,0,0,0.11994970515805017,0
3425,3,0,0.07368208390856316,0
3426,3,1,0.7714745397982231,1
3427,0,1,0.9619022707654181,1
3428,0,1,0.43099536047769454,0
3429,0,1,0.9619022707654181,1
3430,0,0,0.2918851362710701,0
3431,4,0,0.2415655813180342,0
3432,1,0,0.7211212199692567,1
3433,1,1,0.7838595868243525,1
3434,1,0,0.16368034515262217,0
3435,3,0,0.4288926301941012,0
3436,1,0,0.1401550244883329,0
3437,1,0,0.17593628247658566,0
3438,1,1,0.4568879957523475,0
3439,1,0,0.11536956893828954,0
3440,1,1,0.9059932098648149,1
3441,1,1,0.6989527571248735,1
3442,2,0,0.14587224319969655,0
3443,2,0,0.45032415695773315,0
3444,2,0,0.7217996749135979,1
3445,3,1,0.8815890714792441,1
3446,3,0,0.18989857176978278,0
3447,3,1,0.9085117427191218,1
3448,3,1,0.9699211940530379,1
3449,3,1,0.977791029805288,1
3450,3,1,0.9772777479028372,1
3451,3,0,0.4934924333552605,0
3452,2,0,0.6952737600190827,1
3453,3,0,0.6529219041054019,1
3454,3,0,0.6975567366304548,1
3455,3,1,0.4591318904778857,0
3456,3,0,0.6821526257386098,1
3457,2,1,0.49800944374703227,0
3458,2,0,0.32452741279450253,0
3459,0,1,0.8864562457723849,1
3460,3,1,0.7714745397982231,1
3461,3,1,0.6501425886118642,1
3462,0,1,0.7469766220683532,1
3463,3,1,0.5851316319018366,1
3464,2,1,0.9579424542562924,1
3465,2,0,0.1341701826709498,0
3466,2,1,0.9373514535032549,1
3467,2,0,0.28037398154661153,0
3468,2,0,0.2866546917939594,0
3469,0,1,0.6339668243440376,1
3470,0,1,0.6226253757082686,1
3471,0,0,0.33345473854156393,0
3472,4,1,0.6109418449538672,1
3473,2,0,0.19096532964228843,0
3474,2,1,0.8072233618240626,1
3475,1,0,0.12332055621962117,0
3476,1,1,0.9431631783880441,1
3477,1,0,0.7159928620964998,1
3478,1,1,0.6636069974500791,1
3479,2,0,0.3789554902476575,0
3480,4,1,0.9290267886663195,1
3481,1,0,0.06172477576781669,0
3482,3,0,0.4915163460155109,0
3483,3,1,0.9435362995602018,1
3484,3,0,0.18560870739505336,0
3485,3,1,0.9550165711742259,1
3486,4,1,0.8316225738463737,1
3487,0,1,0.9499329814248371,1
3488,0,1,0.9457214925524491,1
3489,4,0,0.054268086247347476,0
3490,0,0,0.08500607117747892,0
3491,0,1,0.19530970494966168,0
3492,3,0,0.28056009172396446,0
3493,0,0,0.3824360482879493,0
3494,2,1,0.6118209629320142,1
3495,2,0,0.8481228744790328,1
3496,0,0,0.6468803014286603,1
3497,0,1,0.9023213840300062,1
3498,3,1,0.758531995433989,1
3499,2,0,0.13451608373519913,0
3500,2,1,0.7195557573244802,1
3501,0,1,0.7682542288376926,1
3502,4,1,0.5908919635326633,1
3503,0,1,0.07568587137313812,0
3504,4,1,0.8955761169712333,1
3505,4,0,0.3434315277887682,0
3506,4,1,0.9479841565953551,1
3507,3,0,0.16110448945548922,0
3508,2,1,0.6658733339508079,1
3509,3,0,0.1603631971817444,0
3510,2,1,0.49656598985650285,0
3511,2,1,0.8977078439107005,1
3512,4,1,0.8236251287640314,1
3513,4,1,0.6484358689289791,1
3514,4,1,0.1859781526755526,0
3515,3,0,0.13940936281498895,0
3516,2,0,0.6658733339508079,1
3517,3,0,0.22098764351224615,0
3518,1,1,0.8822454504168724,1
3519,1,1,0.8822454504168724,1
3520,4,1,0.5797915946723137,1
3521,0,1,0.9715954407836142,1
3522,2,1,0.200678034957445,0
3523,2,1,0.7570137039891136,1
3524,2,0,0.38064948348894845,0
3525,3,0,0.12837546558112267,0
3526,0,0,0.02605131999345031,0
3527,1,0,0.6636069974500791,1
3528,2,0,0.9428479763307107,1
3529,2,0,0.13749106671879707,0
3530,1,1,0.8778998055473561,1
3531,1,1,0.7860910778433612,1
3532,3,1,0.5809470327195655,1
3533,1,0,0.2679459947518798,0
3534,1,1,0.7654609501987354,1
3535,3,1,0.6821526257386098,1
3536,4,1,0.8030618687662464,1
3537,1,1,0.9773924293735998,1
3538,4,1,0.6281158839570364,1
3539,4,0,0.8724192965196937,1
3540,4,1,0.9108821659468844,1
3541,0,0,0.08592897004583085,0
3542,4,0,0.19269504611843935,0
3543,0,0,0.11649244091123973,0
3544,1,0,0.216636224893748,0
3545,4,1,0.7746984370324919,1
3546,1,0,0.13632491707867342,0
3547,3,1,0.8038566219125522,1
3548,1,0,0.10988854615554869,0
3549,2,0,0.6341230808358234,1
3550,0,1,0.9074527716076478,1
3551,3,0,0.09126693883562134,0
3552,0,0,0.059421653652264456,0
3553,4,0,0.13102249402534882,0
3554,0,0,0.6848348560276231,1
3555,4,1,0.8316225738463737,1
3556,3,0,0.14826240329748172,0
3557,0,0,0.1521075669589171,0
3558,1,1,0.2274324989035734,0
3559,2,1,0.28299726121462354,0
3560,4,0,0.05678749749111906,0
3561,2,0,0.16196776294638657,0
3562,3,0,0.23174168836560832,0
3563,1,0,0.0871816629697637,0
3564,4,0,0.6231787685785939,1
3565,2,1,0.28354963741936096,0
3566,4,1,0.14531426557850743,0
3567,1,0,0.1813357312899941,0
3568,4,0,0.17428768754397048,0
3569,2,0,0.19384669725262055,0
3570,0,1,0.6728892443226563,1
3571,2,0,0.44951318378703675,0
3572,3,0,0.17599145675328826,0
3573,3,0,0.079808769858935,0
3574,3,0,0.46165873562125276,0
3575,3,1,0.9807123800157214,1
3576,3,1,0.9359524164327938,1
3577,3,1,0.977791029805288,1
3578,3,1,0.9772777479028372,1
3579,3,1,0.5019252339847329,1
3580,3,1,0.9793020963018199,1
3581,2,0,0.3452432431524737,0
3582,0,1,0.8367069182204274,1
3583,3,1,0.7156628517399722,1
3584,4,1,0.6424051309524371,1
3585,1,1,0.3152877228092661,0
3586,2,1,0.8937837471269839,1
3587,4,1,0.9104805715368689,1
3588,1,1,0.12169076519707406,0
3589,1,0,0.8041282608890701,1
3590,2,0,0.2736696180547983,0
3591,4,1,0.5544504241595444,1
3592,4,0,0.2799797213558345,0
3593,2,0,0.27384829580972125,0
3594,1,1,0.9546542318317913,1
3595,2,0,0.11806828715783342,0
3596,2,1,0.809661809285109,1
3597,4,0,0.1649795402465557,0
3598,3,1,0.5893173419624835,1
3599,3,0,0.5893173419624835,1
3600,3,1,0.5893173419624835,1
3601,4,1,0.3660125119232556,0
3602,3,1,0.7450986392782502,1
3603,3,0,0.7958689138155592,1
3604,3,1,0.9709260705332948,1
3605,1,1,0.9661661719524944,1
3606,0,1,0.8288991983263106,1
3607,0,0,0.09119691736616949,0
3608,0,0,0.15136651853796207,0
3609,0,1,0.12144802257262699,0
3610,0,0,0.057393025142120746,0
3611,1,0,0.15587014907448846,0
3612,0,1,0.9745324542938961,1
3613,0,0,0.45741887238671886,0
3614,0,1,0.9745324542938961,1
3615,0,1,0.6075700890834258,1
3616,3,1,0.5893173419624835,1
3617,3,1,0.7714745397982231,1
3618,3,1,0.43659059637335973,0
3619,1,0,0.7211212199692567,1
3620,1,0,0.10698313776822553,0
3621,1,1,0.5489692728102272,1
3622,4,1,0.23682254076925657,0
3623,2,0,0.6482548983630023,1
3624,4,1,0.7746984370324919,1
3625,2,1,0.8831458728087906,1
3626,1,0,0.5119016183231843,1
3627,1,0,0.6817367800897557,1
3628,1,1,0.7159928620964998,1
3629,1,0,0.422232723780681,0
3630,1,0,0.12014536822073442,0
3631,1,1,0.7159928620964998,1
3632,1,0,0.10100140805965542,0
3633,2,1,0.7483891075850125,1
3634,2,1,0.974707610325766,1
3635,2,0,0.1389436256346458,0
3636,1,1,0.28145233134320935,0
3637,4,1,0.7247567446631398,1
3638,3,1,0.2868531006095249,0
3639,3,0,0.2213699962273516,0
3640,3,0,0.49734060134743296,0
3641,2,1,0.7483891075850125,1
3642,0,0,0.3974744705686579,0
3643,0,1,0.9506164119015815,1
3644,2,0,0.2632314881797083,0
3645,4,0,0.10934632605707757,0
3646,2,1,0.5376391559906589,1
3647,2,1,0.5761999309392466,1
3648,4,0,0.12180164445905173,0
3649,1,1,0.6817367800897557,1
3650,1,1,0.7159928620964998,1
3651,2,1,0.12289611322931869,0
3652,4,0,0.1433085795346251,0
3653,1,0,0.30518367628855353,0
3654,1,1,0.4510510444234394,0
3655,0,0,0.20048312279108094,0
3656,0,1,0.9306188912602821,1
3657,0,0,0.11981632822798842,0
3658,2,0,0.13793566685987937,0
3659,3,1,0.25025522192237665,0
3660,4,1,0.7477380300585612,1
3661,0,1,0.7830770583255796,1
3662,3,0,0.7474166768409869,1
3663,3,0,0.08400467380896698,0
3664,2,1,0.5636245002388113,1
3665,2,1,0.8742540447694156,1
3666,2,1,0.9113408568294463,1
3667,2,1,0.9048156537276262,1
3668,4,0,0.10979330654095062,0
3669,1,0,0.11800504512985228,0
3670,4,0,0.6197391032718772,1
3671,0,0,0.736231051046707,1
3672,3,0,0.22461058655428306,0
3673,2,0,0.6482548983630023,1
3674,0,0,0.12804090955241493,0
3675,3,0,0.18882427670198165,0
3676,0,0,0.0766616618878972,0
3677,1,1,0.48801005674372167,0
3678,0,0,0.1622385348746073,0
3679,4,0,0.7481873158015115,1
3680,0,1,0.7476874954944989,1
3681,2,0,0.23303808612200694,0
3682,1,0,0.037615922977064405,0
3683,2,0,0.15226551692429546,0
3684,1,1,0.7159928620964998,1
3685,3,0,0.18024233618340257,0
3686,0,1,0.8864562457723849,1
3687,3,1,0.4828925839505647,0
3688,1,0,0.08947046400843361,0
3689,3,1,0.3748099773896431,0
3690,4,1,0.7660867920328401,1
3691,4,0,0.20277155063572402,0
3692,2,1,0.8568209639853577,1
3693,2,1,0.45032415695773315,0
3694,0,0,0.18095576346144235,0
3695,4,0,0.6644516174857029,1
3696,1,1,0.4291692221978231,0
3697,3,0,0.2470398739162403,0
3698,0,1,0.8784407533836139,1
3699,3,1,0.15332816096194785,0
3700,0,1,0.7876207013431793,1
3701,2,1,0.852413403803483,1
3702,0,1,0.35396525605966794,0
3703,1,1,0.6636069974500791,1
3704,2,0,0.24735158407811203,0
3705,1,1,0.7197767844015363,1
3706,0,0,0.06926885216213292,0
3707,0,0,0.23599239512337297,0
3708,0,0,0.25563337603646485,0
3709,4,1,0.364292392992101,0
3710,1,0,0.1566039038244782,0
3711,0,0,0.11090665658694528,0
3712,1,0,0.11570221549539386,0
3713,1,1,0.9634318325240445,1
3714,4,0,0.4444283189311276,0
3715,3,0,0.13400436195694554,0
3716,4,0,0.07822789048920725,0
3717,4,0,0.4444283189311276,0
3718,4,0,0.4444283189311276,0
3719,4,1,0.4868278530052291,0
3720,3,1,0.42602467058570964,0
3721,2,0,0.13572207178821302,0
3722,1,1,0.4965536955700487,0
3723,4,0,0.8414098626339368,1
3724,1,1,0.7579877105418826,1
3725,3,0,0.29766317763650807,0
3726,1,1,0.7727725990397258,1
3727,4,1,0.9507902375112905,1
3728,4,1,0.7830828099938295,1
3729,4,1,0.7343623733819575,1
3730,4,0,0.8180095186047563,1
3731,4,1,0.9470641998298848,1
3732,4,1,0.633631080703263,1
3733,4,0,0.5814258238402195,1
3734,4,0,0.7244415401657903,1
3735,4,1,0.11147494204980432,0
3736,2,1,0.45032415695773315,0
3737,2,1,0.6879752944799794,1
3738,2,0,0.45032415695773315,0
3739,1,0,0.8473612189122849,1
3740,2,1,0.556998848205323,1
3741,4,1,0.7571588189612893,1
3742,2,1,0.6118209629320142,1
3743,2,0,0.6830407695014264,1
3744,1,1,0.7934359158127201,1
3745,1,1,0.7727725990397258,1
3746,1,1,0.22759438469581975,0
3747,1,0,0.09234339321498727,0
3748,1,1,0.9409918053627178,1
3749,2,1,0.8904661585218215,1
3750,1,1,0.16134989022421892,0
3751,1,0,0.6543538139368589,1
3752,3,0,0.08166505311547807,0
3753,0,0,0.2063454530282239,0
3754,0,0,0.28543238203451765,0
3755,2,0,0.23304888127952972,0
3756,0,0,0.6626501703369964,1
3757,3,1,0.8889018779704655,1
3758,3,1,0.8958164326230531,1
3759,0,0,0.8366238952839061,1
3760,3,0,0.25550219554160186,0
3761,1,0,0.3591171214002563,0
3762,1,1,0.1650115124804814,0
3763,0,0,0.20881312705255806,0
3764,1,0,0.16967137821697564,0
3765,2,0,0.11034762497642332,0
3766,1,0,0.8054079703172038,1
3767,1,1,0.9661661719524944,1
3768,0,1,0.6208578904311555,1
3769,3,1,0.5893173419624835,1
3770,1,0,0.8473612189122849,1
3771,3,0,0.5893173419624835,1
3772,3,0,0.7714745397982231,1
3773,3,0,0.5893173419624835,1
3774,2,1,0.9637500748631449,1
3775,2,1,0.9566764917615778,1
3776,1,1,0.41222086995987756,0
3777,2,1,0.44864223778855983,0
3778,3,0,0.7148926782075413,1
3779,2,1,0.6893328169960887,1
3780,1,0,0.10858101818891622,0
3781,3,1,0.7474166768409869,1
3782,2,0,0.7195557573244802,1
3783,1,0,0.1833816281237472,0
3784,3,0,0.6501425886118642,1
3785,2,1,0.8779310103207301,1
3786,2,1,0.9511698503825892,1
3787,2,1,0.9511698503825892,1
3788,4,0,0.04648307923213185,0
3789,4,0,0.3018797512455689,0
3790,4,1,0.784365922112304,1
3791,4,1,0.9000425577227928,1
3792,0,0,0.09924142487058456,0
3793,1,1,0.6276768744532358,1
3794,0,1,0.7682542288376926,1
3795,2,0,0.9511698503825892,1
3796,2,0,0.08753413018218703,0
3797,3,1,0.7714745397982231,1
3798,1,0,0.6929672067299231,1
3799,4,0,0.16643463128530303,0
3800,3,0,0.14120521179116904,0
3801,4,0,0.22316638467987956,0
3802,0,1,0.9071539670273578,1
3803,0,1,0.9071539670273578,1
3804,3,1,0.7450986392782502,1
3805,1,1,0.21684280365583866,0
3806,0,0,0.07689532980820697,0
3807,1,0,0.3587597729506379,0
3808,1,1,0.9634318325240445,1
3809,1,0,0.3107515126643245,0
3810,1,1,0.6887984843773581,1
3811,3,1,0.9435362995602018,1
3812,3,1,0.95181974933382,1
3813,3,1,0.7167960172789642,1
3814,2,0,0.2881047168886309,0
3815,2,0,0.06214757866547645,0
3816,1,0,0.6636069974500791,1
3817,3,0,0.2582658785760244,0
3818,2,0,0.1710051754318082,0
3819,0,0,0.11201769830283244,0
3820,0,0,0.5354025079451115,1
3821,3,1,0.9375190106510577,1
3822,2,1,0.5410103584013658,1
3823,0,1,0.2573829479780405,0
3824,4,1,0.495950408726525,0
3825,1,1,0.5225176873723104,1
3826,1,0,0.11785911777551453,0
3827,0,0,0.07003610483422656,0
3828,4,1,0.17053113658353256,0
3829,2,0,0.4568807323103646,0
3830,3,0,0.6501425886118642,1
3831,0,1,0.6604276167071426,1
3832,4,0,0.2635794587012636,0
3833,1,1,0.9385838892371495,1
3834,0,0,0.6477397779671729,1
3835,0,0,0.07258159388102008,0
3836,1,1,0.901551984216504,1
3837,4,0,0.18831272028987633,0
3838,0,1,0.9700060992284095,1
3839,0,1,0.909333104567213,1
3840,4,1,0.19697001190905605,0
3841,4,0,0.049868199200965746,0
3842,3,1,0.7714745397982231,1
3843,2,1,0.955742429336937,1
3844,2,1,0.6288582954668761,1
3845,2,1,0.8164627426266132,1
3846,0,0,0.7469766220683532,1
3847,4,1,0.655323575368408,1
3848,3,0,0.7335821411344977,1
3849,4,1,0.5908919635326633,1
3850,4,1,0.8724192965196937,1
3851,4,0,0.40490935366281566,0
3852,4,1,0.6768765840605461,1
3853,4,1,0.8448213447357841,1
3854,0,0,0.5794168125779409,1
3855,1,1,0.8869246207831522,1
3856,1,1,0.9724152541005383,1
3857,1,0,0.7075456133698486,1
3858,1,1,0.8306893257559124,1
3859,2,0,0.15241150428654,0
3860,0,0,0.22065013966379468,0
3861,0,0,0.12134768441128323,0
3862,1,0,0.46096262505630414,0
3863,4,1,0.9728601175701892,1
3864,0,0,0.7502676636545181,1
3865,1,0,0.11440311000391794,0
3866,1,0,0.10942280320623866,0
3867,1,1,0.3595276696725418,0
3868,1,1,0.971288967214474,1
3869,3,1,0.1546962961352905,0
3870,1,1,0.9367471839440339,1
3871,3,1,0.7172926624518217,1
3872,1,0,0.116166656281253,0
3873,0,1,0.8972657537197168,1
3874,0,0,0.7031978710171463,1
3875,4,0,0.2182059231038804,0
3876,2,0,0.18712288206444008,0
3877,4,1,0.3182013287885018,0
3878,2,1,0.8072233618240626,1
3879,0,1,0.16205848092131983,0
3880,3,1,0.9447687043142776,1
3881,3,1,0.7086575959052108,1
3882,4,0,0.2156755753545517,0
3883,2,0,0.13480187069200947,0
3884,4,0,0.09229396708415828,0
3885,2,1,0.916669309294046,1
3886,2,1,0.8480734990875043,1
3887,0,1,0.948529365792391,1
3888,0,0,0.6604276167071426,1
3889,0,1,0.8367069182204274,1
3890,0,0,0.09360680900459123,0
3891,0,1,0.7637480459315678,1
3892,0,0,0.18804094950986236,0
3893,0,0,0.40696931119344737,0
3894,0,1,0.8442253103653572,1
3895,2,1,0.46435615797295104,0
3896,2,0,0.054217049045723706,0
3897,2,0,0.1299624912244894,0
3898,3,0,0.14245228971914717,0
3899,3,1,0.8255758391702859,1
3900,3,1,0.835703221117074,1
3901,3,1,0.15039840080797964,0
3902,3,0,0.1406459751514687,0
3903,2,0,0.16073418593481306,0
3904,3,1,0.845352736052345,1
3905,3,1,0.21496041035636965,0
3906,3,1,0.9633502627524161,1
3907,3,1,0.9709260705332948,1
3908,3,0,0.3147535328099079,0
3909,4,0,0.06073048184983387,0
3910,3,1,0.6622219407231102,1
3911,3,1,0.9330378154643175,1
3912,4,1,0.9061119076902243,1
3913,4,1,0.9061119076902243,1
3914,0,1,0.9530711316456152,1
3915,4,1,0.9537966346440219,1
3916,4,0,0.16643722128848837,0
3917,4,1,0.3818451775446907,0
3918,0,0,0.2276878018545907,0
3919,0,0,0.13651204925398894,0
3920,0,0,0.19286242110937218,0
3921,1,0,0.16397319707106392,0
3922,0,0,0.2015481732736128,0
3923,4,1,0.8562732266926601,1
3924,4,1,0.810648713637033,1
3925,3,1,0.08184365085833005,0
3926,0,0,0.10928879138089251,0
3927,4,0,0.18635892344253416,0
3928,4,1,0.8541687614804939,1
3929,0,1,0.7780884416480727,1
3930,1,1,0.24533094452011653,0
3931,1,1,0.21459178283976835,0
3932,3,0,0.11190572979587214,0
3933,2,1,0.9166354028227925,1
3934,3,0,0.11988013535273949,0
3935,2,1,0.5951736461426884,1
3936,2,0,0.45032415695773315,0
3937,2,1,0.6658733339508079,1
3938,0,0,0.22183335878745997,0
3939,1,0,0.7184106943860206,1
3940,2,1,0.8787803732440216,1
3941,2,1,0.9675391089786115,1
3942,4,0,0.3231421917617709,0
3943,2,1,0.9734715928089447,1
3944,2,1,0.9789021137014265,1
3945,4,1,0.9579032117815395,1
3946,4,1,0.7660867920328401,1
3947,2,0,0.20583220160694823,0
3948,4,0,0.08348848205876273,0
3949,4,0,0.1666565279190622,0
3950,2,1,0.9238487410871767,1
3951,2,1,0.805975187071127,1
3952,0,1,0.8367069182204274,1
3953,0,1,0.44295936962169075,0
3954,1,1,0.8476528016223601,1
3955,1,0,0.1513078537247999,0
3956,1,0,0.10415354921426503,0
3957,0,0,0.10127588876781156,0
3958,4,1,0.6038046646087736,1
3959,4,0,0.0681330455960281,0
3960,2,0,0.05658364847887712,0
3961,1,1,0.235291973074093,0
3962,4,1,0.18615795959874373,0
3963,3,0,0.729339644604343,1
3964,2,0,0.2030219056820634,0
3965,0,0,0.09124331223444122,0
3966,4,1,0.8404873854317159,1
3967,3,1,0.7468447059408444,1
3968,0,0,0.23609392939718526,0
3969,4,1,0.6727458788158079,1
3970,0,1,0.9715954407836142,1
3971,0,0,0.11515307052406315,0
3972,2,1,0.9312652626820228,1
3973,4,1,0.8316225738463737,1
3974,4,0,0.19420989656163776,0
3975,4,1,0.21141365362555295,0
3976,1,1,0.7654609501987354,1
3977,2,0,0.022726356109546778,0
3978,1,1,0.6015201834040892,1
3979,1,1,0.9604170343762539,1
3980,1,1,0.5820848229197899,1
3981,2,0,0.08262744414122819,0
3982,2,1,0.2943619510874163,0
3983,4,0,0.09892153503480951,0
3984,1,0,0.21746506297145612,0
3985,1,1,0.9431631783880441,1
3986,1,0,0.19671331889019295,0
3987,4,1,0.5671607778739846,1
3988,0,0,0.0679562108386015,0
3989,1,0,0.6727363567900316,1
3990,1,1,0.6636069974500791,1
3991,0,1,0.08974878118913167,0
3992,1,0,0.0737317803277291,0
3993,1,0,0.6636069974500791,1
3994,1,0,0.17669368978137145,0
3995,0,0,0.38478534077398224,0
3996,4,0,0.23629935541637465,0
3997,1,0,0.17051261159303732,0
3998,1,0,0.12618207247197005,0
3999,1,0,0.526661903537518,1
4000,1,1,0.8822454504168724,1
4001,4,1,0.7660867920328401,1
4002,4,1,0.32313798256388987,0
4003,2,1,0.9566764917615778,1
4004,2,0,0.33241883586911947,0
4005,4,0,0.15332953563304336,0
4006,3,1,0.7474166768409869,1
4007,1,1,0.6727363567900316,1
4008,0,1,0.9073100368678862,1
4009,1,0,0.3190185868290342,0
4010,4,1,0.8883541608442911,1
4011,4,1,0.21443614608582856,0
4012,1,0,0.08656175670625933,0
4013,0,1,0.6664160610836036,1
4014,2,1,0.6309165333924864,1
4015,3,0,0.49793668547565756,0
4016,1,1,0.8310064048343916,1
4017,2,0,0.7483891075850125,1
4018,0,1,0.20735461273578235,0
4019,0,1,0.9275333918318842,1
4020,2,1,0.15678582149007297,0
4021,4,1,0.6862700930755979,1
4022,2,1,0.8826385629413634,1
4023,3,0,0.758531995433989,1
4024,2,0,0.29201493946296986,0
4025,0,1,0.7469766220683532,1
4026,1,1,0.8820455000779843,1
4027,3,1,0.7316636641016654,1
4028,3,1,0.6925306014882527,1
4029,3,0,0.18031245556063974,0
4030,1,0,0.4890941414582295,0
4031,1,1,0.637248311663318,1
4032,1,1,0.6180042778233074,1
4033,3,1,0.2912226984817322,0
4034,3,0,0.6755667210883598,1
4035,0,1,0.4549154148961665,0
4036,0,0,0.2838719917217404,0
4037,0,0,0.21003607315901568,0
4038,0,1,0.15141316018050988,0
4039,3,1,0.4236386324306699,0
4040,3,0,0.0663397174875372,0
4041,3,1,0.4426989032336355,0
4042,2,1,0.8978640260834704,1
4043,3,0,0.05640252901063831,0
4044,3,0,0.07653033325198572,0
4045,2,1,0.8247114606497736,1
4046,2,1,0.8978640260834704,1
4047,2,0,0.2291851088640656,0
4048,2,1,0.9252380934660812,1
4049,2,1,0.9468482745864153,1
4050,3,0,0.20908550744882531,0
4051,2,1,0.46132660468172126,0
4052,2,1,0.8072233618240626,1
4053,0,0,0.3184664738759594,0
4054,4,1,0.9261157450441465,1
4055,2,0,0.8164627426266132,1
4056,2,1,0.597359777253409,1
4057,2,1,0.9765655813623495,1
4058,1,1,0.2693106393379625,0
4059,2,1,0.43272362636331796,0
4060,3,1,0.608019266295111,1
4061,3,1,0.9222892950771683,1
4062,3,1,0.3778685615847803,0
4063,3,1,0.776525590769746,1
4064,3,0,0.21999998957365244,0
4065,0,1,0.8564814462620159,1
4066,4,1,0.7247567446631398,1
4067,0,1,0.5430122356365287,1
4068,2,0,0.07610993403947337,0
4069,3,1,0.1231438440561653,0
4070,4,0,0.11226623288804201,0
4071,3,1,0.9353553277735872,1
4072,1,0,0.10298646860534766,0
4073,1,1,0.7579877105418826,1
4074,1,0,0.060584267019069195,0
4075,0,0,0.16770353790778733,0
4076,2,1,0.6218920188421961,1
4077,2,1,0.8555941090874186,1
4078,4,0,0.10737186836038412,0
4079,2,1,0.972107919177099,1
4080,0,0,0.1100370620200766,0
4081,3,1,0.2802070075550753,0
4082,3,0,0.5099161993480832,1
4083,3,1,0.6538883976362015,1
4084,3,0,0.46213188633620195,0
4085,0,1,0.8442253103653572,1
4086,3,1,0.15536817734468195,0
4087,0,1,0.5002047555891951,1
4088,4,1,0.5908919635326633,1
4089,0,0,0.14545797928662868,0
4090,4,1,0.7288955191764198,1
4091,0,1,0.7830770583255796,1
4092,2,1,0.8584075797593614,1
4093,3,0,0.2258501981706222,0
4094,0,0,0.10097897776311404,0
4095,0,1,0.6413046747610959,1
4096,0,0,0.47804837322840177,0
4097,0,1,0.9164157798793449,1
4098,0,1,0.6266321775956133,1
4099,0,1,0.5163195175978592,1
4100,0,1,0.8806880489357934,1
4101,0,0,0.17748143057513396,0
4102,1,0,0.18086156923120325,0
4103,4,1,0.11967226220540135,0
4104,0,1,0.1422426243662055,0
4105,1,1,0.9064242282257327,1
4106,3,1,0.8933538709627648,1
4107,3,1,0.770116065599061,1
4108,0,0,0.3086408313927132,0
4109,3,1,0.9063178758641741,1
4110,4,1,0.8561030020191425,1
4111,4,1,0.8304103158908879,1
4112,4,0,0.14839897435731236,0
4113,1,1,0.11963010834686783,0
4114,2,0,0.10446698391107798,0
4115,1,0,0.6817367800897557,1
4116,3,0,0.08799309242236798,0
4117,4,0,0.11430996316473521,0
4118,4,0,0.0941428408143597,0
4119,3,1,0.8067065488692362,1
4120,4,0,0.1637686464893898,0
4121,2,0,0.2322036067245919,0
4122,0,1,0.8119097652156566,1
4123,0,1,0.9071539670273578,1
4124,3,1,0.6121896257227412,1
4125,3,1,0.7474166768409869,1
4126,0,0,0.6208578904311555,1
4127,4,0,0.25384129916572107,0
4128,0,0,0.14107723425386406,0
4129,3,0,0.16220229795370672,0
4130,2,1,0.974707610325766,1
4131,1,1,0.7346113731332308,1
4132,0,1,0.8089894932506487,1
4133,1,1,0.6383780351908829,1
4134,2,0,0.09925984178352826,0
4135,0,1,0.12811968851390476,0
4136,4,0,0.13107106987711745,0
4137,1,0,0.2589602870643072,0
4138,1,1,0.9473302271116155,1
4139,4,1,0.970059385525314,1
4140,4,1,0.4793975008251803,0
4141,1,0,0.06857419174803488,0
4142,3,1,0.8889018779704655,1
4143,3,0,0.2639438499044104,0
4144,3,0,0.2432256145711286,0
4145,2,1,0.6555731107018934,1
4146,3,0,0.12892315543373742,0
4147,0,1,0.9387810461322034,1
4148,1,0,0.5376014258970574,1
4149,0,0,0.6217436684655561,1
4150,1,0,0.6180042778233074,1
4151,3,1,0.6196096287288555,1
4152,4,1,0.7660867920328401,1
4153,2,0,0.25073863255881856,0
4154,0,1,0.35013272867766404,0
4155,1,1,0.9493473624748435,1
4156,1,1,0.9409150981649216,1
4157,1,1,0.6602719146019307,1
4158,4,0,0.35185045502393836,0
4159,4,0,0.1301463090809299,0
4160,1,0,0.347197956716927,0
4161,1,0,0.25331028026694585,0
4162,1,1,0.9647939723054246,1
4163,1,1,0.703469299352467,1
4164,1,1,0.43086085353683495,0
4165,4,1,0.8336378546859292,1
4166,0,1,0.9264233454957774,1
4167,0,1,0.4728234946732697,0
4168,2,1,0.9637500748631449,1
4169,2,1,0.9624397826770347,1
4170,2,1,0.9637500748631449,1
4171,2,0,0.3261045657897912,0
4172,1,1,0.78998236769199,1
4173,2,1,0.7483891075850125,1
4174,3,0,0.4146607066535467,0
4175,4,1,0.28697901576367857,0
4176,0,1,0.15616833673546365,0
4177,0,1,0.6339668243440376,1
4178,0,1,0.9023213840300062,1
4179,0,0,0.21107801102250998,0
4180,3,1,0.9435362995602018,1
4181,3,1,0.9435362995602018,1
4182,3,0,0.5540697282032413,1
4183,3,0,0.9414937300958165,1
4184,3,0,0.19176295111868827,0
4185,3,0,0.21863348263923407,0
4186,0,0,0.16069820198868764,0
4187,0,1,0.4413560034195677,0
4188,3,1,0.9435362995602018,1
4189,3,0,0.19420075985521423,0
4190,2,0,0.1869803917782477,0
4191,1,0,0.28182448832951357,0
4192,0,0,0.38308409398081444,0
4193,2,0,0.2587156711966092,0
4194,4,0,0.17469157663842289,0
4195,0,1,0.7876207013431793,1
4196,0,1,0.7682542288376926,1
4197,0,1,0.7876207013431793,1
4198,0,0,0.19070549642547402,0
4199,0,1,0.9321662059151875,1
4200,2,0,0.09476748466430357,0
4201,4,0,0.33587355303192573,0
4202,4,0,0.0952166449743505,0
4203,4,0,0.633631080703263,1
4204,4,1,0.5814258238402195,1
4205,4,1,0.5814258238402195,1
4206,4,0,0.7572491284343513,1
4207,4,1,0.7830828099938295,1
4208,3,0,0.11721000126994463,0
4209,3,0,0.11291226564668297,0
4210,2,1,0.8343120884954128,1
4211,2,0,0.1387401643561364,0
4212,2,1,0.7628269781361983,1
4213,2,0,0.05088883934940744,0
4214,1,0,0.6706464065040514,1
4215,0,0,0.2816030161931199,0
4216,1,1,0.6449822703413008,1
4217,4,1,0.26851533609888656,0
4218,3,1,0.8958164326230531,1
4219,2,1,0.5256117934173113,1
4220,2,0,0.6302233529980247,1
4221,2,0,0.6141820500082458,1
4222,2,0,0.7350624225828737,1
4223,2,1,0.7500095598026703,1
4224,2,0,0.5693748359382976,1
4225,2,1,0.7483891075850125,1
4226,2,1,0.893830976375869,1
4227,2,0,0.09387059471933183,0
4228,2,0,0.5884358585515391,1
4229,0,0,0.19989310172940644,0
4230,0,1,0.7682542288376926,1
4231,1,0,0.7293263568020885,1
4232,2,1,0.513493819756269,1
4233,2,0,0.6904666075317933,1
4234,2,0,0.4236468322092972,0
4235,2,0,0.30479432818405344,0
4236,3,0,0.13181726665331137,0
4237,2,0,0.17828002395444353,0
4238,2,1,0.43661188666299955,0
4239,1,1,0.8463383225311362,1
4240,1,1,0.8150812222689541,1
4241,3,1,0.8933538709627648,1
4242,1,1,0.9634318325240445,1
4243,1,1,0.9661661719524944,1
4244,3,0,0.18925119625742162,0
4245,1,1,0.7654609501987354,1
4246,2,0,0.45032415695773315,0
4247,2,1,0.7335501553067842,1
4248,4,0,0.2042694883995147,0
4249,2,0,0.1644477206461633,0
4250,3,0,0.06638528741886929,0
4251,3,0,0.13933577389402776,0
4252,0,1,0.16650101553816365,0
4253,3,1,0.8429807790073369,1
4254,3,0,0.12858860679973755,0
4255,0,0,0.13413431524832156,0
4256,2,1,0.9458416811436088,1
4257,3,1,0.758531995433989,1
4258,3,1,0.9395752337005581,1
4259,0,1,0.5894819384172338,1
4260,3,0,0.16978519463649144,0
4261,3,0,0.2026716465309732,0
4262,4,0,0.15295099664576275,0
4263,2,0,0.10122110334856219,0
4264,2,1,0.6325397345532584,1
4265,2,1,0.7766835908407773,1
4266,0,1,0.9511994806547321,1
4267,0,1,0.9550061522135803,1
4268,0,0,0.09476383661945767,0
4269,4,1,0.6424051309524371,1
4270,2,1,0.376707855566743,0
4271,4,1,0.11345409676906931,0
4272,0,0,0.07763489738337921,0
4273,3,1,0.9449034282163208,1
4274,4,1,0.3058626717243482,0
4275,2,0,0.18008302406183457,0
4276,3,0,0.10108429024497394,0
4277,0,0,0.37453044614840625,0
4278,4,0,0.22788389871477618,0
4279,1,1,0.21419633282683473,0
4280,3,1,0.9107978614120086,1
4281,4,0,0.34497503819688585,0
4282,2,1,0.9639904472563067,1
4283,3,1,0.9807123800157214,1
4284,3,0,0.44705463112043525,0
4285,0,0,0.16037845893363883,0
4286,4,0,0.10317380237785072,0
4287,3,0,0.10481493970769733,0
4288,4,1,0.9567610233758916,1
4289,4,0,0.23726452875660067,0
4290,1,1,0.968901027163725,1
4291,2,1,0.7628269781361983,1
4292,0,0,0.1076142193774026,0
4293,4,1,0.21981590747358404,0
4294,2,0,0.28568003320373975,0
4295,3,0,0.1381879399304415,0
4296,3,0,0.18404480503299708,0
4297,4,1,0.5337592937973679,1
4298,1,1,0.8864564339340444,1
4299,0,1,0.523803907433199,1
4300,0,1,0.7305543451044885,1
4301,0,0,0.26845683472268866,0
4302,1,0,0.2298121510993492,0
4303,1,0,0.09660116480336499,0
4304,1,1,0.8820455000779843,1
4305,1,1,0.7860910778433612,1
4306,1,1,0.8905355139341693,1
4307,1,1,0.8905355139341693,1
4308,1,1,0.8983092182520768,1
4309,3,1,0.6347057784605615,1
4310,3,0,0.2922301992973959,0
4311,3,0,0.15064061837826684,0
4312,3,1,0.664792497715126,1
4313,3,0,0.17790679881295654,0
4314,1,1,0.9585696588681367,1
4315,1,1,0.7579877105418826,1
4316,3,1,0.6501425886118642,1
4317,1,0,0.12683872061950907,0
4318,0,1,0.8218604781420202,1
4319,0,0,0.30335042340376667,0
4320,0,0,0.1780991540589083,0
4321,2,0,0.05062667963077151,0
4322,4,0,0.3729324808027122,0
4323,4,0,0.3774943447793348,0
4324,1,0,0.0554775985535014,0
4325,4,1,0.1598690929065764,0
4326,1,0,0.3564959991475465,0
4327,1,0,0.051488848815802776,0
4328,0,1,0.7682542288376926,1
4329,4,1,0.8810109077619792,1
4330,2,1,0.9341483596614684,1
4331,0,1,0.753626286004815,1
4332,2,0,0.137870201798231,0
4333,1,0,0.7425612987916286,1
4334,0,1,0.9112178283281431,1
4335,0,1,0.6913612761867669,1
4336,2,1,0.7644552314746323,1
4337,1,0,0.22893093654967014,0
4338,0,1,0.9835555247422857,1
4339,0,1,0.973102900242837,1
4340,4,1,0.80113427468519,1
4341,0,1,0.973102900242837,1
4342,0,1,0.9707804461308699,1
4343,0,0,0.13833118182596402,0
4344,0,1,0.973102900242837,1
4345,4,1,0.7328944101844491,1
4346,1,1,0.1650955293290962,0
4347,1,1,0.9645772179983418,1
4348,4,1,0.9715445455780435,1
4349,4,1,0.9701671584069826,1
4350,4,0,0.2943750705238572,0
4351,4,0,0.3377748523496614,0
4352,4,0,0.30650188619085955,0
4353,1,0,0.08385280843296353,0
4354,4,0,0.19395552357711385,0
4355,2,1,0.6138671553354837,1
4356,2,0,0.34002526072031386,0
4357,0,1,0.2844155804106162,0
4358,2,1,0.16326677124224864,0
4359,4,0,0.1627578080793408,0
4360,2,0,0.3318264471080972,0
4361,0,1,0.900542642092794,1
4362,0,1,0.37158454189924034,0
4363,4,1,0.9825892063876518,1
4364,4,1,0.9686124316509735,1
4365,4,1,0.14650436451768353,0
4366,4,1,0.21607752108270598,0
4367,3,0,0.06864523091276167,0
4368,3,0,0.07824054712528594,0
4369,0,1,0.5650603768785085,1
4370,1,1,0.6251774655626361,1
4371,2,0,0.1372758448936446,0
4372,2,1,0.8831458728087906,1
4373,0,1,0.9525339254332293,1
4374,0,1,0.8120588289254356,1
4375,4,0,0.1933616608140759,0
4376,3,0,0.5893173419624835,1
4377,3,0,0.13756234077841364,0
4378,2,0,0.261685000725673,0
4379,2,0,0.26524232195106,0
4380,3,0,0.23434748070684436,0
4381,3,1,0.2982104914752572,0
4382,4,0,0.7213326124805376,1
4383,4,1,0.6752187066378059,1
4384,4,0,0.6752187066378059,1
4385,3,0,0.0508203872094436,0
4386,4,0,0.6752187066378059,1
4387,4,0,0.4444283189311276,0
4388,1,0,0.2689742308987713,0
4389,1,1,0.9533761105815072,1
4390,2,1,0.6797348863608029,1
4391,4,1,0.7830828099938295,1
4392,4,1,0.7830828099938295,1
4393,4,1,0.7746984370324919,1
4394,4,1,0.633631080703263,1
4395,4,1,0.7572491284343513,1
4396,4,1,0.8180095186047563,1
4397,4,0,0.2677905452571572,0
4398,2,0,0.5951736461426884,1
4399,1,1,0.8306893257559124,1
4400,4,1,0.9758978139010368,1
4401,4,1,0.980078053355124,1
4402,3,0,0.671515532292117,1
4403,3,0,0.2743148721465328,0
4404,0,1,0.20429441285710864,0
4405,0,0,0.40216988506612633,0
4406,4,0,0.1341516087049919,0
4407,0,1,0.4191319084267957,0
4408,1,0,0.8050695417432608,1
4409,2,1,0.8642571245018152,1
4410,2,1,0.6912059562440264,1
4411,1,0,0.18793510167443736,0
4412,4,1,0.3744357510412076,0
4413,2,1,0.9074627056556241,1
4414,3,1,0.5042794739996752,1
4415,1,1,0.9409150981649216,1
4416,0,0,0.21144577160252773,0
4417,1,0,0.08327117758352841,0
4418,2,0,0.26540529044179173,0
4419,2,1,0.9622509747629429,1
4420,0,1,0.4883519929988253,0
4421,1,1,0.7860910778433612,1
4422,1,0,0.1599235564966235,0
4423,1,1,0.8944854948207961,1
4424,3,1,0.8889018779704655,1
4425,3,0,0.5560305254619047,1
4426,1,0,0.1696188238420541,0
4427,4,0,0.6424051309524371,1
4428,4,1,0.6311444670277576,1
4429,3,0,0.1383786716507456,0
4430,3,0,0.12499680038889843,0
4431,4,1,0.5181996450248388,1
4432,2,0,0.1997195023346684,0
4433,1,0,0.1800502066893812,0
4434,4,1,0.5431173958009651,1
4435,1,0,0.1591956343901909,0
4436,1,0,0.6636069974500791,1
4437,2,0,0.6658733339508079,1
4438,1,1,0.8160773207201234,1
4439,4,1,0.3826984123071126,0
4440,1,1,0.7579877105418826,1
4441,4,1,0.27104801136394546,0
4442,4,0,0.15602944236795463,0
4443,3,0,0.10128905311279139,0
4444,3,1,0.482270542305033,0
4445,3,1,0.5972929845721063,1
4446,3,1,0.3552861072098763,0
4447,3,1,0.9756225711465466,1
4448,3,1,0.4766097965605029,0
4449,2,0,0.24818361262028943,0
4450,2,1,0.8826025139086803,1
4451,3,0,0.18152954669998758,0
4452,3,1,0.9647176372367214,1
4453,3,1,0.9565793301570442,1
4454,3,1,0.8829732114838911,1
4455,1,1,0.09490050988852293,0
4456,0,0,0.284157548741222,0
4457,0,0,0.2092806264434265,0
4458,1,1,0.0852486531441957,0
4459,2,1,0.8343120884954128,1
4460,2,1,0.7445189747141071,1
4461,2,1,0.7076432743410931,1
4462,3,1,0.5061194159977332,1
4463,0,1,0.946262412834375,1
4464,0,1,0.9619022707654181,1
4465,1,0,0.2303945644436571,0
4466,3,0,0.4043420704454707,0
4467,0,0,0.2580559047422483,0
4468,0,0,0.1831449285413936,0
4469,4,0,0.2617002677056613,0
4470,2,0,0.3320698105011824,0
4471,1,0,0.22941682032542413,0
4472,3,1,0.8371850191547662,1
4473,3,1,0.976172330871492,1
4474,3,1,0.9744387373833556,1
4475,2,0,0.12639998251825757,0
4476,4,0,0.13555842411599633,0
4477,2,0,0.16954564186929522,0
4478,4,1,0.8371572296202312,1
4479,0,1,0.34557431969763597,0
4480,2,1,0.4547031328093841,0
4481,1,1,0.7579877105418826,1
4482,1,1,0.501737632349977,1
4483,1,1,0.8417249153523509,1
4484,4,0,0.18488615454590468,0
4485,0,1,0.132994327057271,0
4486,1,1,0.8574174688444522,1
4487,1,1,0.8574174688444522,1
4488,1,0,0.13505719537511385,0
4489,1,1,0.8574174688444522,1
4490,3,1,0.3358290587927666,0
4491,3,1,0.758531995433989,1
4492,0,0,0.33328062708690986,0
4493,1,0,0.1436641091003473,0
4494,1,1,0.8221775951393216,1
4495,2,1,0.9640892342638914,1
4496,1,0,0.3265249045466135,0
4497,1,0,0.3689409540161864,0
4498,1,1,0.9773924293735998,1
4499,1,0,0.3283862167014159,0
4500,2,1,0.1658544986453695,0
4501,1,1,0.8978827418836858,1
4502,4,1,0.9567610233758916,1
4503,4,1,0.9415984820417787,1
4504,4,0,0.10041506275540574,0
4505,3,0,0.156026001320869,0
4506,0,0,0.5060624745719796,1
4507,4,1,0.17326919066163285,0
4508,0,1,0.7780884416480727,1
4509,2,0,0.22775369394667744,0
4510,2,1,0.6594024874698499,1
4511,0,0,0.10836274333943945,0
4512,4,1,0.37510112011640223,0
4513,3,1,0.7897939935896828,1
4514,2,1,0.8164105948367766,1
4515,2,1,0.7350624225828737,1
4516,1,1,0.8416386892163978,1
4517,1,1,0.8574174688444522,1
4518,1,1,0.852308950545504,1
4519,1,0,0.6727363567900316,1
4520,1,0,0.13177981837698227,0
4521,4,1,0.20882444602566416,0
4522,2,1,0.5884358585515391,1
4523,2,1,0.7899535582812198,1
4524,4,0,0.04836052609054921,0
4525,0,0,0.14638890589712303,0
4526,4,0,0.11647371761562096,0
4527,3,1,0.9201408326703189,1
4528,2,1,0.7947609719611654,1
4529,0,1,0.2678760487092729,0
4530,3,0,0.23316390985983618,0
4531,0,1,0.3323397039035461,0
4532,0,1,0.8486260220558948,1
4533,0,1,0.8783950663363139,1
4534,0,1,0.8556902815425834,1
4535,0,1,0.789074970196458,1
4536,0,1,0.7063734336842066,1
4537,3,0,0.06761461726767025,0
4538,4,1,0.7049128305864776,1
4539,0,1,0.0844943321037914,0
4540,1,0,0.19603402127783096,0
4541,1,0,0.11454944576004149,0
4542,2,1,0.844841736315387,1
4543,1,0,0.1076944968307027,0
4544,1,1,0.8827287038122557,1
4545,2,1,0.8398728764947321,1
4546,0,1,0.5310970550631365,1
4547,3,0,0.20456840510326432,0
4548,4,1,0.8683558555860516,1
4549,0,1,0.9683307267278074,1
4550,0,0,0.4298703173742549,0
4551,0,0,0.21578308162808377,0
4552,4,0,0.174787133596229,0
4553,3,1,0.8765121198499826,1
4554,1,0,0.09918986824557287,0
4555,3,1,0.7958689138155592,1
4556,4,1,0.4798089386067909,0
4557,3,1,0.11220360244758083,0
4558,1,1,0.15756442433739468,0
4559,1,1,0.16406688627345287,0
4560,4,1,0.27256264644222916,0
4561,4,0,0.2922170355057955,0
4562,3,1,0.2099521713314552,0
4563,0,0,0.11725268850556599,0
4564,3,0,0.8541612224738436,1
4565,4,0,0.3829986808199011,0
4566,1,0,0.06523782571982405,0
4567,2,1,0.4543709335035594,0
4568,1,1,0.4582689403015928,0
4569,3,0,0.15234422619052143,0
4570,1,0,0.8725781020483492,1
4571,1,1,0.4634504817045719,0
4572,1,1,0.3689285154333809,0
4573,1,1,0.901596896704721,1
4574,4,1,0.25225209995124126,0
4575,1,0,0.23670324780839067,0
4576,0,0,0.2727265738928974,0
4577,0,0,0.07235930758305596,0
4578,1,0,0.05202169321655974,0
4579,2,1,0.8387044281450401,1
4580,3,0,0.4635261426358072,0
4581,3,1,0.6501425886118642,1
4582,2,0,0.8387044281450401,1
4583,4,1,0.367599719718959,0
4584,4,0,0.17184448479004866,0
4585,2,1,0.1760671161254835,0
4586,0,1,0.9753213461973097,1
4587,0,0,0.09905806071319251,0
4588,4,1,0.6222565872434337,1
4589,1,1,0.9505644351053416,1
4590,1,1,0.9634318325240445,1
4591,1,1,0.9687573369081959,1
4592,3,0,0.07613111828976446,0
4593,3,1,0.7878539211127966,1
4594,3,1,0.7172926624518217,1
4595,1,0,0.3043507818865632,0
4596,1,0,0.07470200467244752,0
4597,2,1,0.20848759243954423,0
4598,4,1,0.7481873158015115,1
4599,4,1,0.5404197581616359,1
4600,3,0,0.08786921706575895,0
4601,1,0,0.5163814948331138,1
4602,0,0,0.11115312762636764,0
4603,0,0,0.6348399891814054,1
4604,3,0,0.11165079260658602,0
4605,2,0,0.09412212528913524,0
4606,4,0,0.20842132675205402,0
4607,1,0,0.10145347885901032,0
4608,1,0,0.10780430063725945,0
4609,0,0,0.11273794260467995,0
4610,0,1,0.8556902815425834,1
4611,2,1,0.18171921141628217,0
4612,4,0,0.5671607778739846,1
4613,0,1,0.8556902815425834,1
4614,2,1,0.5073414018933495,1
4615,1,1,0.6723391079908507,1
4616,1,1,0.7866055587553119,1
4617,1,1,0.905190226681436,1
4618,1,1,0.8978827418836858,1
4619,1,1,0.49329299611345645,0
4620,2,0,0.2897010392514814,0
4621,2,1,0.606129550728941,1
4622,1,1,0.7988652593360732,1
4623,1,1,0.8978827418836858,1
4624,1,1,0.7853064534117957,1
4625,1,1,0.7988652593360732,1
4626,4,1,0.8758605136923159,1
4627,4,1,0.9415984820417787,1
4628,4,1,0.9857993784551528,1
4629,2,1,0.30987646026490845,0
4630,4,1,0.8810582381620495,1
4631,3,1,0.7988156628763183,1
4632,3,0,0.1785590431156039,0
4633,3,0,0.2098855601972765,0
4634,3,1,0.9151681472070006,1
4635,4,0,0.08631045321451777,0
4636,1,0,0.09372411163455528,0
4637,4,1,0.9243809703925865,1
4638,3,1,0.9327777969681077,1
4639,2,1,0.7766835908407773,1
4640,1,0,0.2300187702844958,0
4641,1,1,0.7727725990397258,1
4642,1,1,0.7503540083864313,1
4643,4,1,0.8436862518624227,1
4644,2,1,0.6795944105102781,1
4645,2,0,0.26311288577957215,0
4646,2,0,0.27785825716352414,0
4647,0,1,0.6208578904311555,1
4648,0,0,0.6604276167071426,1
4649,3,0,0.6024978106642982,1
4650,1,1,0.6067503278678049,1
4651,3,1,0.8899670485506931,1
4652,2,1,0.4387729253986189,0
4653,0,1,0.7780884416480727,1
4654,0,0,0.11661471787470576,0
4655,0,1,0.29652560953304885,0
4656,0,1,0.7259466289957234,1
4657,0,0,0.1818508832517464,0
4658,4,0,0.16047499303741602,0
4659,0,0,0.14048745871486845,0
4660,3,1,0.7828466272219907,1
4661,0,0,0.08351351285904919,0
4662,3,1,0.7316636641016654,1
4663,2,0,0.06799295631028747,0
4664,4,1,0.9562896290008809,1
4665,3,1,0.7335821411344977,1
4666,3,1,0.5717845943958872,1
4667,3,1,0.7607670948480485,1
4668,2,1,0.6917291476337616,1
4669,2,0,0.15700247024230815,0
4670,0,0,0.9031639866777791,1
4671,3,0,0.6196096287288555,1
4672,1,0,0.0534543047847754,0
4673,1,0,0.46096262505630414,0
4674,1,0,0.46096262505630414,0
4675,3,1,0.8289623669567878,1
4676,3,1,0.5033363261711149,1
4677,3,0,0.14587580749860463,0
4678,0,1,0.1484646453395547,0
4679,3,1,0.11135476419896675,0
4680,0,0,0.061729078818870645,0
4681,0,0,0.9457214925524491,1
4682,0,0,0.061333758171148216,0
4683,4,0,0.11942310866024351,0
4684,3,1,0.11522117447064155,0
4685,1,1,0.8940448737665491,1
4686,3,1,0.950188383841666,1
4687,2,1,0.7333795249021952,1
4688,0,0,0.16377155115017128,0
4689,0,1,0.6477397779671729,1
4690,1,0,0.6727363567900316,1
4691,1,1,0.9431631783880441,1
4692,2,0,0.11973903929384352,0
4693,3,1,0.9472522804121571,1
4694,3,1,0.9447687043142776,1
4695,3,0,0.24460941302996742,0
4696,0,0,0.2789506661162821,0
4697,3,1,0.9094080618641771,1
4698,0,1,0.8336475645574919,1
4699,3,0,0.17651491472109748,0
4700,1,1,0.6989527571248735,1
4701,0,1,0.954670721654184,1
4702,2,0,0.0886421501275349,0
4703,1,1,0.8574174688444522,1
4704,1,0,0.35100323200393657,0
4705,0,0,0.20686204637539474,0
4706,2,1,0.897832112402012,1
4707,0,1,0.6728892443226563,1
4708,0,0,0.17439337400491595,0
4709,4,1,0.20230981654018315,0
4710,4,1,0.5182586222981282,1
4711,3,0,0.078601636310797,0
4712,0,0,0.12218556097093697,0
4713,0,0,0.4274116878688759,0
4714,3,0,0.21284652490394018,0
4715,4,1,0.9281934909906182,1
4716,2,0,0.06413551952432592,0
4717,4,1,0.7746984370324919,1
4718,1,0,0.6082372351149082,1
4719,1,0,0.07279248200642531,0
4720,1,0,0.1509092809602467,0
4721,1,1,0.901596896704721,1
4722,1,1,0.2000815855501339,0
4723,1,0,0.22756859007212338,0
4724,4,0,0.3513056145672612,0
4725,4,0,0.35241498427275963,0
4726,0,1,0.11240095577710389,0
4727,0,0,0.2139230131369242,0
4728,0,1,0.736231051046707,1
4729,2,1,0.6625344606085097,1
4730,1,0,0.1834354122067332,0
4731,0,0,0.15721119983083306,0
4732,2,1,0.9113127382091334,1
4733,2,1,0.5971033541179481,1
4734,0,1,0.7031978710171463,1
4735,0,1,0.9099665052729765,1
4736,0,0,0.1766370774854292,0
4737,0,1,0.8951988788635032,1
4738,3,0,0.1906484943831951,0
4739,1,1,0.9616530906249487,1
4740,1,1,0.9601744447744565,1
4741,1,0,0.4423637745617097,0
4742,1,0,0.28030114540607276,0
4743,0,1,0.9753213461973097,1
4744,0,1,0.8329939312850905,1
4745,0,0,0.14245590902270602,0
4746,1,1,0.8917313936328167,1
4747,3,0,0.17744396702231077,0
4748,3,1,0.9280288535495245,1
4749,3,0,0.22263346545333215,0
4750,1,1,0.3136150841028127,0
4751,3,1,0.4458120717641111,0
4752,0,0,0.1718305480174034,0
4753,1,1,0.22621791396959867,0
4754,1,0,0.46096262505630414,0
4755,1,0,0.6276768744532358,1
4756,2,1,0.867648849826677,1
4757,0,0,0.1590278417391216,0
4758,1,0,0.03325149392497971,0
4759,1,0,0.2107219808909618,0
4760,0,0,0.6604276167071426,1
4761,4,0,0.8865641158942574,1
4762,4,0,0.07765171086320928,0
4763,2,1,0.44748577044603904,0
4764,0,0,0.14243775940599776,0
4765,1,1,0.1260349263661935,0
4766,0,0,0.22622801267834652,0
4767,0,1,0.8552818037000757,1
4768,0,0,0.4549154148961665,0
4769,0,0,0.6851116013614389,1
4770,0,1,0.3991710429654394,0
4771,0,0,0.6851116013614389,1
4772,1,0,0.06711935030792054,0
4773,0,1,0.4410477223842526,0
4774,4,0,0.15489021522413204,0
4775,2,0,0.2823217458999785,0
4776,0,1,0.817505713275856,1
4777,1,1,0.7159928620964998,1
4778,1,1,0.8590949578442532,1
4779,0,1,0.7772841824356725,1
4780,3,1,0.8386749366434028,1
4781,1,1,0.4085709872676608,0
4782,0,1,0.8258986287999999,1
4783,1,1,0.7579877105418826,1
4784,0,1,0.6339668243440376,1
4785,1,1,0.08017071867521945,0
4786,2,0,0.18915765670361387,0
4787,2,0,0.19375545708271585,0
4788,2,0,0.22042167364060494,0
4789,0,1,0.9746641969747984,1
4790,0,1,0.9785031807556814,1
4791,0,1,0.9766358230292326,1
4792,3,1,0.9719523536010579,1
4793,3,1,0.9793020963018199,1
4794,1,1,0.8978827418836858,1
4795,1,1,0.901596896704721,1
4796,0,0,0.557688288969562,1
4797,2,1,0.5438504109765993,1
4798,3,0,0.13280235949685087,0
4799,3,0,0.19224362686533122,0
4800,3,1,0.9744387373833556,1
4801,4,1,0.21336815328722472,0
4802,4,0,0.11700051979876268,0
4803,3,0,0.4833242694754344,0
4804,3,1,0.9533069908791822,1
4805,3,1,0.6663392286856382,1
4806,2,1,0.7483891075850125,1
4807,1,0,0.03743239589979072,0
4808,4,1,0.8780127817793357,1
4809,4,0,0.5908919635326633,1
4810,4,1,0.5908919635326633,1
4811,0,0,0.3230027275050122,0
4812,0,0,0.5437771186498765,1
4813,4,1,0.7114409577412789,1
4814,0,0,0.11632116452563315,0
4815,0,0,0.14527283906184282,0
4816,2,0,0.19559496329123557,0
4817,1,1,0.5858846051690135,1
4818,4,1,0.4055732926323132,0
4819,4,1,0.7149386012597563,1
4820,3,1,0.7013901975752046,1
4821,3,0,0.11785987667821395,0
4822,3,1,0.8467634626969822,1
4823,3,1,0.7013901975752046,1
4824,3,1,0.6821526257386098,1
4825,2,1,0.7766835908407773,1
4826,2,1,0.6250606038063273,1
4827,2,0,0.11456958775003723,0
4828,3,1,0.6821526257386098,1
4829,4,1,0.8500004034252787,1
4830,1,0,0.3222108006808697,0
4831,0,0,0.1907505110708818,0
4832,2,1,0.972107919177099,1
4833,2,1,0.5753936730057324,1
4834,0,1,0.12533061990000052,0
4835,2,0,0.31243885343908906,0
4836,4,0,0.05907360835148548,0
4837,3,1,0.8992185461573197,1
4838,2,1,0.9252140207213673,1
4839,2,0,0.3346787176011598,0
4840,3,1,0.6542798806402852,1
4841,3,1,0.20986434162023873,0
4842,0,1,0.3193071656684859,0
4843,3,1,0.2476663953990039,0
4844,3,0,0.13990070399171894,0
4845,0,0,0.5945180896540958,1
4846,1,0,0.16914442138041733,0
4847,3,1,0.8558754131849056,1
4848,3,1,0.9603729485118143,1
4849,3,0,0.2152356827233099,0
4850,4,0,0.060617398227061504,0
4851,0,0,0.10564280339801578,0
4852,4,1,0.9223246393503227,1
4853,0,1,0.9597930045790581,1
4854,4,1,0.5908919635326633,1
4855,1,1,0.8640853799654514,1
4856,0,1,0.6851116013614389,1
4857,0,1,0.0915602106463518,0
4858,3,1,0.4591318904778857,0
4859,1,0,0.14385086832748187,0
4860,4,0,0.3897997547066098,0
4861,0,0,0.07658496224802631,0
4862,1,0,0.06314901288413595,0
4863,1,1,0.6817367800897557,1
4864,1,0,0.6727363567900316,1
4865,3,0,0.1574070835262114,0
4866,2,1,0.9047856818267489,1
4867,2,1,0.38004601634286483,0
4868,4,1,0.9491314883409662,1
4869,4,1,0.958731044534536,1
4870,1,1,0.6449822703413008,1
4871,1,0,0.6817367800897557,1
4872,3,1,0.38782994709693197,0
4873,4,0,0.2143641916497455,0
4874,2,0,0.9839773123232783,1
4875,2,0,0.08533773674939263,0
4876,2,1,0.6658733339508079,1
4877,2,0,0.14842080428523852,0
4878,4,0,0.15222801865664987,0
4879,3,1,0.5893173419624835,1
4880,3,1,0.5893173419624835,1
4881,3,1,0.7024649917727738,1
4882,4,0,0.1541304929756662,0
4883,3,0,0.04821397650263001,0
4884,1,1,0.1770940996051047,0
4885,4,0,0.1925555583302083,0
4886,2,1,0.9637500748631449,1
4887,2,0,0.24430765174588379,0
4888,1,1,0.3090184559336537,0
4889,1,1,0.9238228466886151,1
4890,4,0,0.1897574866688756,0
4891,4,1,0.6755277352243689,1
4892,2,0,0.49656598985650285,0
4893,0,0,0.6477397779671729,1
4894,4,1,0.958731044534536,1
4895,4,1,0.9547014042927581,1
4896,1,0,0.10401667568825868,0
4897,4,0,0.1371158625668113,0
4898,3,0,0.2502648624661131,0
4899,3,1,0.3952695478798295,0
4900,3,1,0.8839765489415173,1
4901,3,1,0.9151681472070006,1
4902,2,0,0.14047779923978085,0
4903,0,1,0.8411989568246291,1
4904,0,1,0.736231051046707,1
4905,1,1,0.7654609501987354,1
4906,2,0,0.09082954244320922,0
4907,4,1,0.461865029470771,0
4908,0,1,0.3092058176048719,0
4909,4,0,0.11429728139309177,0
4910,3,1,0.2447543829910754,0
4911,2,0,0.6138671553354837,1
4912,3,1,0.7714745397982231,1
4913,1,1,0.7579877105418826,1
4914,2,1,0.7333795249021952,1
4915,4,1,0.1975259669517897,0
4916,4,1,0.7572491284343513,1
4917,3,0,0.24727324044508625,0
4918,3,1,0.6167201488218108,1
4919,2,1,0.452910712476628,0
4920,0,1,0.6501852912872854,1
4921,4,1,0.09997292346266655,0
4922,2,0,0.09230922428757482,0
4923,2,1,0.9047856818267489,1
4924,3,1,0.24601237750465052,0
4925,0,1,0.44672335953831743,0
4926,3,1,0.31626999349702145,0
4927,2,1,0.9639904472563067,1
4928,2,1,0.9690427441105492,1
4929,2,1,0.9570788851761554,1
4930,2,1,0.939368071226354,1
4931,0,1,0.9052650255291735,1
4932,2,0,0.27102577386536664,0
4933,3,0,0.2595033318703282,0
4934,4,1,0.4133548535911228,0
4935,1,1,0.7075456133698486,1
4936,3,1,0.6821526257386098,1
4937,0,1,0.7682542288376926,1
4938,3,1,0.2861797794299183,0
4939,0,0,0.13692619376394724,0
4940,2,0,0.25961665423836094,0
4941,0,0,0.36990365559134253,0
4942,1,1,0.8142944199956795,1
4943,1,1,0.40701460815649326,0
4944,4,0,0.20540396173117945,0
4945,0,1,0.8486260220558948,1
4946,1,0,0.8857030177534793,1
4947,1,0,0.11862499491376799,0
4948,0,0,0.1691190810563747,0
4949,1,1,0.35985273908314414,0
4950,1,1,0.08986944789251973,0
4951,2,1,0.9699074180539504,1
4952,3,0,0.09069588122523477,0
4953,2,1,0.9623862552025155,1
4954,0,0,0.19481549180208615,0
4955,1,1,0.12625739384737925,0
4956,1,1,0.2389069041933705,0
4957,1,1,0.8001032046706735,1
4958,1,1,0.11438775287049552,0
4959,1,1,0.4480548365369391,0
4960,3,0,0.1356351191295657,0
4961,1,0,0.045061500027603694,0
4962,4,1,0.7843041664871091,1
4963,1,1,0.6543538139368589,1
4964,2,1,0.7766835908407773,1
4965,3,1,0.7839209856471702,1
4966,3,1,0.7627872106009284,1
4967,1,1,0.9431631783880441,1
4968,1,1,0.9493473624748435,1
4969,2,0,0.7128395924890805,1
4970,2,1,0.45032415695773315,0
4971,2,1,0.45032415695773315,0
4972,2,1,0.6830407695014264,1
4973,2,0,0.49656598985650285,0
4974,4,0,0.22404029227244973,0
4975,4,1,0.8992632294874309,1
4976,4,1,0.7862013565885323,1
4977,3,1,0.9681091865521633,1
4978,2,0,0.15157377793496843,0
4979,4,1,0.9467286834602903,1
4980,3,1,0.36893648481588753,0
4981,1,1,0.8274430340715845,1
4982,0,0,0.11807464883142081,0
4983,0,1,0.865896773433268,1
4984,1,1,0.8898921182845279,1
4985,1,0,0.2726845156299085,0
4986,4,1,0.8436862518624227,1
4987,0,1,0.8412800959193912,1
4988,2,1,0.18986609847864888,0
4989,3,1,0.8467634626969822,1
4990,0,0,0.8698492852448828,1
4991,3,1,0.30699520344298104,0
4992,3,0,0.19829558051048435,0
4993,4,1,0.09809858354414111,0
4994,4,1,0.810648713637033,1
4995,4,1,0.6538773083161471,1
4996,0,1,0.4956483363905558,0
4997,2,0,0.09994727414151723,0
4998,2,1,0.7628269781361983,1
4999,0,0,0.16067512633058462,0
5000,3,0,0.21954314800061686,0
5001,3,1,0.9630243010427454,1
5002,4,0,0.18232238078274202,0
5003,1,0,0.06814674488514451,0
5004,3,1,0.06112144386794789,0
5005,0,0,0.2881388925182565,0
5006,4,1,0.3691390911743124,0
5007,3,0,0.27752790581953085,0
5008,2,0,0.35065359681854935,0
5009,1,1,0.9699798660340403,1
5010,1,1,0.8467978619329537,1
5011,1,0,0.2106571140330478,0
5012,4,0,0.6790628132190752,1
5013,0,1,0.2910193011517246,0
5014,2,1,0.6482548983630023,1
5015,3,0,0.043011125427368437,0
5016,1,0,0.17614468180869564,0
5017,4,1,0.8371572296202312,1
5018,4,1,0.14789398753885435,0
5019,3,1,0.8765121198499826,1
5020,0,1,0.8412800959193912,1
5021,1,0,0.07509685287163666,0
5022,1,1,0.8728874422428005,1
5023,4,1,0.977555092359963,1
5024,4,1,0.24628317347320175,0
5025,4,1,0.6320587228354417,1
5026,1,0,0.05977723827600356,0
5027,4,0,0.7270727820451284,1
5028,2,1,0.9109061522035784,1
5029,3,1,0.9772777479028372,1
5030,3,1,0.9756225711465466,1
5031,1,0,0.2044846971077963,0
5032,1,0,0.09065309556563325,0
5033,4,0,0.2918044821099547,0
5034,1,0,0.3431097239222996,0
5035,0,1,0.2682643219758391,0
5036,0,1,0.6095869772781789,1
5037,3,0,0.12517192244931408,0
5038,0,0,0.15762643835213114,0
5039,4,1,0.7746984370324919,1
5040,4,1,0.688129347778622,1
5041,4,0,0.14112592586425635,0
5042,2,1,0.7628269781361983,1
5043,2,1,0.7195557573244802,1
5044,2,1,0.175896789868999,0
5045,4,0,0.19851296167384772,0
5046,2,1,0.38018001676201973,0
5047,3,1,0.8808460340046755,1
5048,1,0,0.22266390852935505,0
5049,0,1,0.8802265161362112,1
5050,0,1,0.9019342168493292,1
5051,0,1,0.8995242122122513,1
5052,4,0,0.0542101232640077,0
5053,3,0,0.2687649720130647,0
5054,3,0,0.1629022969073358,0
5055,3,0,0.15821065384480057,0
5056,0,0,0.11176268348056619,0
5057,0,0,0.12234309147498944,0
5058,2,0,0.23075983735138814,0
5059,0,0,0.49034706383645416,0
5060,3,1,0.726960244960802,1
5061,4,1,0.10206148318906264,0
5062,3,0,0.08518721600990899,0
5063,3,0,0.44131029427050855,0
5064,4,0,0.18999713122681106,0
5065,4,0,0.09369891321224852,0
5066,3,1,0.6196096287288555,1
5067,0,0,0.2150583952134589,0
5068,3,1,0.7013901975752046,1
5069,3,0,0.07956407044610204,0
5070,3,1,0.8558754131849056,1
5071,3,1,0.735228910062019,1
5072,1,0,0.39655651929823943,0
5073,3,1,0.9218487434596959,1
5074,4,0,0.049305511710918876,0
5075,2,1,0.9643196584763553,1
5076,4,0,0.19804834569138494,0
5077,0,1,0.28276423142651524,0
5078,4,0,0.12743728435239837,0
5079,0,0,0.12160982239326783,0
5080,0,0,0.18398461389971646,0
5081,0,1,0.7982576625683845,1
5082,0,0,0.13434882885047986,0
5083,0,0,0.15415477134830846,0
5084,0,0,0.6728892443226563,1
5085,1,1,0.13539395940827711,0
5086,4,1,0.6535107483447078,1
5087,2,0,0.15061585446145515,0
5088,1,0,0.15882810590218377,0
5089,0,1,0.16569483022472986,0
5090,3,0,0.5675513179966498,1
5091,2,1,0.7899535582812198,1
5092,0,0,0.20037950421906797,0
5093,0,0,0.20478662101934778,0
5094,1,1,0.9687573369081959,1
5095,0,0,0.16017984556108908,0
5096,0,0,0.7969161979853681,1
5097,3,1,0.6501425886118642,1
5098,2,1,0.8763738367578746,1
5099,2,1,0.6568660275645085,1
5100,4,1,0.6026077491635285,1
5101,4,1,0.8852217331323855,1
5102,0,1,0.9381173620700762,1
5103,4,0,0.16468206446604589,0
5104,3,0,0.15095575953969553,0
5105,0,0,0.047977598144089764,0
5106,2,0,0.10398010023957392,0
5107,2,0,0.7345196001881915,1
5108,0,0,0.3734718830795731,0
5109,1,0,0.219159647339561,0
5110,4,1,0.23470122035893684,0
5111,4,0,0.2734082666323033,0
5112,4,0,0.0798993745519726,0
5113,4,1,0.8561030020191425,1
5114,4,1,0.9525485442587956,1
5115,4,0,0.20530911256030482,0
5116,4,1,0.8828705107299056,1
5117,4,0,0.16996372169585852,0
5118,4,0,0.16915382112168204,0
5119,1,0,0.1350039106952093,0
5120,2,1,0.9639904472563067,1
5121,4,1,0.9041791194175605,1
5122,4,0,0.6535107483447078,1
5123,2,0,0.13242284785415154,0
5124,1,1,0.7446337041433277,1
5125,0,1,0.8419437287790149,1
5126,2,0,0.6197664970858858,1
5127,3,1,0.12305950303448668,0
5128,0,1,0.11759128721892854,0
5129,4,0,0.18470527740554346,0
5130,0,1,0.7830770583255796,1
5131,1,0,0.16201599239050965,0
5132,0,0,0.1156899755971014,0
5133,3,1,0.9053207262608619,1
5134,2,0,0.06940701217691385,0
5135,4,1,0.8436862518624227,1
5136,2,1,0.9431406696363903,1
5137,2,1,0.6073162546039391,1
5138,2,0,0.17475355087200609,0
5139,2,1,0.9291713007253728,1
5140,0,1,0.6728892443226563,1
5141,0,0,0.6851116013614389,1
5142,4,0,0.10230858422522766,0
5143,4,0,0.13921144123146736,0
5144,2,0,0.192661973376807,0
5145,4,1,0.18933429722556208,0
5146,2,1,0.6893328169960887,1
5147,2,1,0.9690427441105492,1
5148,2,1,0.9167019131037878,1
5149,0,1,0.7476874954944989,1
5150,2,0,0.09972189403635179,0
5151,1,1,0.11229568578058441,0
5152,2,0,0.3507597215817643,0
5153,1,1,0.9528379326573676,1
5154,3,0,0.6455575116893343,1
5155,3,0,0.1523883110446365,0
5156,4,1,0.9550015245284941,1
5157,4,1,0.7660867920328401,1
5158,2,1,0.6658733339508079,1
5159,1,0,0.05415204102552295,0
5160,2,0,0.2181889774190366,0
5161,4,1,0.6861187456473304,1
5162,2,1,0.7766835908407773,1
5163,2,1,0.7500095598026703,1
5164,2,1,0.08279956630444871,0
5165,2,1,0.5884358585515391,1
5166,1,0,0.1621627628518817,0
5167,4,0,0.6790628132190752,1
5168,1,1,0.9069368535786685,1
5169,4,0,0.15665404986223416,0
5170,3,1,0.1196593146100874,0
5171,4,1,0.15817939455489177,0
5172,4,1,0.3117272742196873,0
5173,1,0,0.0876836844223062,0
5174,2,1,0.5486961140193648,1
5175,3,0,0.28954764282619194,0
5176,3,1,0.7167960172789642,1
5177,0,0,0.05129380226585644,0
5178,0,0,0.7147678032008752,1
5179,0,0,0.6348399891814054,1
5180,0,1,0.7147678032008752,1
5181,3,0,0.18389774131811565,0
5182,3,0,0.35728989359297325,0
5183,0,0,0.2946323819692972,0
5184,1,1,0.8360729246532362,1
5185,0,0,0.20773865385453266,0
5186,0,1,0.8412800959193912,1
5187,2,1,0.11227548141810396,0
5188,2,1,0.5884358585515391,1
5189,2,1,0.6325397345532584,1
5190,2,1,0.9047856818267489,1
5191,0,0,0.18973464638370116,0
5192,4,1,0.8304103158908879,1
5193,4,1,0.8500004034252787,1
5194,1,0,0.15762713901295392,0
5195,1,1,0.4203775444278345,0
5196,3,1,0.8467634626969822,1
5197,3,1,0.9594737938568425,1
5198,0,0,0.15912032410066768,0
5199,2,1,0.31678032893165725,0
5200,2,1,0.7766835908407773,1
5201,2,1,0.7899535582812198,1
5202,2,0,0.21220381011618944,0
5203,3,1,0.33668142055357336,0
5204,3,1,0.6663392286856382,1
5205,1,0,0.697325364972319,1
5206,1,1,0.852308950545504,1
5207,1,0,0.14525719140276563,0
5208,1,1,0.13160396048259218,0
5209,1,0,0.11232449753455498,0
5210,0,1,0.6477397779671729,1
5211,4,1,0.8030618687662464,1
5212,2,0,0.2500702875594587,0
5213,1,1,0.8964467411082738,1
5214,1,0,0.09087329584648561,0
5215,1,0,0.14508304524670104,0
5216,1,0,0.3815567735153125,0
5217,3,1,0.9594737938568425,1
5218,4,0,0.16199015791136173,0
5219,0,0,0.2929621243915365,0
5220,0,1,0.9550061522135803,1
5221,1,0,0.6727363567900316,1
5222,4,1,0.17953908366226556,0
5223,0,1,0.8722763543036286,1
5224,4,0,0.1992549097059738,0
5225,1,0,0.10676264701668568,0
5226,2,0,0.15477231588097054,0
5227,2,1,0.8343120884954128,1
5228,1,1,0.7075456133698486,1
5229,2,1,0.7194855355769798,1
5230,0,1,0.973102900242837,1
5231,4,0,0.05607950399407741,0
5232,2,1,0.522372657842314,1
5233,2,0,0.074412038778231,0
5234,4,1,0.2771073489967787,0
5235,4,0,0.03910361449309491,0
5236,4,0,0.20511086947322904,0
5237,1,1,0.34194593196385087,0
5238,3,0,0.1620457436602095,0
5239,3,1,0.8403459208401856,1
5240,1,0,0.0925837159288445,0
5241,3,0,0.147355624942412,0
5242,2,0,0.20841320638683036,0
5243,0,1,0.2505144725432059,0
5244,0,0,0.2869478583607947,0
5245,0,1,0.802276026901817,1
5246,0,1,0.6088278469641436,1
5247,4,1,0.7538364003682411,1
5248,2,1,0.2583387216647513,0
5249,0,1,0.823736613348831,1
5250,1,1,0.9409150981649216,1
5251,1,1,0.4381608019917325,0
5252,0,0,0.03631245314290942,0
5253,0,1,0.9700060992284095,1
5254,0,1,0.49407205352753364,0
5255,0,1,0.5561178342237242,1
5256,3,0,0.08956928986612266,0
5257,4,1,0.9621193381405809,1
5258,4,0,0.22461741705956972,0
5259,3,1,0.9505232546336341,1
5260,3,0,0.25821901038529266,0
5261,0,1,0.3020430523008104,0
5262,4,1,0.8016930172097353,1
5263,1,1,0.7993568585177626,1
5264,1,1,0.1630335745055225,0
5265,0,1,0.7088654342628637,1
5266,0,1,0.8068558742661412,1
5267,1,1,0.9527265998743984,1
5268,2,1,0.6658733339508079,1
5269,4,0,0.7687759256572003,1
5270,4,0,0.45844590789074474,0
5271,4,0,0.06154515179256097,0
5272,4,1,0.7600080340568055,1
5273,4,0,0.14258652343394843,0
5274,2,1,0.7349946536296176,1
5275,4,0,0.40871620884284526,0
5276,4,0,0.6733227311248831,1
5277,4,1,0.6733227311248831,1
5278,2,0,0.08490950290155325,0
5279,4,0,0.12722284671386752,0
5280,1,1,0.12942819960894242,0
5281,0,1,0.9309235935360797,1
5282,2,1,0.9639904472563067,1
5283,2,1,0.9612813088830365,1
5284,0,1,0.5913155825093779,1
5285,0,0,0.23927635089796875,0
5286,0,0,0.3305460258779453,0
5287,3,0,0.16441038352062803,0
5288,1,1,0.9593932376555336,1
5289,1,1,0.9085158227767794,1
5290,3,1,0.9565793301570442,1
5291,3,1,0.49402191419869274,0
5292,3,0,0.23457669514061016,0
5293,0,0,0.3387715455011423,0
5294,0,0,0.2198082995367372,0
5295,2,0,0.05056680115854351,0
5296,2,1,0.11409676215676164,0
5297,4,0,0.1606513185594671,0
5298,3,0,0.6998369700925167,1
5299,4,0,0.09705552322359819,0
5300,4,0,0.11266416223277519,0
5301,3,1,0.07487480634397309,0
5302,0,0,0.698538398980364,1
5303,4,1,0.7898097284827539,1
5304,4,0,0.17142177109158177,0
5305,3,1,0.5546705600026081,1
5306,0,0,0.032209252048284946,0
5307,2,0,0.30135431129678975,0
5308,2,1,0.37273552801018506,0
5309,3,0,0.2179103113562858,0
5310,1,0,0.12145056502960504,0
5311,1,1,0.7431159022989088,1
5312,1,1,0.7926711268487293,1
5313,1,1,0.7719532942625319,1
5314,1,1,0.8785667533462537,1
5315,4,1,0.7465574221782105,1
5316,4,1,0.8979641669354422,1
5317,4,1,0.9721119316248126,1
5318,4,0,0.5007737654125147,1
5319,4,1,0.9621193381405809,1
5320,1,0,0.6896069374366981,1
5321,2,0,0.24323256517977718,0
5322,0,0,0.13836162843970265,0
5323,2,0,0.24936831496576345,0
5324,1,1,0.8117135278714764,1
5325,2,0,0.08375290600364534,0
5326,2,0,0.08549989468505978,0
5327,0,1,0.5362957021142559,1
5328,4,1,0.773188121049617,1
5329,2,1,0.5950898055529976,1
5330,0,0,0.20875688239479426,0
5331,3,1,0.14249554357411512,0
5332,1,1,0.7571318506044828,1
5333,0,1,0.8915565487437955,1
5334,1,1,0.7150443213787256,1
5335,0,1,0.6802972829532898,1
5336,3,1,0.7976229773531803,1
5337,1,1,0.9516772910835298,1
5338,4,1,0.6028547299654968,1
5339,0,1,0.6506579934366046,1
5340,4,1,0.36184496926564697,0
5341,1,1,0.7821620623686519,1
5342,4,0,0.09427301504316803,0
5343,3,1,0.8910368239480219,1
5344,3,1,0.07929846807042332,0
5345,4,0,0.4664345522560241,0
5346,4,1,0.4543393810737205,0
5347,4,1,0.4664345522560241,0
5348,4,1,0.6839405661523017,1
5349,4,1,0.6733227311248831,1
5350,2,1,0.16398168534213034,0
5351,4,1,0.10175192712083385,0
5352,2,1,0.776623232950497,1
5353,3,1,0.0766999383298443,0
5354,3,0,0.714742424926491,1
5355,0,1,0.9674252001980769,1
5356,0,0,0.4081527846712457,0
5357,1,0,0.07369142802844754,0
5358,4,0,0.8461295809443357,1
5359,0,1,0.6417870826665507,1
5360,1,1,0.1912799795832845,0
5361,4,1,0.9567610233758916,1
5362,3,0,0.0737727648145941,0
5363,0,0,0.12610073662492804,0
5364,1,1,0.847050051500946,1
5365,2,0,0.10433950457130219,0
5366,1,0,0.08231314291165082,0
5367,1,1,0.4064235157830142,0
5368,4,0,0.07855529267869149,0
5369,3,1,0.6703820922578441,1
5370,1,0,0.14544997237175097,0
5371,0,1,0.9343552292115462,1
5372,0,1,0.6105195907325872,1
5373,2,1,0.7898958167655663,1
5374,2,1,0.776623232950497,1
5375,4,0,0.07816925621653288,0
5376,4,0,0.21157491092656455,0
5377,3,0,0.2523737035999715,0
5378,1,1,0.6852705175647178,1
5379,4,0,0.03764206904827066,0
5380,1,0,0.15298435127640164,0
5381,2,0,0.24047378489783366,0
5382,1,0,0.11622329163591388,0
5383,1,0,0.06450256888322037,0
5384,3,1,0.3959987204530029,0
5385,1,0,0.2107319696824849,0
5386,1,0,0.1499089346663007,0
5387,1,0,0.09235309707380132,0
5388,1,0,0.6198569780817978,1
5389,1,1,0.8033198287375015,1
5390,1,0,0.2810264529681969,0
5391,2,0,0.31064692725699816,0
5392,1,0,0.049829458654389217,0
5393,4,0,0.10893855999596276,0
5394,4,1,0.7816128547767613,1
5395,4,1,0.9638544509235742,1
5396,3,0,0.20815091982349967,0
5397,3,0,0.14248659728011717,0
5398,3,1,0.8041948119714444,1
5399,4,0,0.44171052793061116,0
5400,1,1,0.727082846381928,1
5401,3,1,0.9308624004658088,1
5402,3,1,0.95181974933382,1
5403,2,1,0.9431406696363903,1
5404,2,1,0.955742429336937,1
5405,1,1,0.7461875513380122,1
5406,2,0,0.14052049940235337,0
5407,3,1,0.9725825579990618,1
5408,3,0,0.26522689575371416,0
5409,2,0,0.08479784362175408,0
5410,2,0,0.07302798196420354,0
5411,3,1,0.9096064396688504,1
5412,3,1,0.3647894189342994,0
5413,3,1,0.9395752337005581,1
5414,3,1,0.95181974933382,1
5415,2,0,0.17659493573481042,0
5416,3,1,0.269732484688246,0
5417,3,0,0.22562151930595115,0
5418,2,0,0.031952827662952196,0
5419,2,1,0.3531414528487342,0
5420,1,0,0.4381607448009276,0
5421,2,1,0.18565693667942867,0
5422,2,0,0.175999095539657,0
5423,1,1,0.9219796471665268,1
5424,1,0,0.18007500558354453,0
5425,3,1,0.9382390147903801,1
5426,0,0,0.12809626374484442,0
5427,0,1,0.8741154338757536,1
5428,4,0,0.2117299500483493,0
5429,2,1,0.293223691968677,0
5430,2,0,0.6657959135706701,1
5431,1,0,0.15491467513606982,0
5432,4,0,0.4664345522560241,0
5433,0,0,0.11999790381169304,0
5434,0,0,0.14479052025187902,0
5435,0,0,0.17362607367153324,0
5436,0,1,0.93257497396732,1
5437,2,1,0.6657959135706701,1
5438,1,1,0.6432525330523763,1
5439,2,0,0.29267087727709173,0
5440,2,1,0.20355639924019206,0
5441,1,1,0.7861257378612547,1
5442,1,1,0.6046009415776368,1
5443,1,1,0.7791209499463904,1
5444,1,1,0.7861257378612547,1
5445,1,1,0.7571318506044828,1
5446,1,1,0.8058797932755464,1
5447,3,1,0.652602266143433,1
5448,4,0,0.3710384317456011,0
5449,4,1,0.9116131399320361,1
5450,4,1,0.9116131399320361,1
5451,4,1,0.5884250025552547,1
5452,4,1,0.8774208070466482,1
5453,4,0,0.22343327590840883,0
5454,4,1,0.887515131731775,1
5455,2,1,0.10437349109522814,0
5456,0,1,0.9052650255291735,1
5457,3,0,0.05427063316105704,0
5458,1,1,0.9634318325240445,1
5459,0,1,0.4992200678847332,0
5460,3,0,0.26188750218355045,0
5461,0,1,0.692369387984892,1
5462,0,1,0.815445520456943,1
5463,2,1,0.7057551547497712,1
5464,0,1,0.5092053226926021,1
5465,3,1,0.6755262175341781,1
5466,3,1,0.08484511163348278,0
5467,0,0,0.09417033746336524,0
5468,1,0,0.19699267149257996,0
5469,3,0,0.7342743855157363,1
5470,3,0,0.12124534188608664,0
5471,3,1,0.7067577735278349,1
5472,2,1,0.9699074180539504,1
5473,3,0,0.22389488340624247,0
5474,1,1,0.9734985641013113,1
5475,0,0,0.6802972829532898,1
5476,4,1,0.980078053355124,1
5477,4,1,0.980078053355124,1
5478,3,1,0.7471503620710608,1
5479,4,1,0.8996930667967012,1
5480,2,0,0.41410906913930884,0
5481,1,0,0.12829249822633834,0
5482,0,1,0.272438030680287,0
5483,3,0,0.1270172525557581,0
5484,0,0,0.056104804112107325,0
5485,4,1,0.15905537051593094,0
5486,3,1,0.9324510462678893,1
5487,1,1,0.28290086015943333,0
5488,1,1,0.9512912180803877,1
5489,1,1,0.9431631783880441,1
5490,4,0,0.17797727714111755,0
5491,1,1,0.11591204188170863,0
5492,1,1,0.08815650653125101,0
5493,3,0,0.1786616555266473,0
5494,3,1,0.9151681472070006,1
5495,3,1,0.7988156628763183,1
5496,0,1,0.5237376369716676,1
5497,4,1,0.5211705302606444,1
5498,4,0,0.19094760603982125,0
5499,3,0,0.07888645582863742,0
5500,4,0,0.1425322583178041,0
5501,4,1,0.8238968875484265,1
5502,2,1,0.9661383089162967,1
5503,1,1,0.7104390330670245,1
5504,2,0,0.09942176030707767,0
5505,2,1,0.16601051394144714,0
5506,4,1,0.874918849280006,1
5507,4,1,0.8550362715189536,1
5508,2,0,0.9575603066461983,1
5509,3,1,0.9665729838195875,1
5510,2,1,0.9047856818267489,1
5511,4,1,0.6839405661523017,1
5512,3,0,0.14107488929488363,0
5513,3,1,0.471777501809075,0
5514,3,1,0.12269335379062388,0
5515,3,1,0.7190015610139905,1
5516,3,0,0.09314178697276955,0
5517,3,1,0.8125834872379152,1
5518,3,0,0.06868511109403544,0
5519,3,0,0.09415309657483828,0
5520,3,1,0.9159296020588561,1
5521,2,0,0.11632870546833543,0
5522,0,0,0.756557310921182,1
5523,3,1,0.05649053294072037,0
5524,3,0,0.2982428756354179,0
5525,4,0,0.20961171261931155,0
5526,4,0,0.1530310014463223,0
5527,3,0,0.030986535367154625,0
5528,1,1,0.7719532942625319,1
5529,2,1,0.6321499418644655,1
5530,4,1,0.74210259252476,1
5531,2,1,0.946349255211191,1
5532,2,1,0.7816514122049111,1
5533,2,1,0.8114943476252277,1
5534,2,1,0.8447961189858548,1
5535,2,1,0.873134482342289,1
5536,2,0,0.1627419492627263,0
5537,0,0,0.42391489772232827,0
5538,4,0,0.07298429778251267,0
5539,1,1,0.577094515416103,1
5540,1,0,0.08577982511204817,0
5541,3,1,0.6916151142792868,1
5542,0,1,0.5441563784232896,1
5543,2,1,0.9540703671066016,1
5544,0,1,0.802276026901817,1
5545,0,1,0.823736613348831,1
5546,2,1,0.7898958167655663,1
5547,0,0,0.2544168749899332,0
5548,2,0,0.14006064800131965,0
5549,0,1,0.22941812855958865,0
5550,4,1,0.9129175823527431,1
5551,4,0,0.21945677937009397,0
5552,2,1,0.6481755525998335,1
5553,4,0,0.43508551368277804,0
5554,4,0,0.4303237939669544,0
5555,4,1,0.9174551350750318,1
5556,4,0,0.15647058064661534,0
5557,1,0,0.3532587034919525,0
5558,1,1,0.7187935384118498,1
5559,1,0,0.264358296821205,0
5560,0,0,0.2779522456897894,0
5561,0,0,0.18397780623464846,0
5562,0,1,0.9499329814248371,1
5563,0,0,0.205430707023968,0
5564,0,1,0.9511994806547321,1
5565,0,0,0.43362296950734486,0
5566,0,0,0.30765506130989173,0
5567,3,1,0.15899972317923206,0
5568,4,1,0.9746339294428641,1
5569,4,0,0.325591824909866,0
5570,4,1,0.9758102271630228,1
5571,4,0,0.1462304422735506,0
5572,1,0,0.2307114770337432,0
5573,3,1,0.3265180335010063,0
5574,1,1,0.8587612033773325,1
5575,1,1,0.7719532942625319,1
5576,1,0,0.16330399113211816,0
5577,1,1,0.36927767194577477,0
5578,0,1,0.7427530055410896,1
5579,4,1,0.7977785418500726,1
5580,4,1,0.8093200745845326,1
5581,4,1,0.08312538126842212,0
5582,2,0,0.3470073762363009,0
5583,1,1,0.9094260836138203,1
5584,2,0,0.30409243678518055,0
5585,4,1,0.9077479599632728,1
5586,1,0,0.1639103666216741,0
5587,4,0,0.3597310838410337,0
5588,1,1,0.8114972425042071,1
5589,4,0,0.43689636526817327,0
5590,2,0,0.14588696945596819,0
5591,0,0,0.19391993461686535,0
5592,4,0,0.2439380423705026,0
5593,2,0,0.0405511148180402,0
5594,0,1,0.9573553800439067,1
5595,0,1,0.9573553800439067,1
5596,0,0,0.3670120039522337,0
5597,2,0,0.4657473588736359,0
5598,2,1,0.9540427149010119,1
5599,0,1,0.8404617348558038,1
5600,0,1,0.4970704409080034,0
5601,0,1,0.9785031807556814,1
5602,3,0,0.29062162737749664,0
5603,2,1,0.27920906103646015,0
5604,2,1,0.689258295696826,1
5605,2,1,0.8417244907008742,1
5606,2,0,0.46966058760863216,0
5607,1,0,0.12085657686629649,0
5608,1,1,0.7861257378612547,1
5609,2,0,0.8592642245688271,1
5610,1,1,0.6046009415776368,1
5611,4,1,0.9721119316248126,1
5612,0,0,0.2807997313129396,0
5613,3,1,0.14012130751017515,0
5614,1,0,0.22243297835114798,0
5615,1,1,0.8639698088298104,1
5616,1,1,0.8857921375805162,1
5617,2,0,0.20506048112493555,0
5618,0,1,0.9233662031832545,1
5619,0,0,0.26054842143933526,0
5620,0,1,0.9233662031832545,1
5621,0,0,0.3402458392993212,0
5622,2,1,0.9059778823100089,1
5623,4,0,0.2632885864090401,0
5624,4,1,0.7460152622678378,1
5625,4,1,0.7989970384655085,1
5626,2,0,0.17781820001557527,0
5627,2,1,0.8342639827049878,1
5628,0,1,0.12474653683475183,0
5629,4,0,0.1754084163201927,0
5630,1,1,0.1514112119925744,0
5631,0,1,0.8165242458252231,1
5632,1,1,0.7769817887208732,1
5633,4,0,0.13872580852947367,0
5634,0,0,0.15952997112943773,0
5635,1,1,0.7719532942625319,1
5636,1,1,0.5434168148456978,1
5637,1,1,0.7351769953209321,1
5638,1,1,0.8221775951393216,1
5639,0,0,0.12012903957632959,0
5640,2,1,0.5950898055529976,1
5641,3,1,0.14612703860103668,0
5642,3,1,0.07914597477212285,0
5643,4,0,0.19529730292427167,0
5644,3,0,0.9030882823671545,1
5645,3,0,0.6361029643518711,1
5646,2,0,0.07595564818663622,0
5647,2,1,0.9047856818267489,1
5648,3,0,0.18796666834278838,0
5649,3,1,0.9307274324788094,1
5650,4,1,0.651553444483696,1
5651,2,1,0.9038109861721434,1
5652,2,1,0.8190496974020676,1
5653,2,0,0.06717876016645075,0
5654,1,0,0.5430911790268407,1
5655,4,1,0.970059385525314,1
5656,4,1,0.5721084696835518,1
5657,3,0,0.05830288370581557,0
5658,3,0,0.05870542824291049,0
5659,4,1,0.8992632294874309,1
5660,4,1,0.9077479599632728,1
5661,2,1,0.5922310784679785,1
5662,3,0,0.7047238843656349,1
5663,3,0,0.714742424926491,1
5664,3,0,0.4618228384417838,0
5665,3,0,0.714742424926491,1
5666,0,0,0.29992507315071826,0
5667,3,0,0.4618228384417838,0
5668,3,0,0.714742424926491,1
5669,3,0,0.13619371300112112,0
5670,2,1,0.6321499418644655,1
5671,4,0,0.2626211138570448,0
5672,4,1,0.21877206385493986,0
5673,3,1,0.9827864554827578,1
5674,1,0,0.2036956833653038,0
5675,1,0,0.21675894387030908,0
5676,1,1,0.8153839550300493,1
5677,0,1,0.39636338929906156,0
5678,1,1,0.6510332215200437,1
5679,0,0,0.12431521265110507,0
5680,2,1,0.6071521859387369,1
5681,2,1,0.776623232950497,1
5682,2,1,0.13905127159836397,0
5683,2,1,0.10251725591676503,0
5684,2,1,0.7898958167655663,1
5685,2,1,0.8025802429537988,1
5686,2,1,0.5305989181628616,1
5687,1,1,0.27761891859790766,0
5688,4,1,0.7898097284827539,1
5689,3,0,0.11964849022272044,0
5690,4,1,0.8308501468653242,1
5691,3,0,0.08691003307055951,0
5692,2,1,0.8845646212267199,1
5693,4,1,0.0844572677479357,0
5694,4,0,0.697871291671416,1
5695,4,1,0.573221611149792,1
5696,4,1,0.07357020811031116,0
5697,2,0,0.46966058760863216,0
5698,3,1,0.46762201102995565,0
5699,3,1,0.17706719000581006,0
5700,3,1,0.5288654834093747,1
5701,1,0,0.2044588965715187,0
5702,4,1,0.6028547299654968,1
5703,2,0,0.21787860361377853,0
5704,1,1,0.12119930430186786,0
5705,3,0,0.27332004854343095,0
5706,4,0,0.1783944799821667,0
5707,1,0,0.1399008153512525,0
5708,0,0,0.23523433102091765,0
5709,2,1,0.0940118395454345,0
5710,2,0,0.8905000924556324,1
5711,1,1,0.1730276709454892,0
5712,3,0,0.6192772010509339,1
5713,1,1,0.8978827418836858,1
5714,0,0,0.21897055536122678,0
5715,0,1,0.9539720670391024,1
5716,0,0,0.18762781341642396,0
5717,4,0,0.17510767596735027,0
5718,4,1,0.6093605893683304,1
5719,0,1,0.3277154471451132,0
5720,2,0,0.2065850833117664,0
5721,4,0,0.5371666516184285,1
5722,3,0,0.16245719795615535,0
5723,0,1,0.8004831980094798,1
5724,4,0,0.4069346578563399,0
5725,4,0,0.36079128730161936,0
5726,4,1,0.9410445645833996,1
5727,4,0,0.04183884141483882,0
5728,3,1,0.9474192190153995,1
5729,3,0,0.16895629717526187,0
5730,0,0,0.19431692774017711,0
5731,3,1,0.17515105742955248,0
5732,4,1,0.9210682399038519,1
5733,4,1,0.9467286834602903,1
5734,3,1,0.12132238364953309,0
5735,1,1,0.6896069374366981,1
5736,1,1,0.14550306417361267,0
5737,2,0,0.46966058760863216,0
5738,0,1,0.8286488170299522,1
5739,0,1,0.58527517829824,1
5740,4,0,0.2513764588243585,0
5741,2,1,0.8447961189858548,1
5742,0,1,0.6802972829532898,1
5743,4,0,0.16751353229229732,0
5744,0,1,0.5233879800269027,1
5745,0,1,0.7735684487960888,1
5746,0,1,0.6088278469641436,1
5747,2,1,0.9772250716721399,1
5748,2,1,0.9754180714122482,1
5749,2,1,0.9789021137014265,1
5750,1,0,0.14096056948347843,0
5751,2,1,0.5266301980396505,1
5752,2,1,0.32848143182255707,0
5753,2,0,0.2011487105798303,0
5754,1,0,0.10667131078865438,0
5755,2,1,0.776623232950497,1
5756,3,0,0.14162155643753718,0
5757,2,0,0.16725366512970416,0
5758,3,1,0.6389318709019638,1
5759,2,0,0.2736377831248966,0
5760,4,1,0.9770168837581124,1
5761,0,1,0.14774947398257196,0
5762,0,0,0.20169068391426362,0
5763,3,0,0.2796784873072299,0
5764,3,1,0.9594737938568425,1
5765,4,1,0.0966578609301639,0
5766,3,1,0.884660874062456,1
5767,3,0,0.09193760596804398,0
5768,3,1,0.9537545289052917,1
5769,3,1,0.9006723242471237,1
5770,3,1,0.23767252598048857,0
5771,2,1,0.8447961189858548,1
5772,0,0,0.08084297014851827,0
5773,3,0,0.3004436860426476,0
5774,0,0,0.388106624006235,0
5775,1,0,0.16075854780151133,0
5776,4,0,0.7510153475309506,1
5777,1,1,0.9242108999383506,1
5778,3,1,0.9405475878788835,1
5779,3,0,0.4337854967886701,0
5780,3,1,0.932480467989316,1
5781,2,1,0.8547754697746074,1
5782,4,1,0.5390269691699419,1
5783,2,1,0.9546003515214998,1
5784,1,0,0.25885152022256724,0
5785,0,0,0.6802972829532898,1
5786,1,0,0.18434378441370977,0
5787,3,1,0.7143665065102389,1
5788,1,1,0.8900804250228522,1
5789,2,1,0.7349946536296176,1
5790,0,0,0.28308221321736665,0
5791,1,0,0.13545645362433303,0
5792,4,1,0.6028547299654968,1
5793,2,0,0.22125292166452265,0
5794,4,1,0.773188121049617,1
5795,4,1,0.7977785418500726,1
5796,4,1,0.7977785418500726,1
5797,4,1,0.6028547299654968,1
5798,2,1,0.33071853516158545,0
5799,0,1,0.9443176018719238,1
5800,0,1,0.9778818736997479,1
5801,0,1,0.4668583804199181,0
5802,0,1,0.9753213461973097,1
5803,0,1,0.9746641969747984,1
5804,0,1,0.9772913193202768,1
5805,0,0,0.1475996688947889,0
5806,0,0,0.15002952702530317,0
5807,3,1,0.2691561586726408,0
5808,3,0,0.45699857263431354,0
5809,0,0,0.8698492852448828,1
5810,0,1,0.8951988788635032,1
5811,0,1,0.9052650255291735,1
5812,1,1,0.09111795896962568,0
5813,4,1,0.7774429307340298,1
5814,4,1,0.9670979219459016,1
5815,4,0,0.2774276660502172,0
5816,4,1,0.9721119316248126,1
5817,2,0,0.18301384677364735,0
5818,0,0,0.14240412847698553,0
5819,0,0,0.15857250864133496,0
5820,3,1,0.7627328611681068,1
5821,1,0,0.20215914264910917,0
5822,4,0,0.08034349510789575,0
5823,0,0,0.08611398466262712,0
5824,1,1,0.718835918686212,1
5825,1,1,0.7431159022989088,1
5826,1,1,0.6333003424673472,1
5827,3,1,0.16601687459616601,0
5828,0,0,0.07455537875526345,0
5829,4,0,0.19317715426645887,0
5830,0,1,0.7742271931040298,1
5831,3,1,0.9435362995602018,1
5832,1,0,0.5770603528757127,1
5833,3,1,0.6714492782303397,1
5834,3,0,0.6844964678750661,1
5835,1,0,0.07166224102453106,0
5836,1,1,0.6807248469554519,1
5837,1,0,0.059453278563055725,0
5838,4,1,0.8488964182720052,1
5839,2,0,0.6137846739739377,1
5840,3,1,0.9395752337005581,1
5841,2,1,0.7499443135678864,1
5842,3,0,0.3161451632403036,0
5843,2,0,0.6481755525998335,1
5844,3,1,0.7755168775366764,1
5845,3,1,0.42151376710390775,0
5846,4,1,0.4664345522560241,0
5847,0,1,0.8554047114871848,1
5848,0,1,0.8749967646692962,1
5849,0,1,0.862203992515331,1
5850,0,1,0.881002932000259,1
5851,1,1,0.6746180832987495,1
5852,1,0,0.20508307752963997,0
5853,1,1,0.8160773207201234,1
5854,4,1,0.7010506799541859,1
5855,2,1,0.5462845186707761,1
5856,2,0,0.4289557171701759,0
5857,2,0,0.2603883509488104,0
5858,1,0,0.22897215089070405,0
5859,0,0,0.16180896984523896,0
5860,1,0,0.20137117077368547,0
5861,4,0,0.17778003075427215,0
5862,4,1,0.7144190740744564,1
5863,4,0,0.5612702227419909,1
5864,3,1,0.8511492899429302,1
5865,1,1,0.13266832171819806,0
5866,1,1,0.20212380276060277,0
5867,2,1,0.40886188176163807,0
5868,2,0,0.34113040238848175,0
5869,4,1,0.725678632492271,1
5870,2,0,0.3501623258409286,0
5871,4,0,0.09977250120792852,0
5872,4,0,0.31693624856560576,0
5873,1,0,0.1184670980312556,0
5874,2,0,0.20708331255110954,0
5875,2,0,0.07304921600956467,0
5876,4,0,0.15374683801079278,0
5877,2,1,0.6504418520736992,1
5878,2,0,0.05940801740503545,0
5879,3,0,0.31948408211783735,0
5880,3,1,0.3809561454778475,0
5881,4,1,0.8488964182720052,1
5882,2,0,0.14177109845527913,0
5883,1,1,0.9674866907463197,1
5884,1,1,0.3407222183293911,0
5885,3,0,0.1866046219844487,0
5886,4,1,0.8900926145555291,1
5887,0,1,0.9052650255291735,1
5888,0,0,0.1686336603428771,0
5889,2,0,0.2041551657814552,0
5890,1,1,0.727082846381928,1
5891,3,1,0.7505562831976527,1
5892,0,0,0.9475561628060608,1
5893,3,1,0.8233037746840133,1
5894,2,1,0.8591946619918792,1
5895,0,1,0.9123821467311898,1
5896,3,1,0.18672628929446047,0
5897,2,0,0.28095445450682066,0
5898,3,0,0.1242046207027373,0
5899,3,0,0.2900319776746885,0
5900,3,1,0.9633502627524161,1
5901,3,1,0.9579120594428856,1
5902,3,1,0.6361029643518711,1
5903,0,1,0.8598208825410759,1
5904,3,0,0.0688855893874269,0
5905,4,1,0.958731044534536,1
5906,4,0,0.11233629569327325,0
5907,0,0,0.15678970836545394,0
5908,1,0,0.2068271897644861,0
5909,3,1,0.551864932729337,1
5910,4,1,0.9070225016182731,1
5911,4,0,0.11718182816948917,0
5912,4,0,0.21550266342123514,0
5913,1,1,0.7755849059376287,1
5914,3,0,0.10324917153433782,0
5915,3,0,0.10400696496455969,0
5916,0,1,0.9170682529909068,1
5917,3,1,0.7194839365274285,1
5918,3,1,0.7857500776071464,1
5919,1,0,0.3423585161949981,0
5920,2,1,0.6301422604169947,1
5921,2,1,0.6156990200033756,1
5922,1,0,0.2611214578862995,0
5923,2,0,0.1834283583720687,0
5924,2,0,0.26870797171218963,0
5925,3,1,0.9021061252778453,1
5926,3,1,0.9617954473393787,1
5927,3,1,0.09650271336194012,0
5928,2,1,0.078380104502075,0
5929,1,1,0.0860178622312953,0
5930,4,0,0.9256928253408457,1
5931,1,1,0.9634318325240445,1
5932,2,1,0.8565273183004961,1
5933,4,1,0.8281048167919363,1
5934,4,1,0.8425444035462901,1
5935,0,0,0.11739786136267216,0
5936,1,0,0.15343855673196533,0
5937,0,0,0.4772927416485996,0
5938,0,1,0.4772927416485996,0
5939,0,1,0.833815820168529,1
5940,0,0,0.07778464967959528,0
5941,0,1,0.4985794084826735,0
5942,0,1,0.6802972829532898,1
5943,1,1,0.7693530753053939,1
5944,2,1,0.9741517983264534,1
5945,2,0,0.3185245624546392,0
5946,1,0,0.10331946190731307,0
5947,2,1,0.6071521859387369,1
5948,2,1,0.6071521859387369,1
5949,2,1,0.8025802429537988,1
5950,2,1,0.6071521859387369,1
5951,2,1,0.6504418520736992,1
5952,2,0,0.281322430957061,0
5953,2,0,0.12602920386618094,0
5954,0,0,0.32266738631253583,0
5955,1,0,0.07958124162093863,0
5956,0,0,0.21956074104659204,0
5957,2,1,0.6829654330492764,1
5958,2,0,0.12335559499907979,0
5959,1,1,0.5175901682216026,1
5960,3,1,0.9575398623185237,1
5961,3,0,0.33635371772900413,0
5962,3,1,0.9655046296592698,1
5963,2,1,0.9246058161567481,1
5964,4,0,0.409268986610443,0
5965,4,1,0.9303920649564517,1
5966,4,0,0.27004851677518077,0
5967,1,1,0.604169649982879,1
5968,1,1,0.6787549851651226,1
5969,1,1,0.7646233120324955,1
5970,3,0,0.38250647296455764,0
5971,4,0,0.10814215245587236,0
5972,3,1,0.8739444668366891,1
5973,0,0,0.6679786189968722,1
5974,0,0,0.66714314761833,1
5975,4,0,0.16274267127259576,0
5976,0,1,0.5125971209544795,1
5977,0,1,0.7427530055410896,1
5978,0,1,0.9785031807556814,1
5979,4,1,0.773188121049617,1
5980,4,1,0.7513105897624428,1
5981,4,1,0.6428790766628479,1
5982,4,1,0.7513105897624428,1
5983,0,1,0.2212977570764776,0
5984,1,0,0.21551455594685914,0
5985,4,1,0.6539779032015776,1
5986,2,0,0.08508975692478472,0
5987,1,0,0.4531401630390198,0
5988,2,0,0.46966058760863216,0
5989,0,1,0.6183900520364015,1
5990,0,0,0.36266969644943237,0
5991,0,0,0.24645674786192526,0
5992,0,1,0.8335632955678713,1
5993,0,1,0.5125971209544795,1
5994,0,1,0.692369387984892,1
5995,1,0,0.21048765325042643,0
5996,1,0,0.2667096483021042,0
5997,2,1,0.7627640190345866,1
5998,1,0,0.346937427295621,0
5999,3,1,0.27642097779896785,0
6000,4,1,0.8311187426978709,1
6001,0,1,0.9074527716076478,1
6002,1,1,0.2534328449407848,0
6003,1,1,0.946583484876843,1
6004,3,1,0.09116507278309854,0
6005,4,0,0.21747720498384124,0
6006,1,1,0.8612750883665616,1
6007,1,1,0.9321770109400932,1
6008,1,1,0.926781291343101,1
6009,4,1,0.18817777898212337,0
6010,3,0,0.8365163258989378,1
6011,3,1,0.7476125189004288,1
6012,3,0,0.714742424926491,1
6013,3,0,0.714742424926491,1
6014,2,1,0.6795501156267878,1
6015,3,0,0.652602266143433,1
6016,3,0,0.6844964678750661,1
6017,2,0,0.194982481741657,0
6018,3,1,0.10314083940328084,0
6019,0,0,0.27612851757324514,0
6020,0,1,0.6780003057498575,1
6021,0,0,0.11165626586186173,0
6022,3,1,0.15588038930098572,0
6023,1,1,0.9047895496520084,1
6024,0,0,0.09095381802978227,0
6025,1,1,0.5036904967604307,1
6026,1,0,0.41773801934403854,0
6027,1,1,0.4920779892828249,0
6028,1,1,0.9531641561653228,1
6029,3,1,0.18342750102114833,0
6030,3,0,0.14550778571068637,0
6031,4,1,0.9272837868653258,1
6032,0,1,0.7635947874839207,1
6033,4,0,0.27881646797444176,0
6034,1,1,0.6896069374366981,1
6035,4,0,0.13618748254735052,0
6036,1,0,0.2184096574003738,0
6037,1,0,0.2901077835292189,0
6038,4,1,0.06643907913479306,0
6039,3,1,0.7857500776071464,1
6040,0,1,0.7642737057279211,1
6041,0,1,0.7932288609776756,1
6042,0,1,0.7742271931040298,1
6043,0,0,0.056189796082060595,0
6044,2,0,0.8790507293303924,1
6045,4,0,0.5517095648359852,1
6046,0,1,0.7102151153838877,1
6047,2,0,0.09214919585476772,0
6048,1,1,0.47243593113542454,0
6049,1,0,0.16360727829159585,0
6050,3,0,0.47976146104926026,0
6051,3,0,0.714742424926491,1
6052,3,1,0.714742424926491,1
6053,3,1,0.791865858647057,1
6054,3,0,0.4618228384417838,0
6055,0,1,0.9088670161912106,1
6056,2,0,0.15626362989207557,0
6057,3,1,0.7003633980464936,1
6058,2,1,0.776623232950497,1
6059,2,1,0.6504418520736992,1
6060,2,1,0.9640892342638914,1
6061,4,1,0.9734019899863123,1
6062,3,1,0.6998369700925167,1
6063,2,0,0.07718901137964783,0
6064,2,0,0.08203221028474152,0
6065,3,0,0.8965020411910322,1
6066,0,0,0.062114627104623225,0
6067,1,0,0.3299342668990269,0
6068,0,1,0.22755935307658234,0
6069,0,1,0.8983329795897923,1
6070,4,1,0.21070817805552358,0
6071,4,0,0.147554726089596,0
6072,2,1,0.9145280762106626,1
6073,2,1,0.9637500748631449,1
6074,3,0,0.16919452503230864,0
6075,2,0,0.14923893920890072,0
6076,2,1,0.864216297965731,1
6077,2,0,0.21652661479329485,0
6078,2,0,0.13612216739015004,0
6079,3,0,0.1318130129583585,0
6080,0,1,0.9639050457796369,1
6081,0,1,0.9608203711205244,1
6082,1,0,0.6896069374366981,1
6083,3,0,0.207271917369828,0
6084,2,1,0.6137846739739377,1
6085,2,0,0.3311296113630377,0
6086,1,0,0.1698213003480497,0
6087,4,1,0.5810612089907182,1
6088,4,1,0.887515131731775,1
6089,2,1,0.5569129873445464,1
6090,1,1,0.10407399271315815,0
6091,0,1,0.21935399184179394,0
6092,3,1,0.7214563418246545,1
6093,3,0,0.06710918339295821,0
6094,4,1,0.39516869339826377,0
6095,4,1,0.8308501468653242,1
6096,4,1,0.5911412854351118,1
6097,4,1,0.7977785418500726,1
6098,4,0,0.3088717153949403,0
6099,4,0,0.07597118886642878,0
6100,4,1,0.7977785418500726,1
6101,3,0,0.4618228384417838,0
6102,3,1,0.714742424926491,1
6103,0,0,0.13618123613188496,0
6104,0,1,0.802276026901817,1
6105,0,1,0.802276026901817,1
6106,1,1,0.6265872037005448,1
6107,1,0,0.3006390188673951,0
6108,3,0,0.6618560166519032,1
6109,3,0,0.1800083432587413,0
6110,3,0,0.2520299727412612,0
6111,3,1,0.9603729485118143,1
6112,2,0,0.2687302274819421,0
6113,3,1,0.9239912490995444,1
6114,3,1,0.4618228384417838,0
6115,3,1,0.714742424926491,1
6116,3,0,0.04940066107914785,0
6117,3,1,0.652602266143433,1
6118,3,0,0.21175842309197365,0
6119,3,0,0.19069122209542316,0
6120,4,1,0.45692089739808456,0
6121,0,0,0.6944795928044112,1
6122,0,0,0.692369387984892,1
6123,4,1,0.4274156891952133,0
6124,3,1,0.9102964667251703,1
6125,3,1,0.33797737512354376,0
6126,2,0,0.12050651845977087,0
6127,0,0,0.11521225284788945,0
6128,4,1,0.8550362715189536,1
6129,4,1,0.8666938898140643,1
6130,0,0,0.756557310921182,1
6131,1,0,0.17087374586594847,0
6132,0,0,0.2439099045799901,0
6133,3,1,0.5919362473988924,1
6134,3,1,0.9658095021650915,1
6135,3,1,0.9728912694211042,1
6136,4,1,0.9110479828075378,1
6137,2,1,0.8447961189858548,1
6138,1,0,0.2599109404935423,0
6139,1,0,0.24568666733129227,0
6140,2,0,0.1067014870538334,0
6141,4,0,0.12132769556593702,0
6142,1,1,0.4015307811550778,0
6143,4,0,0.3696520823193152,0
6144,4,1,0.9186299367377752,1
6145,4,1,0.9186299367377752,1
6146,3,1,0.28843046768394554,0
6147,0,1,0.11192570345686813,0
6148,4,0,0.10699543176602618,0
6149,1,0,0.2752527897201487,0
6150,4,0,0.6839405661523017,1
6151,0,1,0.9575721105906617,1
6152,0,0,0.2526913020436031,0
6153,0,1,0.5233341082182894,1
6154,0,1,0.44576394189371704,0
6155,2,1,0.7349946536296176,1
6156,1,1,0.6456467738042165,1
6157,2,0,0.08820320182354507,0
6158,1,0,0.07205453372025629,0
6159,0,1,0.5601913870664279,1
6160,3,1,0.6092078231549335,1
6161,0,0,0.11760530451419032,0
6162,1,0,0.1909424879763235,0
6163,4,1,0.23628674237736996,0
6164,4,0,0.15810672881841542,0
6165,0,0,0.16629838052834076,0
6166,0,0,0.6679786189968722,1
6167,0,1,0.7327445294333946,1
6168,0,1,0.8365979710844137,1
6169,0,1,0.7679812246979789,1
6170,0,0,0.1427487788456212,0
6171,1,0,0.7263052063180065,1
6172,0,0,0.41722461430980806,0
6173,0,0,0.21986444546620848,0
6174,0,0,0.10493872158958899,0
6175,3,0,0.06874295609833336,0
6176,3,1,0.9140291690964569,1
6177,1,1,0.8465294348395324,1
6178,4,0,0.27457673620342,0
6179,0,1,0.7427530055410896,1
6180,0,1,0.7932288609776756,1
6181,1,1,0.6807248469554519,1
6182,1,0,0.5210208406537307,1
6183,0,1,0.753321903987036,1
6184,2,0,0.31902031030857175,0
6185,1,1,0.8058797932755464,1
6186,0,0,0.14849658017014958,0
6187,1,0,0.4237733816112339,0
6188,0,1,0.5251395990824606,1
6189,1,0,0.9063112863451025,1
6190,3,1,0.4834933047136909,0
6191,0,1,0.15962223826817917,0
6192,4,0,0.1319378870655992,0
6193,4,0,0.2676418011727431,0
6194,2,1,0.21951715548992626,0
6195,4,0,0.19988518735114158,0
6196,4,0,0.264437506927656,0
6197,1,0,0.13885228617001388,0
6198,2,0,0.1238033438996695,0
6199,1,1,0.856846827447158,1
6200,1,1,0.8566254321457049,1
6201,4,0,0.10225929717984811,0
6202,0,1,0.10908191383999082,0
6203,2,1,0.2365065314131762,0
6204,0,0,0.2743318421311684,0
6205,0,1,0.7697277876745375,1
6206,2,0,0.13038277825914346,0
6207,3,1,0.2820507336043092,0
6208,0,0,0.12006965814024693,0
6209,1,0,0.11464628301943693,0
6210,1,0,0.2497589402509224,0
6211,2,0,0.6481755525998335,1
6212,0,0,0.1465537500083422,0
6213,3,0,0.20269157998944007,0
6214,4,1,0.6892001617561023,1
6215,0,0,0.09173077860129128,0
6216,4,0,0.29129951671236093,0
6217,0,1,0.847365725074196,1
6218,1,0,0.11152895895485779,0
6219,3,0,0.8318920430659437,1
6220,3,1,0.9160052821079675,1
6221,1,0,0.1451095170307024,0
6222,0,0,0.2799553768773922,0
6223,3,1,0.879989634423278,1
6224,3,1,0.48992699640845344,0
6225,3,1,0.7857500776071464,1
6226,1,1,0.3801683481315543,0
6227,0,1,0.16966118070664243,0
6228,0,1,0.7838792443202616,1
6229,0,0,0.948529365792391,1
6230,0,1,0.2985873692754269,0
6231,3,0,0.25509868768257854,0
6232,2,1,0.9112846115390072,1
6233,3,1,0.9074114212291584,1
6234,3,0,0.46411423738917557,0
6235,3,1,0.7047238843656349,1
6236,4,1,0.3674956408663686,0
6237,1,1,0.9011826916466215,1
6238,1,1,0.971288967214474,1
6239,1,0,0.12959223371098108,0
6240,2,1,0.4487558359443284,0
6241,1,1,0.641002333649094,1
6242,1,1,0.9616530906249487,1
6243,3,0,0.4166007937365452,0
6244,1,0,0.11078183578984988,0
6245,2,0,0.7631373893794244,1
6246,2,1,0.11284284614206416,0
6247,0,0,0.6426521077316186,1
6248,1,1,0.8260624086368848,1
6249,2,1,0.7898958167655663,1
6250,1,1,0.9047895496520084,1
6251,0,1,0.08542681323368556,0
6252,2,1,0.720915001806162,1
6253,3,1,0.200967456775466,0
6254,4,1,0.7850292867026982,1
6255,3,0,0.09588251016710565,0
6256,3,1,0.6998369700925167,1
6257,0,1,0.8477287905363126,1
6258,3,0,0.046542346559907855,0
6259,4,1,0.6005386619028916,1
6260,3,0,0.8595725776860685,1
6261,0,0,0.6802972829532898,1
6262,2,0,0.1675210837604317,0
6263,2,1,0.8494438443831599,1
6264,3,0,0.330723075455846,0
6265,2,1,0.9167019131037878,1
6266,2,1,0.9446875244556541,1
6267,0,1,0.8097576073138125,1
6268,3,0,0.6346413945738043,1
6269,3,0,0.38528519893844626,0
6270,4,0,0.27616501986943104,0
6271,4,0,0.6733227311248831,1
6272,2,1,0.6321499418644655,1
6273,1,1,0.9734985641013113,1
6274,1,1,0.9764644423283457,1
6275,2,1,0.7333114816567773,1
6276,3,0,0.22606798849495643,0
6277,2,1,0.8190496974020676,1
6278,3,1,0.7605103459372128,1
6279,2,1,0.6813141093282646,1
6280,4,0,0.9454710010172164,1
6281,0,0,0.08009440065607801,0
6282,1,0,0.1723445710265833,0
6283,2,1,0.8071692088858153,1
6284,2,1,0.8190496974020676,1
6285,2,1,0.776623232950497,1
6286,1,1,0.7364745960631319,1
6287,4,1,0.9442190509721243,1
6288,1,1,0.7049768587568147,1
6289,0,0,0.1724277918025576,0
6290,1,0,0.6046009415776368,1
6291,1,1,0.5847535390431065,1
6292,1,1,0.8122404773143921,1
6293,1,0,0.07091886267966777,0
6294,1,0,0.354526433081188,0
6295,2,1,0.9146361584789601,1
6296,2,1,0.955742429336937,1
6297,2,0,0.6658621215812166,1
6298,2,1,0.8329786535446125,1
6299,2,0,0.27612510038928034,0
6300,2,1,0.970551737696498,1
6301,3,1,0.22573387931397818,0
6302,3,0,0.08027332202831307,0
6303,4,1,0.1465074620758293,0
6304,4,0,0.24377373646360115,0
6305,3,1,0.9042402064803229,1
6306,3,1,0.3063653855236795,0
6307,4,0,0.18155683130883776,0
6308,4,1,0.7144190740744564,1
6309,4,1,0.7569704343790132,1
6310,1,0,0.36642723981725067,0
6311,4,1,0.8609675020355737,1
6312,1,0,0.06205777158771849,0
6313,2,0,0.15374025799291952,0
6314,2,1,0.8831099589661722,1
6315,2,1,0.8017237094903942,1
6316,2,1,0.8909438132519356,1
6317,2,0,0.1343947015704635,0
6318,3,0,0.14796395878729002,0
6319,0,0,0.05519426996495905,0
6320,0,1,0.9492309320688096,1
6321,3,1,0.3571661167944265,0
6322,1,1,0.835657564212166,1
6323,0,1,0.6287942301136885,1
6324,2,0,0.1620466689362877,0
6325,2,1,0.4355695275144303,0
6326,2,0,0.23047143675643425,0
6327,0,1,0.492177993188294,0
6328,4,1,0.9746339294428641,1
6329,0,0,0.12926017823247174,0
6330,4,1,0.6291325184501415,1
6331,3,0,0.07810010764130877,0
6332,2,0,0.18594434392516537,0
6333,1,0,0.5579939348962102,1
6334,2,1,0.6117383209352434,1
6335,3,1,0.9435362995602018,1
6336,3,1,0.9435362995602018,1
6337,3,1,0.7605103459372128,1
6338,2,1,0.8047290468376338,1
6339,2,1,0.8047290468376338,1
6340,2,0,0.2058184647495623,0
6341,2,1,0.9234860554042611,1
6342,2,1,0.9116764603416039,1
6343,2,1,0.9051733871639563,1
6344,0,1,0.7838792443202616,1
6345,2,0,0.9367088085562213,1
6346,2,0,0.1939656184663166,0
6347,2,0,0.07417505848607925,0
6348,2,0,0.6996507941468288,1
6349,2,1,0.6657959135706701,1
6350,0,1,0.845748808935203,1
6351,0,1,0.8035772206428199,1
6352,4,1,0.5793234401786953,1
6353,3,1,0.9280288535495245,1
6354,3,0,0.15666279015941942,0
6355,3,1,0.9177967746208919,1
6356,1,1,0.9645772179983418,1
6357,1,1,0.9659575678253114,1
6358,4,0,0.2144057817997677,0
6359,0,1,0.23104687968400267,0
6360,0,1,0.12063986791468032,0
6361,0,0,0.19723696287364328,0
6362,0,1,0.9247207704588272,1
6363,0,0,0.21484796372827736,0
6364,1,1,0.42986545108917434,0
6365,3,0,0.10453006812002134,0
6366,0,1,0.6605256712743054,1
6367,0,1,0.9796517170636598,1
6368,0,1,0.9772913193202768,1
6369,0,1,0.9772913193202768,1
6370,4,1,0.15558853888699442,0
6371,0,1,0.9075647223756216,1
6372,1,1,0.1414774200968035,0
6373,0,0,0.13000206774889683,0
6374,0,1,0.20636414031396522,0
6375,4,0,0.21961653921372085,0
6376,4,0,0.17034415879329434,0
6377,2,0,0.23175761573191567,0
6378,3,0,0.7022614898596274,1
6379,3,0,0.1165867220143641,0
6380,2,0,0.19001785104599284,0
6381,2,1,0.6657959135706701,1
6382,1,1,0.9569031099756644,1
6383,0,1,0.9127020436290647,1
6384,0,1,0.8177314065601008,1
6385,0,0,0.27092928584282416,0
6386,1,0,0.2179908258003811,0
6387,1,1,0.8649142733360513,1
6388,1,0,0.14333391060178427,0
6389,2,1,0.9112846115390072,1
6390,4,0,0.8396832210121692,1
6391,3,1,0.9308624004658088,1
6392,3,0,0.8601466802985521,1
6393,2,1,0.6642454677574472,1
6394,3,0,0.10966447578476318,0
6395,1,1,0.535879246861438,1
6396,1,1,0.49060221229394446,0
6397,1,0,0.2698409713789198,0
6398,0,0,0.4147920160419097,0
6399,0,1,0.5839902584584349,1
6400,0,1,0.8664449249427245,1
6401,3,0,0.5186379182156776,1
6402,4,0,0.9584681073910464,1
6403,2,1,0.1950421437114703,0
6404,4,0,0.24099092070536113,0
6405,4,1,0.551607888126772,1
6406,4,1,0.8984785105041803,1
6407,3,0,0.09087415720210411,0
6408,3,1,0.714742424926491,1
6409,3,1,0.714742424926491,1
6410,3,0,0.09352557065646938,0
6411,1,1,0.6625659516680718,1
6412,1,0,0.6983514273378391,1
6413,4,0,0.926588366099049,1
6414,2,1,0.8190496974020676,1
6415,3,0,0.1335917756043027,0
6416,1,0,0.18008673573418027,0
6417,2,1,0.7802759855202763,1
6418,2,1,0.9741517983264534,1
6419,2,1,0.9611751086139588,1
6420,2,1,0.922482083331147,1
6421,1,1,0.9782846403885072,1
6422,1,1,0.6024330169407598,1
6423,3,0,0.4444159880132143,0
6424,1,0,0.12646781462755732,0
6425,1,1,0.16812952220892227,0
6426,4,0,0.07806245960419297,0
6427,1,1,0.6567830553320464,1
6428,1,0,0.6567830553320464,1
6429,1,0,0.43342302908366187,0
6430,1,1,0.7618796917424602,1
6431,1,1,0.8153068791593087,1
6432,1,1,0.6925135944227531,1
6433,1,0,0.15412711835474566,0
6434,3,0,0.2382061925346419,0
6435,0,1,0.1977117245983973,0
6436,1,1,0.446011586763997,0
6437,4,1,0.6514572917423932,1
6438,1,0,0.07184969710568465,0
6439,1,1,0.16684806963351628,0
6440,2,1,0.9754180714122482,1
6441,1,1,0.6896069374366981,1
6442,3,1,0.6373084586446255,1
6443,3,0,0.2121711418807878,0
6444,0,0,0.3360086756033305,0
6445,3,1,0.6794669021545918,1
6446,1,0,0.16633922667605403,0
6447,4,1,0.8461295809443357,1
6448,4,1,0.26979798070910316,0
6449,4,1,0.8917702929501541,1
6450,4,1,0.7946697988353291,1
6451,4,1,0.8492849254072424,1
6452,4,0,0.23224686567102654,0
6453,3,1,0.26306693745554677,0
6454,2,0,0.7371601635893813,1
6455,2,0,0.08002834924371457,0
6456,2,1,0.5950898055529976,1
6457,2,1,0.4502380274706184,0
6458,2,0,0.7371601635893813,1
6459,2,1,0.6996507941468288,1
6460,1,0,0.21457370806843606,0
6461,1,1,0.566700385258753,1
6462,1,0,0.08429233174477326,0
6463,3,0,0.26815299032018464,0
6464,0,0,0.41828615864673213,0
6465,2,1,0.1132587787235241,0
6466,1,1,0.9011826916466215,1
6467,1,0,0.21273047370993242,0
6468,1,0,0.08145616759828309,0
6469,2,0,0.21581420705933888,0
6470,2,1,0.9459316843178995,1
6471,2,1,0.9275139450126814,1
6472,2,1,0.8692995317936147,1
6473,3,1,0.714742424926491,1
6474,3,0,0.1466514620618669,0
6475,3,0,0.6687430542624886,1
6476,1,0,0.6807248469554519,1
6477,3,1,0.8481636318134215,1
6478,4,1,0.07978608023069637,0
6479,1,1,0.7719532942625319,1
6480,0,1,0.7460803087520057,1
6481,3,0,0.18860549885537012,0
6482,0,1,0.8598208825410759,1
6483,1,1,0.8447595820092988,1
6484,3,1,0.9658095021650915,1
6485,3,1,0.9688229734221536,1
6486,2,0,0.25903348687753713,0
6487,1,1,0.9325125595661651,1
6488,2,0,0.1655746911477206,0
6489,1,0,0.6361704161284029,1
6490,0,0,0.09869150872735012,0
6491,4,1,0.6258750124640675,1
6492,0,0,0.3204783167536045,0
6493,3,0,0.07731051122298063,0
6494,2,0,0.6179472365448682,1
6495,4,1,0.9467286834602903,1
6496,4,1,0.9491314883409662,1
6497,4,0,0.221423790176908,0
6498,4,1,0.8828705107299056,1
6499,3,1,0.7494560154462042,1
6500,3,1,0.7627328611681068,1
6501,2,1,0.7483235803405662,1
6502,2,0,0.6071521859387369,1
6503,0,0,0.7666799611746525,1
6504,2,1,0.9092950661711494,1
6505,2,1,0.9177740741158344,1
6506,0,0,0.1903941526124547,0
6507,0,1,0.9492309320688096,1
6508,2,1,0.9322929248664081,1
6509,2,0,0.2831262879447979,0
6510,1,0,0.08231433477453942,0
6511,4,0,0.8367646477226948,1
6512,2,1,0.3104670677015886,0
6513,2,1,0.26275227841426224,0
6514,0,1,0.7838792443202616,1
6515,2,0,0.2544312534361205,0
6516,0,0,0.848547962215485,1
6517,1,1,0.8711395908977745,1
6518,0,0,0.5158798401747638,1
6519,3,1,0.1639354431903894,0
6520,4,1,0.9028342782472218,1
6521,1,0,0.14975975647141898,0
6522,1,0,0.21122697649788308,0
6523,3,1,0.25822988437912997,0
6524,2,1,0.8830858413806574,1
6525,4,1,0.9686124316509735,1
6526,1,1,0.9011826916466215,1
6527,1,1,0.8110599473137987,1
6528,1,1,0.804668888322013,1
6529,0,0,0.2567392623082546,0
6530,3,0,0.26591061101615804,0
6531,4,1,0.8128722512882047,1
6532,4,1,0.8128722512882047,1
6533,0,1,0.8002132416913139,1
6534,2,1,0.7359662013919605,1
6535,2,0,0.7789767589005041,1
6536,4,1,0.7898097284827539,1
6537,4,0,0.47138771423428993,0
6538,4,1,0.9143913325613836,1
6539,4,0,0.0714314746957757,0
6540,4,0,0.5070677756019509,1
6541,3,0,0.08100046313115405,0
6542,4,1,0.7345814450250465,1
6543,4,1,0.2303307290875389,0
6544,3,0,0.18647602448065123,0
6545,4,1,0.8666938898140643,1
6546,0,1,0.6802972829532898,1
6547,0,0,0.2315529947145148,0
6548,3,0,0.11357120337842708,0
6549,0,1,0.6331573023778614,1
6550,4,0,0.23675760336414906,0
6551,4,1,0.9028342782472218,1
6552,0,0,0.16070037700457632,0
6553,0,1,0.9127020436290647,1
6554,0,0,0.1802770112992733,0
6555,0,1,0.753321903987036,1
6556,1,0,0.0981841885474195,0
6557,1,1,0.8794296563755937,1
6558,1,1,0.9773924293735998,1
6559,1,1,0.8007333077436831,1
6560,1,1,0.5754284543447418,1
6561,1,1,0.9782846403885072,1
6562,1,0,0.2588356698799208,0
6563,3,1,0.5567443432677952,1
6564,2,0,0.24011503326577743,0
6565,1,1,0.1429371315648611,0
6566,1,0,0.08920620192812878,0
6567,4,0,0.5911412854351118,1
6568,3,1,0.47976146104926026,0
6569,3,1,0.6687430542624886,1
6570,3,1,0.5563807216423969,1
6571,4,1,0.7898097284827539,1
6572,3,1,0.9630243010427454,1
6573,0,1,0.1340915847276619,0
6574,2,1,0.4025014133829078,0
6575,0,0,0.10086916784868376,0
6576,1,1,0.7861257378612547,1
6577,1,0,0.0601584387096777,0
6578,3,1,0.8763382532825605,1
6579,1,1,0.9647939723054246,1
6580,2,1,0.9566764917615778,1
6581,3,1,0.9709260705332948,1
6582,0,0,0.10640356130825213,0
6583,3,1,0.9681091865521633,1
6584,3,1,0.43249177256247057,0
6585,1,0,0.35705242974537765,0
6586,4,1,0.9758102271630228,1
6587,4,1,0.9758102271630228,1
6588,0,1,0.7535908807108128,1
6589,0,1,0.9206467510643805,1
6590,3,0,0.0755297299903742,0
6591,3,0,0.06451331427879393,0
6592,1,1,0.7170276264514307,1
6593,0,0,0.11297551615931938,0
6594,0,0,0.09574387268341003,0
6595,4,0,0.21974117168110416,0
6596,2,0,0.934523714298588,1
6597,0,0,0.12472707409258596,0
6598,0,0,0.3748281163548121,0
6599,1,0,0.7685021388526343,1
6600,1,0,0.09206396277117676,0
6601,4,0,0.16079517456259684,0
6602,1,0,0.2690791278313036,0
6603,2,1,0.9075458817411308,1
6604,2,1,0.9075458817411308,1
6605,2,1,0.9598044000851162,1
6606,2,1,0.9663852231323281,1
6607,2,1,0.6489759254271397,1
6608,2,0,0.30535959785637357,0
6609,0,0,0.06644412228144506,0
6610,4,0,0.08273761521208792,0
6611,2,1,0.43964165532024047,0
6612,4,1,0.7326749681701763,1
6613,4,1,0.9077067952346313,1
6614,4,1,0.584596901831115,1
6615,2,0,0.09884318871665942,0
6616,0,1,0.18573210946701754,0
6617,3,0,0.19263675764607685,0
6618,2,1,0.6657959135706701,1
6619,3,0,0.17514929164590157,0
6620,3,1,0.8286733502453935,1
6621,3,0,0.12131268646665266,0
6622,0,0,0.12752342217704077,0
6623,3,1,0.7857500776071464,1
6624,4,0,0.38689499947578626,0
6625,4,1,0.7109575178389509,1
6626,3,0,0.1242009381489355,0
6627,0,0,0.2424025805913342,0
6628,0,1,0.942769683740266,1
6629,4,0,0.4543393810737205,0
6630,4,0,0.6733227311248831,1
6631,4,1,0.6733227311248831,1
6632,3,1,0.9658095021650915,1
6633,3,0,0.2633238179456224,0
6634,1,0,0.6978947254794949,1
6635,3,0,0.39437968482477076,0
6636,0,0,0.16139772191359458,0
6637,4,0,0.14515145950344246,0
6638,4,0,0.16268982339697644,0
6639,1,0,0.0852293261289028,0
6640,0,1,0.9492309320688096,1
6641,1,0,0.12613837015624213,0
6642,3,0,0.30943577909765246,0
6643,1,1,0.7735227886785864,1
6644,2,1,0.7499443135678864,1
6645,1,1,0.3306135877501107,0
6646,1,0,0.1487033553635871,0
6647,0,0,0.23058125787773137,0
6648,0,0,0.14940694233523774,0
6649,2,1,0.18012435444652777,0
6650,0,0,0.21032738176055235,0
6651,0,1,0.7742271931040298,1
6652,1,1,0.603927300377572,1
6653,2,1,0.9566764917615778,1
6654,4,0,0.6121595160693667,1
6655,4,1,0.6733227311248831,1
6656,4,0,0.6683605703695188,1
6657,2,0,0.9208026588259395,1
6658,2,0,0.19448564710314334,0
6659,2,1,0.776623232950497,1
6660,4,1,0.8093200745845326,1
6661,3,1,0.6958131117032793,1
6662,3,0,0.32658367147395634,0
6663,2,1,0.7177416868789802,1
6664,1,0,0.24310153040124002,0
6665,3,1,0.4307651755583518,0
6666,3,1,0.6482539755093681,1
6667,3,1,0.7976229773531803,1
6668,0,1,0.3617301166610101,0
6669,0,0,0.7549379588599757,1
6670,2,1,0.46966058760863216,0
6671,4,0,0.2942337874659612,0
6672,3,0,0.2626334622646571,0
6673,1,1,0.6896069374366981,1
6674,0,0,0.12913748334498062,0
6675,4,0,0.6404196106069759,1
6676,4,0,0.1514765945998272,0
6677,1,1,0.7791209499463904,1
6678,3,1,0.9160052821079675,1
6679,2,0,0.5761149594534567,1
6680,0,0,0.13670734453033048,0
6681,1,0,0.22639164173541482,0
6682,4,1,0.8167208514541584,1
6683,3,0,0.25301207414058163,0
6684,3,1,0.7857500776071464,1
6685,1,1,0.851966254736895,1
6686,1,0,0.290214573936221,0
6687,1,1,0.847616817435533,1
6688,3,0,0.08411293524603958,0
6689,4,0,0.2694978305944294,0
6690,2,0,0.17606839300550703,0
6691,3,1,0.9177862334092166,1
6692,4,1,0.7556587336429963,1
6693,1,0,0.09911116956118846,0
6694,2,1,0.3691920072029357,0
6695,0,0,0.10004099641100982,0
6696,2,0,0.20550732987407722,0
6697,4,0,0.10650862076686105,0
6698,4,0,0.8167208514541584,1
6699,4,1,0.6028547299654968,1
6700,1,0,0.12227848365608264,0
6701,1,0,0.29727933632165127,0
6702,2,1,0.7483235803405662,1
6703,2,1,0.8025802429537988,1
6704,2,0,0.17425518757455333,0
6705,2,0,0.7719089749647918,1
6706,3,0,0.12082600088066323,0
6707,4,0,0.633275976143912,1
6708,4,1,0.7096655143482797,1
6709,2,0,0.09474386257716322,0
6710,3,1,0.973850051103427,1
6711,3,1,0.9334699797359052,1
6712,1,0,0.22665685250978712,0
6713,2,0,0.3325145359299985,0
6714,2,1,0.8923128735044966,1
6715,2,1,0.873134482342289,1
6716,1,0,0.1318759032209844,0
6717,2,1,0.6996507941468288,1
6718,0,0,0.2775527918081279,0
6719,1,1,0.3975226239519244,0
6720,2,0,0.9220597495977827,1
6721,1,1,0.6717095870315254,1
6722,1,1,0.48473536825930325,0
6723,3,0,0.6687430542624886,1
6724,4,1,0.43460730656527685,0
6725,0,1,0.6545749896998665,1
6726,0,1,0.9753213461973097,1
6727,0,0,0.49078898675645655,0
6728,0,1,0.9739348901407285,1
6729,2,1,0.80542596175524,1
6730,2,0,0.3737174511922157,0
6731,2,0,0.1426591236934658,0
6732,2,0,0.1667922459047648,0
6733,2,1,0.5813384174955173,1
6734,2,0,0.26279855075199315,0
6735,1,0,0.06370606339482761,0
6736,1,1,0.5996531147530269,1
6737,4,1,0.6432996633462782,1
6738,0,1,0.9170682529909068,1
6739,3,0,0.21785348846228814,0
6740,2,0,0.21413052454944204,0
6741,4,0,0.22016935898383289,0
6742,2,0,0.23009911746991635,0
6743,2,1,0.22764449749850627,0
6744,4,0,0.41283528205996467,0
6745,0,0,0.6417870826665507,1
6746,4,1,0.9567610233758916,1
6747,4,0,0.9115917209937011,1
6748,3,0,0.09646584324826193,0
6749,1,0,0.1722232024526547,0
6750,1,1,0.9687573369081959,1
6751,1,1,0.9687573369081959,1
6752,1,0,0.23830392728038333,0
6753,3,0,0.3343686292576995,0
6754,3,1,0.9395752337005581,1
6755,1,0,0.1676067410441828,0
6756,1,1,0.6735029109786823,1
6757,1,0,0.2893810298251672,0
6758,3,0,0.18720145944259658,0
6759,3,0,0.20848769608143805,0
6760,1,1,0.6456467738042165,1
6761,0,0,0.5706254915019647,1
6762,3,0,0.2266053513373881,0
6763,1,0,0.5834540698929274,1
6764,1,1,0.6671433842393257,1
6765,1,0,0.8221775951393216,1
6766,4,0,0.32788459361877176,0
6767,1,0,0.6625659516680718,1
6768,1,1,0.26646407767126656,0
6769,0,1,0.8377788721126941,1
6770,0,0,0.1095776654313738,0
6771,4,1,0.6028547299654968,1
6772,4,1,0.713176002040117,1
6773,4,0,0.1422714702185588,0
6774,3,1,0.6777791427961828,1
6775,3,1,0.6455575116893343,1
6776,3,1,0.8215798926851475,1
6777,3,1,0.6618560166519032,1
6778,4,1,0.8869806343357829,1
6779,1,0,0.26926891436714534,0
6780,0,1,0.969193469159882,1
6781,4,1,0.6733227311248831,1
6782,2,0,0.24116845153252475,0
6783,3,0,0.12151054039133258,0
6784,1,1,0.9082781557714089,1
6785,3,0,0.17077005046515356,0
6786,4,1,0.47350029052430265,0
6787,4,1,0.38787917016483126,0
6788,0,0,0.6287942301136885,1
6789,2,1,0.6481755525998335,1
6790,3,1,0.6553723993925569,1
6791,4,0,0.8238775468038578,1
6792,4,1,0.9625505529929788,1
6793,4,0,0.3945955171161655,0
6794,4,1,0.8953649111968127,1
6795,1,0,0.20066011864770203,0
6796,1,1,0.21877592263492454,0
6797,3,0,0.1278721495647734,0
6798,1,1,0.856846827447158,1
6799,4,0,0.2563116264760527,0
6800,1,1,0.5091831954162119,1
6801,3,1,0.8739598573413339,1
6802,3,0,0.1995272514170381,0
6803,3,0,0.08904374750895201,0
6804,0,1,0.6417870826665507,1
6805,2,1,0.9075458817411308,1
6806,2,0,0.16342803668979963,0
6807,2,1,0.9566764917615778,1
6808,4,1,0.9579032117815395,1
6809,0,1,0.815445520456943,1
6810,1,0,0.9240663557675668,1
6811,0,1,0.7932288609776756,1
6812,2,1,0.20514163146218137,0
6813,1,0,0.1985057612641456,0
6814,3,0,0.6609372725988587,1
6815,3,0,0.7542664293404182,1
6816,2,1,0.7627928761826667,1
6817,3,0,0.07761501359565678,0
6818,1,1,0.08358644085542931,0
6819,3,0,0.3193247018476034,0
6820,1,0,0.250207105827888,0
6821,1,1,0.6807248469554519,1
6822,3,1,0.47976146104926026,0
6823,0,0,0.20685714564996077,0
6824,0,0,0.9199339250030131,1
6825,4,1,0.623065289436049,1
6826,2,1,0.8547754697746074,1
6827,1,1,0.10049851179390819,0
6828,3,1,0.31099852490597624,0
6829,3,1,0.8933538709627648,1
6830,2,1,0.9075458817411308,1
6831,2,0,0.962715278332119,1
6832,2,1,0.9416932391114543,1
6833,1,0,0.23770850702373394,0
6834,2,1,0.9497107297086856,1
6835,2,0,0.1795087419044167,0
6836,4,0,0.2581489374360073,0
6837,1,1,0.7646233120324955,1
6838,0,0,0.1773351276672417,0
6839,2,0,0.10959358844036599,0
6840,2,0,0.2739430189361222,0
6841,3,0,0.14308862766330405,0
6842,4,1,0.773188121049617,1
6843,3,0,0.2004900495897389,0
6844,4,0,0.7418001754678071,1
6845,1,0,0.09194450944744263,0
6846,2,0,0.30573415222185885,0
6847,0,1,0.849264443680074,1
6848,2,0,0.13466429633911053,0
6849,3,1,0.6056630365946211,1
6850,3,1,0.7767892130289517,1
6851,4,1,0.9734019899863123,1
6852,4,0,0.2520610329121269,0
6853,4,0,0.18220939142918324,0
6854,2,0,0.12268729248738355,0
6855,1,1,0.8110599473137987,1
6856,0,1,0.7407175010025242,1
6857,0,0,0.3495166092761032,0
6858,4,1,0.2868504048962758,0
6859,2,0,0.4502380274706184,0
6860,1,0,0.22293523465220336,0
6861,3,1,0.7337848892505092,1
6862,4,0,0.08144067410986842,0
6863,1,1,0.23840874689175115,0
6864,4,1,0.17397090492362316,0
6865,2,0,0.3118533559917369,0
6866,4,1,0.6121595160693667,1
6867,3,1,0.9756225711465466,1
6868,3,1,0.9320036056781832,1
6869,0,0,0.06709231624520431,0
6870,0,1,0.6679786189968722,1
6871,0,0,0.1445760713865815,0
6872,0,1,0.23762233251727508,0
6873,4,0,0.24988124041339832,0
6874,3,0,0.4866197784743371,0
6875,2,1,0.7627640190345866,1
6876,4,1,0.9283633842879766,1
6877,2,1,0.96091670509227,1
6878,0,0,0.12092641214518612,0
6879,4,1,0.7126545535979295,1
6880,3,0,0.24151672754773526,0
6881,0,1,0.7427530055410896,1
6882,3,1,0.25076167696937407,0
6883,3,1,0.9259383258032761,1
6884,3,1,0.9259383258032761,1
6885,3,1,0.9307274324788094,1
6886,3,0,0.1806606350642746,0
6887,3,0,0.2674884300176446,0
6888,4,0,0.31960540817652816,0
6889,4,0,0.1422400925758912,0
6890,3,0,0.16271038964363935,0
6891,2,1,0.2937251703263854,0
6892,2,1,0.914721227992056,1
6893,3,1,0.8670493328612122,1
6894,0,0,0.23676115315822885,0
6895,1,0,0.10262705291913085,0
6896,4,1,0.8712542028879817,1
6897,2,1,0.7483235803405662,1
6898,0,1,0.09391047949570926,0
6899,2,0,0.19645525496497646,0
6900,2,0,0.26198399221881513,0
6901,2,0,0.13513307576273018,0
6902,4,0,0.9300921786964845,1
6903,2,0,0.12092482787672669,0
6904,1,1,0.9023132617782698,1
6905,4,0,0.15237435119042814,0
6906,1,1,0.861267970987456,1
6907,0,0,0.16317539863314126,0
6908,0,0,0.30996665870692797,0
6909,1,1,0.6227601545345584,1
6910,1,0,0.09709215826532393,0
6911,2,1,0.21204318412331033,0
6912,1,0,0.1961040933283317,0
6913,3,0,0.18560747397945443,0
6914,4,0,0.12437342847510752,0
6915,1,0,0.11207617174926794,0
6916,2,0,0.8683521441255034,1
6917,4,0,0.1998589029853596,0
6918,4,0,0.9596605283287054,1
6919,4,0,0.1325049646840459,0
6920,4,0,0.18379358585491692,0
6921,2,0,0.05224559903837969,0
6922,2,0,0.12037802021682344,0
6923,4,1,0.8238968875484265,1
6924,0,1,0.0853265339621521,0
6925,1,0,0.1858534158191512,0
6926,4,0,0.16401628449358385,0
6927,3,0,0.5186379182156776,1
6928,4,0,0.15601391424312944,0
6929,3,1,0.7605103459372128,1
6930,1,1,0.9596416216741307,1
6931,1,0,0.3155648416424094,0
6932,1,1,0.971288967214474,1
6933,4,1,0.2630408139913344,0
6934,3,0,0.652602266143433,1
6935,3,1,0.714742424926491,1
6936,1,0,0.16314283552563474,0
6937,4,1,0.16669131176986882,0
6938,2,1,0.8071692088858153,1
6939,3,1,0.9655046296592698,1
6940,3,1,0.9603729485118143,1
6941,1,0,0.4334692140913843,0
6942,3,0,0.07638745189068379,0
6943,4,0,0.11702887146837468,0
6944,4,0,0.1977458746970845,0
6945,0,0,0.17711207964058287,0
6946,4,1,0.6995322285638027,1
6947,3,0,0.0678108957985519,0
6948,2,1,0.8547322708318217,1
6949,2,1,0.8909438132519356,1
6950,1,0,0.6169035763477748,1
6951,0,0,0.8426126744505356,1
6952,3,0,0.18282746998919802,0
6953,2,1,0.8766922551167458,1
6954,4,1,0.74210259252476,1
6955,0,0,0.06277584908992566,0
6956,2,0,0.6481755525998335,1
6957,0,0,0.6679786189968722,1
6958,4,0,0.06766035464735351,0
6959,4,0,0.8746603968539878,1
6960,2,1,0.9741517983264534,1
6961,2,1,0.9611751086139588,1
6962,2,0,0.3264849969083176,0
6963,2,0,0.4694632356301432,0
6964,4,1,0.7069794714266346,1
6965,4,1,0.9741164875473554,1
6966,4,1,0.9664655199914385,1
6967,2,1,0.16661556041712502,0
6968,3,0,0.26074392714387223,0
6969,1,0,0.5877696978448685,1
6970,2,1,0.7789016251473091,1
6971,2,1,0.9754180714122482,1
6972,1,0,0.17469988501790482,0
6973,1,1,0.9559936276795217,1
6974,2,0,0.6335677136718539,1
6975,2,0,0.584391944331127,1
6976,0,1,0.40498852183244444,0
6977,4,0,0.1665436560100482,0
6978,0,0,0.3236510718122642,0
6979,4,1,0.732175656476298,1
6980,1,1,0.582716571364045,1
6981,0,1,0.7893091314187838,1
6982,3,0,0.1716603510359701,0
6983,3,1,0.7021073536889649,1
6984,3,0,0.09188743090492489,0
6985,0,1,0.7721770179193157,1
6986,0,0,0.12548584322554593,0
6987,4,0,0.2135230451412886,0
6988,2,0,0.16248671221281474,0
6989,2,0,0.4226338440442977,0
6990,0,1,0.8820099556878964,1
6991,4,1,0.9567610233758916,1
6992,2,0,0.4501519009661338,0
6993,0,1,0.9700060992284095,1
6994,0,1,0.9656107770457987,1
6995,0,1,0.9616853334868212,1
6996,0,1,0.10505537899459813,0
6997,2,0,0.6213446340464415,1
6998,4,0,0.8233969324386553,1
6999,2,0,0.6995776692168895,1
7000,2,0,0.7898380635997655,1
7001,4,0,0.0875039265250613,0
7002,4,0,0.16727641047419464,0
7003,2,0,0.17576586241476375,0
7004,3,0,0.09400264266559884,0
7005,4,0,0.12098487356875746,0
7006,4,1,0.9655129361871829,1
7007,4,1,0.6506718140260465,1
7008,4,1,0.9734019899863123,1
7009,1,1,0.9773924293735998,1
7010,4,1,0.20841322953384095,0
7011,3,1,0.7993657681847784,1
7012,0,0,0.15005452451772408,0
7013,4,0,0.762978697718305,1
7014,4,0,0.3529461229457703,0
7015,4,1,0.1491617897504573,0
7016,0,1,0.9492309320688096,1
7017,2,1,0.6500605436158431,1
7018,3,1,0.7169456656363548,1
7019,2,1,0.9112846115390072,1
7020,3,1,0.8495532802601502,1
7021,3,1,0.8585270553384912,1
7022,4,0,0.10110642696544957,0
7023,4,1,0.9253201514311478,1
7024,4,1,0.9070225016182731,1
7025,2,0,0.09893309768864288,0
7026,4,1,0.07351735687007203,0
7027,1,1,0.8782429236212849,1
7028,2,0,0.313791102799699,0
7029,3,0,0.06143718572372925,0
7030,4,1,0.28208025310319634,0
7031,4,0,0.11022647660584499,0
7032,4,1,0.6875076246223474,1
7033,2,1,0.8025251047928276,1
7034,3,1,0.5842140017519589,1
7035,3,0,0.1239821357237439,0
7036,2,0,0.8633734315010125,1
7037,0,1,0.8801299382983246,1
7038,0,0,0.17948309553355496,0
7039,0,1,0.8824568162212494,1
7040,0,1,0.714490462188906,1
7041,3,1,0.6712265042729864,1
7042,3,0,0.19610379162403002,0
7043,1,0,0.1652657803090353,0
7044,1,1,0.6420945305596125,1
7045,0,1,0.9691469506634337,1
7046,0,1,0.4492254574038333,0
7047,2,0,0.11187718095303358,0
7048,2,0,0.0848892225981605,0
7049,2,1,0.8815108708035911,1
7050,2,1,0.8815108708035911,1
7051,1,0,0.11265550060998002,0
7052,0,0,0.9016296084032458,1
7053,0,1,0.6160276158975745,1
7054,0,1,0.6488554184884825,1
7055,2,0,0.44498608371162723,0
7056,1,0,0.17758085010196936,0
7057,1,0,0.28516168834696287,0
7058,3,0,0.8429646925376064,1
7059,2,0,0.5657803704374632,1
7060,2,0,0.07541613581497175,0
7061,0,0,0.9127020436290647,1
7062,0,1,0.8177314065601008,1
7063,2,0,0.1065788811240031,0
7064,3,1,0.9435362995602018,1
7065,3,0,0.10758600959212324,0
7066,1,0,0.12905318154231282,0
7067,2,0,0.16495849669447188,0
7068,1,0,0.0765503854823678,0
7069,3,1,0.2521207226380658,0
7070,0,1,0.6754442277078508,1
7071,0,1,0.6621895668413491,1
7072,0,0,0.3270980869556906,0
7073,0,1,0.9732418349058691,1
7074,0,1,0.43632173376950695,0
7075,3,1,0.8106659501401704,1
7076,0,1,0.9691469506634337,1
7077,0,1,0.9745324542938961,1
7078,3,1,0.6507197975809039,1
7079,4,0,0.2790597944863997,0
7080,1,1,0.11104769311475005,0
7081,3,1,0.9160052821079675,1
7082,2,0,0.11564328702996067,0
7083,2,0,0.2569087628598978,0
7084,0,0,0.21604282421159593,0
7085,1,0,0.5368993801470598,1
7086,1,0,0.0964440370220335,0
7087,4,0,0.7963822787339895,1
7088,0,1,0.24677240930785507,0
7089,1,1,0.663214728429657,1
7090,0,1,0.3228913819899712,0
7091,2,0,0.22541557687263108,0
7092,2,0,0.23234302886525804,0
7093,0,1,0.9039093956413834,1
7094,0,0,0.23853211086901735,0
7095,2,1,0.8762984194515406,1
7096,0,1,0.4153658253897022,0
7097,0,1,0.9573553800439067,1
7098,0,0,0.22012697928174377,0
7099,0,1,0.8877410097349905,1
7100,3,0,0.8350339597454847,1
7101,3,0,0.2622334101898877,0
7102,1,0,0.07082882845597283,0
7103,0,0,0.10630956071076153,0
7104,0,0,0.8075917318886666,1
7105,4,0,0.6442439755830461,1
7106,0,1,0.9715954407836142,1
7107,2,1,0.6337423668949077,1
7108,2,0,0.3198543527594285,0
7109,2,0,0.06272127573861268,0
7110,3,0,0.2164140168093352,0
7111,4,1,0.08917137148679613,0
7112,4,1,0.7963822787339895,1
7113,2,1,0.6879602235000352,1
7114,4,1,0.9257418509333853,1
7115,4,1,0.9638544509235742,1
7116,4,0,0.18043301789174046,0
7117,4,1,0.9791048470536489,1
7118,4,0,0.3243198336447151,0
7119,4,1,0.9453035374312722,1
7120,4,1,0.9764615970378758,1
7121,2,1,0.47362395278891417,0
7122,1,1,0.7465054660320533,1
7123,1,1,0.858847210048628,1
7124,1,0,0.12270754089606617,0
7125,4,1,0.9780851617408347,1
7126,4,1,0.5434761950260705,1
7127,2,1,0.9754180714122482,1
7128,2,1,0.968232476205474,1
7129,2,1,0.686790927871074,1
7130,3,0,0.07976868773233385,0
7131,1,0,0.15046509765833557,0
7132,4,1,0.865693354134753,1
7133,4,0,0.32297344253498567,0
7134,1,0,0.25705274352349944,0
7135,4,1,0.8984785105041803,1
7136,0,1,0.9127020436290647,1
7137,4,0,0.12469517908047065,0
7138,4,1,0.8834330840678443,1
7139,4,1,0.9625505529929788,1
7140,3,1,0.7746049784039709,1
7141,0,1,0.16468515167797534,0
7142,3,0,0.1412684856993747,0
7143,0,1,0.9525339254332293,1
7144,3,0,0.12082037536094566,0
7145,2,0,0.0626628261411177,0
7146,1,1,0.9638005730170159,1
7147,2,0,0.24512156969922222,0
7148,4,0,0.09997363484522317,0
7149,0,1,0.4278666718765425,0
7150,2,1,0.7092235400503941,1
7151,0,0,0.13707353943078254,0
7152,1,0,0.2232224459857334,0
7153,3,0,0.14766805020594226,0
7154,1,0,0.18508450017629852,0
7155,2,0,0.05884581916306983,0
7156,4,1,0.7963822787339895,1
7157,1,1,0.9647939723054246,1
7158,4,1,0.9721119316248126,1
7159,3,1,0.7021073536889649,1
7160,2,1,0.20448047805721434,0
7161,4,0,0.20378052802549734,0
7162,4,1,0.9598233786865169,1
7163,4,1,0.6442439755830461,1
7164,3,1,0.6862424052246633,1
7165,3,0,0.4926418340443458,0
7166,3,1,0.8717163919291522,1
7167,1,0,0.12552642121871976,0
7168,3,1,0.7993657681847784,1
7169,1,1,0.7988983790439583,1
7170,1,0,0.8238030915806632,1
7171,1,1,0.7651454191948187,1
7172,0,1,0.2096198028136302,0
7173,1,0,0.7988983790439583,1
7174,4,1,0.9721119316248126,1
7175,0,0,0.8075917318886666,1
7176,3,1,0.9709260705332948,1
7177,4,1,0.8041636964556494,1
7178,3,1,0.6711381088216574,1
7179,2,1,0.8730959337433316,1
7180,1,1,0.9531641561653228,1
7181,2,0,0.3510516346322934,0
7182,0,1,0.9127020436290647,1
7183,1,0,0.19903531549262668,0
7184,0,0,0.1870284613860985,0
7185,4,0,0.7309807707330805,1
7186,1,0,0.05513397345172497,0
7187,1,1,0.6706811728030846,1
7188,2,0,0.6657184842572379,1
7189,1,0,0.18654710847652012,0
7190,1,0,0.7637836054825283,1
7191,0,1,0.7161062877411389,1
7192,2,1,0.6792395472924108,1
7193,1,0,0.10874106900589002,0
7194,1,0,0.510023493838844,1
7195,4,0,0.12843799693329747,0
7196,3,1,0.46451601280332006,0
7197,3,1,0.8495532802601502,1
7198,2,0,0.39926469232268585,0
7199,2,1,0.5204035088072875,1
7200,2,1,0.8435771547125878,1
7201,0,0,0.16364875665597486,0
7202,1,0,0.1338711091740746,0
7203,2,0,0.1981928803709256,0
7204,3,1,0.9000225058003647,1
7205,3,1,0.9709260705332948,1
7206,1,1,0.35284718513240887,0
7207,0,1,0.5350268022054077,1
7208,2,0,0.19259966394795205,0
7209,4,0,0.7028038717948293,1
7210,0,1,0.6300253864501251,1
7211,0,1,0.8075917318886666,1
7212,2,0,0.15909848562420048,0
7213,2,0,0.0491853028455974,0
7214,1,0,0.49190028379418865,0
7215,0,0,0.08298337715335624,0
7216,0,0,0.6621895668413491,1
7217,0,1,0.5244497414058741,1
7218,3,0,0.0676769013802518,0
7219,3,1,0.9603686065271966,1
7220,3,1,0.9633502627524161,1
7221,1,0,0.06052071124776339,0
7222,4,0,0.23387457746009147,0
7223,1,1,0.8857921375805162,1
7224,4,0,0.04994240024795605,0
7225,0,1,0.848547962215485,1
7226,4,0,0.5434480445717851,1
7227,2,1,0.5303851340029866,1
7228,0,1,0.948529365792391,1
7229,2,0,0.41802136991468347,0
7230,0,1,0.12200200142178085,0
7231,3,0,0.3397242541816664,0
7232,0,1,0.9639050457796369,1
7233,4,1,0.9547014042927581,1
7234,0,0,0.10605126743059609,0
7235,3,1,0.9160052821079675,1
7236,4,0,0.18184006571775402,0
7237,3,0,0.6287418455123507,1
7238,1,0,0.6782750906324984,1
7239,2,1,0.897800189883768,1
7240,2,1,0.9174068266887535,1
7241,3,0,0.06090311989683348,0
7242,3,0,0.44038189217198304,0
7243,3,1,0.9633502627524161,1
7244,2,1,0.9640892342638914,1
7245,3,0,0.3025518618336446,0
7246,3,0,0.4699056157184232,0
7247,3,0,0.21687075985792215,0
7248,1,1,0.8639698088298104,1
7249,1,0,0.3585694647159921,0
7250,0,1,0.9597930045790581,1
7251,2,0,0.1467711352147824,0
7252,1,0,0.7306072725409204,1
7253,2,1,0.46432746665154634,0
7254,0,1,0.6868581895427455,1
7255,0,1,0.9717256531247143,1
7256,0,1,0.5917425596672502,1
7257,4,0,0.19092208059663596,0
7258,1,1,0.12378917494220835,0
7259,0,1,0.749984574949557,1
7260,1,0,0.12839303181131465,0
7261,2,0,0.13324729716351733,0
7262,3,1,0.7646874710306533,1
7263,0,1,0.4081466925793431,0
7264,1,0,0.11120369850819135,0
7265,3,0,0.13052636828977754,0
7266,2,0,0.23985526085577744,0
7267,3,1,0.5913237836979507,1
7268,4,1,0.7028038717948293,1
7269,2,1,0.16119810391618564,0
7270,1,0,0.29668417810486086,0
7271,0,0,0.11707091171375307,0
7272,4,1,0.6330081369072772,1
7273,1,0,0.3089999709293963,0
7274,4,0,0.852362307396729,1
7275,0,1,0.7476239438499742,1
7276,2,0,0.24630720195415737,0
7277,2,0,0.3294324710005251,0
7278,1,1,0.9082781557714089,1
7279,1,1,0.8661152820357987,1
7280,1,0,0.14355620224028257,0
7281,1,0,0.07519675116376627,0
7282,4,0,0.6826221990722953,1
7283,4,1,0.9531287184106755,1
7284,1,0,0.19636349324143326,0
7285,0,0,0.1647045384560547,0
7286,1,0,0.870564615500492,1
7287,1,0,0.30450985360988747,0
7288,1,1,0.9047895496520084,1
7289,1,0,0.4455323508743179,0
7290,0,0,0.0999099956136366,0
7291,3,0,0.11325854504369787,0
7292,4,1,0.7028038717948293,1
7293,1,0,0.15982804280375504,0
7294,3,0,0.16485699438991958,0
7295,0,0,0.5350268022054077,1
7296,0,1,0.7393221680596028,1
7297,4,0,0.4522000810898743,0
7298,3,0,0.9047500095104255,1
7299,1,0,0.821927019946749,1
7300,0,1,0.9127020436290647,1
7301,0,1,0.9127020436290647,1
7302,1,0,0.17011995547658962,0
7303,3,0,0.29379683880056134,0
7304,1,0,0.12017875179262234,0
7305,3,1,0.9404424982030007,1
7306,1,1,0.93316007339888,1
7307,2,0,0.6828900870040182,1
7308,3,1,0.889401776773108,1
7309,2,0,0.1595094708162858,0
7310,4,0,0.08151708078580336,0
7311,0,0,0.798726773686144,1
7312,2,1,0.8146260090734526,1
7313,3,1,0.7646874710306533,1
7314,3,1,0.7896087631057859,1
7315,3,0,0.12510414896523672,0
7316,3,0,0.6287418455123507,1
7317,2,0,0.22076795168302743,0
7318,4,0,0.2276073215410842,0
7319,1,0,0.37268171865174066,0
7320,1,1,0.5004555436137821,1
7321,4,0,0.2113214793198101,0
7322,4,0,0.7496941487740454,1
7323,1,1,0.968615987680496,1
7324,1,1,0.9646968292150482,1
7325,4,0,0.46428675918406337,0
7326,4,0,0.20279525320474945,0
7327,4,0,0.019251740310960882,0
7328,4,0,0.1922839129374157,0
7329,3,1,0.4093696453098706,0
7330,0,1,0.85776639508731,1
7331,3,1,0.9731754790954027,1
7332,3,0,0.15658764644921797,0
7333,0,0,0.2903922098322336,0
7334,3,1,0.9051740063154137,1
7335,4,0,0.16477965197577685,0
7336,0,0,0.8335632955678713,1
7337,2,1,0.8447504907091544,1
7338,0,0,0.053063311492417095,0
7339,3,0,0.2530674629636397,0
7340,3,0,0.1358620699688651,0
7341,3,1,0.9271772124761936,1
7342,0,0,0.19404347110151676,0
7343,3,0,0.07527790266539487,0
7344,0,0,0.12423838874230271,0
7345,0,0,0.20018768025532122,0
7346,2,1,0.35630809415709874,0
7347,2,0,0.715752614337394,1
7348,4,1,0.6547138703842327,1
7349,1,1,0.833774416842928,1
7350,2,1,0.9660212228523158,1
7351,2,1,0.9727064491977158,1
7352,2,1,0.9754180714122482,1
7353,3,0,0.3016564970415452,0
7354,2,0,0.0755118006920713,0
7355,0,1,0.9457214925524491,1
7356,0,1,0.849264443680074,1
7357,0,0,0.49976159354509586,0
7358,0,0,0.046066749637534994,0
7359,3,0,0.22561509809654431,0
7360,0,0,0.49976159354509586,0
7361,0,1,0.722568730487131,1
7362,0,1,0.4568667523075513,0
7363,3,0,0.188934930225269,0
7364,3,1,0.5761094001072234,1
7365,0,1,0.9753593703649923,1
7366,2,0,0.46490592172217704,0
7367,2,0,0.09569778881607297,0
7368,3,0,0.1780963242008607,0
7369,4,0,0.3356143746501521,0
7370,4,0,0.6820715324941163,1
7371,4,1,0.47641553557488725,0
7372,3,1,0.6868309610455298,1
7373,1,0,0.10575702502600388,0
7374,1,1,0.6973688707015483,1
7375,2,0,0.07181194375928582,0
7376,1,1,0.2823920375640195,0
7377,0,1,0.9486053218076139,1
7378,2,0,0.20927720362483693,0
7379,4,1,0.8364051980488164,1
7380,1,1,0.8473612189122849,1
7381,4,1,0.8429587160930835,1
7382,4,0,0.13676368629537294,0
7383,3,1,0.44261795350427396,0
7384,3,1,0.322257568718076,0
7385,2,0,0.25226695217597506,0
7386,0,1,0.9760128151678493,1
7387,1,0,0.7562739371895874,1
7388,1,0,0.10693080697391873,0
7389,1,1,0.7988983790439583,1
7390,2,1,0.9112564768173143,1
7391,1,0,0.4484425837731932,0
7392,1,1,0.663214728429657,1
7393,1,0,0.6797112079498298,1
7394,1,0,0.18997414502381704,0
7395,2,0,0.1480072307782287,0
7396,0,1,0.81824727492811,1
7397,0,1,0.1864397648202781,0
7398,3,0,0.3979777945998177,0
7399,3,1,0.9719523536010579,1
7400,3,0,0.4398450310827693,0
7401,1,1,0.9112753697657652,1
7402,0,1,0.9753593703649923,1
7403,1,0,0.7474391581970145,1
7404,4,1,0.7963822787339895,1
7405,4,0,0.6925348582994606,1
7406,4,0,0.0950232935739854,0
7407,4,1,0.13805639100730746,0
7408,3,0,0.6868309610455298,1
7409,0,1,0.8703143480135737,1
7410,0,0,0.30209832715243085,0
7411,4,1,0.9103459123667476,1
7412,1,0,0.15361271006886185,0
7413,3,0,0.20696403053668838,0
7414,1,0,0.044218683661939234,0
7415,0,0,0.38388980246705706,0
7416,3,1,0.8552702122627891,1
7417,4,1,0.19294777183039286,0
7418,0,0,0.7670549638324456,1
7419,3,0,0.46451601280332006,0
7420,3,1,0.5004602811859011,1
7421,4,0,0.29829086333832383,0
7422,4,1,0.9603876390486219,1
7423,0,0,0.2000869603603105,0
7424,1,0,0.31160131252570955,0
7425,0,0,0.2198966744241377,0
7426,4,1,0.958731044534536,1
7427,4,1,0.7091200956485696,1
7428,0,0,0.1815052315077586,0
7429,0,1,0.9492309320688096,1
7430,2,1,0.9173804575057881,1
7431,4,1,0.36248442214876364,0
7432,1,0,0.18717204243956975,0
7433,0,0,0.0654672206680573,0
7434,3,0,0.8834226322753088,1
7435,3,1,0.7021073536889649,1
7436,2,1,0.30389966378926,0
7437,3,1,0.7021073536889649,1
7438,4,0,0.21317544814814196,0
7439,0,0,0.15416390304960392,0
7440,0,0,0.16328372112609066,0
7441,0,0,0.08972703231755616,0
7442,4,1,0.7587192230149623,1
7443,1,1,0.8160773207201234,1
7444,4,0,0.1223273099975223,0
7445,3,0,0.060760482867166545,0
7446,3,0,0.165806484297334,0
7447,2,1,0.4049271853354206,0
7448,0,1,0.5835179752785562,1
7449,4,1,0.9547014042927581,1
7450,4,0,0.22974114908414078,0
7451,3,1,0.9214995446079827,1
7452,0,0,0.34508920557489053,0
7453,0,0,0.34031406434872835,0
7454,4,1,0.7587192230149623,1
7455,2,0,0.146212380323891,0
7456,4,0,0.07072208827733649,0
7457,4,0,0.9442190509721243,1
7458,4,1,0.9491314883409662,1
7459,3,1,0.9335800389188832,1
7460,2,1,0.7387870344139024,1
7461,2,1,0.8641754610802647,1
7462,2,1,0.2936238693344211,0
7463,2,1,0.7387870344139024,1
7464,2,1,0.1412023210537504,0
7465,3,0,0.2533169061896746,0
7466,4,0,0.10416539707556442,0
7467,4,1,0.9683489150485264,1
7468,4,0,0.7496941487740454,1
7469,0,1,0.7283697324154269,1
7470,3,1,0.9234591231472438,1
7471,3,1,0.9344834541411825,1
7472,4,0,0.06066209137074783,0
7473,2,1,0.953749105211003,1
7474,3,0,0.23622122685354544,0
7475,0,1,0.9550061522135803,1
7476,2,1,0.6255589796499242,1
7477,2,1,0.8025251047928276,1
7478,4,1,0.732175656476298,1
7479,1,1,0.9144077030979957,1
7480,2,0,0.22451621805811472,0
7481,2,1,0.7642583617844237,1
7482,2,0,0.2723034639444098,0
7483,2,0,0.3590098883092639,0
7484,2,0,0.057945475807347574,0
7485,4,1,0.03748373849906832,0
7486,4,1,0.8591766447630885,1
7487,1,1,0.9112753697657652,1
7488,4,0,0.689580093579255,1
7489,1,1,0.9112753697657652,1
7490,3,1,0.7875678821655642,1
7491,2,1,0.9329313619007876,1
7492,2,0,0.23612028665416673,0
7493,2,1,0.9720984830405419,1
7494,0,0,0.08904965033780751,0
7495,4,0,0.14641684635688818,0
7496,3,1,0.8751328991244373,1
7497,1,0,0.1726026677277349,0
7498,4,0,0.6925348582994606,1
7499,3,1,0.2557468758651358,0
7500,3,1,0.9191257811848691,1
7501,0,0,0.5201700488059212,1
7502,3,1,0.8601466802985521,1
7503,4,1,0.9179823209735994,1
7504,0,0,0.616860604218185,1
7505,4,0,0.7312815929961193,1
7506,0,0,0.131554820695672,0
7507,4,0,0.7496941487740454,1
7508,1,1,0.9374086486737048,1
7509,2,1,0.902635381557852,1
7510,2,1,0.8879978861739646,1
7511,1,0,0.8281181530456289,1
7512,1,0,0.16312940986015972,0
7513,1,1,0.907889200743473,1
7514,0,0,0.20194994211199255,0
7515,0,0,0.23383133125534403,0
7516,2,0,0.40247519124004805,0
7517,4,1,0.9817389503258628,1
7518,4,1,0.9817389503258628,1
7519,0,0,0.728369732415427,1
7520,1,1,0.6051249148204549,1
7521,1,1,0.42693413148730824,0
7522,1,1,0.294137739132265,0
7523,1,1,0.9394798524234285,1
7524,4,1,0.6330081369072772,1
7525,1,0,0.06480570337395368,0
7526,3,0,0.1424312633299231,0
7527,3,1,0.8639575923237616,1
7528,3,1,0.7896087631057859,1
7529,3,0,0.6287418455123507,1
7530,3,0,0.15354578719732817,0
7531,1,0,0.20914296738705207,0
7532,2,0,0.21392114942934307,0
7533,3,0,0.3823902048726673,0
7534,4,0,0.3357045163158817,0
7535,4,1,0.5883981667755482,1
7536,0,1,0.9364086900749374,1
7537,0,1,0.9550061522135803,1
7538,4,0,0.08846870935895818,0
7539,2,0,0.0571275424326195,0
7540,0,0,0.3443662723328672,0
7541,0,1,0.9153621973128514,1
7542,1,0,0.641047621298395,1
7543,2,1,0.8742922922289992,1
7544,3,1,0.6777791427961828,1
7545,3,0,0.8215798926851475,1
7546,1,1,0.9112753697657652,1
7547,4,0,0.16892455218934319,0
7548,0,0,0.19672123278216638,0
7549,1,1,0.9545760827695927,1
7550,2,1,0.9546006579770632,1
7551,3,1,0.9505232546336341,1
7552,3,0,0.3177409565530297,0
7553,2,0,0.32423268230381513,0
7554,1,0,0.3955351094412626,0
7555,1,0,0.24132514151079423,0
7556,4,0,0.09333976863109121,0
7557,0,0,0.08716266540604245,0
7558,2,1,0.23509904736152398,0
7559,1,1,0.5426840052882089,1
7560,2,0,0.6995776692168895,1
7561,0,1,0.13804637538940506,0
7562,4,0,0.20409469515719178,0
7563,2,0,0.16553457043929726,0
7564,1,0,0.21789963389672365,0
7565,4,1,0.6101079840995922,1
7566,3,1,0.5113555050963408,1
7567,2,0,0.07534077421533965,0
7568,0,0,0.12315810546356472,0
7569,4,1,0.634277171189296,1
7570,3,0,0.16893386994715492,0
7571,4,1,0.3065762562007928,0
7572,4,1,0.9603876390486219,1
7573,4,0,0.4097764981665987,0
7574,0,1,0.46112064390571084,0
7575,1,1,0.9632673030242129,1
7576,1,0,0.15064096539394262,0
7577,1,1,0.46892443747278406,0
7578,1,1,0.9531641561653228,1
7579,1,1,0.6387483083609048,1
7580,3,0,0.07530637874786814,0
7581,3,0,0.3533218583408853,0
7582,3,0,0.10721766789077869,0
7583,1,1,0.7986084271709256,1
7584,0,0,0.11800303386682176,0
7585,1,0,0.403726633088405,0
7586,0,0,0.21122773434431716,0
7587,3,1,0.9661653754704213,1
7588,3,1,0.9637307719068418,1
7589,0,0,0.16209313179662724,0
7590,3,1,0.9705699274179493,1
7591,3,0,0.27438380216986596,0
7592,3,1,0.9669211825667161,1
7593,0,0,0.6995332562829052,1
7594,4,0,0.9190308782945987,1
7595,4,1,0.6989084274512882,1
7596,4,0,0.3141811290019113,0
7597,3,1,0.33672215725303345,0
7598,2,1,0.6828900870040182,1
7599,2,0,0.35468874841363385,0
7600,2,1,0.5453243163685564,1
7601,2,0,0.3000617275361643,0
7602,1,0,0.6797112079498298,1
7603,3,0,0.9278843413771267,1
7604,1,1,0.8661152820357987,1
7605,3,1,0.8747842010291852,1
7606,1,1,0.510023493838844,1
7607,1,0,0.19593470630285467,0
7608,1,0,0.17587249699977156,0
7609,1,0,0.33527451587116974,0
7610,0,0,0.7987267736861442,1
7611,0,0,0.662312464277217,1
7612,0,0,0.8161561090827281,1
7613,4,1,0.9179823209735994,1
7614,3,0,0.1187268045746354,0
7615,0,1,0.9586537806599027,1
7616,4,1,0.9659068888938696,1
7617,4,0,0.22387073723956671,0
7618,3,0,0.07841762117286089,0
7619,1,0,0.7306072725409204,1
7620,2,1,0.5475144198676393,1
7621,3,1,0.7646874710306533,1
7622,4,1,0.7883730393199232,1
7623,4,1,0.24321144282779045,0
7624,4,1,0.9525485442587956,1
7625,4,0,0.1822375669084229,0
7626,4,1,0.7577396225213964,1
7627,4,1,0.8828705107299056,1
7628,3,0,0.031173306069766486,0
7629,4,1,0.8647219483064644,1
7630,3,0,0.1019269691153544,0
7631,3,1,0.5422069992729548,1
7632,4,0,0.1131468379715501,0
7633,2,0,0.6320690251251333,1
7634,2,1,0.879811761062865,1
7635,2,1,0.780097288628935,1
7636,2,0,0.13285920581261842,0
7637,0,0,0.8075917318886666,1
7638,0,0,0.711187370392505,1
7639,4,0,0.07583266005769279,0
7640,1,1,0.6230156669501054,1
7641,3,0,0.20331001281132685,0
7642,1,0,0.10199180643777261,0
7643,1,1,0.7922013415750534,1
7644,1,1,0.6604441242705684,1
7645,1,1,0.6230156669501054,1
7646,1,0,0.2506729622291532,0
7647,3,0,0.12815004148745363,0
7648,2,0,0.1633763237813618,0
7649,0,0,0.13789807938346518,0
7650,3,0,0.14469873828242072,0
7651,0,0,0.0998323893719535,0
7652,3,1,0.7646874710306533,1
7653,1,0,0.71662888311832,1
7654,1,0,0.3104146927348697,0
7655,1,0,0.2463865876616568,0
7656,1,0,0.2130361664377348,0
7657,3,0,0.16360922116197535,0
7658,3,1,0.9219169620493897,1
7659,3,1,0.7646874710306533,1
7660,3,1,0.7875678821655642,1
7661,0,0,0.29977875245082686,0
7662,0,1,0.6934415151696753,1
7663,1,1,0.9744245683343448,1
7664,3,0,0.2858272753629068,0
7665,1,0,0.22287770892383138,0
7666,4,1,0.8041636964556494,1
7667,4,0,0.22960882779461744,0
7668,0,1,0.662312464277217,1
7669,0,1,0.7889336010518236,1
7670,0,0,0.6300253864501251,1
7671,0,0,0.7696518357630578,1
7672,4,0,0.34474887362845075,0
7673,0,1,0.9725150303900078,1
7674,2,0,0.08878973825880544,0
7675,0,0,0.1712739460497596,0
7676,4,1,0.6949008537808222,1
7677,4,0,0.17612508680313937,0
7678,1,0,0.499730477142539,0
7679,2,1,0.6320690251251333,1
7680,4,1,0.9482229293931657,1
7681,4,1,0.9482229293931657,1
7682,4,1,0.928202512269342,1
7683,4,1,0.6313012458240094,1
7684,4,0,0.46314800900431397,0
7685,4,1,0.973897935390599,1
7686,4,0,0.9692167071351386,1
7687,4,1,0.9773649000287972,1
7688,1,0,0.3794359307030684,0
7689,1,0,0.3908223990748649,0
7690,1,0,0.09798925563524054,0
7691,1,1,0.8562742850653446,1
7692,2,1,0.7642583617844237,1
7693,2,1,0.6576933924033721,1
7694,2,0,0.1682711755212512,0
7695,2,1,0.8189981216871963,1
7696,2,0,0.2591157802990693,0
7697,2,0,0.07862152334095614,0
7698,1,1,0.9528379326573676,1
7699,3,1,0.49239503336348794,0
7700,3,0,0.23762526388313046,0
7701,4,1,0.9442190509721243,1
7702,1,0,0.04661123684877893,0
7703,1,1,0.6246339532202252,1
7704,4,1,0.8599309327462878,1
7705,4,0,0.12049233416547252,0
7706,1,1,0.6734565859969485,1
7707,4,0,0.7883730393199232,1
7708,2,0,0.44204632991763926,0
7709,0,1,0.9275186366228729,1
7710,0,1,0.9153621973128514,1
7711,0,1,0.9275186366228729,1
7712,2,1,0.41555773339648366,0
7713,2,1,0.6995776692168895,1
7714,4,1,0.292748619392367,0
7715,4,0,0.10247563573463529,0
7716,4,0,0.25879648878967504,0
7717,1,0,0.7806338411713527,1
7718,1,0,0.2458833144240625,0
7719,0,0,0.14995518165514454,0
7720,2,0,0.21523031717517013,0
7721,2,0,0.2581749335647591,0
7722,3,0,0.8350339597454847,1
7723,0,0,0.34747764437635753,0
7724,0,1,0.6943367644994559,1
7725,2,0,0.09783330580302962,0
7726,0,0,0.08152489387534961,0
7727,0,1,0.31259956476308054,0
7728,1,0,0.6973688707015482,1
7729,1,0,0.07248637378578363,0
7730,1,1,0.7783179688079096,1
7731,0,0,0.2031484074241935,0
7732,3,0,0.4824654646832724,0
7733,3,0,0.7313276993824144,1
7734,2,1,0.8641754610802647,1
7735,2,0,0.10261342048654823,0
7736,3,0,0.18257799813277875,0
7737,4,0,0.11199280354863779,0
7738,3,0,0.24688364625908132,0
7739,3,1,0.6669034065696299,1
7740,3,1,0.8447154780982497,1
7741,4,0,0.6216258522648725,1
7742,4,1,0.8050579885758362,1
7743,2,0,0.6995776692168896,1
7744,2,1,0.6995776692168896,1
7745,0,0,0.09177634991204382,0
7746,1,1,0.8661152820357987,1
7747,3,1,0.9637307719068418,1
7748,3,0,0.33019846439826867,0
7749,0,1,0.6104682305021736,1
7750,2,1,0.5464923218300647,1
7751,3,1,0.8241306515181662,1
7752,3,1,0.9271772124761936,1
7753,3,1,0.9168349067316977,1
7754,3,0,0.061331419498269014,0
7755,0,1,0.9153621973128514,1
7756,2,1,0.893559562376963,1
7757,2,1,0.9566764917615778,1
7758,0,1,0.7171331897934068,1
7759,0,1,0.362328509864972,0
7760,3,1,0.6051120356600117,1
7761,1,0,0.18929661819498592,0
7762,2,0,0.3235174053766857,0
7763,1,0,0.17722701250283995,0
7764,2,0,0.16312662353216761,0
7765,4,0,0.21000391297371956,0
7766,2,0,0.6995776692168896,1
7767,3,1,0.8106659501401704,1
7768,4,1,0.9762623637137243,1
7769,2,1,0.7918002926962739,1
7770,0,0,0.29323914367241816,0
7771,2,0,0.2252776745833079,0
7772,1,1,0.9145487730885746,1
7773,4,1,0.2639956152839857,0
7774,3,0,0.42221982200504293,0
7775,0,1,0.6300253864501251,1
7776,0,0,0.8899300482324689,1
7777,4,0,0.4262091582547585,0
7778,4,1,0.48857219336255214,0
7779,4,1,0.6330081369072772,1
7780,4,0,0.08313445704891662,0
7781,4,1,0.9866670619485794,1
7782,4,1,0.9293789430007227,1
7783,4,1,0.9415007875284346,1
7784,2,0,0.14771503864182722,0
7785,0,0,0.2107819541506978,0
7786,0,1,0.26207889799849116,0
7787,2,0,0.34712076430713845,0
7788,1,0,0.22907760300942434,0
7789,0,0,0.5513374626303769,1
7790,2,1,0.8730959337433316,1
7791,2,0,0.1765080591695825,0
7792,2,0,0.21549613699036427,0
7793,2,1,0.8995686457138414,1
7794,4,0,0.46584170586540324,0
7795,3,1,0.6738343094248085,1
7796,2,0,0.16009296560389952,0
7797,3,0,0.11613295644305106,0
7798,0,1,0.9211154117633553,1
7799,2,1,0.36533355570302845,0
7800,2,0,0.6320690251251332,1
7801,1,0,0.0897090590359216,0
7802,3,0,0.7169456656363548,1
7803,1,0,0.6973688707015482,1
7804,1,0,0.23059466602307946,0
7805,4,1,0.6442439755830461,1
7806,4,0,0.41034862655024745,0
7807,2,1,0.6500605436158431,1
7808,2,0,0.15495356598410856,0
7809,0,1,0.8411989568246291,1
7810,3,1,0.8670493328612122,1
7811,3,0,0.1513861810356387,0
7812,3,1,0.8751328991244373,1
7813,4,0,0.21965429328712463,0
7814,4,0,0.25928746284354937,0
7815,1,0,0.32451521574236475,0
7816,3,1,0.2504010984962459,0
7817,3,1,0.9103078744046561,1
7818,3,0,0.24846330248849402,0
7819,1,0,0.1828800687172324,0
7820,1,1,0.8954839533816668,1
7821,1,1,0.34846218963672915,0
7822,1,1,0.89927556825214,1
7823,4,0,0.3687014122421682,0
7824,3,0,0.1838886521731715,0
7825,4,1,0.741800175467807,1
7826,1,1,0.9673967265247642,1
7827,1,1,0.9673967265247642,1
7828,2,0,0.6500605436158431,1
7829,3,1,0.9705699274179493,1
7830,3,1,0.9661653754704213,1
7831,3,1,0.4458730889420259,0
7832,4,0,0.3145677166285701,0
7833,4,0,0.17423741483088132,0
7834,0,1,0.728369732415427,1
7835,4,0,0.48857219336255214,0
7836,4,0,0.7109458467502335,1
7837,4,1,0.7128721095969005,1
7838,4,0,0.08231581489114681,0
7839,4,0,0.48857219336255214,0
7840,4,1,0.7128721095969005,1
7841,2,1,0.3171483599027212,0
7842,1,1,0.8970250317539512,1
7843,2,1,0.29441753846969104,0
7844,2,1,0.5083959176264207,1
7845,2,0,0.32004924063981705,0
7846,2,1,0.9612813088830365,1
7847,2,1,0.1706178496517755,0
7848,0,1,0.9196070781718749,1
7849,4,0,0.1254557321512245,0
7850,2,0,0.11695091858156184,0
7851,4,0,0.2709387231899234,0
7852,0,1,0.6621895668413491,1
7853,1,0,0.08824661885866443,0
7854,2,0,0.23330090169593962,0
7855,4,0,0.6714210735184591,1
7856,4,0,0.7128721095969005,1
7857,4,1,0.48857219336255214,0
7858,4,1,0.7128721095969005,1
7859,4,0,0.48857219336255214,0
7860,4,1,0.7424799085346905,1
7861,4,0,0.47641553557488714,0
7862,4,0,0.08268901412448428,0
7863,4,0,0.048586429493196755,0
7864,2,1,0.17699963440165795,0
7865,3,1,0.6738343094248085,1
7866,1,0,0.4930702628919069,0
7867,2,0,0.1694344651903375,0
7868,1,0,0.17907211834356881,0
7869,1,0,0.1859977077147956,0
7870,2,1,0.7037641812827217,1
7871,1,1,0.9673967265247642,1
7872,1,1,0.9632673030242129,1
7873,3,1,0.9795205092663961,1
7874,4,1,0.9808452947076597,1
7875,1,1,0.7711319102616311,1
7876,1,1,0.7922013415750533,1
7877,3,1,0.878351009766794,1
7878,1,0,0.24745936195530918,0
7879,2,0,0.6838375718284455,1
7880,0,0,0.711187370392505,1
7881,3,0,0.2879284432906817,0
7882,2,1,0.9348447223535964,1
7883,4,0,0.4356170783558818,0
7884,2,1,0.8271843860379655,1
7885,3,1,0.9749925494464114,1
7886,3,0,0.35559025414228984,0
7887,3,1,0.9559176381914486,1
7888,0,1,0.7987267736861442,1
7889,1,0,0.052668335951018726,0
7890,3,1,0.7022847620175866,1
7891,0,0,0.2348222198144821,0
7892,1,0,0.6632147284296568,1
7893,3,1,0.8248739689551756,1
7894,3,0,0.40700971063856023,0
7895,2,1,0.9523141342187844,1
7896,2,0,0.5291051694352706,1
7897,3,0,0.6868309610455297,1
7898,0,1,0.24887353971799714,0
7899,2,0,0.16482474647316028,0
7900,1,0,0.42411333184978134,0
7901,3,1,0.8350339597454847,1
7902,2,0,0.1009172906861863,0
7903,1,0,0.8691340678577556,1
7904,1,0,0.10929789673171846,0
7905,4,1,0.9525485442587956,1
7906,3,0,0.3078767305000125,0
7907,3,1,0.6863667176901624,1
7908,1,0,0.25642775167106285,0
7909,1,1,0.9112753697657652,1
7910,1,0,0.3391448251891174,0
7911,1,1,0.9569031099756642,1
7912,1,1,0.9616530906249487,1
7913,1,1,0.3694611478061764,0
7914,2,0,0.1581947233299832,0
7915,1,1,0.9631430334535223,1
7916,4,0,0.2156009657537359,0
7917,1,0,0.40021626819864176,0
7918,1,1,0.9790470105895469,1
7919,1,1,0.9798752678261505,1
7920,1,1,0.9722899807885539,1
7921,1,1,0.6562892722736126,1
7922,1,1,0.8640758341963793,1
7923,0,0,0.7491686394829893,1
7924,1,0,0.22250857173183958,0
7925,4,1,0.7066856413571473,1
7926,2,0,0.6951118514573285,1
7927,0,0,0.5438132895320378,1
7928,4,1,0.8413957822272656,1
7929,3,0,0.11899549461634529,0
7930,0,1,0.7393221680596028,1
7931,3,0,0.20756452436573314,0
7932,3,1,0.8248739689551756,1
7933,3,0,0.2259763806476689,0
7934,0,0,0.24723917130692316,0
7935,0,0,0.6630311916548086,1
7936,1,0,0.29192758540395136,0
7937,2,0,0.6003490870841165,1
7938,2,0,0.3183350050037784,0
7939,2,1,0.2971811404724014,0
7940,0,0,0.1351809591870652,0
7941,2,0,0.1209193620273898,0
7942,0,0,0.05214288143536956,0
7943,0,0,0.3651822671651,0
7944,0,1,0.9648650698043705,1
7945,1,0,0.7986084271709254,1
7946,3,1,0.9505232546336341,1
7947,3,1,0.8106659501401704,1
7948,3,0,0.25417814380875714,0
7949,3,1,0.657814660664618,1
7950,2,1,0.6276585250065544,1
7951,4,1,0.1264367402839391,0
7952,2,0,0.6320690251251332,1
7953,2,1,0.15990668367438549,0
7954,2,1,0.4709071429829104,0
7955,4,1,0.6611540525961985,1
7956,4,0,0.18665624585388566,0
7957,0,0,0.2280046958930907,0
7958,0,0,0.26270495497186463,0
7959,0,1,0.9573553800439067,1
7960,0,1,0.8568826735685001,1
7961,2,1,0.7216599097908865,1
7962,4,0,0.16115858803199976,0
7963,1,1,0.8562742850653446,1
7964,1,1,0.875380524893688,1
7965,1,1,0.7450413648701169,1
7966,4,0,0.6377147608796667,1
7967,3,0,0.1391329805441405,0
7968,1,1,0.8245972127436606,1
7969,3,0,0.13289307370645168,0
7970,0,1,0.16043615293392716,0
7971,0,0,0.8035772206428199,1
7972,0,1,0.14583044147737825,0
7973,1,0,0.40616857167861714,0
7974,1,1,0.971025160015991,1
7975,0,0,0.10416800961859163,0
7976,3,0,0.23161594058273458,0
7977,4,0,0.40466906927683477,0
7978,4,0,0.16190487825131936,0
7979,4,1,0.9103459123667476,1
7980,4,0,0.2105336619281207,0
7981,4,1,0.9215743226828781,1
7982,0,0,0.37094894747803625,0
7983,3,0,0.28519955933297503,0
7984,3,0,0.20511457042043882,0
7985,3,1,0.1657741356796783,0
7986,0,0,0.7766170481518982,1
7987,1,0,0.2426081043605939,0
7988,0,0,0.12474157033299801,0
7989,3,0,0.21530633555226517,0
7990,0,1,0.9153621973128514,1
7991,2,0,0.27812587551163087,0
7992,4,0,0.5612702227419909,1
7993,0,0,0.12165227434242801,0
7994,2,1,0.0954900376278718,0
7995,3,0,0.08441296746133022,0
7996,3,1,0.45684563034962516,0
7997,0,1,0.9701433735470807,1
7998,0,1,0.9725150303900078,1
7999,2,0,0.09750858937887447,0
8000,4,1,0.732175656476298,1
8001,4,1,0.8712542028879817,1
8002,2,1,0.7370927393030468,1
8003,3,0,0.7646874710306532,1
8004,4,0,0.09011195333212153,0
8005,3,1,0.5846794059429543,1
8006,3,0,0.7773969085861214,1
8007,3,0,0.2026804666799831,0
8008,2,0,0.10304077368768287,0
8009,3,1,0.24405119255783286,0
8010,1,1,0.7922013415750533,1
8011,2,1,0.9047257126906666,1
8012,4,0,0.23337306591688498,0
8013,2,1,0.9284872052436037,1
8014,2,0,0.2710143538565854,0
8015,2,1,0.9304032895861054,1
8016,2,1,0.8977682585270004,1
8017,1,0,0.14073438689992954,0
8018,3,1,0.977517032214249,1
8019,3,1,0.9758788556364402,1
8020,4,0,0.24566565217305808,0
8021,3,0,0.3090150967129223,0
8022,3,0,0.07323017026372033,0
8023,2,0,0.1356187481934386,0
8024,0,1,0.8256365894251465,1
8025,4,0,0.21323351378166291,0
8026,3,0,0.11784641198388755,0
8027,1,0,0.27312512256079896,0
8028,2,1,0.7487121903317735,1
8029,3,1,0.953488159451657,1
8030,3,1,0.9655046296592698,1
8031,4,1,0.7963822787339895,1
8032,3,1,0.5422069992729548,1
8033,3,1,0.6414268955478886,1
8034,1,0,0.18056240861035258,0
8035,3,0,0.21378540689508438,0
8036,3,0,0.7313276993824144,1
8037,3,0,0.034951250302537026,0
8038,3,0,0.7021073536889648,1
8039,0,0,0.8258986287999999,1
8040,0,0,0.13322736592936277,0
8041,0,1,0.8703143480135737,1
8042,4,0,0.3839761965515949,0
8043,2,1,0.9570788851761554,1
8044,4,1,0.9825916527584408,1
8045,4,0,0.3651347798783858,0
8046,4,1,0.9808452947076597,1
8047,3,0,0.8106659501401704,1
8048,3,0,0.17160766134459735,0
8049,0,0,0.1225115726707223,0
8050,1,1,0.24301216286066588,0
8051,4,0,0.09062389049065671,0
8052,1,1,0.6632147284296568,1
8053,0,0,0.8618982556372718,1
8054,0,0,0.711389559618591,1
8055,1,1,0.6132965808518969,1
8056,0,1,0.7404971540296804,1
8057,3,1,0.10511004343873433,0
8058,3,1,0.8350339597454847,1
8059,3,0,0.17092044081926755,0
8060,3,1,0.8851883352420344,1
8061,2,1,0.7363310363591876,1
8062,0,0,0.5625900646828531,1
8063,0,1,0.9732263925079079,1
8064,1,0,0.192990135219289,0
8065,2,0,0.3136883828549061,0
8066,0,0,0.24003872001466325,0
8067,3,0,0.23379596453729906,0
8068,2,0,0.8146260090734526,1
8069,3,0,0.13520982167814674,0
8070,0,0,0.21013568232082114,0
8071,1,1,0.7853412058470616,1
8072,2,0,0.7337150232097447,1
8073,3,0,0.2223596901456182,0
8074,0,0,0.09912469418315785,0
8075,2,0,0.0654144433613325,0
8076,3,1,0.8401162945589936,1
8077,4,1,0.8264737752765334,1
8078,4,1,0.26403584722062795,0
8079,2,0,0.23067808027625444,0
8080,4,0,0.6925348582994606,1
8081,4,1,0.48857219336255214,0
8082,4,1,0.5432609654093191,1
8083,0,0,0.8485479622154851,1
8084,2,0,0.13582881110787665,0
8085,0,0,0.47962235404287135,0
8086,2,1,0.8315339341937307,1
8087,2,0,0.32112059926810693,0
8088,2,1,0.9173804575057881,1
8089,3,0,0.13497041819431452,0
8090,4,0,0.11474178736618149,0
8091,4,0,0.24772331070353185,0
8092,4,0,0.16889796398280363,0
8093,2,1,0.2866909852823182,0
8094,4,1,0.975107491576976,1
8095,4,0,0.3829057856482248,0
8096,4,1,0.973897935390599,1
8097,4,0,0.3524414760395927,0
8098,1,1,0.7059879190579532,1
8099,2,1,0.748258041771207,1
8100,0,0,0.17585080792009097,0
8101,3,0,0.15868422458179476,0
8102,3,0,0.21033986148103576,0
8103,3,1,0.9427680127708227,1
8104,0,1,0.387540348986102,0
8105,4,1,0.31459355064958977,0
8106,4,0,0.4654731987005021,0
8107,1,1,0.3929291226090332,0
8108,2,0,0.13162060688189128,0
8109,1,1,0.2743457501375217,0
8110,1,1,0.8523844633536319,1
8111,1,0,0.12788594230783745,0
8112,3,0,0.37537219358977514,0
8113,4,1,0.8766176246789602,1
8114,3,0,0.11106047252293691,0
8115,0,0,0.5438132895320378,1
8116,0,0,0.25282369942903904,0
8117,0,0,0.6300253864501251,1
8118,0,0,0.3395155615918726,0
8119,2,1,0.7642583617844237,1
8120,0,1,0.16333317450681503,0
8121,4,0,0.09969289213370207,0
8122,3,1,0.9594737938568425,1
8123,0,0,0.1260189088386223,0
8124,3,1,0.9435362995602018,1
8125,3,0,0.9552650973090714,1
8126,2,0,0.4058112272171269,0
8127,2,1,0.7387870344139024,1
8128,2,1,0.7387870344139024,1
8129,1,0,0.24869765910996608,0
8130,3,0,0.13068939488662173,0
8131,0,1,0.8204863922418479,1
8132,3,1,0.47907807657571116,0
8133,1,0,0.19981133668716206,0
8134,0,0,0.6746183913301277,1
8135,3,1,0.657814660664618,1
8136,2,1,0.6995776692168896,1
8137,2,0,0.4695739191830016,0
8138,2,0,0.715752614337394,1
8139,2,1,0.6390868749265107,1
8140,2,1,0.9684860510674078,1
8141,4,0,0.36144742520845763,0
8142,2,0,0.16195094599514664,0
8143,0,0,0.23528429501569478,0
8144,4,1,0.9142411103358957,1
8145,4,0,0.21646778896497398,0
8146,4,0,0.07496809927275745,0
8147,3,0,0.2891822071477417,0
8148,4,0,0.3298755989926474,0
8149,2,1,0.8730959337433316,1
8150,0,1,0.12103227428497292,0
8151,0,0,0.19483815199734286,0
8152,0,0,0.2618373135074133,0
8153,2,0,0.41998607777930197,0
8154,2,0,0.4337114766992494,0
8155,2,1,0.8810281068940934,1
8156,4,1,0.7432246109164115,1
8157,0,1,0.9693526765889984,1
8158,4,0,0.7323654829816807,1
8159,4,0,0.0755690464179433,0
8160,1,0,0.10499504722261215,0
8161,4,0,0.2009506244277432,0
8162,1,1,0.2206786800865849,0
8163,0,0,0.08071187600916616,0
8164,1,0,0.15455583242965526,0
8165,1,0,0.15637235365957736,0
8166,0,1,0.7393221680596028,1
8167,0,0,0.6495326260514671,1
8168,3,0,0.18502504423772673,0
8169,0,1,0.8529525272322637,1
8170,3,0,0.15741062112139803,0
8171,3,0,0.04524858094110205,0
8172,0,0,0.30001840142921055,0
8173,3,0,0.1703598832197667,0
8174,4,1,0.7588372676564722,1
8175,0,0,0.15200993244098088,0
8176,3,1,0.8839075189815081,1
8177,3,1,0.15951211661055542,0
8178,3,1,0.8985616186695387,1
8179,3,1,0.3864024321670172,0
8180,3,0,0.2082763476635105,0
8181,2,0,0.23461800120753087,0
8182,1,0,0.09376471134680427,0
8183,0,0,0.12866277781490618,0
8184,3,0,0.6674361173136555,1
8185,0,0,0.27900950780289396,0
8186,3,0,0.1338148805924512,0
8187,2,0,0.1371799431129635,0
8188,2,0,0.14329854711339707,0
8189,2,0,0.11882459093330491,0
8190,2,0,0.31918380356099696,0
8191,3,1,0.954820996077443,1
8192,0,1,0.7919841727718405,1
8193,2,0,0.40456793990963175,0
8194,2,0,0.21850860725284618,0
8195,3,0,0.26822794388064747,0
8196,3,1,0.35252120354673594,0
8197,1,1,0.9235941559970687,1
8198,1,1,0.8748712833329866,1
8199,1,1,0.8809583829356461,1
8200,0,0,0.6776826471106208,1
8201,0,1,0.8457090683731643,1
8202,2,0,0.1274197072349955,0
8203,0,0,0.1186225354049639,0
8204,0,0,0.7989464571640916,1
8205,0,1,0.6776826471106208,1
8206,0,1,0.9282889372169987,1
8207,3,0,0.711337322739541,1
8208,2,1,0.9760414603760039,1
8209,4,0,0.23366613181878534,0
8210,1,0,0.3589495078600684,0
8211,0,1,0.7987267736861442,1
8212,1,1,0.15000541012151244,0
8213,1,0,0.12258805187043616,0
8214,2,0,0.09887363267541019,0
8215,2,0,0.10467512729093281,0
8216,3,1,0.9168349067316977,1
8217,4,0,0.18643912870177443,0
8218,4,1,0.819619058935735,1
8219,2,0,0.18547814511472493,0
8220,2,1,0.48908853538655267,0
8221,3,1,0.9408886782765238,1
8222,0,0,0.10313942550557344,0
8223,2,0,0.6679296734679785,1
8224,1,1,0.19001821470860217,0
8225,4,1,0.4370310825590095,0
8226,1,0,0.914167270176969,1
8227,0,1,0.33118427993639743,0
8228,0,1,0.6300253864501252,1
8229,2,0,0.26837689926041597,0
8230,0,0,0.8161561090827281,1
8231,0,0,0.8161561090827281,1
8232,2,0,0.265175888938902,0
8233,2,1,0.8692879340366557,1
8234,2,1,0.5861389333131667,1
8235,0,1,0.836417353938173,1
8236,4,0,0.18094573233821823,0
8237,3,0,0.22255025751488647,0
8238,3,1,0.45524023433932925,0
8239,2,0,0.5145307344610497,1
8240,3,1,0.9505232546336341,1
8241,3,0,0.14383584554248927,0
8242,4,1,0.7195308327745715,1
8243,4,0,0.08027169894916049,0
8244,4,1,0.3178003741830766,0
8245,3,0,0.08146144951989344,0
8246,0,0,0.07252213852585505,0
8247,2,0,0.7487121903317735,1
8248,1,0,0.10612649846463054,0
8249,1,0,0.12094946087379173,0
8250,1,1,0.9632673030242129,1
8251,1,1,0.8988860782660258,1
8252,1,1,0.9721614990182956,1
8253,1,1,0.971025160015991,1
8254,1,0,0.2844210319282638,0
8255,0,0,0.09368115372230848,0
8256,1,1,0.653956381374717,1
8257,0,0,0.08539807630421044,0
8258,1,1,0.7059879190579532,1
8259,1,1,0.16789682386225957,0
8260,2,0,0.3380878822366019,0
8261,4,1,0.9215743226828781,1
8262,0,0,0.17314009459929214,0
8263,0,1,0.8204863922418479,1
8264,3,0,0.31306687573607456,0
8265,3,0,0.2832141179647285,0
8266,3,0,0.32063970589158725,0
8267,4,1,0.40117582409472197,0
8268,4,1,0.23847512171112742,0
8269,0,0,0.2275268568380704,0
8270,1,1,0.9112753697657652,1
8271,1,1,0.9145487730885746,1
8272,0,1,0.8285986250100905,1
8273,0,0,0.2303548827855711,0
8274,1,0,0.7853412058470616,1
8275,2,0,0.19531841299005134,0
8276,2,0,0.6995776692168896,1
8277,2,1,0.8679443560713245,1
8278,3,0,0.18831198166417243,0
8279,1,1,0.8748712833329866,1
8280,0,1,0.6985015749187238,1
8281,2,0,0.40486157271671075,0
8282,1,1,0.8793344056372943,1
8283,3,0,0.16388919657624468,0
8284,1,0,0.13780532097710171,0
8285,1,1,0.1770670142981822,0
8286,2,1,0.8189981216871963,1
8287,4,0,0.20249766159584334,0
8288,2,1,0.7603612681067778,1
8289,2,0,0.6716006742606763,1
8290,3,0,0.09315716652622219,0
8291,1,0,0.7922013415750533,1
8292,0,1,0.6621895668413491,1
8293,4,0,0.8669010832997176,1
8294,0,1,0.8801318075352166,1
8295,0,1,0.8457090683731643,1
8296,0,1,0.8801318075352166,1
8297,3,0,0.10160038907769911,0
8298,2,1,0.4995536020882261,0
8299,3,1,0.875383078679422,1
8300,3,0,0.3301070038089363,0
8301,3,1,0.977517032214249,1
8302,3,1,0.9809162010806036,1
8303,3,1,0.977517032214249,1
8304,1,1,0.8642397330536964,1
8305,1,1,0.9145487730885746,1
8306,4,0,0.207339327334268,0
8307,4,1,0.9547014042927581,1
8308,4,1,0.9547014042927581,1
8309,2,1,0.4024829273313437,0
8310,1,1,0.7783179688079096,1
8311,2,1,0.17170747467081665,0
8312,2,1,0.7642583617844237,1
8313,1,1,0.8748712833329866,1
8314,1,0,0.6973688707015482,1
8315,3,1,0.47952837780852214,0
8316,1,0,0.06739719803006058,0
8317,2,1,0.8730573751341694,1
8318,1,1,0.9629971786785121,1
8319,1,0,0.510023493838844,1
8320,4,1,0.14774291662122568,0
8321,0,0,0.23779263609449852,0
8322,2,0,0.9249601265096588,1
8323,2,0,0.8146260090734526,1
8324,2,1,0.5713176337203897,1
8325,2,0,0.8813729764989497,1
8326,0,0,0.04047651824843257,0
8327,2,1,0.16235551982641827,0
8328,2,1,0.9309281276610486,1
8329,4,0,0.2297612879186001,0
8330,1,1,0.9112753697657652,1
8331,1,1,0.9206371876543089,1
8332,3,1,0.657814660664618,1
8333,3,1,0.6287418455123505,1
8334,0,0,0.19676314347805873,0
8335,2,1,0.9665974946962359,1
8336,4,1,0.598015116342545,1
8337,2,0,0.13582257949253082,0
8338,4,0,0.06696344870583927,0
8339,2,1,0.511600711371934,1
8340,0,0,0.2959538185728979,0
8341,1,1,0.750024790736004,1
8342,4,0,0.09577487725290508,0
8343,3,0,0.06280348158090658,0
8344,1,0,0.38004885012439915,0
8345,2,0,0.651872439060122,1
8346,3,1,0.7021073536889648,1
8347,2,1,0.4695739191830016,0
8348,2,1,0.1539446100830365,0
8349,1,1,0.9763571108902943,1
8350,2,1,0.6922783062613542,1
8351,0,0,0.16812782473360688,0
8352,2,1,0.8909438132519356,1
8353,0,1,0.8841687739949852,1
8354,0,1,0.9153621973128514,1
8355,2,1,0.7498790559831523,1
8356,4,0,0.1604240225768585,0
8357,2,0,0.10822680590852064,0
8358,4,1,0.30910373349068965,0
8359,2,0,0.10134652170806993,0
8360,0,1,0.4850691106950443,0
8361,4,1,0.7675197970883114,1
8362,4,1,0.5475005646993929,1
8363,4,0,0.18479121309287577,0
8364,3,0,0.36782983178495643,0
8365,3,0,0.32731260351238034,0
8366,2,1,0.9112564768173143,1
8367,1,0,0.22554813529806175,0
8368,1,1,0.5672851437628484,1
8369,0,0,0.059677875540006434,0
8370,3,0,0.9404244666901731,1
8371,2,0,0.1065742835932985,0
8372,4,1,0.6925348582994606,1
8373,4,0,0.07032477224657949,0
8374,4,0,0.06906348182086086,0
8375,4,0,0.6925348582994606,1
8376,2,0,0.1519401476646503,0
8377,2,0,0.342621724195101,0
8378,2,0,0.17045504296299055,0
8379,0,1,0.9563728202429722,1
8380,3,1,0.7313276993824144,1
8381,3,0,0.500460281185901,1
8382,3,0,0.500460281185901,1
8383,4,0,0.1334155966069931,0
8384,3,0,0.7169456656363548,1
8385,4,0,0.28145702647399934,0
8386,4,1,0.8259982457344077,1
8387,4,1,0.9215743226828781,1
8388,3,0,0.2976483475535345,0
8389,3,0,0.4856541645663846,0
8390,2,1,0.9185401959933156,1
8391,1,1,0.5005418102166723,1
8392,3,0,0.18942371447284861,0
8393,0,1,0.9153621973128514,1
8394,1,1,0.7922013415750533,1
8395,1,0,0.1124487024510881,0
8396,2,0,0.1372229915768118,0
8397,3,0,0.2343399952674793,0
8398,0,0,0.3603428037647868,0
8399,2,0,0.7502371933694582,1
8400,0,0,0.2635724651001962,0
8401,4,0,0.9563787467896754,1
8402,4,0,0.08000000729989758,0
8403,4,0,0.7604619607432546,1
8404,4,0,0.12029737577821453,0
8405,4,0,0.1563282185265316,0
8406,3,1,0.9307274324788092,1
8407,1,1,0.7853412058470616,1
8408,1,1,0.8177462193421418,1
8409,1,1,0.8238030915806632,1
8410,1,0,0.7988983790439582,1
8411,4,0,0.5260852968565187,1
8412,1,1,0.7922013415750533,1
8413,4,0,0.5684850455903823,1
8414,1,0,0.7988983790439582,1
8415,4,1,0.6827195260161948,1
8416,4,1,0.9587310445345357,1
8417,4,1,0.9467286834602903,1
8418,4,0,0.3197404686514281,0
8419,1,0,0.30366216695532816,0
8420,1,0,0.1332488101844428,0
8421,4,0,0.19765460450087335,0
8422,4,1,0.9153330858710202,1
8423,4,0,0.23899608895852886,0
8424,4,0,0.7801357350991727,1
8425,4,0,0.08727825876850892,0
8426,3,0,0.23623512097066712,0
8427,0,0,0.6702034839117846,1
8428,4,1,0.2691172092309558,0
8429,2,1,0.9523141342187844,1
8430,2,1,0.9665974946962359,1
8431,4,0,0.7028038717948292,1
8432,3,0,0.4085686510961782,0
8433,3,0,0.8845150274738002,1
8434,0,1,0.6746183913301277,1
8435,1,1,0.8876005097228021,1
8436,2,0,0.5648356264421031,1
8437,3,0,0.17524637329797244,0
8438,4,0,0.0913767779555024,0
8439,4,0,0.06692955337374239,0
8440,4,1,0.5432609654093191,1
8441,4,1,0.9467286834602903,1
8442,3,0,0.31211398412245867,0
8443,3,0,0.11758696197797067,0
8444,4,0,0.1740450834503364,0
8445,3,1,0.1683505974270205,0
8446,2,1,0.13634814659438682,0
8447,1,0,0.16438220839199313,0
8448,1,1,0.09560208277689904,0
8449,4,1,0.8064387863518522,1
8450,2,1,0.6300611604912217,1
8451,4,0,0.13624485145560505,0
8452,4,0,0.09642269647079939,0
8453,2,0,0.1361279799626735,0
8454,2,0,0.06308844521665861,0
8455,3,0,0.5239381764018444,1
8456,2,0,0.7337150232097447,1
8457,4,1,0.9251547437198979,1
8458,4,1,0.9143913325613836,1
8459,4,0,0.09421724202009954,0
8460,4,1,0.30131215796513094,0
8461,4,0,0.219163466440063,0
8462,3,0,0.10571207370481447,0
8463,0,1,0.6621895668413491,1
8464,3,0,0.33434849280371143,0
8465,3,1,0.9427680127708225,1
8466,4,1,0.6216258522648727,1
8467,1,1,0.5068709028811398,1
8468,0,1,0.8304996283149754,1
8469,0,1,0.9803157711215088,1
8470,0,0,0.32555832296962545,0
8471,0,0,0.6630311916548086,1
8472,2,1,0.9726972098620233,1
8473,0,0,0.13922893739511727,0
8474,0,0,0.2874544475343776,0
8475,4,0,0.2907450749283367,0
8476,4,1,0.9388627711925303,1
8477,2,0,0.19271511282575898,0
8478,0,0,0.1866781291462968,0
8479,3,0,0.23539762820833376,0
8480,3,0,0.23860882903267075,0
8481,4,0,0.18376312581790952,0
8482,1,0,0.3566904210840183,0
8483,1,1,0.9431631783880441,1
8484,1,1,0.9512912180803877,1
8485,2,1,0.9640892342638914,1
8486,1,1,0.4589317196123068,0
8487,1,0,0.2820096924974893,0
8488,0,0,0.5498107027711612,1
8489,3,1,0.8845150274738002,1
8490,3,0,0.42565621900957756,0
8491,3,0,0.33201742610718954,0
8492,2,0,0.3122559763492,0
8493,1,1,0.9673397866226581,1
8494,4,1,0.8117180463864438,1
8495,4,0,0.1291577151469719,0
8496,4,0,0.7963822787339895,1
8497,4,1,0.8364051980488164,1
8498,4,1,0.8117180463864438,1
8499,4,1,0.6737765084680521,1
8500,2,0,0.4811426517862586,0
8501,4,0,0.5890532097968986,1
8502,0,1,0.7211783334027093,1
8503,2,0,0.6320690251251332,1
8504,2,0,0.07928141581521742,0
8505,1,1,0.1300990612372137,0
8506,4,0,0.13502588849553385,0
8507,2,0,0.4890885353865528,0
8508,0,0,0.13391039315568878,0
8509,1,0,0.8526112806811244,1
8510,2,1,0.4890885353865528,0
8511,0,1,0.650811697473061,1
8512,0,0,0.9164542619287585,1
8513,2,1,0.6828900870040182,1
8514,2,1,0.6676349073295337,1
8515,0,0,0.07191359183149476,0
8516,4,0,0.15126553314307442,0
8517,4,0,0.1197975778284862,0
8518,4,1,0.8730248476707431,1
8519,1,0,0.1440301445818192,0
8520,4,0,0.7587192230149623,1
8521,4,1,0.8209695945076667,1
8522,3,1,0.8682929747055235,1
8523,0,1,0.7581183271065097,1
8524,1,0,0.09679964134742655,0
8525,2,0,0.19123547128865262,0
8526,4,0,0.04750800843478803,0
8527,3,1,0.9681597320948954,1
8528,3,0,0.2026397946504813,0
8529,2,0,0.7765628634397925,1
8530,2,1,0.7627010484190977,1
8531,2,0,0.10475463557672783,0
8532,3,0,0.14778922334645694,0
8533,4,0,0.18919417428521845,0
8534,4,0,0.6473392486028403,1
8535,2,1,0.9720984830405419,1
8536,2,0,0.12215908744992168,0
8537,4,1,0.35265423419890035,0
8538,3,1,0.21041986147764685,0
8539,3,1,0.38450151220595014,0
8540,4,0,0.7028038717948292,1
8541,2,0,0.20242728036694643,0
8542,3,0,0.7914520978957816,1
8543,1,0,0.20327627676590254,0
8544,4,1,0.7600080340568057,1
8545,4,1,0.7323654829816807,1
8546,0,1,0.8382074892396149,1
8547,4,0,0.893934736173658,1
8548,4,0,0.147072471119455,0
8549,4,0,0.6216258522648727,1
8550,3,0,0.06139936451742916,0
8551,2,1,0.9047257126906666,1
8552,0,0,0.46123054961308596,0
8553,0,1,0.9620751841168016,1
8554,2,0,0.11858848461097686,0
8555,3,0,0.18795532655378416,0
8556,2,0,0.11107482846041004,0
8557,4,0,0.09894359399489672,0
8558,3,0,0.36400047833887605,0
8559,2,0,0.21555745121740835,0
8560,1,1,0.663214728429657,1
8561,4,1,0.9668221257004022,1
8562,1,0,0.11872046328078474,0
8563,4,0,0.9321448669952037,1
8564,1,0,0.6886085980431552,1
8565,2,0,0.6070691883321654,1
8566,3,1,0.9712302742121581,1
8567,3,0,0.2595570376722308,0
8568,2,0,0.28885617215517434,0
8569,1,1,0.9145487730885746,1
8570,1,1,0.6886085980431552,1
8571,1,1,0.9660726819917553,1
8572,2,0,0.15693840714985446,0
8573,2,1,0.7780556785630522,1
8574,2,1,0.5520673094654333,1
8575,2,1,0.6503627335610654,1
8576,2,0,0.16515552382655566,0
8577,2,0,0.6070691883321654,1
8578,2,1,0.8146260090734526,1
8579,0,1,0.9525339254332293,1
8580,3,1,0.3290831814836029,0
8581,3,0,0.2543640860316338,0
8582,3,0,0.7216648166108561,1
8583,3,1,0.6868309610455297,1
8584,3,1,0.8214718233448111,1
8585,4,0,0.2632542221258301,0
8586,0,0,0.242669813469341,0
8587,0,0,0.19402829334323096,0
8588,1,0,0.37004684251724684,0
8589,1,1,0.9733780758429404,1
8590,1,1,0.5701232051334074,1
8591,3,0,0.0812474922535161,0
8592,1,0,0.11507207405053163,0
8593,1,0,0.2018483471815359,0
8594,0,1,0.194603320255019,0
8595,0,1,0.5832507681907441,1
8596,1,1,0.37126705692674006,0
8597,3,0,0.40117466307219374,0
8598,1,1,0.6973688707015483,1
8599,1,0,0.09776010300647216,0
8600,1,0,0.663214728429657,1
8601,1,1,0.6886085980431552,1
8602,4,0,0.23245591183791625,0
8603,3,1,0.3878804027068417,0
8604,3,0,0.295084340304735,0
8605,3,0,0.1671304527885482,0
8606,1,1,0.08734223970949974,0
8607,0,1,0.8914696945211851,1
8608,1,0,0.8499643728275573,1
8609,1,0,0.5306957579272233,1
8610,2,1,0.25288314284760055,0
8611,3,1,0.9150226873806334,1
8612,1,0,0.5450057868518732,1
8613,0,0,0.09148003240871316,0
8614,0,0,0.4038471921500149,0
8615,0,1,0.9109148924465293,1
8616,0,1,0.9153621973128514,1
8617,2,1,0.7376842038302796,1
8618,2,1,0.6246485335229975,1
8619,2,0,0.49189000489705864,0
8620,2,1,0.903322783833233,1
8621,2,0,0.19312430614081894,0
8622,2,1,0.5439634424081051,1
8623,2,0,0.3998491615324328,0
8624,0,1,0.8959388818369362,1
8625,2,1,0.8845672603645811,1
8626,3,0,0.2999402023974437,0
8627,1,1,0.9235941559970687,1
8628,4,1,0.9583881320123149,1
8629,4,1,0.9532493375726662,1
8630,4,1,0.9437626283985023,1
8631,4,1,0.7883730393199232,1
8632,0,0,0.2557226319960392,0
8633,2,0,0.11637445193393604,0
8634,3,1,0.1261501208658919,0
8635,1,1,0.6264069928639926,1
8636,1,1,0.968615987680496,1
8637,3,0,0.6669034065696299,1
8638,4,1,0.19935798521906156,0
8639,1,0,0.09374225760230794,0
8640,1,1,0.6973688707015483,1
8641,0,1,0.16383855669107736,0
8642,0,0,0.6995332562829052,1
8643,3,1,0.8988103512158935,1
8644,4,0,0.4083735780673875,0
8645,2,0,0.20046742906728574,0
8646,4,0,0.2842225029623139,0
8647,0,0,0.7225687304871311,1
8648,0,1,0.6746183913301278,1
8649,0,1,0.6868062114632758,1
8650,0,1,0.7225687304871311,1
8651,0,0,0.49976159354509586,0
8652,3,1,0.42772246922266366,0
8653,4,1,0.9062534592975819,1
8654,4,1,0.7492157448619973,1
8655,0,0,0.557688288969562,1
8656,1,1,0.8726610712475253,1
8657,3,0,0.06765432039186971,0
8658,1,1,0.25529800913002676,0
8659,4,0,0.7883730393199232,1
8660,0,0,0.270365903151585,0
8661,1,0,0.15472799786186386,0
8662,1,1,0.4177142705722207,0
8663,3,1,0.7773969085861213,1
8664,1,1,0.5935922617994177,1
8665,3,0,0.787567882165564,1
8666,0,1,0.4730581660355218,0
8667,3,1,0.4105082090140425,0
8668,3,1,0.9168349067316974,1
8669,3,1,0.6793900061633127,1
8670,3,1,0.9584441925309642,1
8671,1,1,0.7576653085487361,1
8672,2,0,0.5759450029835648,1
8673,1,1,0.7853412058470615,1
8674,3,0,0.4971930088982991,0
8675,4,1,0.17268429817191758,0
8676,3,0,0.6762103761045619,1
8677,4,1,0.9462013353420261,1
8678,4,1,0.9368315575585352,1
8679,4,1,0.9368315575585352,1
8680,4,1,0.7009976206646428,1
8681,1,1,0.805149762488734,1
8682,1,1,0.22304905125159954,0
8683,4,0,0.17406510821687515,0
8684,2,1,0.69950453412996,1
8685,1,1,0.7963526581512019,1
8686,1,0,0.5525076353162189,1
8687,1,1,0.4108093142627981,0
8688,3,0,0.2081626493703345,0
8689,1,0,0.7576653085487361,1
8690,3,1,0.9042325627940812,1
8691,3,0,0.1857237404708092,0
8692,3,1,0.7051504329656536,1
