row_index,fold,y_true,proba,pred
0,2,0,0.6088998183889066,1
1,1,1,0.11682510009657643,0
2,3,0,0.0010097464216462702,0
3,3,0,0.004645734268159055,0
4,2,1,0.07203672575154843,0
5,2,1,0.2641311574430476,0
6,4,1,0.8135791394191162,1
7,1,1,0.5126371649728116,1
8,3,1,0.2761063988403008,0
9,2,1,0.9876537787488877,1
10,2,1,0.9366397023588592,1
11,2,1,0.9939725402034656,1
12,1,1,0.29362121345740433,0
13,3,0,0.2498798733048617,0
14,0,1,0.5650241676734438,1
15,1,0,0.5076953140642397,1
16,0,0,0.12818288285438242,0
17,3,0,0.10546531301620125,0
18,4,1,0.9720790001737761,1
19,2,1,0.443738654077829,0
20,2,0,0.13858051932852833,0
21,4,0,0.8827098997644651,1
22,4,0,0.9171678431588878,1
23,4,0,0.8957171774546866,1
24,4,1,0.5327094164716889,1
25,4,0,0.9775005570272098,1
26,4,0,0.9011657293969957,1
27,0,0,0.043090491186135144,0
28,3,1,0.9956922185194796,1
29,2,0,0.11607526627543739,0
30,3,0,0.561462254440452,1
31,0,0,0.11865469933690877,0
32,4,0,0.12180668780970118,0
33,2,1,0.074883277591062,0
34,2,1,0.9829366796884027,1
35,2,1,0.11793827463700451,0
36,2,1,0.9953234301974383,1
37,3,0,0.19522741488973505,0
38,1,0,0.1162656493680252,0
39,2,0,0.005518597245144192,0
40,3,0,0.7711158494676563,1
41,2,1,0.6080575617990327,1
42,2,0,0.009658929709839403,0
43,0,0,0.5631349229046174,1
44,0,1,0.6868853374288832,1
45,0,1,0.4775616031157179,1
46,0,0,0.11136277408219253,0
47,0,1,0.9767253054240144,1
48,0,0,0.10683411927194432,0
49,1,0,0.042465773072151984,0
50,4,0,0.0005485688497889429,0
51,3,1,0.839927527199674,1
52,4,1,0.8872204218745919,1
53,4,1,0.9413478453227035,1
54,4,1,0.5482398502759624,1
55,0,0,0.6300239769904756,1
56,3,0,0.11150601624428996,0
57,0,0,0.37443701618609626,0
58,4,1,0.9724977429888957,1
59,0,1,0.6173393510825844,1
60,1,0,0.1534022417846753,0
61,4,1,0.671623857233709,1
62,4,1,0.5194413256953897,1
63,4,0,0.12130360733658084,0
64,2,0,0.07662960391254049,0
65,1,1,0.19339009142955974,0
66,1,0,0.06904286019991906,0
67,1,0,0.8503301664966861,1
68,4,0,0.09244411255480192,0
69,0,0,0.38842100290580306,0
70,1,1,0.9980882091580503,1
71,2,1,0.5534181736628996,1
72,2,1,0.8304083716009164,1
73,4,0,0.038178413315382416,0
74,2,0,0.5698432159663919,1
75,0,0,0.003013601946344372,0
76,0,1,0.9962884558620477,1
77,0,1,0.9927616511528145,1
78,1,1,0.049778946804750396,0
79,0,1,0.9978623478634467,1
80,3,0,0.12560686915992642,0
81,3,1,0.6914606109054922,1
82,2,1,0.6112858885813933,1
83,2,1,0.5407400916397095,1
84,2,0,0.36637810723403086,0
85,1,0,0.6785769370911295,1
86,1,1,0.48311307073832305,1
87,1,1,0.48311307073832305,1
88,3,0,0.523881887412036,1
89,3,0,0.3990464447244145,0
90,3,1,0.8657117540390722,1
91,4,0,0.40833667261158846,0
92,1,1,0.43638836216911214,0
93,4,1,0.9484780556346023,1
94,3,0,0.04951974654326183,0
95,3,1,0.2631949766714423,0
96,0,1,0.591717036488096,1
97,0,0,0.4757082518237288,1
98,2,0,0.3689073626066258,0
99,0,0,0.04260401507593998,0
100,3,0,0.49841846921321165,1
101,3,0,0.21463014828822385,0
102,3,1,0.4865429219765924,1
103,4,0,0.0019497549145683205,0
104,3,0,0.11114508473337606,0
105,3,1,0.46311452434307276,0
106,3,1,0.9511598279689615,1
107,0,1,0.9582195363400324,1
108,1,1,0.995218019322246,1
109,3,1,0.781867676569927,1
110,2,0,0.17399739885304347,0
111,2,1,0.7673481413261406,1
112,0,1,0.6425452284997787,1
113,3,0,0.0015882124610760238,0
114,3,1,0.9773180867850634,1
115,1,1,0.9639549025451195,1
116,0,0,0.06691959981218236,0
117,2,0,0.4287205599752986,0
118,0,1,0.9800230121879571,1
119,0,0,0.057474490930596055,0
120,1,0,0.017071735799993645,0
121,1,0,0.04883256021588909,0
122,1,1,0.49489180426698737,1
123,4,1,0.9724977429888957,1
124,4,0,0.011978303503162088,0
125,3,1,0.7216381114182865,1
126,0,0,0.3712259840515917,0
127,1,1,0.6455716386148287,1
128,3,0,0.021113362387160453,0
129,0,1,0.9988735414802632,1
130,2,1,0.5133584666759985,1
131,4,0,0.09732690076940805,0
132,4,0,0.3928091734607428,0
133,0,1,0.37555364965084687,0
134,2,0,0.3019723313497832,0
135,0,1,0.5141160257137455,1
136,3,0,0.06339269524603214,0
137,4,1,0.6703540206048801,1
138,4,0,0.7199082742138536,1
139,4,0,0.11627038922007156,0
140,0,0,0.0040947978449152175,0
141,4,1,0.9636015237934191,1
142,4,1,0.9668881915896375,1
143,3,1,0.49327712476220975,1
144,3,0,0.6325553362047572,1
145,1,1,0.9625170919563395,1
146,4,1,0.9724977429888957,1
147,4,0,0.06937260753682507,0
148,1,0,0.5336820102020441,1
149,3,0,0.06141295764075529,0
150,4,1,0.5154762860633022,1
151,2,1,0.5974077619157019,1
152,2,1,0.3555941880494456,0
153,1,0,0.14222915494955396,0
154,3,0,0.0024191766464157567,0
155,0,0,0.005118423178209117,0
156,4,1,0.58249184003907,1
157,4,0,0.627234254483741,1
158,4,1,0.627234254483741,1
159,4,0,0.04034748805359594,0
160,2,1,0.9804090640686258,1
161,0,1,0.34339177957503847,0
162,3,0,0.02580002061125312,0
163,3,1,0.4783456346007783,1
164,1,0,0.3976638921470904,0
165,2,0,0.7084437044337722,1
166,1,1,0.48311307073832305,1
167,1,0,0.43638836216911214,0
168,1,0,0.12431382723163328,0
169,2,1,0.9928732340644127,1
170,2,0,0.07564122384809926,0
171,2,1,0.9829366796884027,1
172,4,1,0.12629328917246085,0
173,4,0,0.15685522386285053,0
174,3,0,0.22252791708426672,0
175,4,1,0.29530459659793995,0
176,4,0,0.5602478634922026,1
177,1,1,0.6455716386148287,1
178,3,1,0.9888696108992946,1
179,3,1,0.9924175257289372,1
180,3,1,0.9875779888132251,1
181,0,1,0.15483530220333036,0
182,4,1,0.9976131573809011,1
183,2,0,0.11587249579180905,0
184,3,1,0.9132270075197733,1
185,1,0,0.7326148099423796,1
186,4,1,0.8544292111118997,1
187,1,1,0.05109510145238735,0
188,1,1,0.9795850684622551,1
189,1,0,0.11482954428859261,0
190,4,0,0.08535326222982607,0
191,0,0,0.17837077395166187,0
192,1,0,0.14383877282893873,0
193,2,0,0.05572921270896217,0
194,1,0,0.06711179367046889,0
195,1,1,0.6455716386148287,1
196,2,1,0.5187959185105575,1
197,2,1,0.443738654077829,0
198,2,0,0.6080575617990327,1
199,0,0,0.4445794094182933,0
200,1,0,0.0638153853822398,0
201,2,0,0.6639132674556747,1
202,2,1,0.6080575617990327,1
203,0,0,0.2601032436990124,0
204,0,0,0.05310815194432864,0
205,0,0,0.03281228942948229,0
206,0,1,0.46103594612154514,0
207,0,0,0.04438044551453183,0
208,0,0,0.03436721128028751,0
209,0,0,0.5422412688115472,1
210,3,0,0.08787449171606578,0
211,3,1,0.9582404429398814,1
212,3,1,0.46577435521735966,0
213,0,0,0.5817266751193044,1
214,3,0,0.03429991414954341,0
215,4,1,0.5188440042036359,1
216,3,0,0.06599898009049057,0
217,1,0,0.010914002104862812,0
218,0,0,0.5103601116551308,1
219,1,0,0.015480944893670856,0
220,1,0,0.7143077979078075,1
221,2,1,0.9662847751733964,1
222,4,0,0.05629675538165392,0
223,2,1,0.9498799668362364,1
224,1,0,0.0008812142395656573,0
225,2,0,0.26641539105734596,0
226,4,0,0.5153074069948526,1
227,0,1,0.9664656967733545,1
228,0,1,0.9875238834377601,1
229,4,1,0.9980806558468414,1
230,4,0,0.001005233298918698,0
231,1,0,0.012530491803546758,0
232,0,0,0.009698683418721281,0
233,3,0,0.5623432230288484,1
234,4,1,0.9932713154277227,1
235,4,0,0.22711480443025622,0
236,4,0,0.2429488609960679,0
237,4,1,0.203252896527869,0
238,0,1,0.9603575707284507,1
239,3,0,0.055628732994059994,0
240,3,1,0.9674107183794691,1
241,0,0,0.09417984138949949,0
242,3,0,0.1239236847158152,0
243,4,0,0.11528403746346189,0
244,0,1,0.4087882446928321,0
245,1,1,0.9756526089237456,1
246,4,0,0.1355138524303522,0
247,1,1,0.8555498210379577,1
248,3,0,0.05950293633175344,0
249,1,1,0.9876996362187255,1
250,4,1,0.9483430895659288,1
251,2,0,0.0911591685788877,0
252,3,0,0.08079418346745128,0
253,2,1,0.9505946328485052,1
254,2,1,0.6823702443718653,1
255,1,1,0.595187382331095,1
256,2,1,0.3593665688505339,0
257,0,1,0.9498724718358666,1
258,0,1,0.9825163115405874,1
259,1,0,0.7614407976702889,1
260,1,1,0.9819683384856395,1
261,1,0,0.11988619135794734,0
262,0,0,0.3440697000103885,0
263,2,1,0.9987557921562704,1
264,2,1,0.8537720707890334,1
265,2,1,0.9950324606190564,1
266,2,1,0.9595451019402591,1
267,2,1,0.9966145991849501,1
268,3,1,0.8752553931338627,1
269,3,1,0.9928261485672275,1
270,2,1,0.368758761258009,0
271,2,1,0.9853004076412368,1
272,1,0,0.7005921110571087,1
273,2,0,0.06186598098552798,0
274,0,1,0.4443813117948794,0
275,2,0,0.0030534811879902807,0
276,2,0,0.09152689384504499,0
277,0,0,0.10052881457755267,0
278,4,1,0.9180190737072029,1
279,3,0,0.17148574598783484,0
280,3,0,0.009490722235477495,0
281,2,1,0.43739045320555203,0
282,4,1,0.6659466936981319,1
283,2,1,0.23975379283086143,0
284,4,1,0.755613474785644,1
285,2,0,0.02932536207225299,0
286,3,1,0.6653673222270626,1
287,2,1,0.9909161715298291,1
288,2,1,0.9955214977992772,1
289,3,0,0.2988363266845858,0
290,3,0,0.1815215649053846,0
291,3,0,0.12237852667495686,0
292,0,0,0.5740172998267783,1
293,3,0,0.7441407133609947,1
294,4,0,0.5153074069948526,1
295,2,1,0.16709715400713593,0
296,3,1,0.9910806941768763,1
297,3,1,0.9979691230723176,1
298,3,0,0.6502240285485061,1
299,3,0,0.0994575713475738,0
300,2,1,0.9741520757415265,1
301,1,0,0.0005029222008013818,0
302,0,0,0.1812045540569034,0
303,3,1,0.9955320996117528,1
304,3,1,0.05792004335897595,0
305,3,1,0.9905626917219291,1
306,0,1,0.49017495445869663,1
307,1,1,0.9950781534480524,1
308,2,0,0.5999018727033774,1
309,1,0,0.08315004822615486,0
310,0,0,0.42372828907040594,0
311,2,1,0.7543972582887516,1
312,1,0,0.25824139452614775,0
313,0,1,0.9391381275681301,1
314,2,1,0.47446357804680894,1
315,2,1,0.6846198250848441,1
316,4,0,0.23976152292738667,0
317,0,1,0.5742572693858782,1
318,3,1,0.9787963950499267,1
319,2,0,0.3412172294876153,0
320,3,1,0.4783456346007783,1
321,3,1,0.6653673222270626,1
322,1,0,0.43410282277791856,0
323,4,0,0.14042430284601354,0
324,3,1,0.10241956091459188,0
325,3,0,0.13157125816796067,0
326,3,0,0.4909434779767816,1
327,3,1,0.9714999290068643,1
328,3,1,0.1699263615317901,0
329,3,0,0.04227792157699485,0
330,1,1,0.9639549025451195,1
331,1,0,0.006427722414520491,0
332,2,0,0.3617237119304316,0
333,0,0,0.271908849927205,0
334,4,1,0.22860359798742785,0
335,4,0,0.02714039068068723,0
336,0,0,0.005954622958907013,0
337,0,1,0.9987446406845804,1
338,0,0,0.020185569514992285,0
339,0,1,0.9969089019181167,1
340,0,1,0.9970370707040727,1
341,0,0,0.6907283814169604,1
342,0,1,0.9965100110729177,1
343,1,1,0.31693259762048437,0
344,0,1,0.9876989207583442,1
345,1,1,0.9857456466732468,1
346,1,1,0.9725623607638844,1
347,3,0,0.09970080719001889,0
348,4,0,0.0008284799680580927,0
349,4,0,0.5660070502681052,1
350,4,1,0.7062657202089412,1
351,4,1,0.5199666813773782,1
352,0,0,0.3205924365903625,0
353,1,0,0.6124052701906091,1
354,1,0,0.5726028333606434,1
355,1,0,0.12431020116423547,0
356,2,1,0.9562976792427335,1
357,0,0,0.10630972163944716,0
358,0,0,0.000819112856202371,0
359,0,0,0.004167397851021795,0
360,0,1,0.49017495445869663,1
361,0,1,0.980985015364187,1
362,3,0,0.0005100412350424944,0
363,1,0,0.11349142539386009,0
364,1,0,0.050490687803008256,0
365,4,1,0.8975241468697048,1
366,0,1,0.3037057958152973,0
367,4,0,0.1982548634285872,0
368,0,0,0.017829459616802018,0
369,0,0,0.279156851390335,0
370,0,0,0.5182808387913401,1
371,2,0,0.06626426959727995,0
372,2,0,0.7386685499060459,1
373,0,0,0.14132552150852454,0
374,0,0,0.08798963066267344,0
375,4,1,0.9163317024988566,1
376,3,0,0.12905195946945555,0
377,1,0,0.5591535900812109,1
378,1,1,0.9907040056005149,1
379,1,0,0.0010399776183683004,0
380,1,1,0.97750433755118,1
381,0,1,0.973604857686239,1
382,3,0,0.028142468544682643,0
383,3,1,0.9946597394354654,1
384,3,1,0.9523142852187926,1
385,0,1,0.8825196137717034,1
386,1,1,0.6323321139477421,1
387,0,1,0.9980092396717156,1
388,0,1,0.9821036154935165,1
389,0,1,0.7430013224718863,1
390,2,1,0.9676434255791424,1
391,0,0,0.07638566023725951,0
392,1,1,0.85526837893439,1
393,1,0,0.0006759446280755734,0
394,2,1,0.9661897475815325,1
395,0,1,0.49017495445869663,1
396,4,1,0.47243906506555733,0
397,4,0,0.05063279977810684,0
398,3,0,0.06259681516880587,0
399,3,0,0.7560735888159464,1
400,1,1,0.995095603193804,1
401,4,0,0.37171065740600256,0
402,0,0,0.10295001117777818,0
403,4,0,0.6625236699770293,1
404,1,0,0.042444449131180034,0
405,0,0,0.052842099139394826,0
406,0,0,0.07997489321333,0
407,1,0,0.07681687579612662,0
408,4,1,0.9845039673845618,1
409,2,1,0.38307313268876364,0
410,0,0,0.05165632230451816,0
411,4,1,0.5821448869001035,1
412,3,1,0.5832752805265248,1
413,3,1,0.3833458464150639,0
414,4,1,0.9946762858280415,1
415,3,1,0.987472514677256,1
416,4,1,0.9945212339767264,1
417,2,1,0.9770962738153769,1
418,2,1,0.9955587910903744,1
419,2,1,0.9955587910903744,1
420,3,0,0.08875859125092474,0
421,4,1,0.38486245669430474,0
422,4,0,0.5953673068102341,1
423,4,0,0.627234254483741,1
424,0,1,0.9925562090542864,1
425,0,0,0.1376040344534409,0
426,1,1,0.49489180426698737,1
427,3,1,0.8845379641383403,1
428,0,1,0.134717621983589,0
429,0,1,0.5622274415522299,1
430,0,0,0.5141160257137455,1
431,4,0,0.06386059703463523,0
432,4,0,0.19589749652060784,0
433,2,0,0.05391036267046557,0
434,2,1,0.6677920871314221,1
435,2,0,0.46195977502780966,0
436,2,0,0.587775136601843,1
437,3,1,0.9798425586740166,1
438,3,1,0.6979387025608617,1
439,0,0,0.001323984024780855,0
440,0,1,0.9994414845505508,1
441,3,0,0.1614927122022519,0
442,0,1,0.6210821193448784,1
443,2,0,0.06786119539815064,0
444,4,0,0.03756716564234681,0
445,4,1,0.9582786363620108,1
446,4,1,0.9744131328363933,1
447,4,0,0.031764275690851745,0
448,4,0,0.1214552613659724,0
449,2,1,0.5698432159663919,1
450,2,0,0.22769483976554775,0
451,1,0,0.13245067810646377,0
452,4,0,0.06124024425227514,0
453,1,0,0.07566407458255175,0
454,1,0,0.595187382331095,1
455,2,1,0.5698432159663919,1
456,3,1,0.9879192419650711,1
457,2,1,0.9981111053368186,1
458,3,1,0.9798425586740166,1
459,3,0,0.17014766438925394,0
460,3,1,0.48600411462683746,1
461,2,0,0.3080485204037698,0
462,0,0,0.38077007088697645,0
463,2,1,0.864300186204544,1
464,2,0,0.032174324085897425,0
465,1,0,0.07923984117698826,0
466,3,1,0.997997794855838,1
467,3,1,0.9972238780087647,1
468,3,1,0.9916848644024046,1
469,3,0,0.7686698535683768,1
470,3,1,0.997997794855838,1
471,3,1,0.9837193542964334,1
472,3,1,0.9582404429398814,1
473,2,1,0.3965452950622926,0
474,1,1,0.9995367097697448,1
475,4,1,0.9977855492502689,1
476,4,1,0.9904992015802924,1
477,3,1,0.50830307833362,1
478,1,1,0.9956156912435357,1
479,4,0,0.064198112997919,0
480,2,0,0.15859116459482525,0
481,0,1,0.6972639080566514,1
482,1,1,0.5126371649728116,1
483,4,0,0.19205479598570002,0
484,3,1,0.416614404281934,0
485,3,0,0.35373117645586816,0
486,0,1,0.19850138958515492,0
487,4,1,0.6228167241477749,1
488,2,0,0.248011105239918,0
489,2,1,0.9630209960084246,1
490,3,0,0.0011622394353055414,0
491,1,0,0.595187382331095,1
492,0,0,0.6868853374288832,1
493,0,1,0.5732043258259689,1
494,0,0,0.12244097674861636,0
495,3,0,0.00030429828903984495,0
496,3,0,0.02890065268371052,0
497,1,0,0.05450671044174947,0
498,4,1,0.6719296042198204,1
499,2,1,0.9804090640686258,1
500,2,1,0.9901478965390526,1
501,2,1,0.973989409874515,1
502,2,1,0.9807312208606348,1
503,2,0,0.00249260006821587,0
504,2,1,0.9630209960084246,1
505,2,0,0.1406608570074459,0
506,1,0,0.06993582706994712,0
507,0,0,0.11821442053218321,0
508,3,0,0.17019746646533773,0
509,4,0,0.45806657877094065,0
510,4,1,0.42164290210966165,0
511,0,1,0.11736341869831485,0
512,2,1,0.9661897475815325,1
513,3,1,0.06807413155483787,0
514,4,0,0.14665573523895417,0
515,4,1,0.9989192503480185,1
516,3,1,0.9700488661120341,1
517,3,1,0.9486819256321966,1
518,1,1,0.9955975500530031,1
519,1,0,0.05398859604415158,0
520,3,1,0.8064622902243828,1
521,1,0,0.4136125538737667,0
522,1,0,0.3606800377846436,0
523,1,1,0.5666045556563852,1
524,0,1,0.04953643024461758,0
525,4,0,0.10660613731413877,0
526,3,0,0.07980386474543358,0
527,3,1,0.9787963950499267,1
528,3,1,0.9511598279689615,1
529,3,0,0.0018737439687893677,0
530,4,0,0.08589518160358389,0
531,1,1,0.42266084005187654,0
532,4,1,0.5602478634922026,1
533,1,0,0.20424953703187754,0
534,1,1,0.9876996362187255,1
535,0,1,0.5588605546577763,1
536,4,1,0.976539444158781,1
537,0,1,0.9940308535146256,1
538,0,0,0.9869518145589113,1
539,0,1,0.9854207823875583,1
540,0,1,0.9784647624035316,1
541,0,1,0.9952415647794874,1
542,0,0,0.01562796530661604,0
543,0,1,0.9847456057794051,1
544,4,0,0.04361068464142044,0
545,0,0,0.32804392247257436,0
546,4,1,0.9716811367412396,1
547,4,0,0.7205625519163685,1
548,2,0,0.1314268671083168,0
549,4,1,0.6029149074226103,1
550,1,0,0.3366852198913176,0
551,2,1,0.3617237119304316,0
552,2,0,0.3400503558502854,0
553,4,1,0.9506117492888282,1
554,4,1,0.991816568723431,1
555,4,1,0.991816568723431,1
556,4,1,0.9566350487212614,1
557,1,1,0.9817445126659655,1
558,1,1,0.9904542486445066,1
559,0,0,0.04307489243639707,0
560,4,1,0.983087521748235,1
561,1,0,0.06307819665236425,0
562,0,0,0.4775616031157179,1
563,4,0,0.2957166526654171,0
564,4,0,0.04081467041259709,0
565,0,0,0.5740172998267783,1
566,4,0,0.04094558623129568,0
567,1,0,0.492974374402303,1
568,4,0,0.09671349947730717,0
569,0,1,0.3914260069415227,0
570,3,1,0.43410875383301284,0
571,3,0,0.43410875383301284,0
572,2,0,0.5698432159663919,1
573,2,1,0.9829366796884027,1
574,2,1,0.9829366796884027,1
575,2,0,0.12701096544578003,0
576,2,1,0.9928732340644127,1
577,2,1,0.9880162019616685,1
578,0,1,0.9730511344007804,1
579,0,0,0.18495398102931135,0
580,0,1,0.9730511344007804,1
581,0,0,0.07947057236194935,0
582,0,0,0.0012071975551695153,0
583,0,0,0.6520372754327385,1
584,0,0,0.18994704613459226,0
585,4,1,0.627234254483741,1
586,4,0,0.19213322464143298,0
587,2,0,0.14379519375564523,0
588,3,1,0.6653673222270626,1
589,0,1,0.9740407521999341,1
590,1,1,0.27864548866559696,0
591,1,0,0.5727318698534216,1
592,1,1,0.3606800377846436,0
593,1,1,0.5441560928019339,1
594,2,1,0.6472234707691389,1
595,1,0,0.16810573555806363,0
596,0,1,0.997502534637423,1
597,0,1,0.9990821622643035,1
598,0,1,0.4443813117948794,0
599,1,1,0.07033068072542342,0
600,0,0,0.10788215502126154,0
601,3,1,0.9551165987356051,1
602,1,1,0.978269255708567,1
603,3,0,0.15548726644747385,0
604,2,0,0.24163496683906904,0
605,0,1,0.8469915540503584,1
606,4,0,0.056294392016357456,0
607,2,0,0.07158732157256366,0
608,2,0,0.07133553098984106,0
609,4,0,0.1956078287057181,0
610,2,1,0.9870466353593265,1
611,0,1,0.7169553735066783,1
612,1,0,0.019765189506707682,0
613,0,1,0.9472542687242679,1
614,0,1,0.846135845057737,1
615,0,0,0.770366551340617,1
616,0,1,0.9988735414802632,1
617,0,1,0.9988735414802632,1
618,3,1,0.08533834438619939,0
619,1,1,0.9020364072216844,1
620,4,0,0.03709270349142497,0
621,1,1,0.9979416108655492,1
622,1,1,0.9885214991538342,1
623,1,1,0.978269255708567,1
624,1,0,0.5389747299841362,1
625,1,1,0.4858248785849203,1
626,3,1,0.12032297071058021,0
627,1,1,0.06890418792814969,0
628,2,0,0.04650624469699775,0
629,0,1,0.5937752880079673,1
630,0,0,0.28122343143279505,0
631,0,0,0.5123989332073852,1
632,3,1,0.5832752805265248,1
633,4,0,0.5602478634922026,1
634,0,0,0.163739170318917,0
635,3,1,0.16538401922023885,0
636,0,0,0.0006814361242917268,0
637,0,1,0.9979980128425103,1
638,0,0,0.15703717039546986,0
639,1,0,0.18165859020023187,0
640,1,0,0.09339288442268459,0
641,2,1,0.44634516839311544,0
642,4,0,0.03711697229015442,0
643,1,0,0.5609256312546252,1
644,4,0,0.5602478634922026,1
645,2,0,0.6112858885813933,1
646,4,0,0.07528960131130973,0
647,3,0,0.6140016831879447,1
648,3,0,0.5972661163248165,1
649,3,0,0.5972661163248165,1
650,0,1,0.974477269629982,1
651,1,0,0.20012206976772057,0
652,0,1,0.7883617778886153,1
653,0,1,0.9927616511528145,1
654,0,1,0.9730511344007804,1
655,0,0,0.5324919188494872,1
656,2,1,0.9654354498803992,1
657,4,0,0.011857960337071606,0
658,2,0,0.01659260124244058,0
659,1,0,0.03184594406764978,0
660,2,1,0.9932656161423846,1
661,4,1,0.968256515289842,1
662,0,0,0.26170241225853125,0
663,2,0,0.5442803359806254,1
664,0,1,0.46103594612154514,0
665,3,1,0.987472514677256,1
666,2,0,0.17248077717938465,0
667,4,1,0.34028867320186246,0
668,2,1,0.6108604774985082,1
669,0,1,0.9756708427643,1
670,4,0,0.05197121997565665,0
671,0,1,0.9807396657473394,1
672,4,0,0.2477822419789324,0
673,4,1,0.5602478634922026,1
674,3,1,0.5926335757775485,1
675,2,1,0.7649134422352942,1
676,2,1,0.3513730163071517,0
677,4,1,0.9367161323247789,1
678,4,1,0.9824294723079365,1
679,0,1,0.9876989207583442,1
680,4,0,0.05277142480791265,0
681,4,0,0.01758817346805346,0
682,4,1,0.9911530173439133,1
683,3,0,0.08618122269396122,0
684,0,1,0.5958250582441276,1
685,0,0,0.5188888951040374,1
686,0,1,0.3960772975585449,0
687,0,0,0.6757548087871765,1
688,0,0,0.4775616031157179,1
689,0,1,0.6868853374288832,1
690,0,1,0.6868853374288832,1
691,3,1,0.8938518296693772,1
692,0,0,0.08241681877336891,0
693,2,0,0.12830723083243398,0
694,4,0,0.009024972697474317,0
695,2,0,0.5133584666759985,1
696,3,1,0.12117896791682467,0
697,3,1,0.06075983859984314,0
698,3,1,0.4713453524476177,0
699,1,0,0.48733234757691835,1
700,3,0,0.09436583412312702,0
701,0,0,0.10606959663317327,0
702,2,0,0.1884452644008416,0
703,0,0,0.989573010732902,1
704,1,1,0.923467627161923,1
705,0,0,0.04531852202669054,0
706,0,1,0.9952415647794874,1
707,0,0,0.04743567387031356,0
708,4,1,0.5602478634922026,1
709,4,0,0.5602478634922026,1
710,4,0,0.13865060067551338,0
711,1,1,0.9395970654729979,1
712,1,0,0.017780254670490412,0
713,3,1,0.989195796651849,1
714,1,1,0.9859199889808624,1
715,3,1,0.9972238780087647,1
716,3,0,0.006367024246217745,0
717,3,1,0.9916848644024046,1
718,1,0,0.17555122648436353,0
719,0,1,0.9840622575654877,1
720,3,0,0.6653673222270626,1
721,4,0,0.2852357271157522,0
722,1,1,0.06848750835428682,0
723,1,0,0.08653820101868973,0
724,4,0,0.22346919575354224,0
725,4,0,0.003836784661350054,0
726,4,1,0.9626291320152028,1
727,3,1,0.9972238780087647,1
728,0,0,0.4757082518237288,1
729,0,0,0.38809266585214,0
730,0,0,0.3172403127374472,0
731,0,0,0.5740172998267783,1
732,0,1,0.5622274415522299,1
733,0,1,0.5952592331608137,1
734,4,0,0.5092641352035391,1
735,1,0,0.0010274792622192576,0
736,1,1,0.9888234296812524,1
737,1,1,0.7106745430295452,1
738,1,1,0.9753311990909382,1
739,0,0,0.23715961069931749,0
740,1,1,0.7482811558557649,1
741,1,0,0.6170781596735283,1
742,4,0,0.07169184408796102,0
743,1,0,0.051692774636588536,0
744,1,1,0.9835041703076925,1
745,1,1,0.9981988243970874,1
746,2,0,0.06173670696858101,0
747,2,1,0.6080575617990327,1
748,4,0,0.5953673068102341,1
749,2,0,0.12999701724036997,0
750,4,0,0.019524499911955054,0
751,4,0,0.0015108541258761006,0
752,4,1,0.9561045551552926,1
753,1,1,0.49489180426698737,1
754,0,0,0.4775616031157179,1
755,3,0,0.0786639992527082,0
756,2,1,0.9106804046962652,1
757,2,1,0.9794846541460444,1
758,4,0,0.13075822752106503,0
759,0,1,0.9925562090542864,1
760,0,0,0.07802850377152963,0
761,1,1,0.9466408805361761,1
762,2,0,0.29159648952373957,0
763,1,1,0.9885214991538342,1
764,0,1,0.940314093326633,1
765,0,0,0.09842572701731664,0
766,1,1,0.3606800377846436,0
767,1,0,0.2659786704658443,0
768,2,1,0.864300186204544,1
769,2,0,0.11610930450872396,0
770,2,0,0.13247415364813528,0
771,2,1,0.9857675997403975,1
772,3,0,0.08647385515399018,0
773,3,1,0.9931618737210989,1
774,3,1,0.985120802096558,1
775,1,1,0.9835041703076925,1
776,3,0,0.22532404865795977,0
777,2,0,0.002043155452798807,0
778,1,0,0.5468518820964368,1
779,4,1,0.9397518576995902,1
780,1,1,0.49489180426698737,1
781,1,1,0.6190364575550975,1
782,0,0,0.06223673006786545,0
783,0,1,0.3985321907768885,0
784,2,1,0.6708472820020952,1
785,1,1,0.6442327198369668,1
786,4,0,0.10714336748852119,0
787,2,1,0.6080575617990327,1
788,2,1,0.4648122464775643,0
789,3,0,0.14716309211257284,0
790,3,1,0.11106122907361876,0
791,0,1,0.9659052744219074,1
792,3,1,0.29319645292446667,0
793,3,1,0.987472514677256,1
794,1,0,0.10334242357811615,0
795,3,0,0.08127458748259944,0
796,4,0,0.28670647778183245,0
797,2,0,0.010649521434540753,0
798,2,0,0.1613785018980237,0
799,4,0,0.286706379341942,0
800,2,0,0.5698432159663919,1
801,3,1,0.9523142852187926,1
802,3,1,0.9753167458296148,1
803,0,1,0.9404015947903391,1
804,0,1,0.998467102719858,1
805,3,1,0.5035648708353021,1
806,1,0,0.38245238546426985,0
807,0,1,0.8758317939863356,1
808,2,1,0.6112858885813933,1
809,3,0,0.0792269053148322,0
810,2,0,0.6112858885813933,1
811,2,0,0.35369714143248976,0
812,2,0,0.4502394223851568,0
813,0,1,0.998467102719858,1
814,0,1,0.9987446406845804,1
815,4,0,0.670562464788195,1
816,3,1,0.626324679518145,1
817,2,0,0.41306464122210546,0
818,1,0,0.2977871319190464,0
819,0,1,0.9709456332451719,1
820,3,0,0.018507312656628246,0
821,4,0,0.7103071212347397,1
822,2,0,0.3965452950622926,0
823,3,0,0.42126055008383034,0
824,1,1,0.9906163471917997,1
825,2,0,0.42718731265429283,0
826,0,0,0.15001773029531054,0
827,2,0,0.020374499787659258,0
828,1,0,0.06874540601171167,0
829,4,0,0.5659318256530468,1
830,4,1,0.6561969844452625,1
831,1,0,0.8953728091893287,1
832,1,1,0.9998215322910334,1
833,1,0,0.5071636903179391,1
834,3,1,0.7711158494676563,1
835,3,0,0.49841846921321165,1
836,4,1,0.47880274546663065,1
837,0,0,0.557450522413062,1
838,0,1,0.9465977689681874,1
839,4,1,0.33029939096378935,0
840,0,0,0.5873120164926774,1
841,2,0,0.39594490738314536,0
842,4,0,0.15386410497085884,0
843,1,1,0.646430070956367,1
844,4,0,0.0022158453331212213,0
845,4,0,0.3945268916266513,0
846,0,1,0.49017495445869663,1
847,0,0,0.04498636631569703,0
848,0,1,0.1489383552944823,0
849,0,1,0.9879655698110614,1
850,1,0,0.000723643990310674,0
851,0,0,0.12611895151652538,0
852,4,0,0.04118319245981052,0
853,2,0,0.10212078173245535,0
854,0,0,0.5862084051020334,1
855,3,1,0.9787963950499267,1
856,3,0,0.14049676259295887,0
857,0,1,0.9880807040866483,1
858,3,1,0.9916848644024046,1
859,3,0,0.5310598302515026,1
860,0,0,0.2317299036049429,0
861,0,1,0.9767253054240144,1
862,0,1,0.9803676940976003,1
863,2,1,0.9984612874331096,1
864,2,0,0.043782012432862734,0
865,2,0,0.45359408066117063,0
866,0,1,0.5958250582441276,1
867,0,0,0.1972063901519934,0
868,3,1,0.5926335757775485,1
869,1,1,0.21669856785055275,0
870,0,1,0.9743365244332926,1
871,3,1,0.9015801073271166,1
872,3,0,0.03732238896549891,0
873,3,0,0.05642642725771997,0
874,4,0,0.1674839094004143,0
875,0,1,0.6086628583955056,1
876,2,1,0.40298261339675634,0
877,0,1,0.5392732620903292,1
878,4,1,0.3531222312721863,0
879,3,0,0.13685373389502223,0
880,3,0,0.14407646575095612,0
881,2,0,0.047267175333697654,0
882,2,0,0.6639132674556747,1
883,4,1,0.16356118268723605,0
884,3,0,0.35078774465566337,0
885,2,1,0.7543972582887516,1
886,3,1,0.6653673222270626,1
887,2,0,0.050803747778210034,0
888,4,0,0.23739183464016345,0
889,3,0,0.7410977496736465,1
890,3,1,0.7350045826719335,1
891,4,1,0.9720790001737761,1
892,0,0,0.1542037495499119,0
893,2,1,0.7103567166191848,1
894,3,1,0.9511598279689615,1
895,3,1,0.9639502201207929,1
896,3,0,0.05379426570948698,0
897,3,0,0.0974203774255517,0
898,2,0,0.07080972823749163,0
899,0,1,0.9803676940976003,1
900,1,1,0.6455716386148287,1
901,4,0,0.5875036217862339,1
902,0,0,0.08188141997940486,0
903,3,1,0.8664592218392231,1
904,3,0,0.49841846921321165,1
905,1,0,0.1160355373039174,0
906,2,1,0.9595451019402591,1
907,4,1,0.5188440042036359,1
908,4,0,0.23062401371478375,0
909,1,1,0.6311735049127667,1
910,4,0,0.12431538117613693,0
911,0,0,0.6206667645755641,1
912,4,0,0.14657300685125327,0
913,4,1,0.5659318256530468,1
914,0,0,0.125593778371974,0
915,4,1,0.5153074069948526,1
916,4,0,0.501845872547667,1
917,4,1,0.7549383563163129,1
918,2,1,0.5043944469817028,1
919,3,0,0.1281959868833831,0
920,0,0,0.7900581792390333,1
921,0,1,0.21733519273169638,0
922,0,0,0.5188888951040374,1
923,0,0,0.5000610867481475,1
924,3,0,0.49841846921321165,1
925,3,1,0.9599807528790384,1
926,3,0,0.0006837853588291111,0
927,3,1,0.3575585124631179,0
928,2,0,0.0011732149915522946,0
929,3,1,0.9967690659955238,1
930,3,0,0.002026603803190902,0
931,3,0,0.17919287551680715,0
932,3,0,0.5258183857864591,1
933,4,0,0.11714019799967064,0
934,1,1,0.9933197694359203,1
935,2,0,0.6703157771148603,1
936,3,1,0.9901987715629462,1
937,3,0,0.06903341788915367,0
938,0,0,0.49017495445869663,1
939,1,1,0.9886038584799839,1
940,1,0,0.0815289382134175,0
941,1,1,0.9885214991538342,1
942,0,1,0.9863192681445677,1
943,3,0,0.03525691528487005,0
944,2,0,0.12591329059191392,0
945,2,1,0.5819514217764208,1
946,4,1,0.3134231267497323,0
947,1,1,0.9979416108655492,1
948,1,1,0.9972841832568513,1
949,4,0,0.05355618924882877,0
950,2,0,0.46251836624587817,0
951,2,1,0.6080575617990327,1
952,1,0,0.5126371649728116,1
953,4,1,0.9744131328363933,1
954,4,0,0.20793982152754012,0
955,2,0,0.11177591882473908,0
956,1,1,0.6455716386148287,1
957,4,1,0.7276279835011311,1
958,2,1,0.9556232905460378,1
959,0,0,0.1197263920054282,0
960,2,0,0.24140418234537298,0
961,1,1,0.48311307073832305,1
962,1,0,0.369642681955605,0
963,1,0,0.5980590151795608,1
964,0,0,0.12770066925560297,0
965,1,0,0.5126371649728116,1
966,2,1,0.9829366796884027,1
967,2,0,0.15904690007093095,0
968,2,0,0.07700224085781968,0
969,2,1,0.9898768311635795,1
970,3,1,0.9523142852187926,1
971,3,0,0.11441180398211274,0
972,4,0,0.0904803555537935,0
973,1,0,0.595187382331095,1
974,0,1,0.5464287057248469,1
975,1,0,0.09848605072775798,0
976,0,1,0.914013987066814,1
977,4,1,0.501845872547667,1
978,1,0,0.09958047682933965,0
979,1,1,0.14254847684915747,0
980,1,1,0.9773124347960213,1
981,3,0,0.27658452269861067,0
982,2,0,0.7825056073512279,1
983,2,0,0.002975250237039577,0
984,0,0,0.11166787749795291,0
985,0,1,0.5631349229046174,1
986,4,1,0.6980772832542268,1
987,3,1,0.9749871569081976,1
988,3,1,0.9523142852187926,1
989,1,0,0.4141538064164671,0
990,2,0,0.2467718337017613,0
991,4,0,0.08666771931400338,0
992,4,1,0.8750295836139527,1
993,1,1,0.7145862157395411,1
994,1,1,0.9789814387184144,1
995,4,1,0.9921303807147034,1
996,3,0,0.12399587178310614,0
997,0,0,0.09996749585167218,0
998,1,0,0.282310539596063,0
999,3,1,0.21530725260261865,0
1000,3,1,0.9809091200593246,1
1001,0,1,0.9763294152168227,1
1002,0,1,0.9688033118358007,1
1003,2,0,0.6705521098511833,1
1004,4,0,0.3179939629298751,0
1005,3,1,0.9955783373881356,1
1006,3,1,0.9916848644024046,1
1007,2,0,0.5133584666759985,1
1008,1,0,0.04103442077453783,0
1009,2,0,0.8013072776325,1
1010,1,0,0.2931293334152782,0
1011,4,0,0.506993669719157,1
1012,0,0,0.1557347661492493,0
1013,1,1,0.9641679247065472,1
1014,1,1,0.9641679247065472,1
1015,1,1,0.03978037042935361,0
1016,4,0,0.0687724290224142,0
1017,0,0,0.34928413729597463,0
1018,0,1,0.557158073625478,1
1019,0,0,0.3960772975585449,0
1020,0,0,0.557158073625478,1
1021,2,1,0.46637848609478305,0
1022,0,1,0.5188888951040374,1
1023,3,0,0.5602275881038673,1
1024,2,1,0.960915892585893,1
1025,2,0,0.2331147279862618,0
1026,4,1,0.9506117492888282,1
1027,2,1,0.17655567650239032,0
1028,2,0,0.19758531755814926,0
1029,2,1,0.9823960366387278,1
1030,1,0,0.053423244853615645,0
1031,3,1,0.4435028296564552,0
1032,4,0,0.4858204942106652,1
1033,2,0,0.16488370314969156,0
1034,2,1,0.9829366796884027,1
1035,2,0,0.00944675387008462,0
1036,4,0,0.05995140332187525,0
1037,4,0,0.03307573063549522,0
1038,0,0,0.07502901315860733,0
1039,0,0,0.27843545688164256,0
1040,0,1,0.994911346001186,1
1041,0,0,0.011869317407737976,0
1042,0,1,0.9981173710790193,1
1043,1,1,0.9992277659096063,1
1044,2,1,0.36970936708847113,0
1045,3,0,0.05148674857602759,0
1046,3,0,0.12032297071058021,0
1047,3,1,0.626324679518145,1
1048,0,1,0.45061939462850364,0
1049,1,1,0.9309129513685931,1
1050,0,1,0.4443813117948794,0
1051,4,0,0.13327663546902538,0
1052,1,1,0.3021245336670508,0
1053,0,0,0.0009705413424741913,0
1054,2,1,0.99810115561208,1
1055,0,0,0.07741627975309903,0
1056,1,0,0.43890921958009055,0
1057,4,1,0.9667142971715819,1
1058,0,0,0.6070302067470879,1
1059,2,1,0.08994559369401954,0
1060,1,1,0.9902259600201723,1
1061,4,1,0.7434023707257037,1
1062,4,1,0.7291361580380198,1
1063,4,1,0.9946601660159342,1
1064,4,1,0.9983421648265061,1
1065,3,1,0.5832752805265248,1
1066,1,1,0.21960153397603058,0
1067,0,1,0.36228976056484313,0
1068,0,0,0.2962511555534266,0
1069,0,0,0.15179442074416433,0
1070,2,0,0.04774627980597214,0
1071,4,1,0.9751220578161289,1
1072,3,1,0.9904713092900813,1
1073,3,0,0.0021060228538859614,0
1074,3,0,0.6222063908015862,1
1075,0,1,0.9954925481169211,1
1076,3,1,0.984517030535132,1
1077,3,1,0.9705760800666744,1
1078,3,0,0.05604018171286648,0
1079,3,1,0.6226795621275986,1
1080,3,0,0.4865429219765924,1
1081,3,0,0.6005254091272211,1
1082,3,0,0.4865429219765924,1
1083,3,0,0.6074994647093379,1
1084,0,0,0.6210821193448784,1
1085,0,0,0.6773096105183992,1
1086,2,1,0.6080575617990327,1
1087,0,1,0.9740407521999341,1
1088,0,1,0.9672815972937584,1
1089,0,1,0.9904065955792165,1
1090,2,0,0.36929962283492285,0
1091,0,1,0.5392732620903292,1
1092,0,0,0.17230317932159175,0
1093,0,1,0.9970412523413662,1
1094,0,1,0.9979977383591719,1
1095,0,0,0.015394986371363278,0
1096,1,1,0.9418504359535029,1
1097,3,1,0.6155019444857571,1
1098,0,0,0.5086525673791232,1
1099,0,0,0.32974678606916696,0
1100,0,1,0.9740407521999341,1
1101,0,1,0.9811136759107814,1
1102,2,0,0.6473634290096526,1
1103,4,1,0.9582786363620108,1
1104,1,0,0.08985107528746944,0
1105,1,0,0.02011878432523077,0
1106,1,0,0.1096813125458334,0
1107,3,1,0.3616346339261677,0
1108,1,1,0.5336820102020441,1
1109,0,1,0.974477269629982,1
1110,0,1,0.9847456057794051,1
1111,1,0,0.48068948631677605,1
1112,1,1,0.9936840621816838,1
1113,2,0,0.6076106262466869,1
1114,3,1,0.9859211953845772,1
1115,1,1,0.011547615464261007,0
1116,3,1,0.8298613993298933,1
1117,0,0,0.1831074405782938,0
1118,0,1,0.45061939462850364,0
1119,0,0,0.45061939462850364,0
1120,0,0,0.4757082518237288,1
1121,2,1,0.4291024913866854,0
1122,0,0,0.36228976056484313,0
1123,3,0,0.5392339659085584,1
1124,0,0,0.36228976056484313,0
1125,0,0,0.36228976056484313,0
1126,4,0,0.007258754119490534,0
1127,3,1,0.2578300331799784,0
1128,3,0,0.02846891211071487,0
1129,1,0,0.21908308794097198,0
1130,1,1,0.9936840621816838,1
1131,1,1,0.9970864195526307,1
1132,3,1,0.2985184035989544,0
1133,4,0,0.3579780870458486,0
1134,4,1,0.835532336065892,1
1135,0,0,0.10755849998380422,0
1136,1,0,0.010871838644016713,0
1137,1,0,0.08932565181140269,0
1138,1,0,0.08352402398552393,0
1139,0,1,0.557450522413062,1
1140,0,0,0.14679098568129414,0
1141,0,0,0.5860106864795771,1
1142,0,0,0.4757082518237288,1
1143,0,1,0.4757082518237288,1
1144,0,0,0.4757082518237288,1
1145,0,1,0.6257764126151676,1
1146,0,0,0.5067837564934214,1
1147,0,1,0.5622274415522299,1
1148,1,0,0.07188066981468871,0
1149,2,1,0.7347681653784198,1
1150,3,1,0.7711158494676563,1
1151,0,1,0.4443813117948794,0
1152,4,1,0.6946453688990778,1
1153,2,0,0.010203115214154243,0
1154,0,0,0.10593524671624556,0
1155,2,0,0.40298261339675634,0
1156,3,0,0.06188432103139282,0
1157,2,0,0.07408734141642728,0
1158,3,1,0.9979928317726792,1
1159,3,1,0.7670756962724394,1
1160,0,1,0.9743365244332926,1
1161,2,1,0.40341044363981055,0
1162,1,1,0.5526521024406796,1
1163,1,0,0.08820168752383362,0
1164,2,0,0.3055652393278374,0
1165,0,1,0.997502534637423,1
1166,0,0,0.012126805196119143,0
1167,4,1,0.5124052477092982,1
1168,3,1,0.5297833759624876,1
1169,2,1,0.6567308104783698,1
1170,2,0,0.18961474449977192,0
1171,4,1,0.9797841643757355,1
1172,2,1,0.996164227539966,1
1173,3,1,0.5165436865906298,1
1174,3,1,0.18565365373672013,0
1175,3,1,0.9876728695729577,1
1176,4,0,0.020437001378712457,0
1177,4,0,0.00024227057501262125,0
1178,2,0,0.06534679100040458,0
1179,4,1,0.4242066535795072,0
1180,3,0,0.07880311748896085,0
1181,0,0,0.155820943890007,0
1182,0,0,0.525453285226021,1
1183,1,1,0.978269255708567,1
1184,1,1,0.9763539406599103,1
1185,0,0,0.036020291797588165,0
1186,1,0,0.002108374508947798,0
1187,1,0,0.3879037229274619,0
1188,3,1,0.50830307833362,1
1189,3,0,0.10600015908848395,0
1190,1,0,0.05762957579445168,0
1191,2,0,0.058413667246357485,0
1192,1,1,0.541192584674902,1
1193,2,0,0.1457336787514813,0
1194,3,0,0.50830307833362,1
1195,3,0,0.04119860864798275,0
1196,3,0,0.13037286965341416,0
1197,3,0,0.5741069287440438,1
1198,4,1,0.9923022519783187,1
1199,3,1,0.6575356088483372,1
1200,3,0,0.5832752805265248,1
1201,3,0,0.6831679263925384,1
1202,3,0,0.05787089727735342,0
1203,1,1,0.9641679247065472,1
1204,0,0,0.11259621562122149,0
1205,0,1,0.9756708427643,1
1206,3,1,0.9946597394354654,1
1207,3,1,0.996416660814163,1
1208,3,0,0.06395969008022243,0
1209,3,0,0.08059525979637824,0
1210,0,0,0.45061939462850364,0
1211,0,0,0.16092090595716174,0
1212,3,0,0.02844134546218919,0
1213,3,1,0.9079327441369982,1
1214,3,1,0.8057910519311225,1
1215,0,0,0.16147143713144926,0
1216,4,1,0.9561045551552926,1
1217,4,1,0.9508423199739765,1
1218,4,0,0.6999434591112511,1
1219,2,0,0.16869272555243214,0
1220,2,1,0.7330260872945024,1
1221,2,0,0.31522096656867454,0
1222,2,1,0.9828350267191611,1
1223,1,1,0.9057435328918862,1
1224,1,0,0.708957489251054,1
1225,1,0,0.5665554379108863,1
1226,1,1,0.708957489251054,1
1227,1,0,0.6397065293272617,1
1228,1,1,0.9025839077597858,1
1229,4,1,0.6988507289092939,1
1230,4,1,0.9810900922620334,1
1231,2,0,0.5133584666759985,1
1232,4,1,0.9891687398510174,1
1233,4,0,0.0015585876641662716,0
1234,4,0,0.007103064354070766,0
1235,4,1,0.98972015739807,1
1236,1,1,0.11855969599826274,0
1237,3,0,0.02469293890249397,0
1238,0,1,0.9927616511528145,1
1239,0,0,0.16597935602183808,0
1240,2,0,0.09318806946772987,0
1241,3,1,0.6762024036918474,1
1242,1,1,0.9453451804780428,1
1243,1,0,0.0019527519541943544,0
1244,1,0,0.02682579976077898,0
1245,2,1,0.3617237119304316,0
1246,4,1,0.802322616854741,1
1247,1,0,0.5441560928019339,1
1248,1,0,0.510447104942585,1
1249,1,1,0.5591535900812109,1
1250,1,1,0.6761499897625259,1
1251,1,0,0.14770274900912517,0
1252,1,1,0.6700347590935678,1
1253,1,0,0.01665117451966358,0
1254,1,0,0.03838212354523485,0
1255,3,0,0.43410875383301284,0
1256,1,0,0.11728689882014899,0
1257,1,1,0.8198497183811195,1
1258,1,1,0.49489180426698737,1
1259,1,0,0.29198224179558413,0
1260,0,0,0.432422027421979,0
1261,4,0,0.5818367180170428,1
1262,3,1,0.5832752805265248,1
1263,0,0,0.4130075269620439,0
1264,4,0,0.5153074069948526,1
1265,4,0,0.0905666886365484,0
1266,0,0,0.0486054964839445,0
1267,3,1,0.6024944706705727,1
1268,2,0,0.14633457339289846,0
1269,2,1,0.9955214977992772,1
1270,1,1,0.647405464474262,1
1271,4,0,0.06066019844428726,0
1272,1,0,0.2535054965649591,0
1273,1,0,0.5837884423470757,1
1274,0,0,0.2231421076156072,0
1275,2,0,0.15230647013969914,0
1276,1,1,0.8947813549894231,1
1277,1,0,0.021162090599963834,0
1278,1,1,0.9784398712850104,1
1279,1,1,0.9834086619168195,1
1280,0,1,0.4775616031157179,1
1281,2,0,0.05114722182431755,0
1282,2,1,0.8907614313364147,1
1283,1,1,0.6823766720999552,1
1284,4,0,0.7168472709776944,1
1285,4,0,0.05534529757634853,0
1286,4,1,0.9948934696017601,1
1287,2,1,0.5488107787678304,1
1288,1,0,0.5468518820964368,1
1289,3,0,0.09034530886623564,0
1290,3,0,0.19944424447010295,0
1291,0,0,0.45061939462850364,0
1292,4,0,0.6907318024011345,1
1293,4,0,0.5818367180170428,1
1294,1,1,0.9794412686622173,1
1295,1,0,0.41056342408304647,0
1296,1,1,0.06614472288744588,0
1297,3,0,0.05741765555805965,0
1298,3,0,0.01208601620267699,0
1299,0,1,0.5103601116551308,1
1300,3,0,0.7477992264028007,1
1301,3,1,0.9866678199654456,1
1302,1,0,0.09328372390796749,0
1303,0,0,0.4757082518237288,1
1304,0,1,0.22883262129171095,0
1305,0,1,0.2487517617461493,0
1306,1,1,0.8335389014820359,1
1307,3,0,0.09683743061088339,0
1308,0,1,0.4087882446928321,0
1309,4,0,0.017315049327960463,0
1310,3,1,0.8031159594277685,1
1311,0,1,0.6757548087871765,1
1312,0,1,0.9767253054240144,1
1313,0,0,0.06685436849048089,0
1314,0,0,0.07094032942680603,0
1315,4,0,0.011384932499848174,0
1316,4,0,0.033186086999115606,0
1317,4,1,0.5722401972004559,1
1318,0,0,0.25908375418739493,0
1319,2,1,0.4874058565153312,1
1320,2,0,0.2707421543111195,0
1321,0,1,0.6853603068102715,1
1322,4,0,0.27136646225785116,0
1323,0,1,0.5103601116551308,1
1324,0,1,0.6755537774797409,1
1325,1,0,0.03280095328070295,0
1326,4,0,0.02905611436166406,0
1327,0,0,0.0034752031539176413,0
1328,0,0,0.6273565667867954,1
1329,2,0,0.060764086412182464,0
1330,2,1,0.19230832350728114,0
1331,3,0,0.47798345874466897,1
1332,2,0,0.3832077166112551,0
1333,3,0,0.131623341199663,0
1334,2,0,0.620817429593744,1
1335,0,0,0.03811091065001808,0
1336,3,1,0.8529884234901014,1
1337,0,0,0.4087882446928321,0
1338,2,0,0.01936408101555847,0
1339,2,0,0.05244811701533554,0
1340,4,0,0.41541036681495636,0
1341,3,0,0.7691086540452985,1
1342,3,0,0.09954696750138725,0
1343,3,1,0.9916848644024046,1
1344,3,1,0.9888696108992946,1
1345,3,1,0.9972238780087647,1
1346,2,1,0.9366397023588592,1
1347,2,0,0.04306129688247086,0
1348,2,1,0.9506980558930903,1
1349,2,1,0.9491566094001214,1
1350,2,1,0.9366397023588592,1
1351,4,0,0.1326148657649836,0
1352,3,1,0.5972661163248165,1
1353,3,1,0.5972661163248165,1
1354,1,1,0.9859199889808624,1
1355,1,1,0.9784398712850104,1
1356,1,0,0.22560386658747617,0
1357,2,0,0.16041995260634367,0
1358,3,0,0.8169782046357098,1
1359,3,1,0.03910621079187112,0
1360,4,0,0.5045954155154146,1
1361,2,0,0.3019681932655884,0
1362,2,1,0.6199058184055961,1
1363,2,0,0.5187959185105575,1
1364,3,0,0.10263353053527627,0
1365,1,0,0.14455687056012484,0
1366,2,0,0.1424128133986259,0
1367,1,0,0.08057667450994663,0
1368,4,0,0.4670633408697997,0
1369,1,1,0.5837884423470757,1
1370,4,1,0.6409653892744458,1
1371,0,1,0.8851452565824429,1
1372,0,1,0.556707460382117,1
1373,1,0,0.07235061294460488,0
1374,1,1,0.9900206322315133,1
1375,1,0,0.0017175182097791315,0
1376,4,0,0.014575832774792756,0
1377,4,1,0.9973715591806112,1
1378,4,0,0.012460021901173663,0
1379,1,1,0.9790738013558855,1
1380,4,0,0.2971465870551128,0
1381,4,0,0.0002994197559115498,0
1382,4,1,0.9938889715738575,1
1383,1,0,0.03947646256747821,0
1384,1,1,0.5260804159539186,1
1385,4,0,0.2264691942267189,0
1386,0,1,0.9987446406845804,1
1387,0,1,0.9177806998513561,1
1388,0,1,0.9987446406845804,1
1389,0,1,0.9237323791982069,1
1390,0,0,0.007033108911897915,0
1391,4,0,0.0043930633189772075,0
1392,2,0,0.3115498515269063,0
1393,2,1,0.7011434250082572,1
1394,0,1,0.6263719976550228,1
1395,1,0,0.5126371649728116,1
1396,0,1,0.5182808387913401,1
1397,1,0,0.298067391108749,0
1398,3,0,0.071696835166332,0
1399,4,0,0.05246654809075397,0
1400,3,1,0.9523142852187926,1
1401,1,0,0.02948792830571466,0
1402,1,0,0.07353163230671218,0
1403,3,1,0.9728816972764868,1
1404,1,0,0.033452121921641036,0
1405,4,0,0.22190372044145198,0
1406,0,1,0.9688033118358007,1
1407,3,1,0.3994906143273849,0
1408,1,0,0.038906157490405796,0
1409,4,0,0.003980210508840658,0
1410,0,1,0.10596124094805107,0
1411,0,0,0.1643202275719375,0
1412,0,1,0.5188888951040374,1
1413,2,0,0.10825282535651838,0
1414,1,0,0.3260710821546382,0
1415,1,0,0.1369117230991084,0
1416,1,0,0.3843206863219834,0
1417,1,0,0.3606800377846436,0
1418,1,1,0.6728628673065562,1
1419,1,1,0.4026432181455673,0
1420,4,0,0.24855919428303155,0
1421,1,1,0.40551073531960796,0
1422,1,1,0.5591535900812109,1
1423,3,0,0.03288923908537523,0
1424,4,0,0.030822458187213204,0
1425,4,0,0.1131072292622413,0
1426,4,1,0.49808697463033724,1
1427,4,1,0.8192364235759971,1
1428,4,0,0.3693127227818963,0
1429,3,0,0.029374711499723257,0
1430,4,0,0.2984966693512636,0
1431,0,0,0.047167713733919134,0
1432,0,0,0.0682267321339085,0
1433,2,1,0.36967682023059384,0
1434,2,1,0.9950324606190564,1
1435,2,0,0.22956372614302115,0
1436,2,0,0.002019946440537396,0
1437,2,0,0.09009008723378616,0
1438,4,1,0.5346262022845482,1
1439,1,1,0.9641679247065472,1
1440,1,1,0.9977924733218541,1
1441,1,1,0.9883469141923005,1
1442,2,1,0.5698432159663919,1
1443,4,1,0.1584988139550267,0
1444,4,0,0.09635468014320157,0
1445,3,1,0.9838131335679636,1
1446,3,1,0.6438187751205492,1
1447,4,1,0.02375406792803207,0
1448,3,1,0.9942149407527616,1
1449,3,1,0.6770444270908256,1
1450,2,0,0.07083167124632783,0
1451,2,0,0.009761416810869495,0
1452,4,0,0.17629903028388602,0
1453,2,1,0.9665093316511246,1
1454,2,1,0.9957630727971585,1
1455,2,0,0.012080548659293946,0
1456,2,1,0.9898373255896399,1
1457,2,0,0.01156853623582034,0
1458,4,1,0.1405717111208196,0
1459,2,0,0.0014602239909342013,0
1460,2,1,0.9901478965390526,1
1461,3,0,0.046628827976040885,0
1462,1,1,0.14245083802896794,0
1463,4,0,0.3869863368791864,0
1464,4,1,0.9893493121841275,1
1465,4,1,0.9668881915896375,1
1466,3,0,0.10523689902855299,0
1467,4,0,0.004427470177675808,0
1468,3,1,0.06872661403317012,0
1469,3,0,0.626324679518145,1
1470,0,0,0.012553434010219749,0
1471,0,0,0.12165835910085492,0
1472,0,0,0.06583998853097023,0
1473,4,0,0.10380025464947329,0
1474,3,0,0.28824671409895375,0
1475,0,0,0.9816842304053367,1
1476,1,0,0.24018668574095697,0
1477,3,1,0.9380695301025057,1
1478,3,0,0.3246821525361752,0
1479,1,1,0.7326148099423796,1
1480,1,1,0.957693980502049,1
1481,4,0,0.04314839404471486,0
1482,4,0,0.05763375730806791,0
1483,2,0,0.08779584764966657,0
1484,2,0,0.0403656465906369,0
1485,0,1,0.3301045695391186,0
1486,4,0,0.043514302285522374,0
1487,2,1,0.5700106271036807,1
1488,2,0,0.07592511779685034,0
1489,2,0,0.029873684271724012,0
1490,4,1,0.9551685951103315,1
1491,2,1,0.9702869279671172,1
1492,1,0,0.09691019671205085,0
1493,0,0,0.557158073625478,1
1494,2,1,0.6080575617990327,1
1495,1,1,0.9319793671384582,1
1496,1,1,0.9902265228094278,1
1497,2,1,0.9666945754875151,1
1498,2,0,0.12122672525617154,0
1499,0,1,0.9776934064091074,1
1500,0,1,0.9978198310545245,1
1501,3,0,0.03959447660553693,0
1502,4,1,0.18211131589501517,0
1503,4,1,0.9978734055978925,1
1504,1,1,0.9559981172042272,1
1505,2,1,0.5974077619157019,1
1506,4,1,0.9795077788411823,1
1507,4,1,0.9934695554174634,1
1508,3,0,0.03553324012368979,0
1509,4,0,0.007610617453247367,0
1510,0,0,0.26158622479666765,0
1511,0,1,0.557158073625478,1
1512,0,1,0.640881121001825,1
1513,0,0,0.038511078096206394,0
1514,3,1,0.1003624341870752,0
1515,4,0,0.08910494071718324,0
1516,1,1,0.6016661323868107,1
1517,2,1,0.9629666991704683,1
1518,2,1,0.9399115028888659,1
1519,3,0,0.17583896621526127,0
1520,2,0,0.16873970483570253,0
1521,2,0,0.03609435929593855,0
1522,3,1,0.5741069287440438,1
1523,3,1,0.48209674720462214,1
1524,1,0,0.35614663156485443,0
1525,4,1,0.5659318256530468,1
1526,1,1,0.14740116074636464,0
1527,1,0,0.08790617237112076,0
1528,1,1,0.957581673592276,1
1529,4,1,0.671623857233709,1
1530,4,1,0.1032831110610845,0
1531,4,1,0.5722401972004559,1
1532,1,1,0.9942825473981461,1
1533,1,0,0.07667326238912442,0
1534,2,0,0.4581461761829609,0
1535,2,1,0.9955587910903744,1
1536,1,1,0.4858248785849203,1
1537,1,0,0.40551073531960796,0
1538,0,0,0.0479451760484571,0
1539,0,0,0.045545673883427396,0
1540,4,1,0.9973715591806112,1
1541,2,1,0.5187959185105575,1
1542,2,1,0.6080575617990327,1
1543,3,0,0.7248327435256854,1
1544,2,0,0.06602447629861442,0
1545,2,0,0.34259226399660225,0
1546,3,1,0.49841846921321165,1
1547,2,0,0.1444465611717347,0
1548,4,1,0.35138153034743824,0
1549,2,0,0.10189496756256813,0
1550,0,0,0.66142295527304,1
1551,2,1,0.7195160040697655,1
1552,2,0,0.09670620479922265,0
1553,3,0,0.7534140748979962,1
1554,4,1,0.6703540206048801,1
1555,2,0,0.44634516839311544,0
1556,2,1,0.6639132674556747,1
1557,2,1,0.5999018727033774,1
1558,1,0,0.3938910574268359,0
1559,2,0,0.00844546293599604,0
1560,3,1,0.8242255706173047,1
1561,1,0,0.18399411241258426,0
1562,2,0,0.001112508296228658,0
1563,4,1,0.0539803044192951,0
1564,3,0,0.20020616535912447,0
1565,3,0,0.1255460985813493,0
1566,1,0,0.811580374087511,1
1567,1,0,0.0351889421742544,0
1568,1,1,0.9557733724703793,1
1569,1,0,0.5405638910054837,1
1570,0,0,0.13003002431091445,0
1571,4,1,0.5821448869001035,1
1572,1,1,0.8575834697176805,1
1573,0,0,0.0782317186546256,0
1574,1,0,0.06061274748620519,0
1575,1,1,0.9932310838825571,1
1576,1,0,0.14923893313134304,0
1577,1,0,0.0404406424319269,0
1578,1,0,0.6124052701906091,1
1579,1,0,0.004004848768444059,0
1580,0,0,0.10364993217581661,0
1581,0,0,0.15642222287358268,0
1582,1,0,0.49489180426698737,1
1583,4,0,0.5092641352035391,1
1584,1,0,0.5816161917380448,1
1585,4,0,0.10090848469530156,0
1586,0,1,0.9727693379592267,1
1587,1,0,0.2999819039820182,0
1588,4,0,0.755613474785644,1
1589,4,1,0.5953673068102341,1
1590,0,0,0.11447055861013823,0
1591,1,0,0.4019388070660841,0
1592,2,0,0.7742154888184671,1
1593,4,1,0.5602478634922026,1
1594,0,0,0.05737079721499235,0
1595,1,0,0.007109006886673882,0
1596,4,1,0.5660070502681052,1
1597,1,0,0.13725574796213505,0
1598,1,0,0.0009007686537916299,0
1599,2,0,0.04796364472893517,0
1600,1,1,0.8072966403522801,1
1601,0,1,0.354272856466558,0
1602,4,1,0.9946762858280415,1
1603,4,0,0.0016486097226260338,0
1604,4,0,0.2594603196996327,0
1605,4,1,0.9050013308729543,1
1606,2,0,0.17811842851572612,0
1607,3,0,0.03823827207494658,0
1608,2,0,0.7922963729102105,1
1609,0,1,0.10961843172238674,0
1610,1,0,0.05400989673878516,0
1611,2,0,0.048820371487232096,0
1612,2,1,0.9659909458411072,1
1613,0,0,0.059966768245387894,0
1614,2,0,0.3154318861423425,0
1615,2,1,0.5929409801026041,1
1616,2,0,0.058775569342465424,0
1617,2,0,0.6650293618113476,1
1618,2,0,0.004140570428456647,0
1619,1,0,0.5098783291328145,1
1620,4,0,0.5722401972004559,1
1621,1,0,0.5726028333606434,1
1622,4,1,0.1735606929833086,0
1623,4,0,0.01716442694439896,0
1624,2,1,0.6343520710512593,1
1625,2,0,0.6080575617990327,1
1626,1,0,0.03756262781839336,0
1627,3,0,0.047352477716186406,0
1628,0,1,0.947156731450614,1
1629,4,0,0.09181253570361649,0
1630,3,1,0.9564838055702792,1
1631,3,0,0.2206508634915965,0
1632,2,0,0.09318465543487105,0
1633,1,1,0.08728029728751574,0
1634,2,1,0.39240790828681316,0
1635,4,1,0.6131126234463772,1
1636,4,1,0.5794269381271082,1
1637,2,0,0.2208138972006737,0
1638,1,1,0.5336820102020441,1
1639,4,0,0.5124052477092982,1
1640,3,0,0.4643202713034549,0
1641,0,1,0.5873120164926774,1
1642,4,1,0.501845872547667,1
1643,1,0,0.0500458547146856,0
1644,3,0,0.47828844666337766,1
1645,2,0,0.0042849261898303785,0
1646,4,1,0.9636436282209379,1
1647,2,1,0.3705881828533927,0
1648,0,0,0.07514647329268517,0
1649,0,0,0.5188888951040374,1
1650,0,1,0.5188888951040374,1
1651,1,0,0.6916415601392311,1
1652,1,1,0.06301915102729999,0
1653,4,1,0.5153074069948526,1
1654,2,0,0.5407400916397095,1
1655,1,0,0.3049979257465518,0
1656,3,0,0.2532146649244302,0
1657,4,0,0.08565425733942188,0
1658,1,0,0.40143510088676065,0
1659,0,1,0.15936376149627948,0
1660,0,0,0.06418455502963318,0
1661,0,1,0.981744161236132,1
1662,1,1,0.9760551629010574,1
1663,2,0,0.20499163035321252,0
1664,0,0,0.10115416091239726,0
1665,2,1,0.9987557921562704,1
1666,2,1,0.03903578708776628,0
1667,2,1,0.7916800784029271,1
1668,2,1,0.9974054374102116,1
1669,0,0,0.06605094844987458,0
1670,2,1,0.9701110235278791,1
1671,2,1,0.99810115561208,1
1672,2,1,0.597723142230621,1
1673,0,0,0.03807455315068773,0
1674,3,1,0.3347984639663421,0
1675,2,1,0.5116400614935556,1
1676,1,0,0.7591832461022263,1
1677,3,0,0.6325553362047572,1
1678,1,1,0.39476629414581554,0
1679,1,1,0.9999795326958909,1
1680,3,0,0.683636829194847,1
1681,1,0,0.09457787179544996,0
1682,2,0,0.09168567513635442,0
1683,2,0,0.5970776822864166,1
1684,1,0,0.562762678595117,1
1685,4,0,0.06341381800952037,0
1686,1,0,0.052376226315180595,0
1687,0,1,0.9979938291286122,1
1688,0,1,0.9874364978458107,1
1689,0,0,0.03506169033023678,0
1690,0,0,0.1827057457254204,0
1691,4,1,0.47243906506555733,0
1692,4,0,0.7128218901650852,1
1693,4,0,0.5319520505481454,1
1694,4,1,0.5722401972004559,1
1695,4,1,0.5319520505481454,1
1696,3,0,0.02414402927999851,0
1697,0,0,0.08038453786725443,0
1698,1,1,0.9936007873478664,1
1699,1,1,0.5126371649728116,1
1700,4,0,0.1956078287057181,0
1701,3,0,0.015546556821186415,0
1702,3,0,0.4985036540112622,1
1703,2,0,0.013187323288230638,0
1704,2,1,0.5970776822864166,1
1705,4,0,0.09884087208833715,0
1706,0,1,0.466357269711132,0
1707,4,0,0.1539821031481866,0
1708,0,1,0.6273299164696584,1
1709,0,1,0.9981745067308959,1
1710,4,0,0.07445849515232188,0
1711,4,1,0.6409653892744458,1
1712,0,0,0.1895668236586931,0
1713,4,1,0.44896567006034355,0
1714,3,1,0.12259180139224146,0
1715,3,0,0.6076303831024805,1
1716,2,0,0.06122580673665015,0
1717,2,1,0.08953136095633592,0
1718,3,1,0.9793702942037522,1
1719,3,1,0.9833619856929281,1
1720,3,1,0.5406075525107723,1
1721,3,1,0.409359952719805,0
1722,3,1,0.9838131335679636,1
1723,3,0,0.12231344837536857,0
1724,4,0,0.5153074069948526,1
1725,0,0,0.003751067217619809,0
1726,1,1,0.864676585648216,1
1727,4,1,0.20650015784266693,0
1728,1,0,0.0937086574475171,0
1729,1,0,0.14206421842257255,0
1730,0,0,0.09068859845835649,0
1731,2,1,0.4502394223851568,0
1732,2,1,0.4502394223851568,0
1733,1,0,0.11688415550660738,0
1734,4,0,0.13859191402611604,0
1735,3,0,0.07836314074914351,0
1736,4,0,0.06897134309856545,0
1737,2,0,0.4109076068220423,0
1738,2,0,0.15268174968432233,0
1739,0,1,0.5829170023369926,1
1740,0,1,0.9860458761889526,1
1741,4,1,0.47716863084711114,1
1742,3,0,0.567504685787357,1
1743,2,1,0.6354666260758408,1
1744,0,0,0.7149918060410054,1
1745,0,1,0.9816842304053367,1
1746,2,0,0.009545090882005641,0
1747,2,0,0.7165312660871473,1
1748,4,1,0.9625599189015079,1
1749,4,0,0.0225899382720569,0
1750,1,1,0.7690514146163626,1
1751,2,0,0.07905084499893263,0
1752,4,0,0.5319520505481454,1
1753,4,0,0.5722401972004559,1
1754,4,1,0.5722401972004559,1
1755,4,0,0.5722401972004559,1
1756,4,0,0.03827298339778508,0
1757,4,0,0.5722401972004559,1
1758,4,0,0.048673267297958754,0
1759,0,1,0.9739323766166138,1
1760,4,1,0.9829961348921933,1
1761,2,0,0.48304732742888656,1
1762,3,1,0.626324679518145,1
1763,3,0,0.5808821736174896,1
1764,0,0,0.038789756965695345,0
1765,3,0,0.057498315260036244,0
1766,4,0,0.04128453208129491,0
1767,1,0,0.3956129373523799,0
1768,0,0,0.09923430120031118,0
1769,2,1,0.42070003458968575,0
1770,4,1,0.9999914247705584,1
1771,1,1,0.9902259600201723,1
1772,3,0,0.4435028296564552,0
1773,1,0,0.09764327160375878,0
1774,4,0,0.5235315497793387,1
1775,2,1,0.1118646485356788,0
1776,0,0,0.05272889279935968,0
1777,2,0,0.49948371750081855,1
1778,1,0,0.7742863589500744,1
1779,1,0,0.7048292546065197,1
1780,4,1,0.23068526673644635,0
1781,3,1,0.1371967879172742,0
1782,4,0,0.0027701343164115142,0
1783,2,1,0.06427932217951046,0
1784,2,1,0.6090762155530116,1
1785,3,0,0.7248327435256854,1
1786,1,0,0.3163255731058915,0
1787,4,1,0.9715165793721271,1
1788,4,1,0.9485441287739106,1
1789,2,0,0.03035347437367552,0
1790,1,0,0.6316257496059069,1
1791,4,0,0.016445913020731978,0
1792,3,0,0.5832752805265248,1
1793,2,0,0.7409547507971805,1
1794,1,0,0.019304299361545558,0
1795,3,0,0.3665000604054018,0
1796,0,0,0.05988137025389582,0
1797,2,1,0.9869773807164263,1
1798,2,0,0.05632458756285544,0
1799,3,0,0.9860386073745048,1
1800,3,1,0.9717528468820362,1
1801,3,1,0.24107875704971957,0
1802,3,0,0.10715365268891934,0
1803,4,0,0.6628771656000034,1
1804,2,1,0.8488190435185067,1
1805,2,1,0.9932000398147978,1
1806,1,0,0.5786007560239446,1
1807,0,0,0.5668908061368486,1
1808,1,0,0.009516961772170764,0
1809,0,1,0.9072355591896935,1
1810,3,1,0.9983830209975841,1
1811,3,1,0.24612635010173123,0
1812,4,0,0.7299166506575986,1
1813,4,0,0.6248820435286097,1
1814,2,1,0.44550027749972865,0
1815,0,0,0.14010386327631785,0
1816,0,0,0.03613156184155712,0
1817,1,0,0.7636099370188623,1
1818,4,0,0.06657578737740749,0
1819,3,0,0.5904666297387432,1
1820,4,0,0.3514747136592443,0
1821,1,0,0.04380057248706337,0
1822,2,0,0.08482348570324488,0
1823,2,0,0.11125530689799058,0
1824,1,0,0.11632614514374053,0
1825,2,0,0.07106016287881499,0
1826,0,0,0.01768996873937422,0
1827,0,1,0.15194897333041957,0
1828,1,0,0.4890097955615621,1
1829,3,1,0.984517030535132,1
1830,3,0,0.010053559887487214,0
1831,3,1,0.9733481069799705,1
1832,0,1,0.567490210671863,1
1833,0,1,0.8925417332896329,1
1834,1,1,0.3939052371410952,0
1835,1,0,0.1597598783709136,0
1836,2,0,0.6311095849699182,1
1837,2,1,0.49948371750081855,1
1838,0,0,0.12766399859714278,0
1839,1,0,0.3262660574623867,0
1840,0,1,0.5035377245961407,1
1841,2,1,0.6296344133571969,1
1842,2,1,0.05071394134685611,0
1843,2,0,0.0715417772571579,0
1844,0,1,0.9820574068257029,1
1845,3,0,0.012524367960359016,0
1846,4,0,0.025815939511685836,0
1847,0,1,0.9999530130003884,1
1848,0,1,0.9661449025589329,1
1849,0,1,0.9987446406845804,1
1850,0,0,0.07116334158612356,0
1851,0,1,0.9987632946761216,1
1852,0,1,0.9965615148312977,1
1853,0,1,0.9970412523413662,1
1854,4,1,0.9551685951103315,1
1855,4,1,0.5609572154581589,1
1856,3,0,0.15234104484344996,0
1857,2,1,0.4498496287664535,0
1858,2,0,0.05182255169784709,0
1859,2,1,0.5003550822408206,1
1860,2,0,0.2607624794592429,0
1861,4,0,0.08383037876377036,0
1862,2,1,0.9940159410553836,1
1863,4,1,0.9839478688689823,1
1864,4,0,0.5327704513789945,1
1865,2,0,0.21354276239559472,0
1866,0,1,0.7754284222709432,1
1867,0,1,0.9816842304053367,1
1868,2,0,0.03854193134556361,0
1869,0,1,0.04228537918491922,0
1870,4,0,0.05349951967819602,0
1871,4,0,0.13452220607110624,0
1872,0,1,0.752698589654199,1
1873,0,0,0.28333189999531894,0
1874,0,1,0.9978143628209266,1
1875,2,0,0.04987834008125508,0
1876,4,0,0.05295315047697225,0
1877,1,0,0.4313587110587659,0
1878,3,0,0.47427036489594243,1
1879,3,0,0.5783466741965331,1
1880,3,1,0.9990095352599841,1
1881,4,0,0.641094241304598,1
1882,4,1,0.9668881915896375,1
1883,4,1,0.9895004592284272,1
1884,3,1,0.7247268977703158,1
1885,0,0,0.6061476592431864,1
1886,2,0,0.0008559833938811247,0
1887,3,0,0.10463158851927036,0
1888,0,1,0.06667901758614231,0
1889,1,1,0.9695584766549149,1
1890,1,0,0.004804092052982057,0
1891,2,0,0.348983429858683,0
1892,3,1,0.47427036489594243,1
1893,0,1,0.784773636058154,1
1894,3,1,0.5521223488757965,1
1895,3,1,0.6483964629304823,1
1896,3,0,0.1290852558958951,0
1897,1,1,0.37081570908148137,0
1898,2,0,0.20040061044472468,0
1899,3,0,0.7182924398729666,1
1900,2,1,0.9545967909500391,1
1901,1,0,0.11396698492846134,0
1902,3,0,0.3829074968927733,0
1903,3,1,0.9928261485672275,1
1904,3,1,0.9916848644024046,1
1905,2,1,0.34129250497593416,0
1906,0,0,0.14472606910161917,0
1907,1,1,0.9599027578551247,1
1908,3,1,0.5189417588794275,1
1909,3,1,0.7436004162549295,1
1910,3,0,0.8143752254786178,1
1911,4,1,0.7813853338678959,1
1912,4,1,0.3233624060000488,0
1913,2,0,0.0031061148274255236,0
1914,3,0,0.09824560982780038,0
1915,0,0,0.30878721572477225,0
1916,0,1,0.058000143620860804,0
1917,0,1,0.5385882048396219,1
1918,0,1,0.46414442408355566,0
1919,0,1,0.543300306469858,1
1920,0,0,0.5829170023369926,1
1921,1,0,0.6309674176378337,1
1922,0,0,0.13812094914796233,0
1923,0,0,0.0308815103575908,0
1924,1,1,0.7258164381407636,1
1925,0,1,0.2139966189458781,0
1926,4,0,0.03449816381578907,0
1927,1,1,0.9336409280157519,1
1928,1,0,0.11386251226719073,0
1929,3,0,0.7211709747817459,1
1930,1,0,0.023316405493220276,0
1931,3,1,0.5598540107911263,1
1932,4,1,0.9817349964455161,1
1933,4,0,0.011208171648403285,0
1934,2,1,0.18310370377252638,0
1935,2,0,0.24091163313445307,0
1936,2,1,0.945002984895194,1
1937,1,0,0.08637369743019752,0
1938,0,0,0.002061442220712394,0
1939,0,1,0.9935423195116746,1
1940,4,0,0.11212622734781057,0
1941,2,0,0.06889749543709346,0
1942,0,1,0.5103895098231555,1
1943,1,0,0.08824484376785563,0
1944,4,0,0.05871774786511418,0
1945,0,0,0.0008258072396739503,0
1946,0,1,0.9238015647973238,1
1947,1,0,0.0010158476316376747,0
1948,0,1,0.8814681917571459,1
1949,0,1,0.28101060731056676,0
1950,4,1,0.8315241438722747,1
1951,3,0,0.4486212122568921,0
1952,0,1,0.7246452686123301,1
1953,2,0,0.06709265707575073,0
1954,3,1,0.3227402494407963,0
1955,0,0,0.12716061848299504,0
1956,4,1,0.9594052679215327,1
1957,0,0,0.08402066948991106,0
1958,1,0,0.0007042639941640936,0
1959,4,0,0.010976613122510708,0
1960,4,0,0.05657047205703826,0
1961,3,1,0.9564838055702792,1
1962,1,0,0.0851014347134961,0
1963,1,0,0.05781355513883065,0
1964,1,0,0.04370756990069201,0
1965,0,1,0.9987446406845804,1
1966,3,1,0.9345311358567979,1
1967,1,1,0.39760604233528696,0
1968,0,0,0.01385644684011848,0
1969,3,0,0.1520667192976146,0
1970,1,0,0.33284577834393886,0
1971,4,0,0.7299166506575986,1
1972,1,0,0.001562335849739501,0
1973,4,0,0.08654844608767558,0
1974,2,0,0.6347699571521777,1
1975,4,0,0.29204506148535136,0
1976,3,0,0.01400730426650015,0
1977,4,1,0.9983421648265061,1
1978,4,1,0.9903228288393567,1
1979,3,0,0.6343511434756163,1
1980,2,0,0.0026141706056725302,0
1981,3,0,0.6264634487282976,1
1982,3,1,0.8857422447277742,1
1983,3,0,0.5104741108587204,1
1984,3,0,0.6264634487282976,1
1985,3,1,0.702062673670948,1
1986,3,0,0.16211329296182755,0
1987,0,0,0.04624814309106711,0
1988,2,0,0.059262684463266185,0
1989,1,1,0.0812306441289018,0
1990,2,0,0.049367272392374636,0
1991,0,0,0.10441632299111377,0
1992,3,0,0.19918078725572833,0
1993,1,0,0.04612614494698207,0
1994,4,0,0.10961386893154519,0
1995,4,1,0.9649904641964689,1
1996,2,0,0.20926299268452397,0
1997,1,0,0.01592216463947074,0
1998,1,0,0.10648109858474014,0
1999,1,0,0.16176527252385509,0
2000,1,1,0.957693980502049,1
2001,1,1,0.9943936931436641,1
2002,1,1,0.9943936931436641,1
2003,1,1,0.6634995025981528,1
2004,0,1,0.9776974004067372,1
2005,4,1,0.5348611839827802,1
2006,4,1,0.7347856133632846,1
2007,3,1,0.9643550706330224,1
2008,1,0,0.27367812182162726,0
2009,3,0,0.5783466741965331,1
2010,0,0,0.6509354155286423,1
2011,3,0,0.574684045289039,1
2012,0,1,0.0563387249817527,0
2013,4,0,0.08237019388572506,0
2014,3,1,0.9955783373881356,1
2015,3,0,0.7247268977703158,1
2016,4,0,0.05124387693962253,0
2017,1,0,0.5310898278403775,1
2018,1,0,0.05121928789536519,0
2019,3,0,0.10952293310798127,0
2020,1,1,0.32910897837151776,0
2021,1,1,0.9640920546713109,1
2022,0,1,0.9778857562375441,1
2023,0,1,0.9860472986658206,1
2024,0,1,0.990926874217164,1
2025,1,0,0.03815253146615108,0
2026,0,1,0.9740407521999341,1
2027,3,0,0.5503825341757786,1
2028,1,1,0.9608489001654449,1
2029,1,0,0.5291730198238389,1
2030,3,0,0.16292747651057884,0
2031,1,0,0.00045352312838530716,0
2032,2,1,0.46262615630958837,0
2033,3,1,0.6264634487282976,1
2034,2,1,0.6167451929650005,1
2035,0,1,0.9797158539191051,1
2036,0,0,0.06614553246097815,0
2037,3,0,0.11813779524164088,0
2038,3,0,0.04470782271619142,0
2039,3,0,0.06803513614794206,0
2040,3,0,0.07081348029065884,0
2041,2,0,0.5354155804627504,1
2042,0,0,0.09527252186784349,0
2043,0,0,0.21205957731667252,0
2044,3,0,0.033511002905970325,0
2045,3,0,0.11911818871465109,0
2046,2,1,0.9744548184279884,1
2047,4,0,0.18427043282458505,0
2048,4,0,0.5135814175146544,1
2049,2,1,0.13383977733578056,0
2050,3,0,0.0008691891152862739,0
2051,3,1,0.9968069358346521,1
2052,3,1,0.9380695301025057,1
2053,3,0,0.023731472173215893,0
2054,0,1,0.7410642525213683,1
2055,2,0,0.05022689234022256,0
2056,3,1,0.3338920055420717,0
2057,0,0,0.02548095577493328,0
2058,0,0,0.16325310679528418,0
2059,2,1,0.9983159070819565,1
2060,2,0,0.14358051718494724,0
2061,0,0,0.1287525832377669,0
2062,0,0,0.087966586172457,0
2063,2,0,0.12834596172234516,0
2064,1,0,0.5510177661319561,1
2065,2,1,0.6222799403081968,1
2066,2,0,0.011803299146641936,0
2067,3,1,0.9941371288035477,1
2068,3,1,0.8955375324017432,1
2069,3,1,0.9654384191350399,1
2070,3,0,0.5564132768316313,1
2071,3,1,0.7808801930321427,1
2072,4,1,0.8207918461213142,1
2073,3,1,0.6264634487282976,1
2074,2,0,0.06515083184335627,0
2075,2,1,0.14840681125269214,0
2076,0,0,0.6392206147897971,1
2077,0,0,0.030019018824329526,0
2078,2,0,0.38433063591282846,0
2079,4,0,0.051581520120476836,0
2080,4,0,0.568917616192722,1
2081,4,0,0.5640435292069985,1
2082,3,0,0.06108283204234473,0
2083,4,1,0.9752620688061326,1
2084,4,1,0.9752620688061326,1
2085,4,0,0.15206748535839773,0
2086,4,0,0.3267899087222649,0
2087,1,0,0.4262322549120315,0
2088,4,1,0.9839478688689823,1
2089,4,0,0.02392399407356967,0
2090,2,0,0.3839710763164872,0
2091,0,1,0.13274910218322222,0
2092,0,1,0.9978623478634467,1
2093,1,1,0.9508063555276384,1
2094,4,1,0.3047294784625203,0
2095,0,0,0.19655318519307052,0
2096,3,1,0.1405551109588334,0
2097,4,0,0.0006229216743111476,0
2098,4,0,0.19730418961817212,0
2099,0,0,0.051702129807449135,0
2100,2,0,0.21839009179766408,0
2101,1,0,0.048916639752601875,0
2102,3,1,0.9896796859304411,1
2103,3,1,0.972748526307784,1
2104,3,1,0.5218798593212591,1
2105,4,1,0.6918335572089147,1
2106,2,1,0.9870466353593265,1
2107,4,1,0.5327704513789945,1
2108,2,1,0.46034442628926,0
2109,1,0,0.2695803674709559,0
2110,0,0,0.056794025510404834,0
2111,0,1,0.0682713888298214,0
2112,0,0,0.028621066479290302,0
2113,3,1,0.11504426222647494,0
2114,1,0,0.6214747812108369,1
2115,4,1,0.9472037299390562,1
2116,3,1,0.7601643620845919,1
2117,4,1,0.4310132968150928,0
2118,0,1,0.6933913579729546,1
2119,4,1,0.4310132968150928,0
2120,2,0,0.10295646416626741,0
2121,1,1,0.9919757513874273,1
2122,1,1,0.9919757513874273,1
2123,1,0,0.24919296915745257,0
2124,2,0,0.5247950361384262,1
2125,0,1,0.9952415647794874,1
2126,0,0,0.0377066359887465,0
2127,0,0,0.007664008398260611,0
2128,2,1,0.5454590516284182,1
2129,1,0,0.11320432613267536,0
2130,0,0,0.0009167087817880805,0
2131,0,0,0.06679557299010698,0
2132,2,0,0.6855968933517194,1
2133,3,1,0.9741829196109406,1
2134,4,0,0.5321480605484558,1
2135,4,0,0.16882411858843516,0
2136,4,0,0.13926812375100767,0
2137,1,0,0.055109114586972534,0
2138,1,0,0.06341662791696646,0
2139,0,1,0.5385882048396219,1
2140,1,0,0.13970130165771474,0
2141,2,0,0.16359704730844576,0
2142,3,0,0.004725799316810924,0
2143,3,0,0.0010533765356191258,0
2144,0,1,0.15119942556292132,0
2145,0,0,0.0474414443395391,0
2146,0,0,0.2083293402216845,0
2147,2,0,0.0022045375507599124,0
2148,3,1,0.06883657790421945,0
2149,1,0,0.5060467628376424,1
2150,2,1,0.9630005923725644,1
2151,2,1,0.7890137045858151,1
2152,2,0,0.014050927357546551,0
2153,2,1,0.9998331488873455,1
2154,2,1,0.9925954250493803,1
2155,2,0,0.24455672598094588,0
2156,4,1,0.9903228288393567,1
2157,4,0,0.5000928471204767,1
2158,4,0,0.00044675375071986906,0
2159,4,1,0.9110462609974528,1
2160,3,0,0.6916156859589085,1
2161,1,1,0.9941313415306564,1
2162,1,1,0.9809171069052153,1
2163,1,0,0.011552415658208642,0
2164,1,1,0.9766788317458657,1
2165,3,0,0.2730589641806994,0
2166,0,0,0.5668908061368486,1
2167,4,0,0.03868266732919696,0
2168,1,0,0.5510177661319561,1
2169,1,1,0.9725623607638844,1
2170,3,1,0.622954959659602,1
2171,1,0,0.07290365563262222,0
2172,4,0,0.4206384541321424,0
2173,3,0,0.6329841847199088,1
2174,3,0,0.6149851314525986,1
2175,1,1,0.4897310916618048,1
2176,2,0,0.5962354286267242,1
2177,2,1,0.5762993822411981,1
2178,2,1,0.9545967909500391,1
2179,2,0,0.0192009274138656,0
2180,3,0,0.19594642036064994,0
2181,2,1,0.9893654601155053,1
2182,2,0,0.0020397644821619834,0
2183,2,1,0.6650221250378817,1
2184,4,0,0.06690076393868959,0
2185,2,0,0.11032508442657298,0
2186,2,0,0.5924547115672227,1
2187,3,1,0.5494996817286455,1
2188,3,0,0.5754677315612501,1
2189,2,0,0.09755796253694025,0
2190,4,1,0.5884753466533768,1
2191,4,0,0.47716863084711114,1
2192,4,1,0.4950753208771335,1
2193,4,1,0.7539512050903002,1
2194,4,0,0.024329802790662797,0
2195,4,0,0.4310132968150928,0
2196,2,0,0.051996402165435156,0
2197,0,0,0.2706798521374819,0
2198,4,1,0.9819162184322276,1
2199,0,0,0.08395311109747398,0
2200,3,0,0.34895210734559295,0
2201,3,1,0.9769295268487919,1
2202,3,1,0.8800892019522848,1
2203,4,0,0.37025638204650513,0
2204,2,1,0.5077339698267196,1
2205,3,0,0.6916156859589085,1
2206,2,1,0.4258595233705018,0
2207,4,1,0.9863650528510897,1
2208,4,1,0.05195423936643678,0
2209,3,1,0.9762599427988641,1
2210,0,0,0.9727693379592267,1
2211,2,0,0.08369176383604642,0
2212,2,0,0.029862213652214392,0
2213,0,0,0.37081066555047165,0
2214,4,0,0.00042690731863232546,0
2215,0,1,0.12802984038089682,0
2216,1,1,0.493792460826577,1
2217,1,0,0.07426543250583323,0
2218,3,1,0.9807773114352776,1
2219,2,0,0.26984160085691766,0
2220,0,0,0.2193851922016418,0
2221,2,0,0.45764376961913883,0
2222,2,0,0.6289073475201691,1
2223,2,1,0.5132364956230362,1
2224,2,1,0.37761319780193403,0
2225,2,0,0.6105756607379752,1
2226,2,0,0.33554823094658354,0
2227,1,1,0.7005921110571087,1
2228,4,0,0.031538817898647584,0
2229,3,1,0.058861559020994596,0
2230,1,0,0.027229406222869762,0
2231,1,0,0.00379010020463121,0
2232,2,0,0.08224696360179523,0
2233,1,1,0.4633740543644008,0
2234,2,0,0.10410172811788454,0
2235,0,0,0.1461500991207598,0
2236,4,0,0.06781314195786274,0
2237,3,0,0.8415485484601971,1
2238,3,0,0.5041938828865493,1
2239,3,0,0.12927585090227953,0
2240,4,1,0.5694749813367472,1
2241,2,0,0.6347699571521777,1
2242,1,0,0.043165453060166954,0
2243,1,0,0.19539379034901233,0
2244,1,1,0.9969693356194643,1
2245,1,1,0.9104415029853782,1
2246,1,1,0.9893513744964362,1
2247,2,1,0.9687850896940943,1
2248,4,0,0.229810773327046,0
2249,0,1,0.5385882048396219,1
2250,2,1,0.509586456266826,1
2251,1,1,0.7923556907966974,1
2252,4,1,0.48402475782441834,1
2253,1,1,0.5793332529924973,1
2254,0,0,0.0008786603672728316,0
2255,1,0,0.0726036828176554,0
2256,0,0,0.05806464313428163,0
2257,2,1,0.6347699571521777,1
2258,4,1,0.10692314989165691,0
2259,2,0,0.5077339698267196,1
2260,2,1,0.8538175795637789,1
2261,0,1,0.9781586642156629,1
2262,0,1,0.9776974004067372,1
2263,4,1,0.9948934696017601,1
2264,3,0,0.11540329113883455,0
2265,4,0,0.07175131309570247,0
2266,4,0,0.13719115909077118,0
2267,1,1,0.9755856626080471,1
2268,0,0,0.009094630487663501,0
2269,1,0,0.047133035809804776,0
2270,2,1,0.9545967909500391,1
2271,3,1,0.27536869955150645,0
2272,0,0,0.16429400856300924,0
2273,0,1,0.9727693379592267,1
2274,4,0,0.15611599274144908,0
2275,3,0,0.2024597220411312,0
2276,3,0,0.0948371407184661,0
2277,2,1,0.5789624650120554,1
2278,1,1,0.957693980502049,1
2279,0,0,0.38139530496385615,0
2280,1,1,0.9936007873478664,1
2281,0,0,0.6515929041382806,1
2282,2,0,0.10976579370331976,0
2283,1,1,0.32650343907427626,0
2284,3,0,0.1243786577273968,0
2285,1,0,0.10659471883148773,0
2286,1,0,0.7258164381407636,1
2287,2,1,0.6347699571521777,1
2288,4,1,0.40652468141112696,0
2289,4,1,0.5453140586615035,1
2290,3,0,0.5343818188303839,1
2291,3,0,0.6483964629304823,1
2292,2,0,0.19654063790433887,0
2293,3,0,0.08957776635593324,0
2294,2,0,0.09685886828173533,0
2295,3,0,0.09479070589995993,0
2296,3,0,0.035363895259428374,0
2297,2,0,0.11528338028377164,0
2298,1,0,0.040673091174547454,0
2299,0,1,0.9805757277700801,1
2300,0,0,0.0009210271510273639,0
2301,3,0,0.06206927580256482,0
2302,0,1,0.9839280302368825,1
2303,0,1,0.9943716167533464,1
2304,1,0,0.6309674176378337,1
2305,4,0,0.66152509056513,1
2306,0,0,0.09982824776692442,0
2307,2,0,0.0526323837353559,0
2308,2,0,0.11076287087339981,0
2309,2,0,0.06101075849569064,0
2310,1,0,0.010137546928865078,0
2311,0,1,0.9740407521999341,1
2312,2,0,0.1730246401021189,0
2313,0,1,0.9816842304053367,1
2314,0,0,0.09143821268176981,0
2315,3,0,0.09055914596499003,0
2316,3,0,0.052478827575037454,0
2317,0,1,0.9991244457325926,1
2318,4,0,0.020103308919007933,0
2319,2,0,0.038656447763953806,0
2320,3,0,0.13112135194885827,0
2321,3,1,0.9868644776208497,1
2322,2,0,0.23403413607389809,0
2323,2,0,0.11584383668410998,0
2324,0,0,0.0020552409523045792,0
2325,0,1,0.9713189683674027,1
2326,0,0,0.2001771460584769,0
2327,3,1,0.9957611797999979,1
2328,3,1,0.9921080776111935,1
2329,4,0,0.7913122945874557,1
2330,1,1,0.7246937185440442,1
2331,1,0,0.0380908179170492,0
2332,1,1,0.9979416108655492,1
2333,2,0,0.06694641359521596,0
2334,1,0,0.0038793555332269692,0
2335,1,1,0.9974037629859034,1
2336,4,0,0.06285851214498073,0
2337,3,1,0.9705760800666744,1
2338,3,1,0.9904713092900813,1
2339,0,1,0.4660376616275431,0
2340,1,0,0.7105520790481487,1
2341,3,0,0.3994906143273849,0
2342,0,1,0.9760887581585644,1
2343,1,1,0.9837603077386649,1
2344,2,1,0.991434759314813,1
2345,0,1,0.9874364978458107,1
2346,1,1,0.4858297250167894,1
2347,4,1,0.1848355674692114,0
2348,4,0,0.026572879008864906,0
2349,2,1,0.5918337336337829,1
2350,1,0,0.1315784055107087,0
2351,1,1,0.9785702163739247,1
2352,2,0,0.10125861716711768,0
2353,2,1,0.9876537787488877,1
2354,1,0,0.5310898278403775,1
2355,4,1,0.7985094569056452,1
2356,0,0,0.04530426186469032,0
2357,3,0,0.0258169537058642,0
2358,3,0,0.05059133337721828,0
2359,1,1,0.9928061936056932,1
2360,1,0,0.25229896943239355,0
2361,4,0,0.8743343606956266,1
2362,1,0,0.15829820746132384,0
2363,1,0,0.011507733243360343,0
2364,2,1,0.03669278705132019,0
2365,0,0,0.08205760463060177,0
2366,1,0,0.08207678796326805,0
2367,1,1,0.990361865369633,1
2368,1,0,0.15825839728952965,0
2369,3,1,0.5898912706841047,1
2370,1,0,0.14305693046310403,0
2371,0,1,0.6865320546760915,1
2372,4,1,0.5321480605484558,1
2373,4,1,0.5321480605484558,1
2374,1,1,0.9756526089237456,1
2375,2,1,0.9870466353593265,1
2376,2,1,0.9366397023588592,1
2377,2,1,0.9971215339357331,1
2378,0,1,0.9912885665716644,1
2379,0,1,0.7773940699129633,1
2380,0,1,0.24104414927544351,0
2381,0,1,0.996516874379171,1
2382,3,0,0.08040159834177538,0
2383,2,1,0.5779909402815598,1
2384,2,0,0.04656780567866952,0
2385,2,0,0.4122461557268264,0
2386,4,0,0.11728340633154868,0
2387,0,1,0.9760887581585644,1
2388,0,0,0.023367852209650226,0
2389,4,1,0.9706727932690322,1
2390,3,1,0.9720132728393843,1
2391,2,0,0.026043115345793625,0
2392,3,1,0.10049436823201278,0
2393,2,1,0.9990894537484961,1
2394,2,1,0.9989774561005161,1
2395,0,1,0.9940308535146256,1
2396,3,0,0.20461687905425177,0
2397,2,0,0.16150759445578713,0
2398,2,0,0.2901662629346784,0
2399,1,0,0.03929057403720632,0
2400,1,0,0.040513503759734046,0
2401,2,0,0.02247124046020372,0
2402,0,0,0.41709094299933114,0
2403,3,1,0.38325246619119324,0
2404,0,1,0.9839280302368825,1
2405,0,1,0.9943716167533464,1
2406,0,0,0.40043381198585226,0
2407,0,0,0.03501596920593244,0
2408,0,1,0.9839280302368825,1
2409,3,0,0.4650422274088921,0
2410,3,0,0.19622436319507952,0
2411,3,1,0.7247268977703158,1
2412,3,0,0.2881467313475023,0
2413,4,0,0.07475101686624418,0
2414,3,0,0.16601815624403624,0
2415,3,0,0.2088860603809772,0
2416,4,0,0.046216311407316205,0
2417,0,1,0.9965100110729177,1
2418,3,1,0.9921474864982817,1
2419,3,1,0.9868644776208497,1
2420,0,0,0.0552454277893466,0
2421,3,1,0.9868644776208497,1
2422,0,0,0.13226702518092914,0
2423,3,1,0.9564838055702792,1
2424,4,1,0.9513385937056293,1
2425,4,0,0.04140278310827994,0
2426,3,0,0.01705072684088614,0
2427,2,0,0.6343520710512593,1
2428,2,1,0.9545967909500391,1
2429,1,0,0.26096771515017336,0
2430,1,1,0.9281909391704294,1
2431,1,0,0.32650343907427626,0
2432,1,1,0.9774261452716085,1
2433,4,0,0.21032719943946684,0
2434,4,0,0.3622562101703114,0
2435,0,1,0.9965615148312977,1
2436,0,1,0.9970370707040727,1
2437,0,1,0.7720749559944886,1
2438,0,1,0.9789207759110344,1
2439,4,1,0.5245200535834422,1
2440,0,0,0.36853980349654186,0
2441,3,0,0.4614865194923654,0
2442,4,1,0.6914305309772384,1
2443,3,0,0.15236787655116044,0
2444,1,0,0.11506939665245683,0
2445,4,0,0.34345892338243655,0
2446,2,1,0.6347699571521777,1
2447,4,0,0.08266875466900697,0
2448,2,0,0.2672912156067833,0
2449,4,0,0.08013284024892557,0
2450,4,1,0.9648158687443136,1
2451,4,0,0.11644429319179968,0
2452,4,0,0.04924598881366451,0
2453,1,1,0.9889598571346527,1
2454,3,0,0.4706215077836139,0
2455,3,1,0.9643550706330224,1
2456,0,1,0.168328472387433,0
2457,1,0,0.06645461448187921,0
2458,2,0,0.07228337874157884,0
2459,4,0,0.06553863979995715,0
2460,3,0,0.6483964629304823,1
2461,2,0,0.0480362011003474,0
2462,0,0,0.20809193524898228,0
2463,1,1,0.9501112076501951,1
2464,1,0,0.01418528542408888,0
2465,1,1,0.9969693356194643,1
2466,1,1,0.5321284936892748,1
2467,1,1,0.9981988243970874,1
2468,1,0,0.002432474319744275,0
2469,1,0,0.040517611558291505,0
2470,0,0,0.09740672317994314,0
2471,4,0,0.6076889325034414,1
2472,3,0,0.6083589001249411,1
2473,2,1,0.9981111053368186,1
2474,0,1,0.4671664775752536,0
2475,1,0,0.41750838134772456,0
2476,4,0,0.03789787247939093,0
2477,0,0,0.25555392352113443,0
2478,0,1,0.26262395721982246,0
2479,3,0,0.07704440396535964,0
2480,0,0,0.08449497716693613,0
2481,0,1,0.5668908061368486,1
2482,4,0,0.04742379416642723,0
2483,4,1,0.1565086583226381,0
2484,1,1,0.8228161326995269,1
2485,0,0,0.46103594612154514,0
2486,0,0,0.08733125283981116,0
2487,4,0,0.006810849896695622,0
2488,4,0,0.08516801053793767,0
2489,4,0,0.2098548133907468,0
2490,4,0,0.06603017315732493,0
2491,3,0,0.1880603218632108,0
2492,1,1,0.9361380864760119,1
2493,0,1,0.09562574843483573,0
2494,4,0,0.08915466376360041,0
2495,3,1,0.4907362199434535,1
2496,3,0,0.5521223488757965,1
2497,3,0,0.09135705044409645,0
2498,2,1,0.8886283546583256,1
2499,2,0,0.0007776422279906546,0
2500,1,0,0.06385440500392811,0
2501,3,1,0.37728730296434565,0
2502,2,0,0.09771539775588017,0
2503,2,1,0.7031578324596208,1
2504,1,0,0.10006061083396972,0
2505,3,0,0.07433227373762019,0
2506,2,0,0.1876202734736393,0
2507,2,0,0.143480906357705,0
2508,2,0,0.11528822067574349,0
2509,2,0,0.9844736257730177,1
2510,3,0,0.026304831274729566,0
2511,2,0,0.08607466482747103,0
2512,1,0,0.22037864800885615,0
2513,2,0,0.08800904820075248,0
2514,4,1,0.5245200535834422,1
2515,4,1,0.48402475782441834,1
2516,2,0,0.4133710584632854,0
2517,0,0,0.08804299153198565,0
2518,3,1,0.996934431470316,1
2519,2,1,0.4719716121320459,0
2520,2,1,0.9967968442967114,1
2521,1,1,0.3640175219694695,0
2522,0,1,0.9961625770088904,1
2523,0,1,0.990926874217164,1
2524,0,0,0.010873695059296234,0
2525,0,1,0.8840129746640142,1
2526,1,1,0.995095603193804,1
2527,1,1,0.5310898278403775,1
2528,2,0,0.661586845031752,1
2529,1,0,0.04161533121297336,0
2530,2,1,0.9948349732385525,1
2531,4,0,0.08837534997451875,0
2532,4,0,0.32359753678868347,0
2533,4,1,0.47716863084711114,1
2534,4,0,0.5295370835232326,1
2535,2,1,0.9589985677943588,1
2536,4,1,0.9974166589095027,1
2537,4,1,0.991052857903918,1
2538,1,1,0.9852639017679149,1
2539,1,0,0.18627879394479901,0
2540,4,0,0.10756675370412296,0
2541,3,0,0.5808821736174896,1
2542,3,0,0.04622625977242611,0
2543,1,1,0.5510177661319561,1
2544,3,1,0.4599321344420702,0
2545,2,0,0.040857772703076854,0
2546,3,1,0.5598540107911263,1
2547,4,1,0.7299166506575986,1
2548,4,0,0.5321480605484558,1
2549,3,1,0.8689956304451447,1
2550,4,0,0.04859345646031704,0
2551,2,1,0.6574294790555528,1
2552,2,0,0.08012765602290063,0
2553,1,0,0.05099422944279696,0
2554,2,1,0.6296344133571969,1
2555,1,1,0.38683538677911117,0
2556,2,0,0.03127844254578794,0
2557,0,0,0.10245076663730548,0
2558,1,0,0.043968104205801085,0
2559,1,0,0.2549698246907628,0
2560,1,1,0.9299692633242275,1
2561,4,1,0.36752290610733485,0
2562,4,1,0.1175813065519227,0
2563,0,1,0.9801085036708411,1
2564,2,0,0.4122461557268264,0
2565,2,0,0.5918337336337829,1
2566,2,1,0.20340921793511746,0
2567,3,0,0.29032390709621625,0
2568,4,0,0.09257063667948125,0
2569,0,1,0.9874364978458107,1
2570,1,0,0.0689877588340886,0
2571,4,1,0.5453140586615035,1
2572,2,0,0.07576292116805321,0
2573,3,0,0.36886433485054965,0
2574,3,0,0.5783466741965331,1
2575,3,1,0.5783466741965331,1
2576,1,0,0.10906067313675953,0
2577,1,0,0.09815196000962895,0
2578,3,1,0.5400029059319076,1
2579,3,1,0.07317038866639265,0
2580,4,0,0.01940178224886812,0
2581,3,1,0.05470856861412512,0
2582,3,0,0.47427036489594243,1
2583,3,0,0.5783466741965331,1
2584,4,0,0.5715329860067875,1
2585,1,0,0.721841153165364,1
2586,2,0,0.03171745243012669,0
2587,0,0,0.40818768996091287,0
2588,3,0,0.07907991044919083,0
2589,3,0,0.647134251052567,1
2590,3,0,0.023283819916805178,0
2591,4,1,0.03385481677732225,0
2592,1,1,0.9889598571346527,1
2593,4,0,0.4643367771718797,0
2594,3,0,0.6083589001249411,1
2595,1,1,0.9859199889808624,1
2596,1,0,0.016451500135042492,0
2597,3,1,0.8528321105816294,1
2598,3,1,0.9958203083864499,1
2599,2,1,0.40471528395192075,0
2600,2,0,0.5786317552590201,1
2601,0,0,0.6392206147897971,1
2602,2,0,0.5404251609444399,1
2603,1,1,0.9837603077386649,1
2604,1,0,0.6017451364990066,1
2605,1,0,0.17539955481355793,0
2606,1,0,0.005268454657839079,0
2607,1,1,0.9974076622798826,1
2608,2,1,0.6430785708124798,1
2609,1,1,0.1901842848360956,0
2610,1,1,0.999621679293174,1
2611,1,0,0.31644084418884744,0
2612,3,0,0.09371238558056873,0
2613,0,0,0.11337136088364289,0
2614,2,0,0.007452123302909468,0
2615,2,1,0.9805070839526864,1
2616,3,0,0.04969419007776534,0
2617,3,1,0.6575255634556383,1
2618,0,0,0.0006491552663678658,0
2619,0,1,0.8667105482548412,1
2620,1,0,0.13764783838571015,0
2621,1,0,0.10310528802540579,0
2622,3,0,0.04374487618085289,0
2623,0,0,0.6392206147897971,1
2624,0,1,0.543300306469858,1
2625,0,1,0.5341947014695844,1
2626,2,0,0.6347699571521777,1
2627,3,0,0.16503681741268109,0
2628,4,1,0.11415178561575758,0
2629,0,1,0.5621674060680165,1
2630,3,1,0.702062673670948,1
2631,2,0,0.27090639417185747,0
2632,3,1,0.9868644776208497,1
2633,3,1,0.9969184580155908,1
2634,3,1,0.41734179796050896,0
2635,3,0,0.05680203358894502,0
2636,2,1,0.509586456266826,1
2637,0,1,0.6756347380229372,1
2638,1,1,0.6878056677440489,1
2639,1,0,0.43778101575607653,0
2640,1,1,0.6878056677440489,1
2641,1,1,0.5510177661319561,1
2642,1,0,0.5234906835029894,1
2643,2,1,0.9545967909500391,1
2644,2,1,0.9986755997623291,1
2645,0,1,0.8590076054147614,1
2646,0,0,0.016488634657944503,0
2647,0,0,0.00277431920869105,0
2648,4,1,0.0972983024042844,0
2649,4,0,0.08600170657753567,0
2650,4,0,0.09530662600844134,0
2651,4,1,0.13598371495452616,0
2652,4,0,0.0006653646152148941,0
2653,4,0,0.014742750839785684,0
2654,0,0,0.18495398102931135,0
2655,1,1,0.9982098678203802,1
2656,1,0,0.10061605029633651,0
2657,1,0,0.16594064244456486,0
2658,4,1,0.4811169586231508,1
2659,3,1,0.5898912706841047,1
2660,4,0,0.053830514745153255,0
2661,3,1,0.5238137943546622,1
2662,1,0,0.07018883231557274,0
2663,2,0,0.39376331631325034,0
2664,4,0,0.12054069846334181,0
2665,2,1,0.9971215339357331,1
2666,2,1,0.9970730235951684,1
2667,2,1,0.9974054374102116,1
2668,3,1,0.9904713092900813,1
2669,1,1,0.03518285649386477,0
2670,1,1,0.5536808352572702,1
2671,3,1,0.3347984639663421,0
2672,2,0,0.05405918382027052,0
2673,2,0,0.0265472430340956,0
2674,2,1,0.11929595058570618,0
2675,0,1,0.997502534637423,1
2676,0,0,0.7741964214269131,1
2677,4,0,0.06634686900852262,0
2678,3,1,0.7167553667535157,1
2679,2,1,0.5716088624762239,1
2680,1,1,0.9612437366373248,1
2681,1,1,0.9559981172042272,1
2682,4,1,0.1347897982017838,0
2683,1,0,0.040614110910473684,0
2684,1,1,0.9980888962388167,1
2685,4,0,0.34919836992184006,0
2686,1,0,0.09174892395396868,0
2687,0,1,0.7884640803485078,1
2688,1,0,0.5982150248129531,1
2689,0,0,0.5970262857747934,1
2690,4,0,0.5609572154581589,1
2691,3,1,0.5629239851336933,1
2692,2,0,0.11334060070601969,0
2693,0,0,0.22589125999614648,0
2694,0,0,0.15193540485124163,0
2695,1,0,0.0192343551324021,0
2696,1,1,0.9286869792838583,1
2697,0,0,0.6822987630604952,1
2698,4,1,0.44917542452600556,0
2699,4,0,0.7539512050903002,1
2700,4,1,0.6736284699651176,1
2701,0,0,0.6659473575818485,1
2702,4,0,0.4310132968150928,0
2703,3,0,0.1773726338995268,0
2704,1,0,0.12069575239915614,0
2705,0,1,0.08306049725862097,0
2706,1,0,0.027141721579967765,0
2707,1,1,0.9573810262074806,1
2708,4,0,0.13782934094526894,0
2709,4,1,0.13350206533783157,0
2710,0,0,0.37565635522881446,0
2711,2,0,0.034989265673706145,0
2712,3,0,0.04355429280276679,0
2713,4,1,0.9406662974558382,1
2714,3,0,0.47427036489594243,1
2715,2,0,0.08742157183003552,0
2716,4,0,0.6736284699651176,1
2717,2,0,0.7171047423243315,1
2718,1,0,0.26096771515017336,0
2719,0,0,0.11200910974527102,0
2720,2,1,0.6160465179795156,1
2721,2,1,0.9883611254693084,1
2722,2,1,0.9937642022055982,1
2723,0,1,0.6496937891286058,1
2724,4,1,0.5177086784267196,1
2725,4,1,0.9926104270090068,1
2726,2,0,0.07751489511470842,0
2727,3,1,0.9900757769284096,1
2728,1,0,0.36200662280709234,0
2729,1,1,0.97750433755118,1
2730,1,1,0.9723136284128068,1
2731,0,1,0.6061476592431864,1
2732,3,0,0.0779905794290159,0
2733,3,0,0.5412242289366868,1
2734,4,0,0.00023942727836084862,0
2735,3,0,0.09854385878262369,0
2736,4,1,0.9847962885381789,1
2737,0,1,0.5377253258806747,1
2738,1,0,0.012958967206333612,0
2739,2,0,0.0819927031703422,0
2740,2,0,0.5077339698267196,1
2741,3,0,0.32541539436684475,0
2742,2,0,0.5625749848618135,1
2743,2,0,0.6740237639562648,1
2744,2,1,0.37761319780193403,0
2745,0,1,0.6223698918295852,1
2746,0,1,0.8410575281105935,1
2747,2,0,0.5077339698267196,1
2748,4,0,0.18899915633450243,0
2749,0,1,0.8671827591517971,1
2750,0,1,0.0839837431015837,0
2751,2,0,0.02276280921463991,0
2752,1,0,0.015127519887660645,0
2753,1,0,0.14990845163168107,0
2754,2,0,0.46575820580661986,0
2755,2,0,0.06970219004896586,0
2756,0,0,0.037089250004941114,0
2757,0,0,0.4456757606930313,0
2758,0,0,0.11751712346069461,0
2759,0,1,0.7592101051171106,1
2760,4,1,0.5327704513789945,1
2761,0,0,0.03491459775295191,0
2762,4,0,0.06667390736945354,0
2763,2,1,0.9972033109882046,1
2764,0,1,0.4417603439741479,0
2765,4,0,0.20308610788550213,0
2766,2,0,0.6088998183889066,1
2767,1,1,0.9950781534480524,1
2768,0,1,0.37763800424922134,0
2769,0,0,0.00427338666354312,0
2770,4,0,0.06506815527538701,0
2771,4,0,0.0013030321017436929,0
2772,4,1,0.5245200535834422,1
2773,0,0,0.07489357730519751,0
2774,1,0,0.044322117385944736,0
2775,2,0,0.11772850668904548,0
2776,0,1,0.9904065955792165,1
2777,0,1,0.9924945278763286,1
2778,1,0,0.4906671818311056,1
2779,4,1,0.9939399346921329,1
2780,2,0,0.09095710219116969,0
2781,4,0,0.01187513376190158,0
2782,4,1,0.9933724083273242,1
2783,4,1,0.9977720699207479,1
2784,4,1,0.4381272486699474,0
2785,1,0,0.06427042622521166,0
2786,1,1,0.9735263874570902,1
2787,4,0,0.023845835320353902,0
2788,3,1,0.7155836951096105,1
2789,4,0,0.0011749918725978492,0
2790,3,0,0.04504610900851322,0
2791,2,0,0.07381020913999103,0
2792,1,0,0.017324581464893376,0
2793,4,1,0.35448154529654147,0
2794,4,0,0.052766917895629484,0
2795,0,0,0.022392920010301423,0
2796,1,0,0.0027422801997352493,0
2797,4,0,0.09453165119256693,0
2798,0,0,0.06354234287574438,0
2799,0,0,0.033445288192550986,0
2800,0,0,0.03184136337282179,0
2801,3,1,0.9722496449430977,1
2802,2,1,0.5143730444833534,1
2803,0,1,0.8898151149995243,1
2804,0,0,0.05737251762962629,0
2805,4,0,0.48402475782441834,1
2806,2,0,0.5077339698267196,1
2807,3,0,0.06820164073687554,0
2808,3,1,0.8870795985681665,1
2809,2,1,0.17466865216836,0
2810,2,1,0.9604309147648816,1
2811,1,0,0.35523537902091973,0
2812,1,0,0.5234906835029894,1
2813,1,0,0.43778101575607653,0
2814,4,0,0.0551202683170356,0
2815,3,0,0.12800419494473522,0
2816,2,0,0.9431477295411356,1
2817,0,0,0.07799018683305443,0
2818,3,0,0.030596064416155297,0
2819,2,0,0.7183924705323341,1
2820,1,0,0.015961278651683716,0
2821,0,0,0.14152104669634294,0
2822,2,0,0.061245380315802816,0
2823,0,0,0.5668908061368486,1
2824,0,1,0.48931382656198846,1
2825,0,0,0.02954076423386299,0
2826,2,0,0.48304732742888656,1
2827,1,1,0.2947585127450828,0
2828,4,0,0.0016432068407816964,0
2829,3,0,0.10803714479693287,0
2830,1,0,0.15579128977215387,0
2831,2,0,0.02280587608763402,0
2832,4,0,0.006115606868531499,0
2833,3,0,0.2750372521581112,0
2834,1,0,0.2406623206015032,0
2835,3,0,0.008296790600149245,0
2836,2,0,0.24596641569211308,0
2837,4,1,0.6262839855839574,1
2838,4,1,0.47716863084711114,1
2839,0,0,0.7419458829800694,1
2840,2,1,0.5354155804627504,1
2841,4,1,0.6926046495897015,1
2842,3,0,0.030973566164278682,0
2843,3,1,0.5521223488757965,1
2844,2,0,0.11551884087488384,0
2845,2,1,0.509586456266826,1
2846,2,1,0.9950324606190564,1
2847,2,0,0.0045387385548263486,0
2848,1,1,0.9820382097909612,1
2849,4,1,0.5453140586615035,1
2850,3,0,0.05978087344296223,0
2851,0,0,0.10297929366545194,0
2852,0,1,0.8824945301149486,1
2853,0,1,0.9977816463389887,1
2854,2,1,0.9171404148188,1
2855,2,0,0.11773916000071284,0
2856,1,1,0.9804036817937951,1
2857,3,0,0.041112584808265865,0
2858,3,1,0.30872778964749104,0
2859,3,0,0.4619363357295782,0
2860,0,1,0.9718674353350012,1
2861,2,0,0.0019642458970636194,0
2862,1,1,0.971724875235728,1
2863,0,0,0.04003906044692729,0
2864,4,1,0.6074908656797785,1
2865,3,0,0.11638222452202074,0
2866,2,1,0.6561464662762199,1
2867,1,1,0.43890921958009055,0
2868,4,0,0.3998112106090313,0
2869,4,1,0.33109509647904295,0
2870,4,1,0.4381272486699474,0
2871,2,1,0.9760154837103848,1
2872,0,0,0.002399746075497819,0
2873,0,1,0.4084740698853213,0
2874,0,1,0.5385882048396219,1
2875,2,1,0.04070766631091565,0
2876,3,0,0.10231876762892642,0
2877,2,0,0.6654013813865516,1
2878,2,1,0.8230559409877689,1
2879,2,1,0.9514162602784686,1
2880,4,0,0.18118267207416608,0
2881,0,0,0.4251774270752251,0
2882,2,0,0.06691014248445049,0
2883,2,0,0.5077339698267196,1
2884,0,0,0.14841633388795739,0
2885,3,1,0.3833458464150639,0
2886,3,0,0.040269169051335055,0
2887,4,1,0.5416005481505188,1
2888,4,1,0.5884753466533768,1
2889,3,1,0.9840122000996616,1
2890,3,1,0.06774930699855754,0
2891,3,1,0.9809311000715444,1
2892,1,1,0.7693663917341111,1
2893,1,1,0.9047632103935116,1
2894,1,0,0.1109031316373226,0
2895,0,0,0.08076768828263131,0
2896,1,1,0.6890038894279511,1
2897,1,1,0.4890097955615621,1
2898,1,1,0.5234906835029894,1
2899,3,1,0.9722496449430977,1
2900,4,0,0.36633296058990433,0
2901,4,1,0.9063230969085181,1
2902,3,1,0.5104741108587204,1
2903,2,0,0.026773481642407605,0
2904,4,0,0.04199452320790288,0
2905,1,0,0.7566433305576505,1
2906,1,0,0.05307329847524127,0
2907,0,1,0.9888718421934175,1
2908,1,1,0.990055959318641,1
2909,1,1,0.17353595485415604,0
2910,1,1,0.6083716964144735,1
2911,1,1,0.5510177661319561,1
2912,1,0,0.5510177661319561,1
2913,3,0,0.04321541265326965,0
2914,2,1,0.9846588243330683,1
2915,1,0,0.004653831938524026,0
2916,2,1,0.37761319780193403,0
2917,2,0,0.01709442466372792,0
2918,2,0,0.6105756607379752,1
2919,1,0,0.09885010883346396,0
2920,1,0,0.9429172425221473,1
2921,3,0,0.6083589001249411,1
2922,3,1,0.9754713920398347,1
2923,1,1,0.5664052984212018,1
2924,0,1,0.14700405223216123,0
2925,0,1,0.6860715381480272,1
2926,2,0,0.8555760994476284,1
2927,4,1,0.7095632057027818,1
2928,2,1,0.9733779188470171,1
2929,3,1,0.9787963950499267,1
2930,4,1,0.722776979772846,1
2931,3,0,0.035949195239899014,0
2932,0,0,0.11783955054259851,0
2933,3,0,0.14053752475784675,0
2934,2,1,0.8832470944495328,1
2935,0,1,0.9914258034129599,1
2936,0,1,0.998467102719858,1
2937,4,0,0.21220697969206934,0
2938,3,0,0.6384735242754819,1
2939,1,1,0.9789057834245621,1
2940,1,0,0.08023675852670484,0
2941,3,1,0.9924502722193306,1
2942,0,0,0.22660903624182827,0
2943,0,1,0.38122006002814046,0
2944,2,0,0.37761319780193403,0
2945,2,0,0.033019687709479245,0
2946,2,1,0.7151621187270665,1
2947,2,0,0.4663700015725751,0
2948,2,0,0.7193901466735246,1
2949,2,0,0.4498496287664535,0
2950,1,0,0.20864707168328525,0
2951,0,0,0.08475397326717767,0
2952,2,0,0.07321441450432782,0
2953,4,0,0.11696427493655476,0
2954,4,0,0.4811169586231508,1
2955,1,0,0.12454448778411724,0
2956,1,0,0.07092349035942015,0
2957,1,0,0.00122570231720861,0
2958,4,1,0.6539121864852679,1
2959,0,0,0.08815999749288,0
2960,1,1,0.9886861437848005,1
2961,2,0,0.08089442600952189,0
2962,2,0,0.022033984742356683,0
2963,2,0,0.0899735660408408,0
2964,1,0,0.007475778119953998,0
2965,0,0,0.150365047979988,0
2966,0,0,0.46414442408355566,0
2967,3,0,0.150233616531394,0
2968,3,0,0.10524808350004221,0
2969,1,1,0.5510177661319561,1
2970,2,1,0.4498496287664535,0
2971,2,1,0.6740237639562648,1
2972,2,1,0.8409244149492762,1
2973,4,0,0.2543476769121142,0
2974,3,1,0.5465741452555533,1
2975,3,0,0.21601561943151992,0
2976,1,0,0.43778101575607653,0
2977,2,0,0.4439077182720635,0
2978,2,0,0.04343820287533609,0
2979,0,0,0.3336020730964656,0
2980,2,0,0.362248580351445,0
2981,4,1,0.7423819856503762,1
2982,3,1,0.9986239620817642,1
2983,3,1,0.9919082329114897,1
2984,0,0,0.09600338669641725,0
2985,2,1,0.9268435567676422,1
2986,2,1,0.9688193586890906,1
2987,4,1,0.9906124731152085,1
2988,1,0,0.8167378691470758,1
2989,3,1,0.7278095423930467,1
2990,3,0,0.10451187009722773,0
2991,2,0,0.08358288090169977,0
2992,2,0,0.04502371701471014,0
2993,0,1,0.9895514343861219,1
2994,2,0,0.04571452386331412,0
2995,3,0,0.3833458464150639,0
2996,4,1,0.5802690541597,1
2997,0,0,0.48753100051621007,1
2998,0,0,0.5385882048396219,1
2999,3,0,0.5917174647795973,1
3000,2,0,0.06880389986839557,0
3001,0,0,0.30878721572477225,0
3002,3,0,0.08285234511996553,0
3003,4,0,0.43237998532339367,0
3004,1,1,0.9743351283596295,1
3005,2,1,0.5962354286267242,1
3006,0,1,0.9855841032388407,1
3007,3,0,0.5808821736174896,1
3008,3,0,0.011207587051509092,0
3009,0,0,0.26266135049219663,0
3010,0,0,0.30888518533894843,0
3011,1,0,0.22176782802976627,0
3012,3,1,0.867484706236003,1
3013,1,1,0.10866044715759197,0
3014,4,0,0.49659891769722053,1
3015,4,1,0.569397537385904,1
3016,4,1,0.8277720856697048,1
3017,4,1,0.6330155136289146,1
3018,0,0,0.6515929041382806,1
3019,2,1,0.5404251609444399,1
3020,2,0,0.13541141583277957,0
3021,2,0,0.039055573806792025,0
3022,3,1,0.3585923561269079,0
3023,3,0,0.20791869401670698,0
3024,4,1,0.9943954093308067,1
3025,4,1,0.9974166589095027,1
3026,4,1,0.9974166589095027,1
3027,4,1,0.9974166589095027,1
3028,1,1,0.5982150248129531,1
3029,4,0,0.11255489933440019,0
3030,1,1,0.9977924733218541,1
3031,1,1,0.9952233320196406,1
3032,1,1,0.9449277019725904,1
3033,0,0,0.25209750336997355,0
3034,0,0,0.48419632197267404,1
3035,1,0,0.038654943913152606,0
3036,1,0,0.07932102817157782,0
3037,0,1,0.6753635790078553,1
3038,0,1,0.6392206147897971,1
3039,0,1,0.5221130382096147,1
3040,2,1,0.09932740527328637,0
3041,4,0,0.19458534613561537,0
3042,0,1,0.5829170023369926,1
3043,1,1,0.9956156912435357,1
3044,4,0,0.003966584795248412,0
3045,1,1,0.9974037629859034,1
3046,1,1,0.9375271522397934,1
3047,1,1,0.9883469141923005,1
3048,0,1,0.21338814862797184,0
3049,2,1,0.5918337336337829,1
3050,2,0,0.5077339698267196,1
3051,3,0,0.00909608489493959,0
3052,3,1,0.5823858376724549,1
3053,3,0,0.2549131643257857,0
3054,4,1,0.42885607761339284,0
3055,2,0,0.3024513664554731,0
3056,3,1,0.9722496449430977,1
3057,3,0,0.020148450096303522,0
3058,3,1,0.7204185731139807,1
3059,3,1,0.47427036489594243,1
3060,3,1,0.6369653042354242,1
3061,3,1,0.3062459022398997,0
3062,1,1,0.9766788317458657,1
3063,3,0,0.7757540891432443,1
3064,3,0,0.07012597057426662,0
3065,3,0,0.402801876387987,0
3066,1,0,0.4112225157258318,0
3067,3,1,0.9502485912916386,1
3068,3,0,0.43871908861749437,0
3069,0,0,0.003017869716230258,0
3070,2,1,0.9981111053368186,1
3071,3,0,0.3219534254722499,0
3072,1,0,0.027233900256369965,0
3073,3,0,0.010165538754753366,0
3074,1,1,0.6421671051514708,1
3075,1,1,0.9950781534480524,1
3076,1,1,0.9561271297107063,1
3077,1,1,0.995095603193804,1
3078,1,1,0.9883469141923005,1
3079,4,0,0.3812200142282191,0
3080,2,1,0.509586456266826,1
3081,2,1,0.9925954250493803,1
3082,2,1,0.9935452220780545,1
3083,1,1,0.9897355230509574,1
3084,1,1,0.9929998386396257,1
3085,4,1,0.6471947421959451,1
3086,0,0,0.7106981101454817,1
3087,4,0,0.039140457570447186,0
3088,1,0,0.10295826242441279,0
3089,2,1,0.45529174735542427,0
3090,0,0,0.029963913531049706,0
3091,0,1,0.29193711145381823,0
3092,4,0,0.08102309284895905,0
3093,4,1,0.8799857409156007,1
3094,4,1,0.9657582345026103,1
3095,4,1,0.9788042793463915,1
3096,4,1,0.997899939285254,1
3097,4,0,0.002226180556467338,0
3098,4,0,0.024261337424597927,0
3099,2,1,0.5918337336337829,1
3100,2,0,0.5354155804627504,1
3101,0,1,0.5668908061368486,1
3102,4,0,0.6776387666814105,1
3103,0,0,0.2705245501483361,0
3104,3,1,0.9808456915879573,1
3105,1,1,0.9603906719212708,1
3106,3,0,0.676025159261959,1
3107,4,0,0.0088753577437558,0
3108,4,1,0.9987838848940843,1
3109,4,0,0.012327533362269423,0
3110,4,1,0.9927261288839594,1
3111,4,1,0.605510342947005,1
3112,4,1,0.9359206708302249,1
3113,1,0,0.5793332529924973,1
3114,3,0,0.6858270078479826,1
3115,4,1,0.040663237271754894,0
3116,0,1,0.9945405490881997,1
3117,0,1,0.9982207406542042,1
3118,0,1,0.9941118269107815,1
3119,3,0,0.3834924170126954,0
3120,2,0,0.1254606114079136,0
3121,1,1,0.5029707466221878,1
3122,1,0,0.6390191663586098,1
3123,3,0,0.17829575792965485,0
3124,4,1,0.5245200535834422,1
3125,4,0,0.043535397061088145,0
3126,4,0,0.09583208674728697,0
3127,2,1,0.7139372704326499,1
3128,1,1,0.9897355230509574,1
3129,4,0,0.09704681621777447,0
3130,0,0,0.5257532504475093,1
3131,1,0,0.61773455930065,1
3132,2,1,0.45529174735542427,0
3133,1,0,0.05984557938910715,0
3134,4,0,0.0977046139025617,0
3135,0,0,0.09159597554403177,0
3136,4,1,0.6664334937710008,1
3137,0,1,0.9949202523818779,1
3138,2,0,0.5354155804627504,1
3139,3,1,0.9386136819171984,1
3140,4,1,0.989751984950172,1
3141,0,1,0.9740407521999341,1
3142,0,0,0.268436376913926,0
3143,4,1,0.30846133927469743,0
3144,4,1,0.4381272486699474,0
3145,4,1,0.5787216942019093,1
3146,4,1,0.3998112106090313,0
3147,2,1,0.6521369596228715,1
3148,2,0,0.5829694639695975,1
3149,4,1,0.9636015237934191,1
3150,2,0,0.14011368056525297,0
3151,0,1,0.9415812755061937,1
3152,0,0,0.38096799047015084,0
3153,0,1,0.07375164235109434,0
3154,2,1,0.6650221250378817,1
3155,3,0,0.6343511434756163,1
3156,3,1,0.36886433485054965,0
3157,3,0,0.6369653042354242,1
3158,1,0,0.007874658966741024,0
3159,1,0,0.0028857461411092356,0
3160,0,1,0.5621674060680165,1
3161,0,0,0.10626076032273504,0
3162,2,1,0.6347699571521777,1
3163,1,0,0.0006088562234099959,0
3164,1,1,0.9837603077386649,1
3165,1,1,0.996918329083922,1
3166,4,0,0.5453140586615035,1
3167,3,0,0.056438946282714765,0
3168,4,1,0.7110055492729652,1
3169,2,1,0.9939703284129254,1
3170,4,0,0.02972424210546049,0
3171,3,0,0.5343818188303839,1
3172,0,0,0.06952440758329556,0
3173,0,1,0.954136421445601,1
3174,0,1,0.9357094466592057,1
3175,3,1,0.5104741108587204,1
3176,3,0,0.05735582476045486,0
3177,0,0,0.17272577189593483,0
3178,3,0,0.13834645453585204,0
3179,2,1,0.9935452220780545,1
3180,2,1,0.5936277191184,1
3181,3,1,0.41988687793981355,0
3182,3,1,0.9754713920398347,1
3183,1,0,0.14211121838036658,0
3184,3,0,0.0008743746568642502,0
3185,1,1,0.5310898278403775,1
3186,4,0,0.101132590024008,0
3187,4,1,0.4381272486699474,0
3188,0,1,0.543300306469858,1
3189,4,0,0.48919227044675606,1
3190,4,1,0.9948934696017601,1
3191,4,1,0.946761123056392,1
3192,4,1,0.9892801810100679,1
3193,4,0,0.018598751706865847,0
3194,0,0,0.0951652134179887,0
3195,2,0,0.5556211891455782,1
3196,2,0,0.0739315263719337,0
3197,3,1,0.25315950895858597,0
3198,0,1,0.9999741142211873,1
3199,0,1,0.9970370707040727,1
3200,0,1,0.8555805743927607,1
3201,0,1,0.9965455119277841,1
3202,0,0,0.5606732616572374,1
3203,0,1,0.6061476592431864,1
3204,2,0,0.46502504162610747,0
3205,1,0,0.06532937798569076,0
3206,2,1,0.16132390388821272,0
3207,2,1,0.9141455923365711,1
3208,4,0,0.48402475782441834,1
3209,4,0,0.48402475782441834,1
3210,1,1,0.9886861437848005,1
3211,2,1,0.6654013813865516,1
3212,0,1,0.9873719076292289,1
3213,3,1,0.6343511434756163,1
3214,1,0,0.20115375681293696,0
3215,2,1,0.9804090640686258,1
3216,0,0,0.06518281880262379,0
3217,0,0,0.5668908061368486,1
3218,0,0,0.12024853988894242,0
3219,4,0,0.03452399098621116,0
3220,2,1,0.3359711421981731,0
3221,3,1,0.9639502201207929,1
3222,0,0,0.5668908061368486,1
3223,0,1,0.6890615297890014,1
3224,3,0,0.5204227675091408,1
3225,2,1,0.9366397023588592,1
3226,2,0,0.07376854154685497,0
3227,2,1,0.9879302229900344,1
3228,2,1,0.9628187498683644,1
3229,0,1,0.997502534637423,1
3230,0,0,0.01960352437732466,0
3231,0,1,0.9995602260482961,1
3232,4,1,0.569397537385904,1
3233,4,1,0.569397537385904,1
3234,4,1,0.569397537385904,1
3235,4,0,0.0945172630007532,0
3236,1,0,0.886630617226665,1
3237,1,0,0.41205396530994304,0
3238,3,0,0.3832361162486017,0
3239,1,0,0.5310898278403775,1
3240,4,1,0.9402905254632615,1
3241,2,0,0.24035440621253154,0
3242,2,1,0.9700780319805173,1
3243,2,1,0.9920959308979725,1
3244,3,1,0.6261255434440548,1
3245,1,0,0.005415383939608161,0
3246,1,0,0.754922299494461,1
3247,1,0,0.514761603458938,1
3248,4,0,0.12593543843050278,0
3249,4,1,0.9809813801793245,1
3250,2,1,0.9968928013335749,1
3251,2,1,0.17694510396742041,0
3252,2,0,0.1279048774719684,0
3253,0,0,0.28665185198272364,0
3254,1,1,0.9990154863761461,1
3255,1,1,0.8281498408694463,1
3256,1,1,0.9981988243970874,1
3257,1,1,0.9969693356194643,1
3258,3,1,0.9754713920398347,1
3259,3,0,0.1638531487181021,0
3260,3,0,0.477858733265812,1
3261,1,0,0.39524871440784304,0
3262,1,1,0.5029707466221878,1
3263,3,1,0.45231720655638996,0
3264,1,0,0.5029707466221878,1
3265,0,0,0.14322521122643733,0
3266,3,1,0.5104741108587204,1
3267,2,1,0.9875559467922215,1
3268,2,0,0.3794155238190732,0
3269,2,0,0.8649304698191175,1
3270,0,0,0.07848626248780827,0
3271,1,0,0.9820382097909612,1
3272,1,1,0.990055959318641,1
3273,2,1,0.5354155804627504,1
3274,4,1,0.49609967639274766,1
3275,4,1,0.47716863084711114,1
3276,4,1,0.47716863084711114,1
3277,4,0,0.17296577129723875,0
3278,2,1,0.5277150379137917,1
3279,3,1,0.9879192419650711,1
3280,1,1,0.9937715473310003,1
3281,1,1,0.9089876617860423,1
3282,1,1,0.990055959318641,1
3283,3,0,0.17687655754133386,0
3284,2,1,0.9251189671096868,1
3285,1,1,0.5510177661319561,1
3286,2,0,0.05669027698758535,0
3287,2,1,0.9831411470448734,1
3288,4,0,0.11313129985179607,0
3289,0,0,0.07434387110741485,0
3290,2,0,0.06203046951776196,0
3291,2,1,0.9898137024160518,1
3292,4,1,0.9824294723079365,1
3293,1,0,0.09297912690232224,0
3294,2,0,0.12082019887082766,0
3295,3,1,0.702062673670948,1
3296,1,1,0.9897355230509574,1
3297,4,1,0.9517211627606417,1
3298,4,1,0.9920569447240795,1
3299,4,1,0.9839819750021435,1
3300,1,0,0.6938610019238661,1
3301,4,0,0.5109501004456752,1
3302,0,1,0.6843390647546388,1
3303,4,0,0.4815282846173035,1
3304,4,0,0.5416005481505188,1
3305,4,0,0.4811169586231508,1
3306,4,0,0.12780865169855737,0
3307,4,1,0.9946762858280415,1
3308,3,0,0.05117409111357666,0
3309,3,1,0.13498325919185986,0
3310,3,1,0.5598540107911263,1
3311,3,0,0.005050560428763279,0
3312,0,1,0.9831640096374777,1
3313,2,0,0.06460731453816518,0
3314,2,1,0.31242968788462777,0
3315,1,1,0.990055959318641,1
3316,1,1,0.14708695634669752,0
3317,0,0,0.3275648925066714,0
3318,4,0,0.007869436729508192,0
3319,4,1,0.5884753466533768,1
3320,3,0,0.5104741108587204,1
3321,0,1,0.6392206147897971,1
3322,2,1,0.7794841240393452,1
3323,4,0,0.847264456186462,1
3324,0,0,0.05347991954520808,0
3325,1,1,0.9886861437848005,1
3326,4,1,0.18620245506376776,0
3327,3,0,0.015545821675130573,0
3328,4,0,0.20669165487980945,0
3329,2,1,0.0688142281541057,0
3330,1,0,0.2135127896179701,0
3331,0,1,0.985247715257012,1
3332,0,0,0.18095165237840488,0
3333,2,1,0.07389609370253082,0
3334,0,1,0.8886494249318305,1
3335,4,0,0.031210419800412476,0
3336,1,0,0.24179619303231803,0
3337,1,0,0.1015396922520913,0
3338,2,0,0.055961276116185496,0
3339,4,1,0.3379614719777298,0
3340,3,0,0.05273742598346135,0
3341,1,1,0.5934170906895292,1
3342,0,1,0.9969290984104795,1
3343,0,1,0.9895514343861219,1
3344,2,0,0.5231647707071418,1
3345,1,0,0.4550447622652276,0
3346,3,1,0.5521223488757965,1
3347,4,1,0.9523194893175699,1
3348,3,1,0.8143752254786178,1
3349,1,0,0.6316257496059069,1
3350,1,1,0.9820382097909612,1
3351,3,1,0.9945245569093226,1
3352,3,1,0.9863145667038509,1
3353,3,1,0.8108809837897433,1
3354,2,0,0.010145692331635614,0
3355,2,0,0.06603472503491904,0
3356,2,1,0.9136184906537369,1
3357,2,1,0.9932000398147978,1
3358,0,1,0.5621674060680165,1
3359,1,1,0.8823393099441983,1
3360,4,1,0.4710926498394279,0
3361,0,1,0.7348080071998663,1
3362,2,0,0.07557689656614774,0
3363,4,0,0.45107481545149614,0
3364,4,1,0.8246462803426723,1
3365,1,1,0.6138749091407729,1
3366,0,0,0.0015195036613781427,0
3367,1,1,0.9837603077386649,1
3368,3,1,0.992488135845714,1
3369,3,0,0.10908457268951563,0
3370,1,0,0.3186861490102312,0
3371,4,1,0.21059215187087804,0
3372,1,1,0.41750838134772456,0
3373,4,0,0.18519778631676848,0
3374,2,1,0.9767624573651593,1
3375,0,0,0.04548973947130096,0
3376,3,0,0.06098033419723308,0
3377,1,1,0.7165512477132879,1
3378,3,0,0.07045653868761678,0
3379,4,1,0.9990165057002504,1
3380,1,0,0.26142916195310256,0
3381,2,0,0.5003550822408206,1
3382,2,1,0.5918337336337829,1
3383,2,0,0.3202222096521373,0
3384,0,1,0.4582091857346672,0
3385,2,0,0.16307303706855591,0
3386,1,1,0.9897355230509574,1
3387,3,1,0.8662096931983864,1
3388,3,1,0.8004860500964411,1
3389,3,1,0.8690234294765116,1
3390,3,1,0.8662096931983864,1
3391,3,1,0.8662096931983864,1
3392,4,1,0.9989192503480185,1
3393,1,0,0.12064603512845262,0
3394,4,1,0.5881765555072862,1
3395,0,0,0.5668908061368486,1
3396,2,0,0.0858788738627983,0
3397,4,0,0.8152875857496447,1
3398,4,0,0.3340123542116961,0
3399,0,0,0.016507080217728346,0
3400,1,1,0.5234906835029894,1
3401,1,1,0.9252915678112419,1
3402,2,0,0.4561095506632767,0
3403,2,1,0.9204634044240557,1
3404,2,1,0.9971151533897482,1
3405,4,1,0.989751984950172,1
3406,0,1,0.6860715381480272,1
3407,4,1,0.9824294723079365,1
3408,4,1,0.9938889715738575,1
3409,3,0,0.22462648514196268,0
3410,1,1,0.5184782034470321,1
3411,2,0,0.4192802020104944,0
3412,4,1,0.20567372481266188,0
3413,1,0,0.855651137174182,1
3414,2,0,0.0035550851727636857,0
3415,2,1,0.9932000398147978,1
3416,4,1,0.9978434788503336,1
3417,4,0,0.08996921314065036,0
3418,3,1,0.9840122000996616,1
3419,0,0,0.4040400883511399,0
3420,3,1,0.9964676750635484,1
3421,3,1,0.9948927063211337,1
3422,3,1,0.9930559111613421,1
3423,3,1,0.037295455699870306,0
3424,0,0,0.03635364452156399,0
3425,3,0,0.08231329218958579,0
3426,3,1,0.8662201649789014,1
3427,0,1,0.9917092986587248,1
3428,0,1,0.946173793557166,1
3429,0,1,0.9917092986587248,1
3430,0,0,0.014979228307590114,0
3431,4,0,0.19449690614360665,0
3432,1,0,0.26096771515017336,0
3433,1,1,0.7509609379105795,1
3434,1,0,0.2562519244163432,0
3435,3,0,0.45708084527563436,0
3436,1,0,0.17205788269933162,0
3437,1,0,0.07156212154245126,0
3438,1,1,0.7129854269121424,1
3439,1,0,0.4143819363695137,0
3440,1,1,0.9676485670292737,1
3441,1,1,0.7274114252970347,1
3442,2,0,0.18976044092194358,0
3443,2,0,0.36980890321011334,0
3444,2,0,0.6779734767800698,1
3445,3,1,0.9934803667678165,1
3446,3,0,0.004193278995458847,0
3447,3,1,0.9980247140736438,1
3448,3,1,0.9958203083864499,1
3449,3,1,0.9976067659247465,1
3450,3,1,0.9969635812974383,1
3451,3,0,0.9717198289653006,1
3452,2,0,0.6723219768882019,1
3453,3,0,0.6412538000800361,1
3454,3,0,0.5266626832074425,1
3455,3,1,0.37567918701668185,0
3456,3,0,0.5950789375263984,1
3457,2,1,0.9090723228989098,1
3458,2,0,0.3736852588195228,0
3459,0,1,0.9949202523818779,1
3460,3,1,0.8662201649789014,1
3461,3,1,0.6181074508545428,1
3462,0,1,0.9082934535043985,1
3463,3,1,0.611626056512447,1
3464,2,1,0.9892603894089868,1
3465,2,0,0.0026427157334391917,0
3466,2,1,0.9714987419037273,1
3467,2,0,0.013220502563447386,0
3468,2,0,0.12471658666115908,0
3469,0,1,0.633040794759171,1
3470,0,1,0.912713281843308,1
3471,0,0,0.15705047856931048,0
3472,4,1,0.9643632831771174,1
3473,2,0,0.7169200190935717,1
3474,2,1,0.9332565918614065,1
3475,1,0,0.39019192631874544,0
3476,1,1,0.9559981172042272,1
3477,1,0,0.6625120145542316,1
3478,1,1,0.612304362050961,1
3479,2,0,0.6836736316867547,1
3480,4,1,0.2995933314863894,0
3481,1,0,0.0720202010931203,0
3482,3,0,0.7389641240790287,1
3483,3,1,0.9511598279689615,1
3484,3,0,0.001661493565628238,0
3485,3,1,0.9924616876646704,1
3486,4,1,0.9840641712211777,1
3487,0,1,0.9924945278763286,1
3488,0,1,0.9672815972937584,1
3489,4,0,0.0018551927883613602,0
3490,0,0,0.08072194797028594,0
3491,0,1,0.3079513226879389,0
3492,3,0,0.18384238429503813,0
3493,0,0,0.199617929479562,0
3494,2,1,0.5272762213228318,1
3495,2,0,0.6343520710512593,1
3496,0,0,0.6217963398235538,1
3497,0,1,0.9941118269107815,1
3498,3,1,0.9075509200376691,1
3499,2,0,0.22389017637242853,0
3500,2,1,0.8949935498545407,1
3501,0,1,0.9055771357405203,1
3502,4,1,0.5776316013860677,1
3503,0,1,0.2693719483943151,0
3504,4,1,0.9912512856974274,1
3505,4,0,0.005471711418247177,0
3506,4,1,0.8549795700372681,1
3507,3,0,0.09801458743727458,0
3508,2,1,0.6020306078477082,1
3509,3,0,0.0004193481636819964,0
3510,2,1,0.5950201525003632,1
3511,2,1,0.13715669079950524,0
3512,4,1,0.8307870789553669,1
3513,4,1,0.7643381502215226,1
3514,4,1,0.4102174959780025,0
3515,3,0,0.04855816521231033,0
3516,2,0,0.6020306078477082,1
3517,3,0,0.19475066035369493,0
3518,1,1,0.9938261021207235,1
3519,1,1,0.9938261021207235,1
3520,4,1,0.9585723774969201,1
3521,0,1,0.998467102719858,1
3522,2,1,0.828946794366173,1
3523,2,1,0.8827159745766805,1
3524,2,0,0.15850761394939442,0
3525,3,0,0.11915386272655017,0
3526,0,0,0.0021416233877953193,0
3527,1,0,0.612304362050961,1
3528,2,0,0.6471939572160516,1
3529,2,0,0.04402620226122023,0
3530,1,1,0.9903037251407664,1
3531,1,1,0.9955235303620609,1
3532,3,1,0.6452854658611604,1
3533,1,0,0.14644488989687643,0
3534,1,1,0.8907773545235493,1
3535,3,1,0.5950789375263984,1
3536,4,1,0.9439977296285658,1
3537,1,1,0.9981988243970874,1
3538,4,1,0.9953830281041275,1
3539,4,0,0.6764617744204956,1
3540,4,1,0.980368710147595,1
3541,0,0,0.017192484200642778,0
3542,4,0,0.2077436757822233,0
3543,0,0,0.1258134595594333,0
3544,1,0,0.1435753624746159,0
3545,4,1,0.9025795737611717,1
3546,1,0,0.34965959656655626,0
3547,3,1,0.9800634484557798,1
3548,1,0,0.007267029891781583,0
3549,2,0,0.8630282028646156,1
3550,0,1,0.9782231786495424,1
3551,3,0,0.03974578585608479,0
3552,0,0,0.07837565035525326,0
3553,4,0,0.08489713306498953,0
3554,0,0,0.4806275445229637,1
3555,4,1,0.9840641712211777,1
3556,3,0,0.07658602823388772,0
3557,0,0,0.3248808604366011,0
3558,1,1,0.14886176313007018,0
3559,2,1,0.19168533869117146,0
3560,4,0,0.07942884469891406,0
3561,2,0,0.43025230866684094,0
3562,3,0,0.16856422992469308,0
3563,1,0,0.2253170955284362,0
3564,4,0,0.8817576101000741,1
3565,2,1,0.09971794893063408,0
3566,4,1,0.497183811120666,1
3567,1,0,0.05842737721323998,0
3568,4,0,0.11183649596862667,0
3569,2,0,0.18748325755269282,0
3570,0,1,0.5381596477813226,1
3571,2,0,0.3855470118356353,0
3572,3,0,0.13781067190869917,0
3573,3,0,0.05728795922419989,0
3574,3,0,0.1298142210670238,0
3575,3,1,0.9986239620817642,1
3576,3,1,0.9998184411679939,1
3577,3,1,0.9976067659247465,1
3578,3,1,0.9969635812974383,1
3579,3,1,0.7452690650148497,1
3580,3,1,0.9979928317726792,1
3581,2,0,0.1494217632341643,0
3582,0,1,0.9797773771858582,1
3583,3,1,0.9028739631462361,1
3584,4,1,0.4895692263491068,1
3585,1,1,0.6045792904687513,1
3586,2,1,0.9659131304936207,1
3587,4,1,0.9955382122798462,1
3588,1,1,0.014286232253701483,0
3589,1,0,0.36103312595096526,0
3590,2,0,0.5010279700346987,1
3591,4,1,0.6583981419324854,1
3592,4,0,0.5642128952215945,1
3593,2,0,0.2336999276570448,0
3594,1,1,0.971724875235728,1
3595,2,0,0.12420350354984558,0
3596,2,1,0.5186260402161641,1
3597,4,0,0.07439922645436706,0
3598,3,1,0.7683008946630246,1
3599,3,0,0.7683008946630246,1
3600,3,1,0.7683008946630246,1
3601,4,1,0.5896554743011522,1
3602,3,1,0.85050984886253,1
3603,3,0,0.8554914013116767,1
3604,3,1,0.996934431470316,1
3605,1,1,0.9977924733218541,1
3606,0,1,0.9777159146028753,1
3607,0,0,0.057818432508670595,0
3608,0,0,0.5004469491745079,1
3609,0,1,0.21405264322704715,0
3610,0,0,0.11894778577938185,0
3611,1,0,0.0793466038644408,0
3612,0,1,0.9987632946761216,1
3613,0,0,0.7834899720555932,1
3614,0,1,0.9987632946761216,1
3615,0,1,0.632123238547286,1
3616,3,1,0.7683008946630246,1
3617,3,1,0.8662201649789014,1
3618,3,1,0.6585263516624734,1
3619,1,0,0.26096771515017336,0
3620,1,0,0.10552983519079331,0
3621,1,1,0.7958838805870054,1
3622,4,1,0.9015687017392824,1
3623,2,0,0.5097845967286598,1
3624,4,1,0.9025795737611717,1
3625,2,1,0.938967496985348,1
3626,1,0,0.5725210916661206,1
3627,1,0,0.5025445924907656,1
3628,1,1,0.6625120145542316,1
3629,1,0,0.6516870962852928,1
3630,1,0,0.09881154291862365,0
3631,1,1,0.6625120145542316,1
3632,1,0,0.494804158918215,1
3633,2,1,0.9055299313161533,1
3634,2,1,0.9977455801281547,1
3635,2,0,0.35984120659688346,0
3636,1,1,0.7506358552693969,1
3637,4,1,0.9181167402428609,1
3638,3,1,0.39754111380648743,0
3639,3,0,0.3123759952431656,0
3640,3,0,0.6310927111585164,1
3641,2,1,0.9055299313161533,1
3642,0,0,0.48645209275721285,1
3643,0,1,0.993204585793985,1
3644,2,0,0.05908624937530809,0
3645,4,0,0.06275105898693353,0
3646,2,1,0.7232995495740917,1
3647,2,1,0.6867428982568705,1
3648,4,0,0.11774132768490085,0
3649,1,1,0.5025445924907656,1
3650,1,1,0.6625120145542316,1
3651,2,1,0.6666767868779648,1
3652,4,0,0.12558677291524076,0
3653,1,0,0.020108406320055863,0
3654,1,1,0.624445748888366,1
3655,0,0,0.04587914115878044,0
3656,0,1,0.9799433216279823,1
3657,0,0,0.1946279423618707,0
3658,2,0,0.12622346340777774,0
3659,3,1,0.5676868530143878,1
3660,4,1,0.5925465029258207,1
3661,0,1,0.9308464834582745,1
3662,3,0,0.9078486737907142,1
3663,3,0,0.008523365078919425,0
3664,2,1,0.8643290252328488,1
3665,2,1,0.9872463150053292,1
3666,2,1,0.9971794688188644,1
3667,2,1,0.9906421766923734,1
3668,4,0,0.031916952160521345,0
3669,1,0,0.01340987488340547,0
3670,4,0,0.468194848825584,0
3671,0,0,0.9240103209618181,1
3672,3,0,0.0997851793552154,0
3673,2,0,0.5097845967286598,1
3674,0,0,0.04358090269910264,0
3675,3,0,0.11642547176256564,0
3676,0,0,0.1077498577941396,0
3677,1,1,0.990313617116167,1
3678,0,0,0.08548007205052413,0
3679,4,0,0.9087081662365845,1
3680,0,1,0.8927672487435222,1
3681,2,0,0.7364660330898927,1
3682,1,0,0.0031172474472800447,0
3683,2,0,0.1441561012362062,0
3684,1,1,0.6625120145542316,1
3685,3,0,0.30535329529544214,0
3686,0,1,0.9949202523818779,1
3687,3,1,0.5481109998302858,1
3688,1,0,0.4503358313114293,0
3689,3,1,0.3327366938100636,0
3690,4,1,0.8901982099032382,1
3691,4,0,0.2884715739366506,0
3692,2,1,0.7146545553269856,1
3693,2,1,0.36980890321011334,0
3694,0,0,0.09550465217341775,0
3695,4,0,0.615781747645171,1
3696,1,1,0.46831340453321324,0
3697,3,0,0.2760267426377002,0
3698,0,1,0.9357094466592057,1
3699,3,1,0.09771768395038014,0
3700,0,1,0.8248508134217648,1
3701,2,1,0.9991665374714491,1
3702,0,1,0.6830319117870084,1
3703,1,1,0.612304362050961,1
3704,2,0,0.06305943797662775,0
3705,1,1,0.8819650255465421,1
3706,0,0,0.09646238192897436,0
3707,0,0,0.10991576261198344,0
3708,0,0,0.09082121414813653,0
3709,4,1,0.8170116623337723,1
3710,1,0,0.08341874026200527,0
3711,0,0,0.10471489536583647,0
3712,1,0,0.09933589057014125,0
3713,1,1,0.9929152815772525,1
3714,4,0,0.4290718139738467,0
3715,3,0,0.20658628509526716,0
3716,4,0,0.061666480454963535,0
3717,4,0,0.4290718139738467,0
3718,4,0,0.4290718139738467,0
3719,4,1,0.5207429535035003,1
3720,3,1,0.3854160038330705,0
3721,2,0,0.25757712608835065,0
3722,1,1,0.45303663495279384,0
3723,4,0,0.7012742823337608,1
3724,1,1,0.8787402180772539,1
3725,3,0,0.5258406910676018,1
3726,1,1,0.834988578521473,1
3727,4,1,0.9255178754692801,1
3728,4,1,0.8446750816236673,1
3729,4,1,0.9071868823817991,1
3730,4,0,0.9225418062006518,1
3731,4,1,0.7448871699660117,1
3732,4,1,0.8871949130842356,1
3733,4,0,0.823080835560317,1
3734,4,0,0.42358742686118833,0
3735,4,1,0.11936191237894618,0
3736,2,1,0.36980890321011334,0
3737,2,1,0.6876605704708543,1
3738,2,0,0.36980890321011334,0
3739,1,0,0.7005921110571087,1
3740,2,1,0.6074658599100955,1
3741,4,1,0.9327155921323469,1
3742,2,1,0.5272762213228318,1
3743,2,0,0.44898218294939873,0
3744,1,1,0.9208351518583443,1
3745,1,1,0.834988578521473,1
3746,1,1,0.12008340535022902,0
3747,1,0,0.05333582840382508,0
3748,1,1,0.6632544411420354,1
3749,2,1,0.9893235680721753,1
3750,1,1,0.06799839601638734,0
3751,1,0,0.5739998813431286,1
3752,3,0,0.014104179312357785,0
3753,0,0,0.0048401947693197936,0
3754,0,0,0.1017611367509513,0
3755,2,0,0.47288826432354664,1
3756,0,0,0.21653594831580766,0
3757,3,1,0.9909372710522479,1
3758,3,1,0.9930559111613421,1
3759,0,0,0.46103594612154514,0
3760,3,0,0.17483816879676925,0
3761,1,0,0.6574962996404272,1
3762,1,1,0.8407656888227247,1
3763,0,0,0.005171891521621711,0
3764,1,0,0.06537177409700064,0
3765,2,0,0.053319448974600434,0
3766,1,0,0.4433957821424919,0
3767,1,1,0.9977924733218541,1
3768,0,1,0.6322737494324495,1
3769,3,1,0.7683008946630246,1
3770,1,0,0.7005921110571087,1
3771,3,0,0.7683008946630246,1
3772,3,0,0.8662201649789014,1
3773,3,0,0.7683008946630246,1
3774,2,1,0.9932000398147978,1
3775,2,1,0.9804090640686258,1
3776,1,1,0.7320377190501036,1
3777,2,1,0.3094495001951774,0
3778,3,0,0.23595010140688563,0
3779,2,1,0.6625641441973573,1
3780,1,0,0.2798825295926278,0
3781,3,1,0.9078486737907142,1
3782,2,0,0.8949935498545407,1
3783,1,0,0.5366381439436261,1
3784,3,0,0.6181074508545428,1
3785,2,1,0.910180400546491,1
3786,2,1,0.9916030427751091,1
3787,2,1,0.9916030427751091,1
3788,4,0,0.040204679518825795,0
3789,4,0,0.46623622843110324,0
3790,4,1,0.9950223931143821,1
3791,4,1,0.992449701348751,1
3792,0,0,0.0337979269371202,0
3793,1,1,0.7689659541656485,1
3794,0,1,0.9055771357405203,1
3795,2,0,0.9916030427751091,1
3796,2,0,0.0019807828666279794,0
3797,3,1,0.8662201649789014,1
3798,1,0,0.5298406287212414,1
3799,4,0,0.487370640509529,1
3800,3,0,0.22392805763218504,0
3801,4,0,0.0305185688646377,0
3802,0,1,0.9982207406542042,1
3803,0,1,0.9982207406542042,1
3804,3,1,0.85050984886253,1
3805,1,1,0.3733225141679871,0
3806,0,0,0.04309706822181566,0
3807,1,0,0.0563702196364714,0
3808,1,1,0.9929152815772525,1
3809,1,0,0.08072121220892371,0
3810,1,1,0.9635671306635606,1
3811,3,1,0.9511598279689615,1
3812,3,1,0.9839912261767534,1
3813,3,1,0.8288356774810276,1
3814,2,0,0.02005095061334173,0
3815,2,0,0.05466185969211397,0
3816,1,0,0.612304362050961,1
3817,3,0,0.09344901770826326,0
3818,2,0,0.3162141336454088,0
3819,0,0,0.06490356554799953,0
3820,0,0,0.18495398102931135,0
3821,3,1,0.999887269959984,1
3822,2,1,0.5219265122770127,1
3823,0,1,0.3266996381224304,0
3824,4,1,0.5847803847505024,1
3825,1,1,0.7494987908966548,1
3826,1,0,0.05727784518233547,0
3827,0,0,0.08262999700210522,0
3828,4,1,0.08506459405555808,0
3829,2,0,0.5343870278078707,1
3830,3,0,0.6181074508545428,1
3831,0,1,0.5720768547320803,1
3832,4,0,0.18108328585225952,0
3833,1,1,0.9723136284128068,1
3834,0,0,0.561663393913233,1
3835,0,0,0.18902855626609025,0
3836,1,1,0.8919499956245233,1
3837,4,0,0.6708225982723623,1
3838,0,1,0.9987181469441577,1
3839,0,1,0.9968634211726484,1
3840,4,1,0.26462351212204127,0
3841,4,0,0.05404731727113316,0
3842,3,1,0.8662201649789014,1
3843,2,1,0.9876537787488877,1
3844,2,1,0.9468175543366545,1
3845,2,1,0.4439077182720635,0
3846,0,0,0.9082934535043985,1
3847,4,1,0.9195673091895356,1
3848,3,0,0.8897864103261818,1
3849,4,1,0.5776316013860677,1
3850,4,1,0.6764617744204956,1
3851,4,0,0.7863756947170296,1
3852,4,1,0.9914148126180151,1
3853,4,1,0.9951037957036714,1
3854,0,0,0.555281374570096,1
3855,1,1,0.9705239389894421,1
3856,1,1,0.9952376685385174,1
3857,1,0,0.7610821221888368,1
3858,1,1,0.6239345738040932,1
3859,2,0,0.011298575396188275,0
3860,0,0,0.3386199705436771,0
3861,0,0,0.09850840960103215,0
3862,1,0,0.4320915899774044,0
3863,4,1,0.9977720699207479,1
3864,0,0,0.38139530496385615,0
3865,1,0,0.13870469935432497,0
3866,1,0,0.0736906695954108,0
3867,1,1,0.34644082838297063,0
3868,1,1,0.996451533679285,1
3869,3,1,0.2805066872029318,0
3870,1,1,0.8660590316738768,1
3871,3,1,0.7625670078103569,1
3872,1,0,0.1224788135819146,0
3873,0,1,0.9945405490881997,1
3874,0,0,0.668060886202056,1
3875,4,0,0.2824824313823297,0
3876,2,0,0.2290525042033568,0
3877,4,1,0.2675420219317471,0
3878,2,1,0.9332565918614065,1
3879,0,1,0.8774909750538599,1
3880,3,1,0.9875779888132251,1
3881,3,1,0.9689135624724224,1
3882,4,0,0.17907935204902284,0
3883,2,0,0.12799396904470267,0
3884,4,0,0.08636957126066275,0
3885,2,1,0.9784790617544165,1
3886,2,1,0.9272292742235303,1
3887,0,1,0.9740407521999341,1
3888,0,0,0.5720768547320803,1
3889,0,1,0.9797773771858582,1
3890,0,0,0.005123428511447742,0
3891,0,1,0.6863817701825748,1
3892,0,0,0.11174024159369861,0
3893,0,0,0.540814841331645,1
3894,0,1,0.9831640096374777,1
3895,2,1,0.9029530978630455,1
3896,2,0,0.08515454403018757,0
3897,2,0,0.14362423732453675,0
3898,3,0,0.016498135011865808,0
3899,3,1,0.9722496449430977,1
3900,3,1,0.9754713920398347,1
3901,3,1,0.04980134323773962,0
3902,3,0,0.016040348840088745,0
3903,2,0,0.12650265739041877,0
3904,3,1,0.9840122000996616,1
3905,3,1,0.1411647898461935,0
3906,3,1,0.9888696108992946,1
3907,3,1,0.996934431470316,1
3908,3,0,0.004622172989170166,0
3909,4,0,0.05175724996020715,0
3910,3,1,0.8829764987097205,1
3911,3,1,0.9576637263221611,1
3912,4,1,0.9148339709278475,1
3913,4,1,0.9148339709278475,1
3914,0,1,0.9775719887436509,1
3915,4,1,0.9854410071279127,1
3916,4,0,0.001161225319907923,0
3917,4,1,0.3957431949022649,0
3918,0,0,0.15454329512971685,0
3919,0,0,0.0029726614968477133,0
3920,0,0,0.006842819077958278,0
3921,1,0,0.20025385014190605,0
3922,0,0,0.12155851562821303,0
3923,4,1,0.7773788406043762,1
3924,4,1,0.950528748538159,1
3925,3,1,0.04932580945120044,0
3926,0,0,0.0650964688599101,0
3927,4,0,0.1085702222951669,0
3928,4,1,0.9917029118172441,1
3929,0,1,0.8723975859914768,1
3930,1,1,0.859529041255734,1
3931,1,1,0.44095982405375816,0
3932,3,0,0.07458343218056401,0
3933,2,1,0.7118216257393156,1
3934,3,0,0.06738625555690099,0
3935,2,1,0.5950692904464834,1
3936,2,0,0.36980890321011334,0
3937,2,1,0.6020306078477082,1
3938,0,0,0.5727364147197289,1
3939,1,0,0.6430888725396426,1
3940,2,1,0.9740968701441406,1
3941,2,1,0.9981111053368186,1
3942,4,0,0.33395554796505184,0
3943,2,1,0.9989774561005161,1
3944,2,1,0.9990894537484961,1
3945,4,1,0.9811736599977052,1
3946,4,1,0.8901982099032382,1
3947,2,0,0.3538111709657679,0
3948,4,0,0.0035844991777634234,0
3949,4,0,0.07424026645402153,0
3950,2,1,0.9680514405292908,1
3951,2,1,0.903584967228883,1
3952,0,1,0.9797773771858582,1
3953,0,1,0.7538704800741959,1
3954,1,1,0.9941267321529496,1
3955,1,0,0.250560684401242,0
3956,1,0,0.039015481886990964,0
3957,0,0,0.05978669420481395,0
3958,4,1,0.6810577590752727,1
3959,4,0,0.13572082577784977,0
3960,2,0,0.06201113722452665,0
3961,1,1,0.07015378080839525,0
3962,4,1,0.23822745872693668,0
3963,3,0,0.2957194998982252,0
3964,2,0,0.3581440464073862,0
3965,0,0,0.08205266983801118,0
3966,4,1,0.8869808674095998,1
3967,3,1,0.9965930380094348,1
3968,0,0,0.0031096621598560074,0
3969,4,1,0.42596314535477753,0
3970,0,1,0.998467102719858,1
3971,0,0,0.06261772917053793,0
3972,2,1,0.973309435663966,1
3973,4,1,0.9840641712211777,1
3974,4,0,0.009104725741732074,0
3975,4,1,0.34887914304318607,0
3976,1,1,0.8907773545235493,1
3977,2,0,0.001167842215558336,0
3978,1,1,0.9677051803384525,1
3979,1,1,0.995095603193804,1
3980,1,1,0.8669988671278742,1
3981,2,0,0.07726667279574938,0
3982,2,1,0.4760890734903994,1
3983,4,0,0.07736432509139352,0
3984,1,0,0.0057778809934662875,0
3985,1,1,0.9559981172042272,1
3986,1,0,0.016401283082946277,0
3987,4,1,0.6349402601390669,1
3988,0,0,0.03723236226864522,0
3989,1,0,0.6523781647554128,1
3990,1,1,0.612304362050961,1
3991,0,1,0.08985359317096181,0
3992,1,0,0.04756963058054687,0
3993,1,0,0.612304362050961,1
3994,1,0,0.23645162806286402,0
3995,0,0,0.6615160619574592,1
3996,4,0,0.3259855272816569,0
3997,1,0,0.21846903292008232,0
3998,1,0,0.02615395348191945,0
3999,1,0,0.675922153368594,1
4000,1,1,0.9938261021207235,1
4001,4,1,0.8901982099032382,1
4002,4,1,0.38486819593151306,0
4003,2,1,0.9804090640686258,1
4004,2,0,0.0014496927692098966,0
4005,4,0,0.28306075540984205,0
4006,3,1,0.9078486737907142,1
4007,1,1,0.6523781647554128,1
4008,0,1,0.626758398875626,1
4009,1,0,0.0018382779662532527,0
4010,4,1,0.9149247373270326,1
4011,4,1,0.6763083954112052,1
4012,1,0,0.10116194591625802,0
4013,0,1,0.9864081664265827,1
4014,2,1,0.9720198507067023,1
4015,3,0,0.12186684705793709,0
4016,1,1,0.9820382097909612,1
4017,2,0,0.9055299313161533,1
4018,0,1,0.12573246503453128,0
4019,0,1,0.6644765871984981,1
4020,2,1,0.455377494957929,0
4021,4,1,0.9717818134248172,1
4022,2,1,0.9614246787382735,1
4023,3,0,0.9075509200376691,1
4024,2,0,0.11064563479740118,0
4025,0,1,0.9082934535043985,1
4026,1,1,0.9696957827835477,1
4027,3,1,0.6561149509066168,1
4028,3,1,0.8874760700611348,1
4029,3,0,0.709584205345917,1
4030,1,0,0.4536230014030332,0
4031,1,1,0.6002953280592304,1
4032,1,1,0.6926219147115765,1
4033,3,1,0.16639245554714815,0
4034,3,0,0.3985235303533456,0
4035,0,1,0.4333552922343934,0
4036,0,0,0.5429254216893555,1
4037,0,0,0.001435962151961754,0
4038,0,1,0.5958856327453471,1
4039,3,1,0.23884147110014103,0
4040,3,0,0.043604662770457374,0
4041,3,1,0.5857121767212818,1
4042,2,1,0.9898137024160518,1
4043,3,0,0.062345458357907654,0
4044,3,0,0.08041193752273572,0
4045,2,1,0.9965718231796967,1
4046,2,1,0.9898137024160518,1
4047,2,0,0.10687592235646219,0
4048,2,1,0.9981405728211546,1
4049,2,1,0.8761795882680576,1
4050,3,0,0.4979164580903495,1
4051,2,1,0.3201354536066152,0
4052,2,1,0.9332565918614065,1
4053,0,0,0.4425328891890924,0
4054,4,1,0.9597777612222006,1
4055,2,0,0.4439077182720635,0
4056,2,1,0.9092860761406961,1
4057,2,1,0.9970730235951684,1
4058,1,1,0.06603312549655387,0
4059,2,1,0.025797933695703927,0
4060,3,1,0.8082770968197057,1
4061,3,1,0.9566602512296046,1
4062,3,1,0.42284513310840793,0
4063,3,1,0.9998501330625996,1
4064,3,0,0.04361003422840052,0
4065,0,1,0.8067105175613953,1
4066,4,1,0.9181167402428609,1
4067,0,1,0.7885663430379011,1
4068,2,0,0.09751426889230905,0
4069,3,1,0.4404751997662892,0
4070,4,0,0.0812511908512028,0
4071,3,1,0.9639502201207929,1
4072,1,0,0.12085028505965358,0
4073,1,1,0.8787402180772539,1
4074,1,0,0.03627111524233247,0
4075,0,0,0.2949184995891323,0
4076,2,1,0.9519324687875754,1
4077,2,1,0.9999396434833853,1
4078,4,0,0.6386439289520798,1
4079,2,1,0.9983159070819565,1
4080,0,0,0.039612293817479265,0
4081,3,1,0.47396842933058636,1
4082,3,0,0.7673156447540415,1
4083,3,1,0.9978421917521677,1
4084,3,0,0.15856690885415559,0
4085,0,1,0.9831640096374777,1
4086,3,1,0.18301254971341038,0
4087,0,1,0.43523787887429244,0
4088,4,1,0.5776316013860677,1
4089,0,0,0.10269167577820293,0
4090,4,1,0.46795709511272704,0
4091,0,1,0.9308464834582745,1
4092,2,1,0.9781181563590831,1
4093,3,0,0.3682347344647269,0
4094,0,0,0.12680776789268636,0
4095,0,1,0.9634433747236295,1
4096,0,0,0.07441276201089042,0
4097,0,1,0.9850814489183821,1
4098,0,1,0.9947404759395688,1
4099,0,1,0.9659469017817102,1
4100,0,1,0.9932818074393727,1
4101,0,0,0.026876203128583492,0
4102,1,0,0.3383014686147199,0
4103,4,1,0.8781885262417982,1
4104,0,1,0.09603904137678144,0
4105,1,1,0.9779689737318693,1
4106,3,1,0.9337838886029477,1
4107,3,1,0.9995348234598895,1
4108,0,0,0.18106260946613165,0
4109,3,1,0.8680238630710962,1
4110,4,1,0.993972869387895,1
4111,4,1,0.9850226618491881,1
4112,4,0,0.07877562563673128,0
4113,1,1,0.2066114986986022,0
4114,2,0,0.08755864850195338,0
4115,1,0,0.5025445924907656,1
4116,3,0,0.059607263510031504,0
4117,4,0,0.08399954716212397,0
4118,4,0,0.33114127290385154,0
4119,3,1,0.6286944362282565,1
4120,4,0,0.34803724053065493,0
4121,2,0,0.0658216564003042,0
4122,0,1,0.9976248289523606,1
4123,0,1,0.9982207406542042,1
4124,3,1,0.8363763664764986,1
4125,3,1,0.9078486737907142,1
4126,0,0,0.6322737494324495,1
4127,4,0,0.3846090476310068,0
4128,0,0,0.42885830592837254,0
4129,3,0,0.19658805479106753,0
4130,2,1,0.9977455801281547,1
4131,1,1,0.8673781905930419,1
4132,0,1,0.9891126312010687,1
4133,1,1,0.9281897476397584,1
4134,2,0,0.11174280376826874,0
4135,0,1,0.31367394413476246,0
4136,4,0,0.3923590006437856,0
4137,1,0,0.30959041616291405,0
4138,1,1,0.9889296721042714,1
4139,4,1,0.9946762858280415,1
4140,4,1,0.9209297901069172,1
4141,1,0,0.0016494155704417268,0
4142,3,1,0.9909372710522479,1
4143,3,0,0.008166029216187774,0
4144,3,0,0.01213489170145882,0
4145,2,1,0.9982941793871527,1
4146,3,0,0.03682014716547443,0
4147,0,1,0.8915352407744825,1
4148,1,0,0.8580315676454834,1
4149,0,0,0.5233546848966036,1
4150,1,0,0.6926219147115765,1
4151,3,1,0.586048390176345,1
4152,4,1,0.8901982099032382,1
4153,2,0,0.1734878165714413,0
4154,0,1,0.30582873091894314,0
4155,1,1,0.9725623607638844,1
4156,1,1,0.9286869792838583,1
4157,1,1,0.9913760528742651,1
4158,4,0,0.45676938753789303,0
4159,4,0,0.0629330918589726,0
4160,1,0,0.03663742415614837,0
4161,1,0,0.0034513741979630076,0
4162,1,1,0.9980888962388167,1
4163,1,1,0.9942011623232787,1
4164,1,1,0.40035095431325585,0
4165,4,1,0.5906495805469226,1
4166,0,1,0.9444382110843074,1
4167,0,1,0.7136776599099577,1
4168,2,1,0.9932000398147978,1
4169,2,1,0.9992570484580069,1
4170,2,1,0.9932000398147978,1
4171,2,0,0.050102823169514345,0
4172,1,1,0.783052346889292,1
4173,2,1,0.9055299313161533,1
4174,3,0,0.709361538519805,1
4175,4,1,0.15148950207843498,0
4176,0,1,0.1719935620290348,0
4177,0,1,0.633040794759171,1
4178,0,1,0.9941118269107815,1
4179,0,0,0.2067558755667755,0
4180,3,1,0.9511598279689615,1
4181,3,1,0.9511598279689615,1
4182,3,0,0.6804286185788478,1
4183,3,0,0.9860386073745048,1
4184,3,0,0.043881897846698825,0
4185,3,0,0.006337046912083973,0
4186,0,0,0.161690860656815,0
4187,0,1,0.5833883233101455,1
4188,3,1,0.9511598279689615,1
4189,3,0,0.003054676361269205,0
4190,2,0,0.11055173456438229,0
4191,1,0,0.8607993352053633,1
4192,0,0,0.6914143958037234,1
4193,2,0,0.11449406115509661,0
4194,4,0,0.06026250146816468,0
4195,0,1,0.8248508134217648,1
4196,0,1,0.9055771357405203,1
4197,0,1,0.8248508134217648,1
4198,0,0,0.054163653508653244,0
4199,0,1,0.9825727457815329,1
4200,2,0,0.16546221318454368,0
4201,4,0,0.7888167515397263,1
4202,4,0,0.01371744147595719,0
4203,4,0,0.8871949130842356,1
4204,4,1,0.823080835560317,1
4205,4,1,0.823080835560317,1
4206,4,0,0.8779629696198177,1
4207,4,1,0.8446750816236673,1
4208,3,0,0.14939344280163627,0
4209,3,0,0.039439473555299406,0
4210,2,1,0.9696192951360826,1
4211,2,0,0.08842417557716235,0
4212,2,1,0.8687196470472714,1
4213,2,0,0.05132350378657188,0
4214,1,0,0.6494956906221367,1
4215,0,0,0.017652793577392755,0
4216,1,1,0.6254067087261732,1
4217,4,1,0.5710472982191654,1
4218,3,1,0.9930559111613421,1
4219,2,1,0.9714406619329129,1
4220,2,0,0.6013601436117001,1
4221,2,0,0.8244327197298379,1
4222,2,0,0.9143056926403045,1
4223,2,1,0.8945160883653239,1
4224,2,0,0.7466863131662512,1
4225,2,1,0.9055299313161533,1
4226,2,1,0.8839683355868746,1
4227,2,0,0.24677117923883718,0
4228,2,0,0.7357545460753787,1
4229,0,0,0.3124447776094096,0
4230,0,1,0.9055771357405203,1
4231,1,0,0.32650343907427626,0
4232,2,1,0.7195583974759884,1
4233,2,0,0.8196058305962713,1
4234,2,0,0.19870149121665445,0
4235,2,0,0.3100692359834798,0
4236,3,0,0.08677995875140256,0
4237,2,0,0.1079711919769788,0
4238,2,1,0.2805973536833278,0
4239,1,1,0.5856012017093958,1
4240,1,1,0.9680879478537568,1
4241,3,1,0.9337838886029477,1
4242,1,1,0.9929152815772525,1
4243,1,1,0.9977924733218541,1
4244,3,0,0.0708687363895068,0
4245,1,1,0.8907773545235493,1
4246,2,0,0.36980890321011334,0
4247,2,1,0.9949782119116717,1
4248,4,0,0.2726691411072699,0
4249,2,0,0.09651371905715671,0
4250,3,0,0.03402347257683407,0
4251,3,0,0.08341583588287718,0
4252,0,1,0.5024835203842762,1
4253,3,1,0.9051901639031527,1
4254,3,0,0.36490330942743754,0
4255,0,0,0.049093136223172386,0
4256,2,1,0.9830797560925247,1
4257,3,1,0.9075509200376691,1
4258,3,1,0.9380695301025057,1
4259,0,1,0.8070101148324309,1
4260,3,0,0.21918919752799362,0
4261,3,0,0.33221646780484276,0
4262,4,0,0.17960947376733702,0
4263,2,0,0.08540984382906133,0
4264,2,1,0.8543613492431775,1
4265,2,1,0.8947969471335343,1
4266,0,1,0.9811136759107814,1
4267,0,1,0.9904065955792165,1
4268,0,0,0.012795589858032995,0
4269,4,1,0.4895692263491068,1
4270,2,1,0.461225660009706,0
4271,4,1,0.29377662995354004,0
4272,0,0,0.05031837280557926,0
4273,3,1,0.8355322122814391,1
4274,4,1,0.3803654465766705,0
4275,2,0,0.002374831883685351,0
4276,3,0,0.2789102007352463,0
4277,0,0,0.3910189543826393,0
4278,4,0,0.03839327809911534,0
4279,1,1,0.3645636025731494,0
4280,3,1,0.897387920099998,1
4281,4,0,0.014732444677140171,0
4282,2,1,0.9932656161423846,1
4283,3,1,0.9986239620817642,1
4284,3,0,0.1916559885218529,0
4285,0,0,0.23203542536786437,0
4286,4,0,0.11085099982610463,0
4287,3,0,0.001882448286256611,0
4288,4,1,0.9845039673845618,1
4289,4,0,0.007630058851726443,0
4290,1,1,0.9972841832568513,1
4291,2,1,0.8687196470472714,1
4292,0,0,0.40947658790955943,0
4293,4,1,0.35474562888830896,0
4294,2,0,0.1604053135515077,0
4295,3,0,0.20402878488169554,0
4296,3,0,0.14541761613224444,0
4297,4,1,0.9540118556691529,1
4298,1,1,0.9897355230509574,1
4299,0,1,0.9354901773943427,1
4300,0,1,0.9863277711811932,1
4301,0,0,0.004597841984201258,0
4302,1,0,0.10073961464713421,0
4303,1,0,0.002325835001671878,0
4304,1,1,0.9696957827835477,1
4305,1,1,0.9955235303620609,1
4306,1,1,0.9914063801356,1
4307,1,1,0.9914063801356,1
4308,1,1,0.9973373371754486,1
4309,3,1,0.8551712887062813,1
4310,3,0,0.029463994904242313,0
4311,3,0,0.003290035555305077,0
4312,3,1,0.9603486359201093,1
4313,3,0,0.0010854028117381355,0
4314,1,1,0.9794877952236587,1
4315,1,1,0.8787402180772539,1
4316,3,1,0.6181074508545428,1
4317,1,0,0.06595238150163191,0
4318,0,1,0.9980396719475737,1
4319,0,0,0.015990631435364156,0
4320,0,0,0.6444735698022392,1
4321,2,0,0.04834560000892274,0
4322,4,0,0.1281072962777823,0
4323,4,0,0.015002974892950861,0
4324,1,0,0.17727012313241042,0
4325,4,1,0.2233119978426499,0
4326,1,0,0.00858040465425803,0
4327,1,0,0.07290249524530323,0
4328,0,1,0.9055771357405203,1
4329,4,1,0.9288182450082868,1
4330,2,1,0.9662847751733964,1
4331,0,1,0.9765118492931404,1
4332,2,0,0.2835328809570835,0
4333,1,0,0.8764296352919472,1
4334,0,1,0.7321347701375609,1
4335,0,1,0.6989910546995474,1
4336,2,1,0.37358292227959716,0
4337,1,0,0.11508582290424015,0
4338,0,1,0.9973121056528816,1
4339,0,1,0.9987446406845804,1
4340,4,1,0.98112414202712,1
4341,0,1,0.9987446406845804,1
4342,0,1,0.9970370707040727,1
4343,0,0,0.12905178874425832,0
4344,0,1,0.9987446406845804,1
4345,4,1,0.9953439012339955,1
4346,1,1,0.24724057261801308,0
4347,1,1,0.9919757513874273,1
4348,4,1,0.9976131573809011,1
4349,4,1,0.9975300644890849,1
4350,4,0,0.01849732807680798,0
4351,4,0,0.04859431137055054,0
4352,4,0,0.018632351467159223,0
4353,1,0,0.31546745334207416,0
4354,4,0,0.1755277238227448,0
4355,2,1,0.6823797505828313,1
4356,2,0,0.1507705503068533,0
4357,0,1,0.13761625655695853,0
4358,2,1,0.32368373272443546,0
4359,4,0,0.13531477486538668,0
4360,2,0,0.12421463602078353,0
4361,0,1,0.45482297349657597,0
4362,0,1,0.8917099311954557,1
4363,4,1,0.9999049251513071,1
4364,4,1,0.9948934696017601,1
4365,4,1,0.2857186574536512,0
4366,4,1,0.10174183803683537,0
4367,3,0,0.07340372902414947,0
4368,3,0,0.07626034272279857,0
4369,0,1,0.9872277064193364,1
4370,1,1,0.5412288032392278,1
4371,2,0,0.21160366972560762,0
4372,2,1,0.938967496985348,1
4373,0,1,0.9874364978458107,1
4374,0,1,0.9334047825575742,1
4375,4,0,0.37101650577192613,0
4376,3,0,0.7683008946630246,1
4377,3,0,0.06391403539120902,0
4378,2,0,0.019239577790359667,0
4379,2,0,0.004928810317197056,0
4380,3,0,0.3070527291092901,0
4381,3,1,0.8276221580457934,1
4382,4,0,0.6556916183997674,1
4383,4,1,0.45641913302178017,0
4384,4,0,0.45641913302178017,0
4385,3,0,0.00106962331646609,0
4386,4,0,0.45641913302178017,0
4387,4,0,0.4290718139738467,0
4388,1,0,0.0010383218140367176,0
4389,1,1,0.9887741240892319,1
4390,2,1,0.9849938326348916,1
4391,4,1,0.8446750816236673,1
4392,4,1,0.8446750816236673,1
4393,4,1,0.9025795737611717,1
4394,4,1,0.8871949130842356,1
4395,4,1,0.8779629696198177,1
4396,4,1,0.9225418062006518,1
4397,4,0,0.37225014755302255,0
4398,2,0,0.5950692904464834,1
4399,1,1,0.6239345738040932,1
4400,4,1,0.9989731695124311,1
4401,4,1,0.9989192503480185,1
4402,3,0,0.7284961890356814,1
4403,3,0,0.2973249926009678,0
4404,0,1,0.4994242093492108,1
4405,0,0,0.4971429718403829,1
4406,4,0,0.1103247266490433,0
4407,0,1,0.47296276139380117,1
4408,1,0,0.19868931701213213,0
4409,2,1,0.9970209435725149,1
4410,2,1,0.8901742935891203,1
4411,1,0,0.04801616711578741,0
4412,4,1,0.29838738534309556,0
4413,2,1,0.9029509527191272,1
4414,3,1,0.9074342222494827,1
4415,1,1,0.9286869792838583,1
4416,0,0,0.009280168642588802,0
4417,1,0,0.06979373882736102,0
4418,2,0,0.0044669111422482735,0
4419,2,1,0.9984085664571152,1
4420,0,1,0.7667657213893438,1
4421,1,1,0.9955235303620609,1
4422,1,0,0.01010982140478226,0
4423,1,1,0.9929998386396257,1
4424,3,1,0.9909372710522479,1
4425,3,0,0.503000405696906,1
4426,1,0,0.002760896158128385,0
4427,4,0,0.4895692263491068,1
4428,4,1,0.5925477275721422,1
4429,3,0,0.037676895005525554,0
4430,3,0,0.016756617210735583,0
4431,4,1,0.952705840799829,1
4432,2,0,0.7038289304174743,1
4433,1,0,0.140047942980019,0
4434,4,1,0.47987410085385046,1
4435,1,0,0.37348459113593385,0
4436,1,0,0.612304362050961,1
4437,2,0,0.6020306078477082,1
4438,1,1,0.335291765784506,0
4439,4,1,0.6581359515344333,1
4440,1,1,0.8787402180772539,1
4441,4,1,0.4797689143626199,1
4442,4,0,0.38434615334238637,0
4443,3,0,0.12621964623212084,0
4444,3,1,0.8439804363031532,1
4445,3,1,0.9434069590864689,1
4446,3,1,0.21996784753605483,0
4447,3,1,0.9945542360344721,1
4448,3,1,0.4288661057652526,0
4449,2,0,0.2473371521623681,0
4450,2,1,0.9921858779281054,1
4451,3,0,0.0012686741432281344,0
4452,3,1,0.9892172400380703,1
4453,3,1,0.972748526307784,1
4454,3,1,0.7344932283099456,1
4455,1,1,0.9039209357182902,1
4456,0,0,0.3761504965487191,0
4457,0,0,0.26828543226242285,0
4458,1,1,0.7470535343061802,1
4459,2,1,0.9696192951360826,1
4460,2,1,0.9943716673751084,1
4461,2,1,0.9923368693491171,1
4462,3,1,0.9433594842458027,1
4463,0,1,0.9779377814462912,1
4464,0,1,0.9917092986587248,1
4465,1,0,0.5972251502692592,1
4466,3,0,0.33793048179216295,0
4467,0,0,0.045325286198343334,0
4468,0,0,0.0800256454726102,0
4469,4,0,0.3778504343795595,0
4470,2,0,0.2374397704111852,0
4471,1,0,0.1576099579156546,0
4472,3,1,0.9809165129509413,1
4473,3,1,0.9979148917811143,1
4474,3,1,0.9983830209975841,1
4475,2,0,0.04852436608276963,0
4476,4,0,0.17082728132590985,0
4477,2,0,0.15381982860391488,0
4478,4,1,0.9809408155932848,1
4479,0,1,0.4285604061348078,0
4480,2,1,0.8527195012944259,1
4481,1,1,0.8787402180772539,1
4482,1,1,0.7948980849209355,1
4483,1,1,0.9426065503128273,1
4484,4,0,0.13299755894301313,0
4485,0,1,0.23911708960922395,0
4486,1,1,0.9918372047448568,1
4487,1,1,0.9918372047448568,1
4488,1,0,0.11416792831690245,0
4489,1,1,0.9918372047448568,1
4490,3,1,0.6668832847670577,1
4491,3,1,0.9075509200376691,1
4492,0,0,0.3734772747389958,0
4493,1,0,0.02184845664355959,0
4494,1,1,0.45085287532135,0
4495,2,1,0.9925173075035639,1
4496,1,0,0.036096569824553226,0
4497,1,0,0.11091792947171389,0
4498,1,1,0.9981988243970874,1
4499,1,0,0.02435504376979659,0
4500,2,1,0.025252334838057472,0
4501,1,1,0.9945973804967821,1
4502,4,1,0.9845039673845618,1
4503,4,1,0.9751220578161289,1
4504,4,0,0.2553149505733377,0
4505,3,0,0.16974472677282954,0
4506,0,0,0.7240506100216684,1
4507,4,1,0.5099456548370384,1
4508,0,1,0.8723975859914768,1
4509,2,0,0.004595746988009317,0
4510,2,1,0.9977165732911224,1
4511,0,0,0.02941550304087323,0
4512,4,1,0.6881752746803936,1
4513,3,1,0.8638832263884075,1
4514,2,1,0.5559066076780116,1
4515,2,1,0.9143056926403045,1
4516,1,1,0.9826063757905322,1
4517,1,1,0.9918372047448568,1
4518,1,1,0.989131438947723,1
4519,1,0,0.6523781647554128,1
4520,1,0,0.09051806077044583,0
4521,4,1,0.49896741127656896,1
4522,2,1,0.7357545460753787,1
4523,2,1,0.8010734207440455,1
4524,4,0,0.057061576359432736,0
4525,0,0,0.07177959187858453,0
4526,4,0,0.5090723430947809,1
4527,3,1,0.9998055202925228,1
4528,2,1,0.914409487363786,1
4529,0,1,0.2203539137203661,0
4530,3,0,0.44491775289112034,0
4531,0,1,0.14799604290022408,0
4532,0,1,0.983027388564232,1
4533,0,1,0.9977954358028205,1
4534,0,1,0.9840852654217881,1
4535,0,1,0.7523485641246954,1
4536,0,1,0.990143775799854,1
4537,3,0,0.04865480887725076,0
4538,4,1,0.8992115538841494,1
4539,0,1,0.043344799217031944,0
4540,1,0,0.26812376354801426,0
4541,1,0,0.09774663690019694,0
4542,2,1,0.9771667637772214,1
4543,1,0,0.061084578907250296,0
4544,1,1,0.9573810262074806,1
4545,2,1,0.9904655705305916,1
4546,0,1,0.9208281712988147,1
4547,3,0,0.3660617375133176,0
4548,4,1,0.9236220838135015,1
4549,0,1,0.998696332064159,1
4550,0,0,0.6545482277278895,1
4551,0,0,0.008763275307399563,0
4552,4,0,0.04445728896624234,0
4553,3,1,0.97256439065892,1
4554,1,0,0.07626746040669242,0
4555,3,1,0.8554914013116767,1
4556,4,1,0.8292649853436668,1
4557,3,1,0.0868237710227859,0
4558,1,1,0.42173390608737554,0
4559,1,1,0.40246960851606356,0
4560,4,1,0.40658997179819234,0
4561,4,0,0.06021904217600288,0
4562,3,1,0.21218596132802717,0
4563,0,0,0.0522562524739216,0
4564,3,0,0.5055602835164197,1
4565,4,0,0.042804009605872384,0
4566,1,0,0.04537036336951246,0
4567,2,1,0.9140223525790931,1
4568,1,1,0.7769791430953018,1
4569,3,0,0.20917379148801873,0
4570,1,0,0.7661539170544818,1
4571,1,1,0.10677540008186977,0
4572,1,1,0.2962788250605999,0
4573,1,1,0.9964354733614957,1
4574,4,1,0.3366095574599854,0
4575,1,0,0.13529428090616136,0
4576,0,0,0.18259369857876964,0
4577,0,0,0.046843897341306555,0
4578,1,0,0.03442971546934082,0
4579,2,1,0.5196126130369612,1
4580,3,0,0.5451161271145538,1
4581,3,1,0.6181074508545428,1
4582,2,0,0.5196126130369612,1
4583,4,1,0.612925942107126,1
4584,4,0,0.6819893015402417,1
4585,2,1,0.13522902975626971,0
4586,0,1,0.9979938291286122,1
4587,0,0,0.3016446011168217,0
4588,4,1,0.8610767528622697,1
4589,1,1,0.9518495713332937,1
4590,1,1,0.9929152815772525,1
4591,1,1,0.9970864195526307,1
4592,3,0,0.03042612360623691,0
4593,3,1,0.9516169184717549,1
4594,3,1,0.7625670078103569,1
4595,1,0,0.5488672986134848,1
4596,1,0,0.012356567203992959,0
4597,2,1,0.31013417420492273,0
4598,4,1,0.9087081662365845,1
4599,4,1,0.9256890256397945,1
4600,3,0,0.015107596599420618,0
4601,1,0,0.4360796485218939,0
4602,0,0,0.10543455067704381,0
4603,0,0,0.5834459818303217,1
4604,3,0,0.02282883435281128,0
4605,2,0,0.10134698470796419,0
4606,4,0,0.08747970876380029,0
4607,1,0,0.0027068810180725825,0
4608,1,0,0.08556950250084003,0
4609,0,0,0.008806631485074861,0
4610,0,1,0.9840852654217881,1
4611,2,1,0.08557629049474448,0
4612,4,0,0.6349402601390669,1
4613,0,1,0.9840852654217881,1
4614,2,1,0.9465860917953389,1
4615,1,1,0.6566299629100427,1
4616,1,1,0.9114124522782201,1
4617,1,1,0.9980944428565519,1
4618,1,1,0.9945973804967821,1
4619,1,1,0.8499741369557019,1
4620,2,0,0.15362792032097647,0
4621,2,1,0.9985280060538981,1
4622,1,1,0.9966379806850905,1
4623,1,1,0.9945973804967821,1
4624,1,1,0.9645319122104751,1
4625,1,1,0.9966379806850905,1
4626,4,1,0.9934031156633032,1
4627,4,1,0.9751220578161289,1
4628,4,1,0.991785238996196,1
4629,2,1,0.3883303370855215,0
4630,4,1,0.9974737607773817,1
4631,3,1,0.9969751587901912,1
4632,3,0,0.0927040857034959,0
4633,3,0,0.1627117489955967,0
4634,3,1,0.9985895947491124,1
4635,4,0,0.03390902010345478,0
4636,1,0,0.17970318019446804,0
4637,4,1,0.931803100641484,1
4638,3,1,0.8668705106546829,1
4639,2,1,0.8947969471335343,1
4640,1,0,0.30691425520436116,0
4641,1,1,0.834988578521473,1
4642,1,1,0.8630472800188945,1
4643,4,1,0.9842385742513111,1
4644,2,1,0.9834437488305147,1
4645,2,0,0.03477697223489818,0
4646,2,0,0.09973559041432106,0
4647,0,1,0.6322737494324495,1
4648,0,0,0.5720768547320803,1
4649,3,0,0.7023483521596361,1
4650,1,1,0.8654907776069677,1
4651,3,1,0.9962175846882099,1
4652,2,1,0.9119565028249478,1
4653,0,1,0.8723975859914768,1
4654,0,0,0.22497575737337655,0
4655,0,1,0.4969486031930962,1
4656,0,1,0.8586337437210988,1
4657,0,0,0.028636426726824815,0
4658,4,0,0.14315616574180096,0
4659,0,0,0.4214130529843914,0
4660,3,1,0.9691181819085695,1
4661,0,0,0.11293119429609037,0
4662,3,1,0.6561149509066168,1
4663,2,0,0.0007710666835024625,0
4664,4,1,0.9891687398510174,1
4665,3,1,0.8897864103261818,1
4666,3,1,0.7514358114619358,1
4667,3,1,0.895172349894599,1
4668,2,1,0.939256616937826,1
4669,2,0,0.017141868117332197,0
4670,0,0,0.5886814404307229,1
4671,3,0,0.586048390176345,1
4672,1,0,0.06237691518439377,0
4673,1,0,0.4320915899774044,0
4674,1,0,0.4320915899774044,0
4675,3,1,0.9171089373928016,1
4676,3,1,0.7465243258020209,1
4677,3,0,0.44590976211273886,0
4678,0,1,0.04543640255582048,0
4679,3,1,0.2261055007917124,0
4680,0,0,0.06278260042800113,0
4681,0,0,0.9672815972937584,1
4682,0,0,0.2148924406096778,0
4683,4,0,0.12230169220397219,0
4684,3,1,0.5173242508330138,1
4685,1,1,0.9945528696461672,1
4686,3,1,0.9778009420399872,1
4687,2,1,0.8616647995572055,1
4688,0,0,0.13218345803570264,0
4689,0,1,0.561663393913233,1
4690,1,0,0.6523781647554128,1
4691,1,1,0.9559981172042272,1
4692,2,0,0.12024990007252934,0
4693,3,1,0.9809091200593246,1
4694,3,1,0.9875779888132251,1
4695,3,0,0.01620005242485794,0
4696,0,0,0.1556926697718526,0
4697,3,1,0.9957095220472802,1
4698,0,1,0.9893427380119888,1
4699,3,0,0.04537243040395287,0
4700,1,1,0.7274114252970347,1
4701,0,1,0.9898341564654494,1
4702,2,0,0.13600465828768782,0
4703,1,1,0.9918372047448568,1
4704,1,0,0.014242832075017784,0
4705,0,0,0.23246246695367503,0
4706,2,1,0.9876335564036703,1
4707,0,1,0.5381596477813226,1
4708,0,0,0.14570248381393927,0
4709,4,1,0.5053676545266217,1
4710,4,1,0.8258236527271715,1
4711,3,0,0.04303532274131246,0
4712,0,0,0.1259957254516313,0
4713,0,0,0.6326971774676927,1
4714,3,0,0.005613516131369925,0
4715,4,1,0.9819674840000477,1
4716,2,0,0.017174112019288697,0
4717,4,1,0.9025795737611717,1
4718,1,0,0.69988115037629,1
4719,1,0,0.0994169172529743,0
4720,1,0,0.005987679362425742,0
4721,1,1,0.9964354733614957,1
4722,1,1,0.21572067496085343,0
4723,1,0,0.2134056334757533,0
4724,4,0,0.07819945620978874,0
4725,4,0,0.008915613298561118,0
4726,0,1,0.16287263534131863,0
4727,0,0,0.673481922006052,1
4728,0,1,0.9240103209618181,1
4729,2,1,0.32428063717875116,0
4730,1,0,0.16807552150458552,0
4731,0,0,0.05992314971072172,0
4732,2,1,0.9903985089805855,1
4733,2,1,0.9452236845386143,1
4734,0,1,0.668060886202056,1
4735,0,1,0.9964194802658854,1
4736,0,0,0.17526748137739886,0
4737,0,1,0.997694130873834,1
4738,3,0,0.15658752994745878,0
4739,1,1,0.9933197694359203,1
4740,1,1,0.9846370882107556,1
4741,1,0,0.2978888714156192,0
4742,1,0,0.0014059915745782904,0
4743,0,1,0.9979938291286122,1
4744,0,1,0.9996850702730704,1
4745,0,0,0.08878929197761852,0
4746,1,1,0.9084143840598491,1
4747,3,0,0.002587768075187865,0
4748,3,1,0.9778318416599087,1
4749,3,0,0.019785116979400687,0
4750,1,1,0.7218960806976928,1
4751,3,1,0.5972764963256424,1
4752,0,0,0.21445492378008613,0
4753,1,1,0.5947682178470541,1
4754,1,0,0.4320915899774044,0
4755,1,0,0.7689659541656485,1
4756,2,1,0.9848506610679703,1
4757,0,0,0.0045460308696809735,0
4758,1,0,0.00424733636734596,0
4759,1,0,0.2912033744844848,0
4760,0,0,0.5720768547320803,1
4761,4,0,0.9693136529967236,1
4762,4,0,0.004792123576676822,0
4763,2,1,0.8331765558330078,1
4764,0,0,0.016878157178866444,0
4765,1,1,0.020975206674470448,0
4766,0,0,0.004761004403287405,0
4767,0,1,0.9910296640817879,1
4768,0,0,0.4333552922343934,0
4769,0,0,0.4926136931655378,1
4770,0,1,0.5373103463453578,1
4771,0,0,0.4926136931655378,1
4772,1,0,0.2036997764384795,0
4773,0,1,0.37217201840575787,0
4774,4,0,0.029473898790736575,0
4775,2,0,0.002498865617698441,0
4776,0,1,0.9897977519091864,1
4777,1,1,0.6625120145542316,1
4778,1,1,0.6808746215149097,1
4779,0,1,0.6526120182188491,1
4780,3,1,0.9547360623099121,1
4781,1,1,0.6100155836861122,1
4782,0,1,0.6016640352169197,1
4783,1,1,0.8787402180772539,1
4784,0,1,0.633040794759171,1
4785,1,1,0.33079690417387414,0
4786,2,0,0.006368060034248609,0
4787,2,0,0.0010838270410899202,0
4788,2,0,0.02812226251370296,0
4789,0,1,0.999037594814402,1
4790,0,1,0.9991244457325926,1
4791,0,1,0.9979647734837935,1
4792,3,1,0.9946833786545223,1
4793,3,1,0.9979928317726792,1
4794,1,1,0.9945973804967821,1
4795,1,1,0.9964354733614957,1
4796,0,0,0.19767807321685507,0
4797,2,1,0.8346883985176142,1
4798,3,0,0.14262006322747398,0
4799,3,0,0.14240599969464907,0
4800,3,1,0.9983830209975841,1
4801,4,1,0.7454916685827906,1
4802,4,0,0.017748162164662348,0
4803,3,0,0.6710611269117542,1
4804,3,1,0.9116539422841614,1
4805,3,1,0.49706139705198266,1
4806,2,1,0.9055299313161533,1
4807,1,0,0.009549744026536217,0
4808,4,1,0.7855187836701122,1
4809,4,0,0.5776316013860677,1
4810,4,1,0.5776316013860677,1
4811,0,0,0.26980857073957054,0
4812,0,0,0.4275705159437753,0
4813,4,1,0.7732817875185591,1
4814,0,0,0.04151159734227049,0
4815,0,0,0.09773935453648085,0
4816,2,0,0.2402621023051719,0
4817,1,1,0.7684962743499184,1
4818,4,1,0.8838823190861591,1
4819,4,1,0.9051361053041697,1
4820,3,1,0.9906641707046342,1
4821,3,0,0.033172328528584205,0
4822,3,1,0.9839742997647377,1
4823,3,1,0.9906641707046342,1
4824,3,1,0.5950789375263984,1
4825,2,1,0.8947969471335343,1
4826,2,1,0.7959500827192789,1
4827,2,0,0.10423509498428761,0
4828,3,1,0.5950789375263984,1
4829,4,1,0.9859700383981613,1
4830,1,0,0.1018928564416074,0
4831,0,0,0.05753642973650958,0
4832,2,1,0.9983159070819565,1
4833,2,1,0.8760084624271368,1
4834,0,1,0.38690243683265035,0
4835,2,0,0.49764153080474693,1
4836,4,0,0.07085157065526085,0
4837,3,1,0.9687413373065829,1
4838,2,1,0.9931567846055283,1
4839,2,0,0.2452285542939816,0
4840,3,1,0.7086531437932194,1
4841,3,1,0.6384996567186859,1
4842,0,1,0.5940830236317061,1
4843,3,1,0.08488818033115204,0
4844,3,0,0.16064190106951015,0
4845,0,0,0.6307900145059945,1
4846,1,0,0.3104315499801984,0
4847,3,1,0.9881069201739804,1
4848,3,1,0.9896796859304411,1
4849,3,0,0.0004954687674038844,0
4850,4,0,0.06500249702669578,0
4851,0,0,0.17471071329338053,0
4852,4,1,0.9501897906305243,1
4853,0,1,0.9946779801448092,1
4854,4,1,0.5776316013860677,1
4855,1,1,0.855651137174182,1
4856,0,1,0.4926136931655378,1
4857,0,1,0.05121187686784577,0
4858,3,1,0.37567918701668185,0
4859,1,0,0.04869061754636895,0
4860,4,0,0.41234890290702003,0
4861,0,0,0.04591458217854078,0
4862,1,0,0.06613570700992627,0
4863,1,1,0.5025445924907656,1
4864,1,0,0.6523781647554128,1
4865,3,0,0.14509193184710997,0
4866,2,1,0.9901830608138171,1
4867,2,1,0.378029223128374,0
4868,4,1,0.9668881915896375,1
4869,4,1,0.9869614575573947,1
4870,1,1,0.6254067087261732,1
4871,1,0,0.5025445924907656,1
4872,3,1,0.40453945774688893,0
4873,4,0,0.16615398418199845,0
4874,2,0,0.999390204572502,1
4875,2,0,0.16919331831386225,0
4876,2,1,0.6020306078477082,1
4877,2,0,0.21144307488720762,0
4878,4,0,0.3279307726844606,0
4879,3,1,0.7683008946630246,1
4880,3,1,0.7683008946630246,1
4881,3,1,0.7170780208596021,1
4882,4,0,0.21787044728160432,0
4883,3,0,0.13625972175326492,0
4884,1,1,0.7567282090594475,1
4885,4,0,0.2159850093401925,0
4886,2,1,0.9932000398147978,1
4887,2,0,0.0012400015858652059,0
4888,1,1,0.688671397459463,1
4889,1,1,0.7725791379215544,1
4890,4,0,0.10252649872351616,0
4891,4,1,0.6626605221378354,1
4892,2,0,0.5950201525003632,1
4893,0,0,0.561663393913233,1
4894,4,1,0.9869614575573947,1
4895,4,1,0.9840807628242596,1
4896,1,0,0.09782126367840567,0
4897,4,0,0.19766508870483912,0
4898,3,0,0.25595851501098726,0
4899,3,1,0.5291454913742387,1
4900,3,1,0.994506480474963,1
4901,3,1,0.9985895947491124,1
4902,2,0,0.15718925652582386,0
4903,0,1,0.5193633369920495,1
4904,0,1,0.9240103209618181,1
4905,1,1,0.8907773545235493,1
4906,2,0,0.05562866360382464,0
4907,4,1,0.7813219969517039,1
4908,0,1,0.5986375720760256,1
4909,4,0,0.2947886746181761,0
4910,3,1,0.6527422051259708,1
4911,2,0,0.6823797505828313,1
4912,3,1,0.8662201649789014,1
4913,1,1,0.8787402180772539,1
4914,2,1,0.8616647995572055,1
4915,4,1,0.35012329668529957,0
4916,4,1,0.8779629696198177,1
4917,3,0,0.15552378111403659,0
4918,3,1,0.443382334411346,0
4919,2,1,0.5117132408406705,1
4920,0,1,0.9187655535893973,1
4921,4,1,0.3702114760871226,0
4922,2,0,0.022864409730656735,0
4923,2,1,0.9901830608138171,1
4924,3,1,0.3361607425784315,0
4925,0,1,0.8454017650357684,1
4926,3,1,0.8211549205882668,1
4927,2,1,0.9932656161423846,1
4928,2,1,0.9950324606190564,1
4929,2,1,0.9892531922848701,1
4930,2,1,0.9966145991849501,1
4931,0,1,0.9970376299587401,1
4932,2,0,0.20553627255100462,0
4933,3,0,0.09396418266267145,0
4934,4,1,0.3655444019152487,0
4935,1,1,0.7610821221888368,1
4936,3,1,0.5950789375263984,1
4937,0,1,0.9055771357405203,1
4938,3,1,0.30753730062058504,0
4939,0,0,0.1219038498043932,0
4940,2,0,0.2073505719402326,0
4941,0,0,0.04167747368945926,0
4942,1,1,0.8400582523141461,1
4943,1,1,0.7747367344623375,1
4944,4,0,0.2878551704922669,0
4945,0,1,0.983027388564232,1
4946,1,0,0.7600916514310191,1
4947,1,0,0.1296609350175375,0
4948,0,0,0.32604552509904855,0
4949,1,1,0.11793278155432757,0
4950,1,1,0.10303812251993602,0
4951,2,1,0.9971151533897482,1
4952,3,0,0.030973215048394825,0
4953,2,1,0.9973098147767945,1
4954,0,0,0.2529188631084613,0
4955,1,1,0.19537874534299446,0
4956,1,1,0.3661401035351865,0
4957,1,1,0.8909482775790634,1
4958,1,1,0.6664600599974567,1
4959,1,1,0.614477558700378,1
4960,3,0,0.07421273309851585,0
4961,1,0,0.016812695464958307,0
4962,4,1,0.998477942032711,1
4963,1,1,0.5739998813431286,1
4964,2,1,0.8947969471335343,1
4965,3,1,0.8785889653038434,1
4966,3,1,0.8949807716987181,1
4967,1,1,0.9559981172042272,1
4968,1,1,0.9725623607638844,1
4969,2,0,0.6199058184055961,1
4970,2,1,0.36980890321011334,0
4971,2,1,0.36980890321011334,0
4972,2,1,0.44898218294939873,0
4973,2,0,0.5950201525003632,1
4974,4,0,0.05809112126640174,0
4975,4,1,0.9925183474795934,1
4976,4,1,0.984198536556275,1
4977,3,1,0.9955783373881356,1
4978,2,0,0.003893248447107297,0
4979,4,1,0.9636015237934191,1
4980,3,1,0.35055537210955884,0
4981,1,1,0.9981349913473625,1
4982,0,0,0.0957184899457549,0
4983,0,1,0.989962711666596,1
4984,1,1,0.9742155284158576,1
4985,1,0,0.19758382910908912,0
4986,4,1,0.9842385742513111,1
4987,0,1,0.9828240632443718,1
4988,2,1,0.2988584925760263,0
4989,3,1,0.9839742997647377,1
4990,0,0,0.6006781232837389,1
4991,3,1,0.8079154585126651,1
4992,3,0,0.1707031555846348,0
4993,4,1,0.028630668433210785,0
4994,4,1,0.950528748538159,1
4995,4,1,0.8038616590187415,1
4996,0,1,0.9400033297928612,1
4997,2,0,0.12073619374661024,0
4998,2,1,0.8687196470472714,1
4999,0,0,0.08241779147107714,0
5000,3,0,0.001807563191412123,0
5001,3,1,0.9900326194213979,1
5002,4,0,0.13343414627184433,0
5003,1,0,0.0077155825496877046,0
5004,3,1,0.3281724965822409,0
5005,0,0,0.10251246429768468,0
5006,4,1,0.39273361925969885,0
5007,3,0,0.007470689186671624,0
5008,2,0,0.06539993757052359,0
5009,1,1,0.9974037629859034,1
5010,1,1,0.9993487377117669,1
5011,1,0,0.07492013249595766,0
5012,4,0,0.25418305079302195,0
5013,0,1,0.5402719812613258,1
5014,2,1,0.5097845967286598,1
5015,3,0,0.0018332930455766728,0
5016,1,0,0.1006079690217335,0
5017,4,1,0.9809408155932848,1
5018,4,1,0.09659884636465373,0
5019,3,1,0.97256439065892,1
5020,0,1,0.9828240632443718,1
5021,1,0,0.0949723529722266,0
5022,1,1,0.9236639222375719,1
5023,4,1,0.9496122586387152,1
5024,4,1,0.9426346401191604,1
5025,4,1,0.9962789809968606,1
5026,1,0,0.011160211929103494,0
5027,4,0,0.3091876400719765,0
5028,2,1,0.9278476692501106,1
5029,3,1,0.9969635812974383,1
5030,3,1,0.9945542360344721,1
5031,1,0,0.0009975171333180045,0
5032,1,0,0.004434512546714471,0
5033,4,0,0.24939434649044287,0
5034,1,0,0.6677662579244624,1
5035,0,1,0.5372117369160527,1
5036,0,1,0.9839307672697218,1
5037,3,0,0.039666414244992725,0
5038,0,0,0.18065244481607035,0
5039,4,1,0.9025795737611717,1
5040,4,1,0.8076142968294526,1
5041,4,0,0.014928286668192943,0
5042,2,1,0.8687196470472714,1
5043,2,1,0.8949935498545407,1
5044,2,1,0.3302325531984113,0
5045,4,0,0.03982433647283147,0
5046,2,1,0.7749290101056355,1
5047,3,1,0.8454458854083298,1
5048,1,0,0.09209783171517334,0
5049,0,1,0.9555486466918092,1
5050,0,1,0.9652576416755976,1
5051,0,1,0.969649565516124,1
5052,4,0,0.0488172724785432,0
5053,3,0,0.23099315184933852,0
5054,3,0,0.07880635556799025,0
5055,3,0,0.44337638474553653,0
5056,0,0,0.07600897743154256,0
5057,0,0,0.08676438226997182,0
5058,2,0,0.06810151499944016,0
5059,0,0,0.5518373449823394,1
5060,3,1,0.5086004214599903,1
5061,4,1,0.4039214027340608,0
5062,3,0,0.09163705376108502,0
5063,3,0,0.37216631722797966,0
5064,4,0,0.1849937577005899,0
5065,4,0,0.06797357186179095,0
5066,3,1,0.586048390176345,1
5067,0,0,0.2466205071528521,0
5068,3,1,0.9906641707046342,1
5069,3,0,0.01149951239437645,0
5070,3,1,0.9881069201739804,1
5071,3,1,0.9932416620621972,1
5072,1,0,0.5645008643601253,1
5073,3,1,0.917826825350105,1
5074,4,0,0.002097555976940863,0
5075,2,1,0.9953234301974383,1
5076,4,0,0.11325806394821489,0
5077,0,1,0.3854890572410011,0
5078,4,0,0.05031095376382884,0
5079,0,0,0.1179011452068003,0
5080,0,0,0.528721646347244,1
5081,0,1,0.7107272742619332,1
5082,0,0,0.012375128836876746,0
5083,0,0,0.0942750150023394,0
5084,0,0,0.5381596477813226,1
5085,1,1,0.6057524912298348,1
5086,4,1,0.520879626446721,1
5087,2,0,0.14028290901392698,0
5088,1,0,0.12891813060302737,0
5089,0,1,0.07690493221653866,0
5090,3,0,0.5467793406177452,1
5091,2,1,0.8010734207440455,1
5092,0,0,0.21861388569201562,0
5093,0,0,0.4177263590751603,0
5094,1,1,0.9970864195526307,1
5095,0,0,0.057673917907006524,0
5096,0,0,0.6245507882205675,1
5097,3,1,0.6181074508545428,1
5098,2,1,0.9888376969400132,1
5099,2,1,0.8236124660153161,1
5100,4,1,0.6746093468257995,1
5101,4,1,0.6099799530975948,1
5102,0,1,0.9601321097534982,1
5103,4,0,0.3131420795969351,0
5104,3,0,0.12011633758773602,0
5105,0,0,0.01974550480464987,0
5106,2,0,0.045851182170596874,0
5107,2,0,0.6668294063020567,1
5108,0,0,0.24097232885614575,0
5109,1,0,0.12896861718757616,0
5110,4,1,0.29327411652799684,0
5111,4,0,0.857943736812924,1
5112,4,0,0.018435921537263887,0
5113,4,1,0.993972869387895,1
5114,4,1,0.9895004592284272,1
5115,4,0,0.0007175872081929806,0
5116,4,1,0.8917034259452886,1
5117,4,0,0.0028716946345663827,0
5118,4,0,0.001070175105694591,0
5119,1,0,0.04092700455584321,0
5120,2,1,0.9932656161423846,1
5121,4,1,0.9485441287739106,1
5122,4,0,0.520879626446721,1
5123,2,0,0.16436390107298668,0
5124,1,1,0.9138425946398131,1
5125,0,1,0.6070302067470879,1
5126,2,0,0.548092013959737,1
5127,3,1,0.25623836770813796,0
5128,0,1,0.1559248137008042,0
5129,4,0,0.03081664021688844,0
5130,0,1,0.9308464834582745,1
5131,1,0,0.0016571400360653498,0
5132,0,0,0.0744338422433202,0
5133,3,1,0.9979985085359567,1
5134,2,0,0.05397385436434766,0
5135,4,1,0.9842385742513111,1
5136,2,1,0.9604309147648816,1
5137,2,1,0.9895358575336083,1
5138,2,0,0.0007752022115104413,0
5139,2,1,0.9670914198919038,1
5140,0,1,0.5381596477813226,1
5141,0,0,0.4926136931655378,1
5142,4,0,0.014999858012356823,0
5143,4,0,0.686164064055933,1
5144,2,0,0.25758855549081905,0
5145,4,1,0.6262781355230613,1
5146,2,1,0.6625641441973573,1
5147,2,1,0.9950324606190564,1
5148,2,1,0.9548098881325324,1
5149,0,1,0.8927672487435222,1
5150,2,0,0.06601925540681668,0
5151,1,1,0.3795482630348943,0
5152,2,0,0.6324479762070048,1
5153,1,1,0.9756526089237456,1
5154,3,0,0.1528856243979325,0
5155,3,0,0.07189237051014964,0
5156,4,1,0.9242648791556817,1
5157,4,1,0.8901982099032382,1
5158,2,1,0.6020306078477082,1
5159,1,0,0.4293389209539487,0
5160,2,0,0.0064341485909935065,0
5161,4,1,0.9934855474001771,1
5162,2,1,0.8947969471335343,1
5163,2,1,0.8945160883653239,1
5164,2,1,0.7855976286823085,1
5165,2,1,0.7357545460753787,1
5166,1,0,0.14735620589784298,0
5167,4,0,0.25418305079302195,0
5168,1,1,0.9243729197976381,1
5169,4,0,0.3770836612379939,0
5170,3,1,0.7015813964290984,1
5171,4,1,0.12823726251360698,0
5172,4,1,0.48317100032940685,1
5173,1,0,0.12474803141881485,0
5174,2,1,0.7442100944493076,1
5175,3,0,0.759844740281539,1
5176,3,1,0.8288356774810276,1
5177,0,0,0.01104266223289134,0
5178,0,0,0.6188451472625341,1
5179,0,0,0.5834459818303217,1
5180,0,1,0.6188451472625341,1
5181,3,0,0.2001460947108508,0
5182,3,0,0.00746304171943969,0
5183,0,0,0.6519548010505931,1
5184,1,1,0.9896773248427589,1
5185,0,0,0.5321970869765049,1
5186,0,1,0.9828240632443718,1
5187,2,1,0.30709291135761857,0
5188,2,1,0.7357545460753787,1
5189,2,1,0.8543613492431775,1
5190,2,1,0.9901830608138171,1
5191,0,0,0.03187135280278648,0
5192,4,1,0.9850226618491881,1
5193,4,1,0.9859700383981613,1
5194,1,0,0.0011461515833736844,0
5195,1,1,0.5413475684369974,1
5196,3,1,0.9839742997647377,1
5197,3,1,0.9705760800666744,1
5198,0,0,0.019542262932776666,0
5199,2,1,0.8667511124007953,1
5200,2,1,0.8947969471335343,1
5201,2,1,0.8010734207440455,1
5202,2,0,0.016782617636971826,0
5203,3,1,0.7438683331918942,1
5204,3,1,0.49706139705198266,1
5205,1,0,0.8921051422782117,1
5206,1,1,0.989131438947723,1
5207,1,0,0.015401331548353872,0
5208,1,1,0.5119614402678829,1
5209,1,0,0.09545240830809136,0
5210,0,1,0.561663393913233,1
5211,4,1,0.9439977296285658,1
5212,2,0,0.04205422646542634,0
5213,1,1,0.8949746685294465,1
5214,1,0,0.0012415439365600868,0
5215,1,0,0.002938327840805513,0
5216,1,0,0.5540079989640411,1
5217,3,1,0.9705760800666744,1
5218,4,0,0.01638916152221395,0
5219,0,0,0.0627381995135088,0
5220,0,1,0.9904065955792165,1
5221,1,0,0.6523781647554128,1
5222,4,1,0.7019572647084303,1
5223,0,1,0.9900925474066813,1
5224,4,0,0.22061466027560145,0
5225,1,0,0.12445199780236085,0
5226,2,0,0.02369583039567936,0
5227,2,1,0.9696192951360826,1
5228,1,1,0.7610821221888368,1
5229,2,1,0.966789465854215,1
5230,0,1,0.9987446406845804,1
5231,4,0,0.065618338760684,0
5232,2,1,0.859506307640955,1
5233,2,0,0.11658197136142333,0
5234,4,1,0.7595788837166549,1
5235,4,0,0.022700359989011043,0
5236,4,0,0.16917072433575508,0
5237,1,1,0.6228567938754718,1
5238,3,0,0.13446561696936477,0
5239,3,1,0.9927870120218859,1
5240,1,0,0.08632944072129378,0
5241,3,0,0.11791172045210299,0
5242,2,0,0.08459878956533687,0
5243,0,1,0.8125024937330184,1
5244,0,0,0.02838330339327271,0
5245,0,1,0.9427140279245129,1
5246,0,1,0.9114115967577576,1
5247,4,1,0.5505726393856681,1
5248,2,1,0.49795589162087744,1
5249,0,1,0.9540480050246078,1
5250,1,1,0.9286869792838583,1
5251,1,1,0.5979333167529981,1
5252,0,0,0.0007179740473174708,0
5253,0,1,0.9987181469441577,1
5254,0,1,0.5663853991026582,1
5255,0,1,0.6322666397417213,1
5256,3,0,0.04646998470715521,0
5257,4,1,0.9954805791035876,1
5258,4,0,0.008074772908328118,0
5259,3,1,0.979856695639034,1
5260,3,0,0.003314863574993113,0
5261,0,1,0.8778632363177189,1
5262,4,1,0.969977811769023,1
5263,1,1,0.9742780241149828,1
5264,1,1,0.3631613725088022,0
5265,0,1,0.9423262162573116,1
5266,0,1,0.9825619157930936,1
5267,1,1,0.9370532314609833,1
5268,2,1,0.6020306078477082,1
5269,4,0,0.4201729463619568,0
5270,4,0,0.5590565595362584,1
5271,4,0,0.019763554340410903,0
5272,4,1,0.30877934782388305,0
5273,4,0,0.021458807078660463,0
5274,2,1,0.9607869755687796,1
5275,4,0,0.2721254018633067,0
5276,4,0,0.6030088722136786,1
5277,4,1,0.6030088722136786,1
5278,2,0,0.008593476349453268,0
5279,4,0,0.10951652768617956,0
5280,1,1,0.42672863026685587,0
5281,0,1,0.9593604288343894,1
5282,2,1,0.9932656161423846,1
5283,2,1,0.9885770691577995,1
5284,0,1,0.9324182209271172,1
5285,0,0,0.022739365389377895,0
5286,0,0,0.3532215187591467,0
5287,3,0,0.030983024725457,0
5288,1,1,0.9892604336910892,1
5289,1,1,0.9957368729592485,1
5290,3,1,0.972748526307784,1
5291,3,1,0.2653577652828374,0
5292,3,0,0.006862556660043333,0
5293,0,0,0.015572014182799762,0
5294,0,0,0.0013646046952233773,0
5295,2,0,0.024828486003699832,0
5296,2,1,0.4714342684775314,0
5297,4,0,0.10278757604625666,0
5298,3,0,0.7294723080240606,1
5299,4,0,0.1666363976526241,0
5300,4,0,0.10594829204758079,0
5301,3,1,0.8065894811463306,1
5302,0,0,0.7353487037489503,1
5303,4,1,0.9554357755742643,1
5304,4,0,0.10564151333629403,0
5305,3,1,0.7923273065853835,1
5306,0,0,0.001202091965733233,0
5307,2,0,0.8296855433460694,1
5308,2,1,0.7307552976776773,1
5309,3,0,0.008959265729403901,0
5310,1,0,0.02263183882678398,0
5311,1,1,0.9744102302214731,1
5312,1,1,0.9678568993282267,1
5313,1,1,0.9689737617459838,1
5314,1,1,0.8973497867938367,1
5315,4,1,0.9400447519424582,1
5316,4,1,0.974756381103854,1
5317,4,1,0.9983421648265061,1
5318,4,0,0.8360253584123737,1
5319,4,1,0.9954805791035876,1
5320,1,0,0.6691224803965002,1
5321,2,0,0.004773131673329106,0
5322,0,0,0.10060069254945322,0
5323,2,0,0.5113321031412816,1
5324,1,1,0.9442977726149293,1
5325,2,0,0.0564504500089155,0
5326,2,0,0.026784123816578752,0
5327,0,1,0.9717875416442057,1
5328,4,1,0.9461201847941457,1
5329,2,1,0.7079249835147285,1
5330,0,0,0.4178593111113353,0
5331,3,1,0.44552994008780633,0
5332,1,1,0.9699445149674023,1
5333,0,1,0.9444400984343726,1
5334,1,1,0.7176065455999641,1
5335,0,1,0.6411844384070658,1
5336,3,1,0.9730223259487663,1
5337,1,1,0.9550664875005866,1
5338,4,1,0.8728828930644934,1
5339,0,1,0.9643250557383889,1
5340,4,1,0.12088760562955143,0
5341,1,1,0.9433300093738984,1
5342,4,0,0.09196677052953202,0
5343,3,1,0.9696967357187877,1
5344,3,1,0.2940333861821957,0
5345,4,0,0.3838416543956134,0
5346,4,1,0.40345737237123447,0
5347,4,1,0.3838416543956134,0
5348,4,1,0.677004629249574,1
5349,4,1,0.6030088722136786,1
5350,2,1,0.16242042848938282,0
5351,4,1,0.38081880326356166,0
5352,2,1,0.9468273168943828,1
5353,3,1,0.02369659270529156,0
5354,3,0,0.6096990146701174,1
5355,0,1,0.9965100110729177,1
5356,0,0,0.10863316285579379,0
5357,1,0,0.07826825543783744,0
5358,4,0,0.4730427521608089,1
5359,0,1,0.728899871604999,1
5360,1,1,0.41353134852400175,0
5361,4,1,0.9845039673845618,1
5362,3,0,0.05129355654761886,0
5363,0,0,0.13083258964756794,0
5364,1,1,0.9822983565806748,1
5365,2,0,0.12916752553785021,0
5366,1,0,0.100386136752521,0
5367,1,1,0.7010900240410695,1
5368,4,0,0.10816041368321928,0
5369,3,1,0.7182137976346143,1
5370,1,0,0.12483419840341822,0
5371,0,1,0.9999254647429783,1
5372,0,1,0.9900368441335803,1
5373,2,1,0.9572070785103625,1
5374,2,1,0.9468273168943828,1
5375,4,0,0.0004945324999864998,0
5376,4,0,0.04128445434701658,0
5377,3,0,0.6946574383971065,1
5378,1,1,0.9860649605427321,1
5379,4,0,0.0011806217560299324,0
5380,1,0,0.1641741303099888,0
5381,2,0,0.025222741817556245,0
5382,1,0,0.10915346827952206,0
5383,1,0,0.13592567763865163,0
5384,3,1,0.9022445121476549,1
5385,1,0,0.28108722699195754,0
5386,1,0,0.13133926292547818,0
5387,1,0,0.07120816043951302,0
5388,1,0,0.5590393931556537,1
5389,1,1,0.820399532376951,1
5390,1,0,0.388543391536236,0
5391,2,0,0.6195588648307189,1
5392,1,0,0.0055845389092933975,0
5393,4,0,0.06150728056110863,0
5394,4,1,0.9529741609607215,1
5395,4,1,0.9959444663270937,1
5396,3,0,0.46739694490274064,0
5397,3,0,0.16576419203799608,0
5398,3,1,0.920906222870795,1
5399,4,0,0.7252007599002862,1
5400,1,1,0.9703391425693418,1
5401,3,1,0.9678470566442888,1
5402,3,1,0.9839912261767534,1
5403,2,1,0.9604309147648816,1
5404,2,1,0.9876537787488877,1
5405,1,1,0.9422776718805828,1
5406,2,0,0.05047941721378013,0
5407,3,1,0.9983234774185997,1
5408,3,0,0.7169577973750709,1
5409,2,0,0.20604271734048515,0
5410,2,0,0.12699858071599723,0
5411,3,1,0.9751072259197313,1
5412,3,1,0.7789128900528344,1
5413,3,1,0.9380695301025057,1
5414,3,1,0.9839912261767534,1
5415,2,0,0.1140510026036363,0
5416,3,1,0.3787891349936465,0
5417,3,0,0.4478688591471075,0
5418,2,0,0.037283586869628044,0
5419,2,1,0.13152173159917507,0
5420,1,0,0.306319004251655,0
5421,2,1,0.830201508285829,1
5422,2,0,0.0005990150263345146,0
5423,1,1,0.9824039889825567,1
5424,1,0,0.005667526867640261,0
5425,3,1,0.8905084506278786,1
5426,0,0,0.0029880603786365634,0
5427,0,1,0.9647405593526669,1
5428,4,0,0.09529361263673,0
5429,2,1,0.1200504635309799,0
5430,2,0,0.5748600498611566,1
5431,1,0,0.3526030454727552,0
5432,4,0,0.3838416543956134,0
5433,0,0,0.052197204995486246,0
5434,0,0,0.13378430372494277,0
5435,0,0,0.12971173249034085,0
5436,0,1,0.9307917048585111,1
5437,2,1,0.5748600498611566,1
5438,1,1,0.594295182752308,1
5439,2,0,0.3724187381658958,0
5440,2,1,0.051508316563249605,0
5441,1,1,0.9546941288270921,1
5442,1,1,0.9331021824515155,1
5443,1,1,0.9712224089633611,1
5444,1,1,0.9546941288270921,1
5445,1,1,0.9699445149674023,1
5446,1,1,0.9763418580828171,1
5447,3,1,0.676086202197382,1
5448,4,0,0.2492789555455356,0
5449,4,1,0.9561618423953995,1
5450,4,1,0.9561618423953995,1
5451,4,1,0.8273222890553754,1
5452,4,1,0.9261001165971026,1
5453,4,0,0.04929488762979533,0
5454,4,1,0.8799857409156007,1
5455,2,1,0.11714066184745345,0
5456,0,1,0.9970376299587401,1
5457,3,0,0.003568355825414413,0
5458,1,1,0.9929152815772525,1
5459,0,1,0.7849266044900238,1
5460,3,0,0.0012139825762590335,0
5461,0,1,0.6434100147361124,1
5462,0,1,0.9778538500933993,1
5463,2,1,0.6995833041023672,1
5464,0,1,0.9201211981879666,1
5465,3,1,0.8792167793614108,1
5466,3,1,0.6799087127872814,1
5467,0,0,0.0771174881940065,0
5468,1,0,0.44346245700123155,0
5469,3,0,0.699725398192184,1
5470,3,0,0.14768275983582918,0
5471,3,1,0.9607245014554173,1
5472,2,1,0.9971151533897482,1
5473,3,0,0.3351016492649602,0
5474,1,1,0.9959146573010793,1
5475,0,0,0.6411844384070658,1
5476,4,1,0.9989192503480185,1
5477,4,1,0.9989192503480185,1
5478,3,1,0.9486542881503145,1
5479,4,1,0.7559396090798353,1
5480,2,0,0.2731544948274965,0
5481,1,0,0.08694021452912847,0
5482,0,1,0.44492536192077,0
5483,3,0,0.037618041686085235,0
5484,0,0,0.0721271983750471,0
5485,4,1,0.03284390386688592,0
5486,3,1,0.7920428387721608,1
5487,1,1,0.725695255888868,1
5488,1,1,0.9837603077386649,1
5489,1,1,0.9559981172042272,1
5490,4,0,0.0013493481358310526,0
5491,1,1,0.7006815810244837,1
5492,1,1,0.5626830577918535,1
5493,3,0,0.12844502878004177,0
5494,3,1,0.9985895947491124,1
5495,3,1,0.9969751587901912,1
5496,0,1,0.9938174834228227,1
5497,4,1,0.5191336767912864,1
5498,4,0,0.20356518002747173,0
5499,3,0,0.04181296601077309,0
5500,4,0,0.1749130777504487,0
5501,4,1,0.977004170209341,1
5502,2,1,0.9869779430415067,1
5503,1,1,0.972307891519439,1
5504,2,0,0.16267521650243985,0
5505,2,1,0.07386100127542712,0
5506,4,1,0.9930269384196884,1
5507,4,1,0.9781124245885623,1
5508,2,0,0.9601901677357444,1
5509,3,1,0.9970344529764489,1
5510,2,1,0.9901830608138171,1
5511,4,1,0.677004629249574,1
5512,3,0,0.06077243167408903,0
5513,3,1,0.9162433576545996,1
5514,3,1,0.08545442769906453,0
5515,3,1,0.9934040928316434,1
5516,3,0,0.18198868328873952,0
5517,3,1,0.9826424552990121,1
5518,3,0,0.01644757982412995,0
5519,3,0,0.1088982742680425,0
5520,3,1,0.98043270495972,1
5521,2,0,0.036669397129556656,0
5522,0,0,0.4065380801067095,0
5523,3,1,0.575677513819141,1
5524,3,0,0.4313101276967831,0
5525,4,0,0.16227287080711442,0
5526,4,0,0.024872535291395124,0
5527,3,0,0.000720126589957491,0
5528,1,1,0.9689737617459838,1
5529,2,1,0.7522136442522789,1
5530,4,1,0.9612035861120042,1
5531,2,1,0.9891743894441293,1
5532,2,1,0.9548372216873958,1
5533,2,1,0.9735337305696222,1
5534,2,1,0.9682964832795085,1
5535,2,1,0.997752937882795,1
5536,2,0,0.075757666031098,0
5537,0,0,0.4653069140947202,0
5538,4,0,0.0628036094986664,0
5539,1,1,0.9523050873666359,1
5540,1,0,0.11104919264890023,0
5541,3,1,0.9639875329414921,1
5542,0,1,0.8711459033500705,1
5543,2,1,0.9087470338645066,1
5544,0,1,0.9427140279245129,1
5545,0,1,0.9540480050246078,1
5546,2,1,0.9572070785103625,1
5547,0,0,0.2512385026815628,0
5548,2,0,0.132631891452072,0
5549,0,1,0.7931633415717083,1
5550,4,1,0.9845692206241543,1
5551,4,0,0.15113642121215037,0
5552,2,1,0.6045376652240646,1
5553,4,0,0.38341820020886686,0
5554,4,0,0.319163936835135,0
5555,4,1,0.9967268458045833,1
5556,4,0,0.047378790412850286,0
5557,1,0,0.04968704708189137,0
5558,1,1,0.9737353645391197,1
5559,1,0,0.016637543845602582,0
5560,0,0,0.09803514456738603,0
5561,0,0,0.0018229533468932528,0
5562,0,1,0.9924945278763286,1
5563,0,0,0.0007647358373463114,0
5564,0,1,0.9811136759107814,1
5565,0,0,0.5204371941350072,1
5566,0,0,0.09431574100406687,0
5567,3,1,0.2021647331335305,0
5568,4,1,0.9978434788503336,1
5569,4,0,0.06406782272051201,0
5570,4,1,0.997899939285254,1
5571,4,0,0.03500248610759789,0
5572,1,0,0.15700490210541743,0
5573,3,1,0.719426616382029,1
5574,1,1,0.3704450350302601,0
5575,1,1,0.9689737617459838,1
5576,1,0,0.0602163485339836,0
5577,1,1,0.3788140314850792,0
5578,0,1,0.9901094980565646,1
5579,4,1,0.9235379111045053,1
5580,4,1,0.972530657435329,1
5581,4,1,0.3991455948079861,0
5582,2,0,0.1858285236693971,0
5583,1,1,0.9615448956393922,1
5584,2,0,0.1451023595536921,0
5585,4,1,0.9926321274450672,1
5586,1,0,0.532343854083509,1
5587,4,0,0.30430491322911,0
5588,1,1,0.9715145141797111,1
5589,4,0,0.6487643900457927,1
5590,2,0,0.04324524880361849,0
5591,0,0,0.017044195312854348,0
5592,4,0,0.12227838185753297,0
5593,2,0,0.0425482210573836,0
5594,0,1,0.9931645289511598,1
5595,0,1,0.9931645289511598,1
5596,0,0,0.3019289544911682,0
5597,2,0,0.6767935985212477,1
5598,2,1,0.9852967672182212,1
5599,0,1,0.9992079231747821,1
5600,0,1,0.45713540026809324,0
5601,0,1,0.9991244457325926,1
5602,3,0,0.16025747805160653,0
5603,2,1,0.7033678629325547,1
5604,2,1,0.716479956362653,1
5605,2,1,0.4575470590450526,0
5606,2,0,0.5507853473805738,1
5607,1,0,0.04149657100525779,0
5608,1,1,0.9546941288270921,1
5609,2,0,0.8639725841958533,1
5610,1,1,0.9331021824515155,1
5611,4,1,0.9983421648265061,1
5612,0,0,0.13119429192881032,0
5613,3,1,0.17624900604393376,0
5614,1,0,0.14474655134780082,0
5615,1,1,0.963066988722696,1
5616,1,1,0.9849060764351041,1
5617,2,0,0.018413923038255557,0
5618,0,1,0.9404015947903391,1
5619,0,0,0.023783040644827367,0
5620,0,1,0.9404015947903391,1
5621,0,0,0.014382371641060904,0
5622,2,1,0.9583889919012056,1
5623,4,0,0.25832519229113915,0
5624,4,1,0.8433822307122837,1
5625,4,1,0.9933150542367444,1
5626,2,0,0.1569931354959485,0
5627,2,1,0.983603751608259,1
5628,0,1,0.061062581001330246,0
5629,4,0,0.03596633353881455,0
5630,1,1,0.057801784173814805,0
5631,0,1,0.6507797477586225,1
5632,1,1,0.793314942474531,1
5633,4,0,0.004057111805895843,0
5634,0,0,0.32047785149168073,0
5635,1,1,0.9689737617459838,1
5636,1,1,0.9483091657048655,1
5637,1,1,0.9685042089572947,1
5638,1,1,0.45085287532135,0
5639,0,0,0.19148325721498718,0
5640,2,1,0.7079249835147285,1
5641,3,1,0.3860944449572431,0
5642,3,1,0.07757416645225153,0
5643,4,0,0.16608464542538293,0
5644,3,0,0.8075272856625046,1
5645,3,0,0.5712433037533673,1
5646,2,0,0.09153097979770854,0
5647,2,1,0.9901830608138171,1
5648,3,0,0.013252078297945082,0
5649,3,1,0.9838131335679636,1
5650,4,1,0.599039177738621,1
5651,2,1,0.397721721733664,0
5652,2,1,0.9710490737445173,1
5653,2,0,0.008443272679120345,0
5654,1,0,0.5201910326431689,1
5655,4,1,0.9946762858280415,1
5656,4,1,0.8419522139688489,1
5657,3,0,0.1097131412582827,0
5658,3,0,0.018026692212326285,0
5659,4,1,0.9925183474795934,1
5660,4,1,0.9926321274450672,1
5661,2,1,0.8627152315594462,1
5662,3,0,0.8444832616927608,1
5663,3,0,0.6096990146701174,1
5664,3,0,0.5284968352448902,1
5665,3,0,0.6096990146701174,1
5666,0,0,0.2126691294645461,0
5667,3,0,0.5284968352448902,1
5668,3,0,0.6096990146701174,1
5669,3,0,0.07484935607869005,0
5670,2,1,0.7522136442522789,1
5671,4,0,0.15455557526320182,0
5672,4,1,0.09906406216312255,0
5673,3,1,0.9996974908511709,1
5674,1,0,0.16382449335639096,0
5675,1,0,0.10517708807349327,0
5676,1,1,0.7704206444364178,1
5677,0,1,0.8226134960701812,1
5678,1,1,0.9894186483793697,1
5679,0,0,0.06069682904799025,0
5680,2,1,0.9259660272112838,1
5681,2,1,0.9468273168943828,1
5682,2,1,0.3982408428894538,0
5683,2,1,0.38133860830040794,0
5684,2,1,0.9572070785103625,1
5685,2,1,0.9466251677945252,1
5686,2,1,0.8659770774341472,1
5687,1,1,0.5771979026526979,1
5688,4,1,0.9554357755742643,1
5689,3,0,0.17971999711552963,0
5690,4,1,0.9630092778763973,1
5691,3,0,0.02755284708993224,0
5692,2,1,0.9886548425964565,1
5693,4,1,0.5756877321062479,1
5694,4,0,0.648011387572213,1
5695,4,1,0.9088516395953062,1
5696,4,1,0.33969608022359304,0
5697,2,0,0.5507853473805738,1
5698,3,1,0.5281387292639905,1
5699,3,1,0.2508417261177203,0
5700,3,1,0.8704388328789544,1
5701,1,0,0.08408854327759184,0
5702,4,1,0.8728828930644934,1
5703,2,0,0.3874982973142684,0
5704,1,1,0.47399166594326486,1
5705,3,0,0.0533707658457756,0
5706,4,0,0.13769759695286707,0
5707,1,0,0.23627076152982576,0
5708,0,0,0.00398710801429454,0
5709,2,1,0.6334980913772226,1
5710,2,0,0.9702869279671172,1
5711,1,1,0.7007687711554074,1
5712,3,0,0.6258015580634962,1
5713,1,1,0.9945973804967821,1
5714,0,0,0.010502071877729882,0
5715,0,1,0.9854207823875583,1
5716,0,0,0.0024754497466879374,0
5717,4,0,0.018050916589567482,0
5718,4,1,0.9869607792808641,1
5719,0,1,0.707438804436437,1
5720,2,0,0.04349748981071524,0
5721,4,0,0.18922161830919207,0
5722,3,0,0.0015995339231545849,0
5723,0,1,0.756959175761598,1
5724,4,0,0.37957722213673656,0
5725,4,0,0.11665801189174313,0
5726,4,1,0.9698841849030493,1
5727,4,0,0.0180594656258653,0
5728,3,1,0.9372302889261048,1
5729,3,0,0.015976558391680305,0
5730,0,0,0.0385109849052418,0
5731,3,1,0.7223213690658671,1
5732,4,1,0.996944069342491,1
5733,4,1,0.9636015237934191,1
5734,3,1,0.3221743313991266,0
5735,1,1,0.6691224803965002,1
5736,1,1,0.6995389330101568,1
5737,2,0,0.5507853473805738,1
5738,0,1,0.5575049649406866,1
5739,0,1,0.963960504999898,1
5740,4,0,0.20350865448025518,0
5741,2,1,0.9682964832795085,1
5742,0,1,0.6411844384070658,1
5743,4,0,0.0652810522511044,0
5744,0,1,0.8287376529867835,1
5745,0,1,0.9685089523771562,1
5746,0,1,0.9114115967577576,1
5747,2,1,0.9986755997623291,1
5748,2,1,0.9988411483442144,1
5749,2,1,0.9990894537484961,1
5750,1,0,0.005854821058324176,0
5751,2,1,0.8092960702095622,1
5752,2,1,0.11105322427675078,0
5753,2,0,0.027066874497505763,0
5754,1,0,0.004856656021301587,0
5755,2,1,0.9468273168943828,1
5756,3,0,0.04791573193893489,0
5757,2,0,0.32804206769273025,0
5758,3,1,0.7188659229568014,1
5759,2,0,0.12911900444138127,0
5760,4,1,0.999016237633823,1
5761,0,1,0.07871209552733378,0
5762,0,0,0.2763863909477138,0
5763,3,0,0.005217339282024709,0
5764,3,1,0.9705760800666744,1
5765,4,1,0.8957397615240725,1
5766,3,1,0.9277611408683649,1
5767,3,0,0.001841807233354654,0
5768,3,1,0.9879192419650711,1
5769,3,1,0.9698332161837451,1
5770,3,1,0.3714808502741899,0
5771,2,1,0.9682964832795085,1
5772,0,0,0.0497436635370948,0
5773,3,0,0.48218744010873527,1
5774,0,0,0.09513898011305535,0
5775,1,0,0.1922782334346824,0
5776,4,0,0.38156122508176044,0
5777,1,1,0.9474281059448348,1
5778,3,1,0.9997180753941295,1
5779,3,0,0.5406985316012308,1
5780,3,1,0.3242440172015798,0
5781,2,1,0.9781191728964928,1
5782,4,1,0.6449045606519334,1
5783,2,1,0.9935452220780545,1
5784,1,0,0.17809613057639523,0
5785,0,0,0.6411844384070658,1
5786,1,0,0.04331259515595631,0
5787,3,1,0.986671223501077,1
5788,1,1,0.9966309211060218,1
5789,2,1,0.9607869755687796,1
5790,0,0,0.20687224719615413,0
5791,1,0,0.3467006772594471,0
5792,4,1,0.8728828930644934,1
5793,2,0,0.36332300989436395,0
5794,4,1,0.9461201847941457,1
5795,4,1,0.9235379111045053,1
5796,4,1,0.9235379111045053,1
5797,4,1,0.8728828930644934,1
5798,2,1,0.20210428801711358,0
5799,0,1,0.9973973918217147,1
5800,0,1,0.9967942848717872,1
5801,0,1,0.8375813538381551,1
5802,0,1,0.9979938291286122,1
5803,0,1,0.999037594814402,1
5804,0,1,0.9988735414802632,1
5805,0,0,0.2385656509407311,0
5806,0,0,0.07288801033166258,0
5807,3,1,0.8570303270432614,1
5808,3,0,0.1783998822554509,0
5809,0,0,0.6006781232837389,1
5810,0,1,0.997694130873834,1
5811,0,1,0.9970376299587401,1
5812,1,1,0.09936945433013118,0
5813,4,1,0.8966678848972054,1
5814,4,1,0.9946601660159342,1
5815,4,0,0.015026936583703724,0
5816,4,1,0.9983421648265061,1
5817,2,0,0.21320294235291504,0
5818,0,0,0.19941671324321752,0
5819,0,0,0.05443154926910898,0
5820,3,1,0.9791825693512609,1
5821,1,0,0.27995082289673645,0
5822,4,0,0.040931765072143134,0
5823,0,0,0.03732018179642897,0
5824,1,1,0.9743854668026127,1
5825,1,1,0.9744102302214731,1
5826,1,1,0.9377555809727128,1
5827,3,1,0.39707023823432247,0
5828,0,0,0.14437920493283354,0
5829,4,0,0.20873182807669566,0
5830,0,1,0.9797343269420478,1
5831,3,1,0.9511598279689615,1
5832,1,0,0.4546233139963735,0
5833,3,1,0.6919220958671645,1
5834,3,0,0.646238076508771,1
5835,1,0,0.09908878843336963,0
5836,1,1,0.640536113765208,1
5837,1,0,0.055432559470317076,0
5838,4,1,0.9831833063967708,1
5839,2,0,0.6782559830744763,1
5840,3,1,0.9380695301025057,1
5841,2,1,0.9694748788115078,1
5842,3,0,0.0871517573732118,0
5843,2,0,0.6045376652240646,1
5844,3,1,0.9679223086009189,1
5845,3,1,0.11599484954816633,0
5846,4,1,0.3838416543956134,0
5847,0,1,0.9601825064568049,1
5848,0,1,0.9238015647973238,1
5849,0,1,0.9482225092565401,1
5850,0,1,0.9357580635810981,1
5851,1,1,0.8545465215629229,1
5852,1,0,0.42453136893956694,0
5853,1,1,0.335291765784506,0
5854,4,1,0.6624191330830685,1
5855,2,1,0.9516140142428449,1
5856,2,0,0.20009749979661118,0
5857,2,0,0.02085026651461666,0
5858,1,0,0.2349574518305659,0
5859,0,0,0.02540809948039866,0
5860,1,0,0.3851709492084049,0
5861,4,0,0.05883990356352067,0
5862,4,1,0.9953120127651038,1
5863,4,0,0.2044959216312369,0
5864,3,1,0.9932723451088169,1
5865,1,1,0.24425563542066547,0
5866,1,1,0.16335381527809,0
5867,2,1,0.20818949567436984,0
5868,2,0,0.05991314904880639,0
5869,4,1,0.7793540124741729,1
5870,2,0,0.46041198882495193,0
5871,4,0,0.014107052559079982,0
5872,4,0,0.2524277033100568,0
5873,1,0,0.08930876612426963,0
5874,2,0,0.25694048603258607,0
5875,2,0,0.03667025080082231,0
5876,4,0,0.04334719733944521,0
5877,2,1,0.9586253481065069,1
5878,2,0,0.08220958414611712,0
5879,3,0,0.6169100567012754,1
5880,3,1,0.906188575679519,1
5881,4,1,0.9831833063967708,1
5882,2,0,0.020882021427889585,0
5883,1,1,0.9950781534480524,1
5884,1,1,0.5953469325349185,1
5885,3,0,0.4592899870354639,0
5886,4,1,0.991588244115124,1
5887,0,1,0.9970376299587401,1
5888,0,0,0.11853753362587492,0
5889,2,0,0.227361758317263,0
5890,1,1,0.9703391425693418,1
5891,3,1,0.961077269161482,1
5892,0,0,0.8629664307654118,1
5893,3,1,0.9828460880728871,1
5894,2,1,0.7593442610576854,1
5895,0,1,0.9932607784524126,1
5896,3,1,0.1103162381745201,0
5897,2,0,0.04284086891632888,0
5898,3,0,0.025414596630608487,0
5899,3,0,0.0717705777322852,0
5900,3,1,0.9888696108992946,1
5901,3,1,0.9928261485672275,1
5902,3,1,0.5712433037533673,1
5903,0,1,0.9921043961539538,1
5904,3,0,0.014118560088888578,0
5905,4,1,0.9869614575573947,1
5906,4,0,0.06556243248972284,0
5907,0,0,0.07526911580266049,0
5908,1,0,0.16216776643310668,0
5909,3,1,0.9401978241819047,1
5910,4,1,0.9884689206306517,1
5911,4,0,0.10905523083815771,0
5912,4,0,0.08701574375721305,0
5913,1,1,0.5998571768111008,1
5914,3,0,0.05464465319560512,0
5915,3,0,0.03383140450877859,0
5916,0,1,0.9916729963250777,1
5917,3,1,0.8113580925377513,1
5918,3,1,0.9667746877419666,1
5919,1,0,0.32086066184940776,0
5920,2,1,0.5353419606059397,1
5921,2,1,0.9695065464570711,1
5922,1,0,0.08867964548160841,0
5923,2,0,0.04421493524431261,0
5924,2,0,0.13422811170074955,0
5925,3,1,0.9758148683621364,1
5926,3,1,0.9993881167696423,1
5927,3,1,0.5405312408001086,1
5928,2,1,0.6294872622960981,1
5929,1,1,0.5047480230770537,1
5930,4,0,0.6151551117887446,1
5931,1,1,0.9929152815772525,1
5932,2,1,0.705141941704412,1
5933,4,1,0.9988936612524644,1
5934,4,1,0.9834465246960271,1
5935,0,0,0.08454862838791477,0
5936,1,0,0.07844154236323932,0
5937,0,0,0.415897536916114,0
5938,0,1,0.415897536916114,0
5939,0,1,0.6152426768092176,1
5940,0,0,0.021231010478012298,0
5941,0,1,0.5465024075173252,1
5942,0,1,0.6411844384070658,1
5943,1,1,0.988352239126231,1
5944,2,1,0.99810115561208,1
5945,2,0,0.01642199359496575,0
5946,1,0,0.10236642190474209,0
5947,2,1,0.9259660272112838,1
5948,2,1,0.9259660272112838,1
5949,2,1,0.9466251677945252,1
5950,2,1,0.9259660272112838,1
5951,2,1,0.9586253481065069,1
5952,2,0,0.11381485688929995,0
5953,2,0,0.1287440128029455,0
5954,0,0,0.02730055184039822,0
5955,1,0,0.3463305187721621,0
5956,0,0,0.14607924626462887,0
5957,2,1,0.6674386914701527,1
5958,2,0,0.3221741160974367,0
5959,1,1,0.48010757822192246,1
5960,3,1,0.992488135845714,1
5961,3,0,0.3452083655611277,0
5962,3,1,0.9904713092900813,1
5963,2,1,0.9438071096289969,1
5964,4,0,0.13184939321296962,0
5965,4,1,0.9997101512105774,1
5966,4,0,0.8513402487844891,1
5967,1,1,0.9437842620420178,1
5968,1,1,0.9882681897776981,1
5969,1,1,0.9619439229796249,1
5970,3,0,0.2878953062818027,0
5971,4,0,0.030267061790545603,0
5972,3,1,0.9969383995287155,1
5973,0,0,0.6625173390799413,1
5974,0,0,0.6610599197699188,1
5975,4,0,0.07525149079991926,0
5976,0,1,0.48916206617409985,1
5977,0,1,0.9901094980565646,1
5978,0,1,0.9991244457325926,1
5979,4,1,0.9461201847941457,1
5980,4,1,0.961309418854598,1
5981,4,1,0.9204473438008899,1
5982,4,1,0.961309418854598,1
5983,0,1,0.3814279571090266,0
5984,1,0,0.09154786571685007,0
5985,4,1,0.9195132636947163,1
5986,2,0,0.034934308854199125,0
5987,1,0,0.3893603485935147,0
5988,2,0,0.5507853473805738,1
5989,0,1,0.9920172233702345,1
5990,0,0,0.03798391301747656,0
5991,0,0,0.2545413416470255,0
5992,0,1,0.6222476779307504,1
5993,0,1,0.48916206617409985,1
5994,0,1,0.6434100147361124,1
5995,1,0,0.19792397950223894,0
5996,1,0,0.048999636847280564,0
5997,2,1,0.9541341342339438,1
5998,1,0,0.028241455655486206,0
5999,3,1,0.14041843646246274,0
6000,4,1,0.691982627815106,1
6001,0,1,0.9782231786495424,1
6002,1,1,0.23871209416427258,0
6003,1,1,0.5709490669669666,1
6004,3,1,0.06533633060908865,0
6005,4,0,0.10005076004869472,0
6006,1,1,0.8467867678185558,1
6007,1,1,0.9182550232697361,1
6008,1,1,0.9557733724703793,1
6009,4,1,0.5729270607194901,1
6010,3,0,0.6724266081499402,1
6011,3,1,0.707533736707678,1
6012,3,0,0.6096990146701174,1
6013,3,0,0.6096990146701174,1
6014,2,1,0.5541521100914844,1
6015,3,0,0.676086202197382,1
6016,3,0,0.646238076508771,1
6017,2,0,0.01892317586098349,0
6018,3,1,0.4141102945345722,0
6019,0,0,0.0636880216538449,0
6020,0,1,0.6646281317505615,1
6021,0,0,0.6667732108752731,1
6022,3,1,0.25235942918197507,0
6023,1,1,0.9813536602062152,1
6024,0,0,0.05506272613874889,0
6025,1,1,0.8307920012549972,1
6026,1,0,0.5178097178131513,1
6027,1,1,0.8523475064401947,1
6028,1,1,0.9857456466732468,1
6029,3,1,0.45061631589295154,0
6030,3,0,0.12556114229039914,0
6031,4,1,0.9930989362148223,1
6032,0,1,0.9842219828453603,1
6033,4,0,0.19394325979743185,0
6034,1,1,0.6691224803965002,1
6035,4,0,0.07542201593286721,0
6036,1,0,0.057697657524305654,0
6037,1,0,0.08620165952977223,0
6038,4,1,0.08130326940404713,0
6039,3,1,0.9667746877419666,1
6040,0,1,0.9726068733314903,1
6041,0,1,0.9724826066007568,1
6042,0,1,0.9797343269420478,1
6043,0,0,0.004044264297499028,0
6044,2,0,0.61053433056685,1
6045,4,0,0.4086323606540838,0
6046,0,1,0.7285468893771043,1
6047,2,0,0.31156032413257173,0
6048,1,1,0.52969524828537,1
6049,1,0,0.001572677668178402,0
6050,3,0,0.5079020147704139,1
6051,3,0,0.6096990146701174,1
6052,3,1,0.6096990146701174,1
6053,3,1,0.9575713271241656,1
6054,3,0,0.5284968352448902,1
6055,0,1,0.9834598041347139,1
6056,2,0,0.06968711798450156,0
6057,3,1,0.6472078916008996,1
6058,2,1,0.9468273168943828,1
6059,2,1,0.9586253481065069,1
6060,2,1,0.9925173075035639,1
6061,4,1,0.9977446476898116,1
6062,3,1,0.7294723080240606,1
6063,2,0,0.09570069112811104,0
6064,2,0,0.1589437152664965,0
6065,3,0,0.4014760618287548,0
6066,0,0,0.035252620259657856,0
6067,1,0,0.19926428763142046,0
6068,0,1,0.898122435583118,1
6069,0,1,0.9887286230779135,1
6070,4,1,0.0633547160318837,0
6071,4,0,0.07101256748536801,0
6072,2,1,0.8207038568827391,1
6073,2,1,0.9932000398147978,1
6074,3,0,0.0009073531758668055,0
6075,2,0,0.08160146891068518,0
6076,2,1,0.9835254633971826,1
6077,2,0,0.08182439835016103,0
6078,2,0,0.02538374960999582,0
6079,3,0,0.035912043175067285,0
6080,0,1,0.9940308535146256,1
6081,0,1,0.9869518145589113,1
6082,1,0,0.6691224803965002,1
6083,3,0,0.08450781455605892,0
6084,2,1,0.6782559830744763,1
6085,2,0,0.6680022853227988,1
6086,1,0,0.0013846543394110938,0
6087,4,1,0.6401297599216524,1
6088,4,1,0.8799857409156007,1
6089,2,1,0.5559563992662946,1
6090,1,1,0.5705481114381277,1
6091,0,1,0.1397519772451298,0
6092,3,1,0.9744037913023205,1
6093,3,0,0.06575192199124229,0
6094,4,1,0.9234993837655378,1
6095,4,1,0.9630092778763973,1
6096,4,1,0.8750828324685165,1
6097,4,1,0.9235379111045053,1
6098,4,0,0.1372054381651723,0
6099,4,0,0.1622467964295646,0
6100,4,1,0.9235379111045053,1
6101,3,0,0.5284968352448902,1
6102,3,1,0.6096990146701174,1
6103,0,0,0.8960698889198478,1
6104,0,1,0.9427140279245129,1
6105,0,1,0.9427140279245129,1
6106,1,1,0.7142524385874534,1
6107,1,0,0.18013851853846344,0
6108,3,0,0.21632039807767334,0
6109,3,0,0.006015747030725794,0
6110,3,0,0.0027630852292263113,0
6111,3,1,0.9896796859304411,1
6112,2,0,0.07476251906652737,0
6113,3,1,0.3547611444379562,0
6114,3,1,0.5284968352448902,1
6115,3,1,0.6096990146701174,1
6116,3,0,0.01782354615010866,0
6117,3,1,0.676086202197382,1
6118,3,0,0.1540256022787606,0
6119,3,0,0.13347760602474137,0
6120,4,1,0.7108081157567508,1
6121,0,0,0.3548954876054357,0
6122,0,0,0.6434100147361124,1
6123,4,1,0.3008606630411392,0
6124,3,1,0.9764042623093802,1
6125,3,1,0.076662318874065,0
6126,2,0,0.013858763979527908,0
6127,0,0,0.04986731141968775,0
6128,4,1,0.9781124245885623,1
6129,4,1,0.9975426404844316,1
6130,0,0,0.4065380801067095,0
6131,1,0,0.06340729157285964,0
6132,0,0,0.5600519360912425,1
6133,3,1,0.930633980731083,1
6134,3,1,0.9916848644024046,1
6135,3,1,0.997997794855838,1
6136,4,1,0.9843074476485546,1
6137,2,1,0.9682964832795085,1
6138,1,0,0.008424512993540361,0
6139,1,0,0.0063996127255063154,0
6140,2,0,0.03897259507886783,0
6141,4,0,0.10541100255000505,0
6142,1,1,0.982267743994274,1
6143,4,0,0.18349043596471004,0
6144,4,1,0.9977266442402991,1
6145,4,1,0.9977266442402991,1
6146,3,1,0.06176974821310045,0
6147,0,1,0.44548058392039136,0
6148,4,0,0.06916145131761774,0
6149,1,0,0.0724350805346077,0
6150,4,0,0.677004629249574,1
6151,0,1,0.9943716167533464,1
6152,0,0,0.002671378360421473,0
6153,0,1,0.8740512950493824,1
6154,0,1,0.8663677788639479,1
6155,2,1,0.9607869755687796,1
6156,1,1,0.7772975834004006,1
6157,2,0,0.0006804647599272454,0
6158,1,0,0.081919268436429,0
6159,0,1,0.8884483560168847,1
6160,3,1,0.9325216139508735,1
6161,0,0,0.07049445476338977,0
6162,1,0,0.11131980490553797,0
6163,4,1,0.2685740510510981,0
6164,4,0,0.0018781514793300294,0
6165,0,0,0.0694326851557525,0
6166,0,0,0.6625173390799413,1
6167,0,1,0.594685268117448,1
6168,0,1,0.9114781495652692,1
6169,0,1,0.7674241599550605,1
6170,0,0,0.005407579979202658,0
6171,1,0,0.856648195716777,1
6172,0,0,0.058985165325521005,0
6173,0,0,0.005588841884262216,0
6174,0,0,0.1459833541813524,0
6175,3,0,0.08604818424304202,0
6176,3,1,0.6491200384794259,1
6177,1,1,0.6595424509152215,1
6178,4,0,0.27048155593057843,0
6179,0,1,0.9901094980565646,1
6180,0,1,0.9724826066007568,1
6181,1,1,0.640536113765208,1
6182,1,0,0.547360741290135,1
6183,0,1,0.9851573586783341,1
6184,2,0,0.17502714334609956,0
6185,1,1,0.9763418580828171,1
6186,0,0,0.029026099867285993,0
6187,1,0,0.15786999711992,0
6188,0,1,0.4752589156894156,1
6189,1,0,0.35497739440709764,0
6190,3,1,0.8119204722176389,1
6191,0,1,0.14766952934097827,0
6192,4,0,0.08106625132908656,0
6193,4,0,0.10522311721841075,0
6194,2,1,0.789909113132398,1
6195,4,0,0.06115980190615977,0
6196,4,0,0.3152483714979511,0
6197,1,0,0.379953354950138,0
6198,2,0,0.06205757097876851,0
6199,1,1,0.980575114704799,1
6200,1,1,0.9898797613781777,1
6201,4,0,0.0007260820660068467,0
6202,0,1,0.09697656652276226,0
6203,2,1,0.3454508227943314,0
6204,0,0,0.0042493986035213056,0
6205,0,1,0.8470874838323117,1
6206,2,0,0.0547928400100331,0
6207,3,1,0.11402134766428013,0
6208,0,0,0.7640030128063067,1
6209,1,0,0.023579118261610424,0
6210,1,0,0.01722445658312064,0
6211,2,0,0.6045376652240646,1
6212,0,0,0.10759671460926905,0
6213,3,0,0.031697083860705716,0
6214,4,1,0.5881892659848154,1
6215,0,0,0.47457895348750134,1
6216,4,0,0.2508680875998931,0
6217,0,1,0.675295777569755,1
6218,1,0,0.0282053268100707,0
6219,3,0,0.45168671659911025,0
6220,3,1,0.9798071058288357,1
6221,1,0,0.27633136764426197,0
6222,0,0,0.3241052827868114,0
6223,3,1,0.9999345688299456,1
6224,3,1,0.8968604553628919,1
6225,3,1,0.9667746877419666,1
6226,1,1,0.6811321439305463,1
6227,0,1,0.7461745106421864,1
6228,0,1,0.9772710758241252,1
6229,0,0,0.9740407521999341,1
6230,0,1,0.32582567153716024,0
6231,3,0,0.11781992671058908,0
6232,2,1,0.9832754606674922,1
6233,3,1,0.5472714608861091,1
6234,3,0,0.3954255870272956,0
6235,3,1,0.8444832616927608,1
6236,4,1,0.8889047570583498,1
6237,1,1,0.9778321948500437,1
6238,1,1,0.996451533679285,1
6239,1,0,0.038933048143320895,0
6240,2,1,0.9118354411295613,1
6241,1,1,0.9248860844530732,1
6242,1,1,0.9933197694359203,1
6243,3,0,0.2257472355429392,0
6244,1,0,0.09422546277439296,0
6245,2,0,0.49307040208971775,1
6246,2,1,0.8337037478305839,1
6247,0,0,0.5689816076686663,1
6248,1,1,0.5546739512742247,1
6249,2,1,0.9572070785103625,1
6250,1,1,0.9813536602062152,1
6251,0,1,0.08597727005623591,0
6252,2,1,0.9886399531042381,1
6253,3,1,0.8232240410923922,1
6254,4,1,0.6078769932073609,1
6255,3,0,0.0917444351233547,0
6256,3,1,0.7294723080240606,1
6257,0,1,0.9526112776371267,1
6258,3,0,0.005889100111915208,0
6259,4,1,0.6299740302712519,1
6260,3,0,0.4646430807695823,0
6261,0,0,0.6411844384070658,1
6262,2,0,0.07661270078512077,0
6263,2,1,0.722441393382986,1
6264,3,0,0.10112346616696305,0
6265,2,1,0.9548098881325324,1
6266,2,1,0.9875559467922215,1
6267,0,1,0.7136692300407517,1
6268,3,0,0.8136301994542618,1
6269,3,0,0.09044446489212091,0
6270,4,0,0.10070031424458024,0
6271,4,0,0.6030088722136786,1
6272,2,1,0.7522136442522789,1
6273,1,1,0.9959146573010793,1
6274,1,1,0.9979416108655492,1
6275,2,1,0.9068380935407733,1
6276,3,0,0.08036270798373489,0
6277,2,1,0.9710490737445173,1
6278,3,1,0.9682353516779791,1
6279,2,1,0.7244872718074978,1
6280,4,0,0.3866263665021417,0
6281,0,0,0.24769360034936433,0
6282,1,0,0.07721197405661549,0
6283,2,1,0.9632649894155565,1
6284,2,1,0.9710490737445173,1
6285,2,1,0.9468273168943828,1
6286,1,1,0.23423900041233225,0
6287,4,1,0.9626291320152028,1
6288,1,1,0.8716062299049387,1
6289,0,0,0.2236664437894123,0
6290,1,0,0.9331021824515155,1
6291,1,1,0.9193811231447506,1
6292,1,1,0.9703200560941686,1
6293,1,0,0.14116315092111004,0
6294,1,0,0.2300309544234712,0
6295,2,1,0.9671618309490223,1
6296,2,1,0.9876537787488877,1
6297,2,0,0.727872295089795,1
6298,2,1,0.7383139030905119,1
6299,2,0,0.0032634463654442115,0
6300,2,1,0.9974054374102116,1
6301,3,1,0.6129224579770253,1
6302,3,0,0.07024182278172453,0
6303,4,1,0.8804468567069358,1
6304,4,0,0.12066509011639882,0
6305,3,1,0.9769076904564379,1
6306,3,1,0.030204009129753958,0
6307,4,0,0.0624645818150024,0
6308,4,1,0.9953120127651038,1
6309,4,1,0.9974083749318233,1
6310,1,0,0.4381804079201889,0
6311,4,1,0.9866408283128982,1
6312,1,0,0.05735821536070581,0
6313,2,0,0.052742046068123834,0
6314,2,1,0.9129642704977257,1
6315,2,1,0.9071020724513515,1
6316,2,1,0.9262797103822373,1
6317,2,0,0.025755884057444844,0
6318,3,0,0.15392902435392022,0
6319,0,0,0.06716877418771076,0
6320,0,1,0.9807396657473394,1
6321,3,1,0.7566846602077099,1
6322,1,1,0.72817990052808,1
6323,0,1,0.7984747004634042,1
6324,2,0,0.0005780554871136509,0
6325,2,1,0.2332434020215507,0
6326,2,0,0.016453075744936176,0
6327,0,1,0.5540985091107881,1
6328,4,1,0.9978434788503336,1
6329,0,0,0.25776818722171746,0
6330,4,1,0.5771760024555567,1
6331,3,0,0.055176483560159535,0
6332,2,0,0.11011304524369324,0
6333,1,0,0.1392872923670418,0
6334,2,1,0.4718900391166649,0
6335,3,1,0.9511598279689615,1
6336,3,1,0.9511598279689615,1
6337,3,1,0.9682353516779791,1
6338,2,1,0.8767294983663154,1
6339,2,1,0.8767294983663154,1
6340,2,0,0.08489084859541061,0
6341,2,1,0.9809286609036806,1
6342,2,1,0.9805070839526864,1
6343,2,1,0.9848900247300157,1
6344,0,1,0.9772710758241252,1
6345,2,0,0.6080117262473834,1
6346,2,0,0.08064030406766909,0
6347,2,0,0.08423177485963704,0
6348,2,0,0.6253569380132992,1
6349,2,1,0.5748600498611566,1
6350,0,1,0.9939918053538244,1
6351,0,1,0.6666207329163824,1
6352,4,1,0.8801440279338791,1
6353,3,1,0.9778318416599087,1
6354,3,0,0.002822280980100253,0
6355,3,1,0.9810860886939271,1
6356,1,1,0.9919757513874273,1
6357,1,1,0.9942825473981461,1
6358,4,0,0.0015863959596934393,0
6359,0,1,0.5492904830813894,1
6360,0,1,0.10397037999040562,0
6361,0,0,0.17139397971355372,0
6362,0,1,0.9821036154935165,1
6363,0,0,0.016528470538564655,0
6364,1,1,0.925070155778741,1
6365,3,0,0.020886232578324733,0
6366,0,1,0.9786513359438629,1
6367,0,1,0.9991261916484832,1
6368,0,1,0.9988735414802632,1
6369,0,1,0.9988735414802632,1
6370,4,1,0.025244163630363813,0
6371,0,1,0.955026026277793,1
6372,1,1,0.6615924481023425,1
6373,0,0,0.011270073807729538,0
6374,0,1,0.11795082527044098,0
6375,4,0,0.08498261772310553,0
6376,4,0,0.02195700271452243,0
6377,2,0,0.7562570623268409,1
6378,3,0,0.5625548332889576,1
6379,3,0,0.060250145645419806,0
6380,2,0,0.06514259146449088,0
6381,2,1,0.5748600498611566,1
6382,1,1,0.9755856626080471,1
6383,0,1,0.9939368281216026,1
6384,0,1,0.9959808417446232,1
6385,0,0,0.052014716633668266,0
6386,1,0,0.14763620521751689,0
6387,1,1,0.8975961216886981,1
6388,1,0,0.1563955394646062,0
6389,2,1,0.9832754606674922,1
6390,4,0,0.5812552814982498,1
6391,3,1,0.9678470566442888,1
6392,3,0,0.6606086030321228,1
6393,2,1,0.9947260085727224,1
6394,3,0,0.023495981289260066,0
6395,1,1,0.7761779884374501,1
6396,1,1,0.4420164669397622,0
6397,1,0,0.008963074604374975,0
6398,0,0,0.50933934506852,1
6399,0,1,0.8965092153393898,1
6400,0,1,0.991098675210249,1
6401,3,0,0.10602486425471296,0
6402,4,0,0.5750471521752307,1
6403,2,1,0.7733661166396262,1
6404,4,0,0.01629097505252381,0
6405,4,1,0.9208417026575524,1
6406,4,1,0.9817933890068015,1
6407,3,0,0.11843680700189226,0
6408,3,1,0.6096990146701174,1
6409,3,1,0.6096990146701174,1
6410,3,0,0.005658671134194978,0
6411,1,1,0.6600387373340848,1
6412,1,0,0.5028714443531854,1
6413,4,0,0.4877573327198404,1
6414,2,1,0.9710490737445173,1
6415,3,0,0.036957359580673955,0
6416,1,0,0.22122378293263967,0
6417,2,1,0.998594594303496,1
6418,2,1,0.99810115561208,1
6419,2,1,0.9955587910903744,1
6420,2,1,0.955811714134673,1
6421,1,1,0.9987257919422294,1
6422,1,1,0.8607661994613099,1
6423,3,0,0.37949296758680656,0
6424,1,0,0.39915050735187835,0
6425,1,1,0.7700916540994711,1
6426,4,0,0.07958290849808368,0
6427,1,1,0.5869130701778129,1
6428,1,0,0.5869130701778129,1
6429,1,0,0.816455569262676,1
6430,1,1,0.5657447616040249,1
6431,1,1,0.6559979950055115,1
6432,1,1,0.6679493525822854,1
6433,1,0,0.03186250480993824,0
6434,3,0,0.2502300778056647,0
6435,0,1,0.09047483372877421,0
6436,1,1,0.9097866166673794,1
6437,4,1,0.5123148317214723,1
6438,1,0,0.06789710056943424,0
6439,1,1,0.20432939945944886,0
6440,2,1,0.9988411483442144,1
6441,1,1,0.6691224803965002,1
6442,3,1,0.9959847991330707,1
6443,3,0,0.1139914261146296,0
6444,0,0,0.2425440267270917,0
6445,3,1,0.9912214281820166,1
6446,1,0,0.08560724815366236,0
6447,4,1,0.4730427521608089,1
6448,4,1,0.4128019724970857,0
6449,4,1,0.9691647457498039,1
6450,4,1,0.8466872478694657,1
6451,4,1,0.8139006389233836,1
6452,4,0,0.23978155867123138,0
6453,3,1,0.8467505576988106,1
6454,2,0,0.7916821814907743,1
6455,2,0,0.1299336800731716,0
6456,2,1,0.7079249835147285,1
6457,2,1,0.41046394016907406,0
6458,2,0,0.7916821814907743,1
6459,2,1,0.6253569380132992,1
6460,1,0,0.09530315842382389,0
6461,1,1,0.909177933904801,1
6462,1,0,0.032665104961539605,0
6463,3,0,0.2956520559778996,0
6464,0,0,0.30916492887917646,0
6465,2,1,0.33768251452593673,0
6466,1,1,0.9778321948500437,1
6467,1,0,0.010435566621526041,0
6468,1,0,0.03691116151514103,0
6469,2,0,0.0010657298852658828,0
6470,2,1,0.959454689360966,1
6471,2,1,0.9616620812662595,1
6472,2,1,0.7340916802311633,1
6473,3,1,0.6096990146701174,1
6474,3,0,0.2583472523443942,0
6475,3,0,0.716132484873762,1
6476,1,0,0.640536113765208,1
6477,3,1,0.9793098394038084,1
6478,4,1,0.042280875291398276,0
6479,1,1,0.9689737617459838,1
6480,0,1,0.48042150000789374,1
6481,3,0,0.0643053717392869,0
6482,0,1,0.9921043961539538,1
6483,1,1,0.6706490756297364,1
6484,3,1,0.9916848644024046,1
6485,3,1,0.9957433069482581,1
6486,2,0,0.15690150201942316,0
6487,1,1,0.9844207939854467,1
6488,2,0,0.04727983364510786,0
6489,1,0,0.7095759905334981,1
6490,0,0,0.15087442063091847,0
6491,4,1,0.5429491241957451,1
6492,0,0,0.023051312077405173,0
6493,3,0,0.026676134462333627,0
6494,2,0,0.4374958619169119,0
6495,4,1,0.9636015237934191,1
6496,4,1,0.9668881915896375,1
6497,4,0,0.00435326434918924,0
6498,4,1,0.8917034259452886,1
6499,3,1,0.9725662059070366,1
6500,3,1,0.9791825693512609,1
6501,2,1,0.9318280311321364,1
6502,2,0,0.9259660272112838,1
6503,0,0,0.6613563208761938,1
6504,2,1,0.9361613554928395,1
6505,2,1,0.9844736257730177,1
6506,0,0,0.001038081390017936,0
6507,0,1,0.9807396657473394,1
6508,2,1,0.999989291550513,1
6509,2,0,0.03597144510838199,0
6510,1,0,0.024078938321621775,0
6511,4,0,0.5181443166717726,1
6512,2,1,0.9585378348948163,1
6513,2,1,0.2555286535164612,0
6514,0,1,0.9772710758241252,1
6515,2,0,0.016704418747726307,0
6516,0,0,0.5265585527832785,1
6517,1,1,0.9860125871298,1
6518,0,0,0.2567106158707888,0
6519,3,1,0.7684522403011088,1
6520,4,1,0.9877069853883955,1
6521,1,0,0.6999396324987451,1
6522,1,0,0.10739761458758401,0
6523,3,1,0.1975036004882322,0
6524,2,1,0.6970122462760933,1
6525,4,1,0.9948934696017601,1
6526,1,1,0.9778321948500437,1
6527,1,1,0.9940162238955674,1
6528,1,1,0.9409324358373256,1
6529,0,0,0.09157710619606972,0
6530,3,0,0.08559040071384905,0
6531,4,1,0.9966317842462521,1
6532,4,1,0.9966317842462521,1
6533,0,1,0.9761465914547812,1
6534,2,1,0.5792772070748547,1
6535,2,0,0.5589442319299645,1
6536,4,1,0.9554357755742643,1
6537,4,0,0.6335670808031585,1
6538,4,1,0.9846024597243044,1
6539,4,0,0.0404053583122155,0
6540,4,0,0.5076330817862037,1
6541,3,0,0.03538262301915708,0
6542,4,1,0.431399076079157,0
6543,4,1,0.29894656215635024,0
6544,3,0,0.6168263336823294,1
6545,4,1,0.9975426404844316,1
6546,0,1,0.6411844384070658,1
6547,0,0,0.025237716820726022,0
6548,3,0,0.746494168278296,1
6549,0,1,0.7079345072845389,1
6550,4,0,0.007203311722151475,0
6551,4,1,0.9877069853883955,1
6552,0,0,0.01850151345396251,0
6553,0,1,0.9939368281216026,1
6554,0,0,0.011188673790812384,0
6555,0,1,0.9851573586783341,1
6556,1,0,0.053651227050100204,0
6557,1,1,0.9990455854461877,1
6558,1,1,0.9981988243970874,1
6559,1,1,0.9985946612908804,1
6560,1,1,0.9991341369348734,1
6561,1,1,0.9987257919422294,1
6562,1,0,0.014471531196403377,0
6563,3,1,0.9076854123747786,1
6564,2,0,0.5583712262788875,1
6565,1,1,0.0607406419288284,0
6566,1,0,0.07540836305641306,0
6567,4,0,0.8750828324685165,1
6568,3,1,0.5079020147704139,1
6569,3,1,0.716132484873762,1
6570,3,1,0.5756316739831749,1
6571,4,1,0.9554357755742643,1
6572,3,1,0.9900326194213979,1
6573,0,1,0.6433791420115184,1
6574,2,1,0.8409309632813737,1
6575,0,0,0.05521645290232575,0
6576,1,1,0.9546941288270921,1
6577,1,0,0.1444989570374634,0
6578,3,1,0.8361223868756481,1
6579,1,1,0.9980888962388167,1
6580,2,1,0.9804090640686258,1
6581,3,1,0.996934431470316,1
6582,0,0,0.10723473896146814,0
6583,3,1,0.9955783373881356,1
6584,3,1,0.8137830560545167,1
6585,1,0,0.5999342874996803,1
6586,4,1,0.997899939285254,1
6587,4,1,0.997899939285254,1
6588,0,1,0.9229424096949361,1
6589,0,1,0.9680095002626196,1
6590,3,0,0.04904735315240424,0
6591,3,0,0.1487203715922765,0
6592,1,1,0.9784173089162057,1
6593,0,0,0.7729835202258091,1
6594,0,0,0.33023857081538976,0
6595,4,0,0.013900185044710318,0
6596,2,0,0.47357623875315286,1
6597,0,0,0.25811235686166134,0
6598,0,0,0.02109030416241168,0
6599,1,0,0.31904669477616177,0
6600,1,0,0.08922571946311057,0
6601,4,0,0.0031136657461229896,0
6602,1,0,0.08936528939394409,0
6603,2,1,0.9630005923725644,1
6604,2,1,0.9630005923725644,1
6605,2,1,0.9777259535046905,1
6606,2,1,0.9918546358526676,1
6607,2,1,0.9770233728035578,1
6608,2,0,0.031884130637214986,0
6609,0,0,0.04028543675418989,0
6610,4,0,0.06194879375005705,0
6611,2,1,0.6281292268802137,1
6612,4,1,0.959058847696711,1
6613,4,1,0.9452183545045606,1
6614,4,1,0.721559383111063,1
6615,2,0,0.2574204621869553,0
6616,0,1,0.10318063876025103,0
6617,3,0,0.19071709168080306,0
6618,2,1,0.5748600498611566,1
6619,3,0,0.03440582200985373,0
6620,3,1,0.9853710343262099,1
6621,3,0,0.08569790454715993,0
6622,0,0,0.8116351087881284,1
6623,3,1,0.9667746877419666,1
6624,4,0,0.10994691545624538,0
6625,4,1,0.9810075852760808,1
6626,3,0,0.07227261496549578,0
6627,0,0,0.002935630222122276,0
6628,0,1,0.9792871055582029,1
6629,4,0,0.40345737237123447,0
6630,4,0,0.6030088722136786,1
6631,4,1,0.6030088722136786,1
6632,3,1,0.9916848644024046,1
6633,3,0,0.009891710348479361,0
6634,1,0,0.5692926446913407,1
6635,3,0,0.1554765529975315,0
6636,0,0,0.09123009477343112,0
6637,4,0,0.04752394271960627,0
6638,4,0,0.11884003647780429,0
6639,1,0,0.039412283689574064,0
6640,0,1,0.9807396657473394,1
6641,1,0,0.654574494582104,1
6642,3,0,0.13704226079782142,0
6643,1,1,0.6211662959901582,1
6644,2,1,0.9694748788115078,1
6645,1,1,0.5147704197402455,1
6646,1,0,0.09708048719702755,0
6647,0,0,0.32059656560785516,0
6648,0,0,0.5370654731181683,1
6649,2,1,0.05043829796579312,0
6650,0,0,0.058650237226052414,0
6651,0,1,0.9797343269420478,1
6652,1,1,0.9544673062544501,1
6653,2,1,0.9804090640686258,1
6654,4,0,0.6511380947332845,1
6655,4,1,0.6030088722136786,1
6656,4,0,0.3442430357421584,0
6657,2,0,0.5447815718891906,1
6658,2,0,0.11270317709974535,0
6659,2,1,0.9468273168943828,1
6660,4,1,0.972530657435329,1
6661,3,1,0.9923392963263888,1
6662,3,0,0.12044735132014238,0
6663,2,1,0.9217243248956702,1
6664,1,0,0.01055111967803028,0
6665,3,1,0.8499812205812891,1
6666,3,1,0.9497789480884588,1
6667,3,1,0.9730223259487663,1
6668,0,1,0.8795133873081321,1
6669,0,0,0.7901590814167693,1
6670,2,1,0.5507853473805738,1
6671,4,0,0.2082356490096765,0
6672,3,0,0.07766566058833119,0
6673,1,1,0.6691224803965002,1
6674,0,0,0.0074347254634258625,0
6675,4,0,0.4170490324637502,0
6676,4,0,0.04600107494914326,0
6677,1,1,0.9712224089633611,1
6678,3,1,0.9798071058288357,1
6679,2,0,0.6389082240534023,1
6680,0,0,0.1595132677184385,0
6681,1,0,0.1671800067270965,0
6682,4,1,0.9761098273621636,1
6683,3,0,0.08275423284642695,0
6684,3,1,0.9667746877419666,1
6685,1,1,0.5403652695646337,1
6686,1,0,0.05063702118765439,0
6687,1,1,0.8489414041675065,1
6688,3,0,0.07817571338376429,0
6689,4,0,0.008296448059007512,0
6690,2,0,0.006730663350716249,0
6691,3,1,0.9892093083933671,1
6692,4,1,0.8971089443980164,1
6693,1,0,0.2626361192175646,0
6694,2,1,0.9541052162035295,1
6695,0,0,0.0940501247809701,0
6696,2,0,0.09901072578970098,0
6697,4,0,0.10352974794737717,0
6698,4,0,0.9761098273621636,1
6699,4,1,0.8728828930644934,1
6700,1,0,0.6353057197482285,1
6701,1,0,0.44101316592443573,0
6702,2,1,0.9318280311321364,1
6703,2,1,0.9466251677945252,1
6704,2,0,0.42536326714352124,0
6705,2,0,0.5989525089705259,1
6706,3,0,0.39765644349418755,0
6707,4,0,0.5504055261661048,1
6708,4,1,0.7288283892052424,1
6709,2,0,0.13044802688314744,0
6710,3,1,0.9942656988401044,1
6711,3,1,0.9796313685487464,1
6712,1,0,0.22807304805071618,0
6713,2,0,0.1783629187514194,0
6714,2,1,0.998518651263547,1
6715,2,1,0.997752937882795,1
6716,1,0,0.08805153536854687,0
6717,2,1,0.6253569380132992,1
6718,0,0,0.236877320212675,0
6719,1,1,0.44574977861592685,0
6720,2,0,0.31101471877058307,0
6721,1,1,0.5810454231885394,1
6722,1,1,0.3784529429960916,0
6723,3,0,0.716132484873762,1
6724,4,1,0.8851915744726645,1
6725,0,1,0.7661115304978574,1
6726,0,1,0.9979938291286122,1
6727,0,0,0.6554308989468913,1
6728,0,1,0.997502534637423,1
6729,2,1,0.9989868838918778,1
6730,2,0,0.8863101727715135,1
6731,2,0,0.009315838318432282,0
6732,2,0,0.0249461030260915,0
6733,2,1,0.6096879592114056,1
6734,2,0,0.06020911939295772,0
6735,1,0,0.003822340145978491,0
6736,1,1,0.9501794857571764,1
6737,4,1,0.3833548918221304,0
6738,0,1,0.9916729963250777,1
6739,3,0,0.005506479082060621,0
6740,2,0,0.10503634010743891,0
6741,4,0,0.14010269047647972,0
6742,2,0,0.0929431511287833,0
6743,2,1,0.10309577197418042,0
6744,4,0,0.14732719833609484,0
6745,0,0,0.728899871604999,1
6746,4,1,0.9845039673845618,1
6747,4,0,0.8153769271513235,1
6748,3,0,0.0401252205122536,0
6749,1,0,0.14351702739357214,0
6750,1,1,0.9970864195526307,1
6751,1,1,0.9970864195526307,1
6752,1,0,0.12125412910480252,0
6753,3,0,0.5619323387822902,1
6754,3,1,0.9380695301025057,1
6755,1,0,0.001250783472098022,0
6756,1,1,0.984744783717201,1
6757,1,0,0.03153613765288604,0
6758,3,0,0.7421676576635692,1
6759,3,0,0.11741744810285326,0
6760,1,1,0.7772975834004006,1
6761,0,0,0.5240176326738287,1
6762,3,0,0.08088081512554789,0
6763,1,0,0.18713537914132483,0
6764,1,1,0.18368347168886456,0
6765,1,0,0.45085287532135,0
6766,4,0,0.15292584503538081,0
6767,1,0,0.6600387373340848,1
6768,1,1,0.22579794655113425,0
6769,0,1,0.9939193245569445,1
6770,0,0,0.025017817210331257,0
6771,4,1,0.8728828930644934,1
6772,4,1,0.949831627005307,1
6773,4,0,0.04187283781301845,0
6774,3,1,0.7921709393396889,1
6775,3,1,0.1528856243979325,0
6776,3,1,0.4893341282055447,1
6777,3,1,0.21632039807767334,0
6778,4,1,0.9568363529994799,1
6779,1,0,0.05481961161087028,0
6780,0,1,0.9989462168563443,1
6781,4,1,0.6030088722136786,1
6782,2,0,0.1554684648442525,0
6783,3,0,0.038128340473764996,0
6784,1,1,0.9903212277733294,1
6785,3,0,0.003918707607067584,0
6786,4,1,0.8980951070272363,1
6787,4,1,0.8699425303972559,1
6788,0,0,0.7984747004634042,1
6789,2,1,0.6045376652240646,1
6790,3,1,0.7965992404818203,1
6791,4,0,0.4120657745546382,0
6792,4,1,0.9938889715738575,1
6793,4,0,0.617214193576968,1
6794,4,1,0.9927954544383621,1
6795,1,0,0.072953711753182,0
6796,1,1,0.6914672674200989,1
6797,3,0,0.0804541364345438,0
6798,1,1,0.980575114704799,1
6799,4,0,0.1152155474750091,0
6800,1,1,0.9490296199509286,1
6801,3,1,0.975485623327502,1
6802,3,0,0.16321326583424628,0
6803,3,0,0.004099392577003907,0
6804,0,1,0.728899871604999,1
6805,2,1,0.9630005923725644,1
6806,2,0,0.0009399928188928123,0
6807,2,1,0.9804090640686258,1
6808,4,1,0.9811736599977052,1
6809,0,1,0.9778538500933993,1
6810,1,0,0.3399358724571986,0
6811,0,1,0.9724826066007568,1
6812,2,1,0.12069031155658355,0
6813,1,0,0.1586466873084016,0
6814,3,0,0.790939601137672,1
6815,3,0,0.400984221309304,0
6816,2,1,0.9886644402501276,1
6817,3,0,0.11400317423900035,0
6818,1,1,0.5470439388401707,1
6819,3,0,0.0671992557774141,0
6820,1,0,0.19053164896053712,0
6821,1,1,0.640536113765208,1
6822,3,1,0.5079020147704139,1
6823,0,0,0.11612240910760543,0
6824,0,0,0.35834541153889693,0
6825,4,1,0.709601192775191,1
6826,2,1,0.9781191728964928,1
6827,1,1,0.7793133822181472,1
6828,3,1,0.37291712703402563,0
6829,3,1,0.9337838886029477,1
6830,2,1,0.9630005923725644,1
6831,2,0,0.9842972610149793,1
6832,2,1,0.9834601949108172,1
6833,1,0,0.016731910581297447,0
6834,2,1,0.9807312208606348,1
6835,2,0,0.0006652967963792816,0
6836,4,0,0.06793702995240208,0
6837,1,1,0.9619439229796249,1
6838,0,0,0.10137568961330844,0
6839,2,0,0.032667125430983504,0
6840,2,0,0.0414320650114376,0
6841,3,0,0.057075742025802366,0
6842,4,1,0.9461201847941457,1
6843,3,0,0.01714853245953182,0
6844,4,0,0.5224676418663066,1
6845,1,0,0.05936941982497058,0
6846,2,0,0.12396857673364332,0
6847,0,1,0.5742572693858782,1
6848,2,0,0.035774168276379,0
6849,3,1,0.915044525150798,1
6850,3,1,0.9669723556872767,1
6851,4,1,0.9977446476898116,1
6852,4,0,0.017942165817991892,0
6853,4,0,0.06805858547668044,0
6854,2,0,0.05608969226912283,0
6855,1,1,0.9940162238955674,1
6856,0,1,0.9668862689942542,1
6857,0,0,0.23441303040486772,0
6858,4,1,0.22796221381281834,0
6859,2,0,0.41046394016907406,0
6860,1,0,0.35616953215491703,0
6861,3,1,0.8382855096619395,1
6862,4,0,0.07208867607334085,0
6863,1,1,0.16748573399273417,0
6864,4,1,0.11341388914978535,0
6865,2,0,0.12196885073556755,0
6866,4,1,0.6511380947332845,1
6867,3,1,0.9945542360344721,1
6868,3,1,0.9210786572838969,1
6869,0,0,0.09210281024140597,0
6870,0,1,0.6625173390799413,1
6871,0,0,0.15921170814065985,0
6872,0,1,0.8931767195425049,1
6873,4,0,0.22206883896988594,0
6874,3,0,0.37623370099497444,0
6875,2,1,0.9541341342339438,1
6876,4,1,0.5133464402962545,1
6877,2,1,0.9901478965390526,1
6878,0,0,0.00248961449072743,0
6879,4,1,0.8562587665757273,1
6880,3,0,0.4275515214302864,0
6881,0,1,0.9901094980565646,1
6882,3,1,0.1699887199607573,0
6883,3,1,0.9795799308051084,1
6884,3,1,0.9795799308051084,1
6885,3,1,0.9838131335679636,1
6886,3,0,0.007990276421636314,0
6887,3,0,0.15660048152469463,0
6888,4,0,0.6921546050148052,1
6889,4,0,0.05272107733772239,0
6890,3,0,0.7687599613580477,1
6891,2,1,0.24806174185370317,0
6892,2,1,0.9836749997065204,1
6893,3,1,0.9813842622922612,1
6894,0,0,0.027741385659143407,0
6895,1,0,0.04050909191355861,0
6896,4,1,0.9763157492868987,1
6897,2,1,0.9318280311321364,1
6898,0,1,0.7560029784974968,1
6899,2,0,0.056523862537134054,0
6900,2,0,0.05949687060167698,0
6901,2,0,0.05035548750605742,0
6902,4,0,0.5435132192557062,1
6903,2,0,0.025985066480717398,0
6904,1,1,0.7879551942154389,1
6905,4,0,0.11998870923961583,0
6906,1,1,0.9843529320939813,1
6907,0,0,0.01019221615246495,0
6908,0,0,0.11240163450414009,0
6909,1,1,0.9009047725648147,1
6910,1,0,0.033590700562169624,0
6911,2,1,0.07459507254399894,0
6912,1,0,0.068106180618467,0
6913,3,0,0.1787253637279075,0
6914,4,0,0.18192140814116203,0
6915,1,0,0.0776139003031302,0
6916,2,0,0.7437183860949486,1
6917,4,0,0.055869088893759015,0
6918,4,0,0.6715796515981096,1
6919,4,0,0.0004178702801082241,0
6920,4,0,0.3119383943689901,0
6921,2,0,0.0005245123537970436,0
6922,2,0,0.01749676172846914,0
6923,4,1,0.977004170209341,1
6924,0,1,0.07806359317446718,0
6925,1,0,0.07977325043709574,0
6926,4,0,0.037524576607925055,0
6927,3,0,0.10602486425471296,0
6928,4,0,0.16706290282367237,0
6929,3,1,0.9682353516779791,1
6930,1,1,0.9899280966631949,1
6931,1,0,0.026101751025049472,0
6932,1,1,0.996451533679285,1
6933,4,1,0.025267711233153793,0
6934,3,0,0.676086202197382,1
6935,3,1,0.6096990146701174,1
6936,1,0,0.08514715486326029,0
6937,4,1,0.9316277256644798,1
6938,2,1,0.9632649894155565,1
6939,3,1,0.9904713092900813,1
6940,3,1,0.9896796859304411,1
6941,1,0,0.7867500111370457,1
6942,3,0,0.07587577480365217,0
6943,4,0,0.04919878603771381,0
6944,4,0,0.03417838060013668,0
6945,0,0,0.07897822305677234,0
6946,4,1,0.7448343681646882,1
6947,3,0,0.020061695844954156,0
6948,2,1,0.9809006165258318,1
6949,2,1,0.9262797103822373,1
6950,1,0,0.7353741538125207,1
6951,0,0,0.8571578628393106,1
6952,3,0,0.09499865615010164,0
6953,2,1,0.9905134048748824,1
6954,4,1,0.9612035861120042,1
6955,0,0,0.06360818435488537,0
6956,2,0,0.6045376652240646,1
6957,0,0,0.6625173390799413,1
6958,4,0,0.11637540719910758,0
6959,4,0,0.543803099578114,1
6960,2,1,0.99810115561208,1
6961,2,1,0.9955587910903744,1
6962,2,0,0.32195103484600746,0
6963,2,0,0.1908384696402095,0
6964,4,1,0.9971783756799254,1
6965,4,1,0.9973715591806112,1
6966,4,1,0.9985183898640209,1
6967,2,1,0.18213078037777847,0
6968,3,0,0.12652765994013485,0
6969,1,0,0.3563056384216659,0
6970,2,1,0.9616564120728315,1
6971,2,1,0.9988411483442144,1
6972,1,0,0.2860254290606188,0
6973,1,1,0.6774285805574488,1
6974,2,0,0.7931432572012317,1
6975,2,0,0.6443190197359042,1
6976,0,1,0.48364052568363136,1
6977,4,0,0.10638717675313458,0
6978,0,0,0.010575073040287764,0
6979,4,1,0.9896729257228739,1
6980,1,1,0.622788294459317,1
6981,0,1,0.5817966154302134,1
6982,3,0,0.1445903759174688,0
6983,3,1,0.40139970852583856,0
6984,3,0,0.06764597445862919,0
6985,0,1,0.9040899912201168,1
6986,0,0,0.028039382644723686,0
6987,4,0,0.03483433472987002,0
6988,2,0,0.15475377424970332,0
6989,2,0,0.7371856921678861,1
6990,0,1,0.9534083870396176,1
6991,4,1,0.9845039673845618,1
6992,2,0,0.27340168052762615,0
6993,0,1,0.9987181469441577,1
6994,0,1,0.9969290984104795,1
6995,0,1,0.9965615148312977,1
6996,0,1,0.6990839892984657,1
6997,2,0,0.873079122826945,1
6998,4,0,0.6576548138455672,1
6999,2,0,0.615149568326634,1
7000,2,0,0.6183806427108481,1
7001,4,0,0.06671480189629542,0
7002,4,0,0.05137142809904621,0
7003,2,0,0.09426623531395684,0
7004,3,0,0.1281216653420761,0
7005,4,0,0.03792103801307194,0
7006,4,1,0.996098105356203,1
7007,4,1,0.9596378518642005,1
7008,4,1,0.9977446476898116,1
7009,1,1,0.9981988243970874,1
7010,4,1,0.3200125031011919,0
7011,3,1,0.5464511952126848,1
7012,0,0,0.014504844379974274,0
7013,4,0,0.5377963866433243,1
7014,4,0,0.337233603593364,0
7015,4,1,0.14286069696110137,0
7016,0,1,0.9807396657473394,1
7017,2,1,0.7018144530401716,1
7018,3,1,0.520000578126966,1
7019,2,1,0.9832754606674922,1
7020,3,1,0.9869521633487638,1
7021,3,1,0.9823115207908337,1
7022,4,0,0.03437495405916155,0
7023,4,1,0.9994442657196153,1
7024,4,1,0.9884689206306517,1
7025,2,0,0.016828273683814333,0
7026,4,1,0.042179953645842656,0
7027,1,1,0.8004877253896896,1
7028,2,0,0.08356682945609181,0
7029,3,0,0.027754024191249223,0
7030,4,1,0.13167108244090273,0
7031,4,0,0.01872354497833831,0
7032,4,1,0.7558086938800093,1
7033,2,1,0.6601254498382826,1
7034,3,1,0.9207684467602312,1
7035,3,0,0.3101162488179072,0
7036,2,0,0.9161987932730887,1
7037,0,1,0.9982748390183314,1
7038,0,0,0.03923330218089718,0
7039,0,1,0.9977139488191273,1
7040,0,1,0.8548666626954948,1
7041,3,1,0.5783051212353604,1
7042,3,0,0.04729709656567494,0
7043,1,0,0.07887744255150585,0
7044,1,1,0.9399966400863446,1
7045,0,1,0.9970412523413662,1
7046,0,1,0.9496470233367458,1
7047,2,0,0.11104517949223387,0
7048,2,0,0.00017665430774567708,0
7049,2,1,0.9958552506227807,1
7050,2,1,0.9958552506227807,1
7051,1,0,0.4723391786447998,0
7052,0,0,0.8018271450647568,1
7053,0,1,0.6041918757953486,1
7054,0,1,0.7972321100297614,1
7055,2,0,0.18963043437550475,0
7056,1,0,0.27335043905579626,0
7057,1,0,0.0864932161848082,0
7058,3,0,0.45976009180665955,0
7059,2,0,0.716638585371707,1
7060,2,0,0.023427346178843126,0
7061,0,0,0.9939368281216026,1
7062,0,1,0.9959808417446232,1
7063,2,0,0.07666623741860584,0
7064,3,1,0.9511598279689615,1
7065,3,0,0.010754604585118791,0
7066,1,0,0.09538314585953563,0
7067,2,0,0.1555403173570388,0
7068,1,0,0.11972186769056613,0
7069,3,1,0.0919652824704456,0
7070,0,1,0.5692413091626931,1
7071,0,1,0.6406940911258372,1
7072,0,0,0.013626421970247838,0
7073,0,1,0.9989465343796021,1
7074,0,1,0.5339980855388841,1
7075,3,1,0.612043409225748,1
7076,0,1,0.9970412523413662,1
7077,0,1,0.9987632946761216,1
7078,3,1,0.6348433200524506,1
7079,4,0,0.1647547664652082,0
7080,1,1,0.13754861503381988,0
7081,3,1,0.9798071058288357,1
7082,2,0,0.006652031861775447,0
7083,2,0,0.3225361750853692,0
7084,0,0,0.18643313152420193,0
7085,1,0,0.49314901401105643,1
7086,1,0,0.14879719169885292,0
7087,4,0,0.6086206312197912,1
7088,0,1,0.5835799629321674,1
7089,1,1,0.7097894463160574,1
7090,0,1,0.5192511529196333,1
7091,2,0,0.09946444855742176,0
7092,2,0,0.11469238872005627,0
7093,0,1,0.904525667017326,1
7094,0,0,0.16756137167350077,0
7095,2,1,0.9823995505186485,1
7096,0,1,0.5559750161189263,1
7097,0,1,0.9931645289511598,1
7098,0,0,0.002902753847065428,0
7099,0,1,0.981799354866228,1
7100,3,0,0.7869819461517169,1
7101,3,0,0.09668154020026389,0
7102,1,0,0.005204817127779794,0
7103,0,0,0.07962395387314945,0
7104,0,0,0.6808774819442945,1
7105,4,0,0.635321648421018,1
7106,0,1,0.998467102719858,1
7107,2,1,0.9530151421629094,1
7108,2,0,0.13972288173713734,0
7109,2,0,0.40846596249140765,0
7110,3,0,0.22434562846943254,0
7111,4,1,0.034676680212051385,0
7112,4,1,0.6086206312197912,1
7113,2,1,0.9733508389289058,1
7114,4,1,0.946761123056392,1
7115,4,1,0.9959444663270937,1
7116,4,0,0.4509307056514744,0
7117,4,1,0.9988908810446957,1
7118,4,0,0.08186816096201342,0
7119,4,1,0.9990856900190234,1
7120,4,1,0.9968883541630644,1
7121,2,1,0.24682735625473695,0
7122,1,1,0.6256621311747262,1
7123,1,1,0.4691754747736217,0
7124,1,0,0.018456412346754398,0
7125,4,1,0.9990537095420796,1
7126,4,1,0.6938370787022995,1
7127,2,1,0.9988411483442144,1
7128,2,1,0.9976967890540871,1
7129,2,1,0.4284732300063559,0
7130,3,0,0.061467965688309374,0
7131,1,0,0.1351351706116825,0
7132,4,1,0.9824295413458479,1
7133,4,0,0.18928858310590294,0
7134,1,0,0.01714402770915152,0
7135,4,1,0.9817933890068015,1
7136,0,1,0.9939368281216026,1
7137,4,0,0.012330612277730975,0
7138,4,1,0.8847294056578163,1
7139,4,1,0.9938889715738575,1
7140,3,1,0.7123109121625684,1
7141,0,1,0.05451241210485661,0
7142,3,0,0.1962077415452442,0
7143,0,1,0.9874364978458107,1
7144,3,0,0.06540439518384483,0
7145,2,0,0.05575779340453244,0
7146,1,1,0.9973127031214778,1
7147,2,0,0.15678921781857963,0
7148,4,0,0.06836705447758762,0
7149,0,1,0.9339427824869433,1
7150,2,1,0.920459474380634,1
7151,0,0,0.02280035131718068,0
7152,1,0,0.10712221206949413,0
7153,3,0,0.045920334255107526,0
7154,1,0,0.01413297105154229,0
7155,2,0,0.01815579705548621,0
7156,4,1,0.6086206312197912,1
7157,1,1,0.9980888962388167,1
7158,4,1,0.9983421648265061,1
7159,3,1,0.40139970852583856,0
7160,2,1,0.11952930148267585,0
7161,4,0,0.0007488932893743421,0
7162,4,1,0.9795077788411823,1
7163,4,1,0.635321648421018,1
7164,3,1,0.996613277954506,1
7165,3,0,0.4357086855288538,0
7166,3,1,0.9998063107623195,1
7167,1,0,0.05932067604415738,0
7168,3,1,0.5464511952126848,1
7169,1,1,0.5468693952489992,1
7170,1,0,0.6716519009539111,1
7171,1,1,0.6596346087469823,1
7172,0,1,0.1963261152092127,0
7173,1,0,0.5468693952489992,1
7174,4,1,0.9983421648265061,1
7175,0,0,0.6808774819442945,1
7176,3,1,0.996934431470316,1
7177,4,1,0.6458238106296729,1
7178,3,1,0.46147236704344413,0
7179,2,1,0.9885516770045298,1
7180,1,1,0.9857456466732468,1
7181,2,0,0.18069655350850355,0
7182,0,1,0.9939368281216026,1
7183,1,0,0.07184847381848418,0
7184,0,0,0.01864748868335914,0
7185,4,0,0.6780574352190755,1
7186,1,0,0.026183628127792333,0
7187,1,1,0.5321889374275675,1
7188,2,0,0.5049639282369438,1
7189,1,0,0.0008561636864018749,0
7190,1,0,0.6225732503991961,1
7191,0,1,0.6150165758187803,1
7192,2,1,0.9962125412440572,1
7193,1,0,0.16461741059892773,0
7194,1,0,0.3588471501276549,0
7195,4,0,0.07343839323376157,0
7196,3,1,0.19037252078400982,0
7197,3,1,0.9869521633487638,1
7198,2,0,0.3489444726194471,0
7199,2,1,0.8459264573649119,1
7200,2,1,0.7328368837574875,1
7201,0,0,0.0484055264831272,0
7202,1,0,0.010615086520872508,0
7203,2,0,0.13037820204301362,0
7204,3,1,0.9351274703816943,1
7205,3,1,0.996934431470316,1
7206,1,1,0.23542423839092871,0
7207,0,1,0.6365385249234184,1
7208,2,0,0.21548675348155363,0
7209,4,0,0.5569805550882786,1
7210,0,1,0.5269056970537341,1
7211,0,1,0.6808774819442945,1
7212,2,0,0.0006657850277900045,0
7213,2,0,0.009850229510817852,0
7214,1,0,0.33885779289763773,0
7215,0,0,0.10215208234338742,0
7216,0,0,0.6406940911258372,1
7217,0,1,0.8238417261452379,1
7218,3,0,0.080625239571842,0
7219,3,1,0.9967404316347622,1
7220,3,1,0.9888696108992946,1
7221,1,0,0.01143692322634447,0
7222,4,0,0.10851605627652502,0
7223,1,1,0.9849060764351041,1
7224,4,0,0.0514092668693304,0
7225,0,1,0.5265585527832785,1
7226,4,0,0.40762896202624316,0
7227,2,1,0.9713775277085112,1
7228,0,1,0.9740407521999341,1
7229,2,0,0.2630363121690123,0
7230,0,1,0.6325694457908396,1
7231,3,0,0.016258782116783048,0
7232,0,1,0.9940308535146256,1
7233,4,1,0.9840807628242596,1
7234,0,0,0.026565466659275824,0
7235,3,1,0.9798071058288357,1
7236,4,0,0.12319486202506437,0
7237,3,0,0.5322309730649496,1
7238,1,0,0.5805753794356078,1
7239,2,1,0.9852088068231142,1
7240,2,1,0.9849325412997728,1
7241,3,0,0.17982661916636225,0
7242,3,0,0.9045018600879481,1
7243,3,1,0.9888696108992946,1
7244,2,1,0.9925173075035639,1
7245,3,0,0.46053477870402953,0
7246,3,0,0.7189288129310991,1
7247,3,0,0.12473470420551483,0
7248,1,1,0.963066988722696,1
7249,1,0,0.44985345978598895,0
7250,0,1,0.9946779801448092,1
7251,2,0,0.088892690925864,0
7252,1,0,0.674714034078479,1
7253,2,1,0.4197857296881265,0
7254,0,1,0.796208756964119,1
7255,0,1,0.9949045581283023,1
7256,0,1,0.9390485177172462,1
7257,4,0,0.3602005944333822,0
7258,1,1,0.11799263866625977,0
7259,0,1,0.6984260412814631,1
7260,1,0,0.03971995121975764,0
7261,2,0,0.11944861010682527,0
7262,3,1,0.6316455059812768,1
7263,0,1,0.1106263412586336,0
7264,1,0,0.29223531233164923,0
7265,3,0,0.08101904021524875,0
7266,2,0,0.17243779030045284,0
7267,3,1,0.42486869382544373,0
7268,4,1,0.5569805550882786,1
7269,2,1,0.23227114940245935,0
7270,1,0,0.001708492248786414,0
7271,0,0,0.0012899995419287874,0
7272,4,1,0.565510843928671,1
7273,1,0,0.04309048161329521,0
7274,4,0,0.5686582619895845,1
7275,0,1,0.4742617413454216,1
7276,2,0,0.016272166769455657,0
7277,2,0,0.02574174407185675,0
7278,1,1,0.9903212277733294,1
7279,1,1,0.9850026364893757,1
7280,1,0,0.09023766089587852,0
7281,1,0,0.015517200851756372,0
7282,4,0,0.8316353556915053,1
7283,4,1,0.9893623769061095,1
7284,1,0,0.11071973023541772,0
7285,0,0,0.1543023176529145,0
7286,1,0,0.7179054758463608,1
7287,1,0,0.1594145227221282,0
7288,1,1,0.9813536602062152,1
7289,1,0,0.15890990588920084,0
7290,0,0,0.058765861684269956,0
7291,3,0,0.1831656528142857,0
7292,4,1,0.5569805550882786,1
7293,1,0,0.23196083233326092,0
7294,3,0,0.09589647940019852,0
7295,0,0,0.6365385249234184,1
7296,0,1,0.6856276451785508,1
7297,4,0,0.33407292844491493,0
7298,3,0,0.4738059975448802,1
7299,1,0,0.07297067002580586,0
7300,0,1,0.9939368281216026,1
7301,0,1,0.9939368281216026,1
7302,1,0,0.12431378018244955,0
7303,3,0,0.046165962680912054,0
7304,1,0,0.1711153601947688,0
7305,3,1,0.4800475212708149,1
7306,1,1,0.4157467533515334,0
7307,2,0,0.515076677461998,1
7308,3,1,0.30367328726434334,0
7309,2,0,0.04818996349836811,0
7310,4,0,0.039252843429787014,0
7311,0,0,0.6898909810998936,1
7312,2,1,0.6144220987099582,1
7313,3,1,0.6316455059812768,1
7314,3,1,0.7290833346527017,1
7315,3,0,0.08849206013150232,0
7316,3,0,0.5322309730649496,1
7317,2,0,0.04251039334878835,0
7318,4,0,0.20441416468497392,0
7319,1,0,0.051967056614245805,0
7320,1,1,0.621232047359823,1
7321,4,0,0.23214553052901477,0
7322,4,0,0.6603153491875826,1
7323,1,1,0.9937198121503683,1
7324,1,1,0.968908448273443,1
7325,4,0,0.2673903110879063,0
7326,4,0,0.08125034944525136,0
7327,4,0,0.00019285355976132135,0
7328,4,0,0.14811468917721704,0
7329,3,1,0.38103934540414175,0
7330,0,1,0.9828150942307607,1
7331,3,1,0.9941533092416565,1
7332,3,0,0.12320145558643514,0
7333,0,0,0.20213781253222263,0
7334,3,1,0.9828023781320864,1
7335,4,0,0.09571414620417844,0
7336,0,0,0.6222476779307504,1
7337,2,1,0.9805613291621407,1
7338,0,0,0.04262533403438537,0
7339,3,0,0.1320001973798967,0
7340,3,0,0.0462558895432447,0
7341,3,1,0.9958051809378206,1
7342,0,0,0.14675790972366345,0
7343,3,0,0.027281364215504735,0
7344,0,0,0.1252838514011055,0
7345,0,0,0.15482193497685923,0
7346,2,1,0.3082385217888185,0
7347,2,0,0.5944572895281522,1
7348,4,1,0.841017341308055,1
7349,1,1,0.9441738433748477,1
7350,2,1,0.9979496746481047,1
7351,2,1,0.9971215339357331,1
7352,2,1,0.9988411483442144,1
7353,3,0,0.007680696660067625,0
7354,2,0,0.019693356147928498,0
7355,0,1,0.9672815972937584,1
7356,0,1,0.5742572693858782,1
7357,0,0,0.4709705053072774,0
7358,0,0,0.0072437331207511795,0
7359,3,0,0.23373499643565968,0
7360,0,0,0.4709705053072774,0
7361,0,1,0.5406857477943985,1
7362,0,1,0.5831905116963504,1
7363,3,0,0.29687756032562523,0
7364,3,1,0.6431925343332616,1
7365,0,1,0.9971037267002912,1
7366,2,0,0.5688141674092412,1
7367,2,0,0.094809165321384,0
7368,3,0,0.13192148773593912,0
7369,4,0,0.24712442599739873,0
7370,4,0,0.5604724950899448,1
7371,4,1,0.3197688715023741,0
7372,3,1,0.5194912787809787,1
7373,1,0,0.024176093055314627,0
7374,1,1,0.4955998259443796,1
7375,2,0,0.03189195956744854,0
7376,1,1,0.6609006408532286,1
7377,0,1,0.9905757317898716,1
7378,2,0,0.16631479670587881,0
7379,4,1,0.7983299454167619,1
7380,1,1,0.7005921110571087,1
7381,4,1,0.7754405946742909,1
7382,4,0,0.12342693564129016,0
7383,3,1,0.46839810950948285,0
7384,3,1,0.43621371456059505,0
7385,2,0,0.06454062196878334,0
7386,0,1,0.9990821622643035,1
7387,1,0,0.6217278887370136,1
7388,1,0,0.08345715473741973,0
7389,1,1,0.5468693952489992,1
7390,2,1,0.9807213139331563,1
7391,1,0,0.3406434279339248,0
7392,1,1,0.7097894463160574,1
7393,1,0,0.5505284415213484,1
7394,1,0,0.25647420247232966,0
7395,2,0,0.05068953785720911,0
7396,0,1,0.6509354155286423,1
7397,0,1,0.45659245058484355,0
7398,3,0,0.5665168109625071,1
7399,3,1,0.9946833786545223,1
7400,3,0,0.1006806062836105,0
7401,1,1,0.9819272012076183,1
7402,0,1,0.9971037267002912,1
7403,1,0,0.330752515059369,0
7404,4,1,0.6086206312197912,1
7405,4,0,0.4921071150271645,1
7406,4,0,0.039041705616839416,0
7407,4,1,0.07184265167417167,0
7408,3,0,0.5194912787809787,1
7409,0,1,0.9921358280131892,1
7410,0,0,0.5090944335733212,1
7411,4,1,0.9812799019858349,1
7412,1,0,0.014962043619975681,0
7413,3,0,0.14005438828075203,0
7414,1,0,0.08583809107014098,0
7415,0,0,0.027211369918208744,0
7416,3,1,0.6832036014503228,1
7417,4,1,0.04468709051086189,0
7418,0,0,0.29791653771621973,0
7419,3,0,0.19037252078400982,0
7420,3,1,0.4018962961514017,0
7421,4,0,0.24031819469298163,0
7422,4,1,0.9937518925034603,1
7423,0,0,0.36941158552754627,0
7424,1,0,0.2478047917955135,0
7425,0,0,0.004137204479400388,0
7426,4,1,0.9869614575573947,1
7427,4,1,0.9873116107541579,1
7428,0,0,0.0016165430647888735,0
7429,0,1,0.9807396657473394,1
7430,2,1,0.9858520159290819,1
7431,4,1,0.23047457133355104,0
7432,1,0,0.08799348981167666,0
7433,0,0,0.0071393096559638465,0
7434,3,0,0.6603164932518711,1
7435,3,1,0.40139970852583856,0
7436,2,1,0.9156742527508769,1
7437,3,1,0.40139970852583856,0
7438,4,0,0.027606639588708487,0
7439,0,0,0.03555116083682245,0
7440,0,0,0.15696706908976968,0
7441,0,0,0.061807383218976844,0
7442,4,1,0.7027264178934299,1
7443,1,1,0.335291765784506,0
7444,4,0,0.03030585533085782,0
7445,3,0,0.01470098582923267,0
7446,3,0,0.10194856468448513,0
7447,2,1,0.5530529739774602,1
7448,0,1,0.9332566484593863,1
7449,4,1,0.9840807628242596,1
7450,4,0,0.010236634218649645,0
7451,3,1,0.9819868002567202,1
7452,0,0,0.23723035124565803,0
7453,0,0,0.08679893902534638,0
7454,4,1,0.7027264178934299,1
7455,2,0,0.10878848077703081,0
7456,4,0,0.03595906216658457,0
7457,4,0,0.9626291320152028,1
7458,4,1,0.9668881915896375,1
7459,3,1,0.9783614436211427,1
7460,2,1,0.9906902240098188,1
7461,2,1,0.9842796843148742,1
7462,2,1,0.16197281001566652,0
7463,2,1,0.9906902240098188,1
7464,2,1,0.16642797879458615,0
7465,3,0,0.15611401403795735,0
7466,4,0,0.008819335320412873,0
7467,4,1,0.9962603723160607,1
7468,4,0,0.6603153491875826,1
7469,0,1,0.6668747006883294,1
7470,3,1,0.9690437300026005,1
7471,3,1,0.9904149819947748,1
7472,4,0,0.039993619809924434,0
7473,2,1,0.9823960366387278,1
7474,3,0,0.23015838426245913,0
7475,0,1,0.9904065955792165,1
7476,2,1,0.535710613841404,1
7477,2,1,0.6601254498382826,1
7478,4,1,0.9896729257228739,1
7479,1,1,0.9920609537732327,1
7480,2,0,0.10784406615179945,0
7481,2,1,0.7163998617213181,1
7482,2,0,0.023544325898903234,0
7483,2,0,0.16756319906534325,0
7484,2,0,0.022535115326083443,0
7485,4,1,0.02587324140902171,0
7486,4,1,0.9944015212489062,1
7487,1,1,0.9819272012076183,1
7488,4,0,0.3186012344371938,0
7489,1,1,0.9819272012076183,1
7490,3,1,0.6566744334906431,1
7491,2,1,0.9831045025265498,1
7492,2,0,0.0007668148714535173,0
7493,2,1,0.9905736541349576,1
7494,0,0,0.03049775258605729,0
7495,4,0,0.11388673299093606,0
7496,3,1,0.9848288857859172,1
7497,1,0,0.1288469311663303,0
7498,4,0,0.4921071150271645,1
7499,3,1,0.7425908868694433,1
7500,3,1,0.9502485912916386,1
7501,0,0,0.8887934082074536,1
7502,3,1,0.6606086030321228,1
7503,4,1,0.9856378932211309,1
7504,0,0,0.5130216314879461,1
7505,4,0,0.5622560313547317,1
7506,0,0,0.07307890961981843,0
7507,4,0,0.6603153491875826,1
7508,1,1,0.9884756798417546,1
7509,2,1,0.9508607781727166,1
7510,2,1,0.9506401092699395,1
7511,1,0,0.4098240553189656,0
7512,1,0,0.07001968294874941,0
7513,1,1,0.981140619179961,1
7514,0,0,0.07809688536454686,0
7515,0,0,0.07537955522650708,0
7516,2,0,0.29372076877000364,0
7517,4,1,0.9989671651993598,1
7518,4,1,0.9989671651993598,1
7519,0,0,0.6668747006883294,1
7520,1,1,0.9950539245552535,1
7521,1,1,0.44071362667158176,0
7522,1,1,0.05921774470986255,0
7523,1,1,0.9715603972759681,1
7524,4,1,0.565510843928671,1
7525,1,0,0.037846140770228937,0
7526,3,0,0.12870454812697366,0
7527,3,1,0.756830005076606,1
7528,3,1,0.7290833346527017,1
7529,3,0,0.5322309730649496,1
7530,3,0,0.33585530638250904,0
7531,1,0,0.044221625236615984,0
7532,2,0,0.0212694610878962,0
7533,3,0,0.42919590037982547,0
7534,4,0,0.2189009979641878,0
7535,4,1,0.9837296279896413,1
7536,0,1,0.9771166947065328,1
7537,0,1,0.9904065955792165,1
7538,4,0,0.035291328514070484,0
7539,2,0,0.017292690586558933,0
7540,0,0,0.06849978845001266,0
7541,0,1,0.9929550738265995,1
7542,1,0,0.7092769866638571,1
7543,2,1,0.9689457586769559,1
7544,3,1,0.7921709393396889,1
7545,3,0,0.4893341282055447,1
7546,1,1,0.9819272012076183,1
7547,4,0,0.07398408273215056,0
7548,0,0,0.2652047380230151,0
7549,1,1,0.9932037492249148,1
7550,2,1,0.5575513688295244,1
7551,3,1,0.979856695639034,1
7552,3,0,0.10980684405967431,0
7553,2,0,0.10154265008653296,0
7554,1,0,0.03116561044603046,0
7555,1,0,0.003423213804086595,0
7556,4,0,0.07008625354017606,0
7557,0,0,0.022589211312683637,0
7558,2,1,0.0334796924578478,0
7559,1,1,0.9763575700735094,1
7560,2,0,0.615149568326634,1
7561,0,1,0.142274534855885,0
7562,4,0,0.22615978188054975,0
7563,2,0,0.0006798774064935336,0
7564,1,0,0.14810732188036632,0
7565,4,1,0.5932596316149847,1
7566,3,1,0.9075032858716527,1
7567,2,0,0.016266148007123317,0
7568,0,0,0.019584998742514813,0
7569,4,1,0.8925618364968472,1
7570,3,0,0.1531213406155864,0
7571,4,1,0.07416006703842289,0
7572,4,1,0.9937518925034603,1
7573,4,0,0.5899967593476099,1
7574,0,1,0.5016572130711635,1
7575,1,1,0.9883651038140882,1
7576,1,0,0.0016245976538350189,0
7577,1,1,0.6497240998180307,1
7578,1,1,0.9857456466732468,1
7579,1,1,0.9959017726681834,1
7580,3,0,0.02025422656583021,0
7581,3,0,0.2158922810340605,0
7582,3,0,0.09790462627861159,0
7583,1,1,0.7503830105704329,1
7584,0,0,0.15195476016696324,0
7585,1,0,0.654406815488626,1
7586,0,0,0.2842212178911499,0
7587,3,1,0.9827268694986481,1
7588,3,1,0.9871884752702359,1
7589,0,0,0.12158214692773978,0
7590,3,1,0.9935212733602125,1
7591,3,0,0.0013943280675081744,0
7592,3,1,0.9961148609687641,1
7593,0,0,0.5528520897356292,1
7594,4,0,0.7871768126580811,1
7595,4,1,0.7986570634647352,1
7596,4,0,0.16963299678005433,0
7597,3,1,0.48433938274087557,1
7598,2,1,0.515076677461998,1
7599,2,0,0.0019616858494440983,0
7600,2,1,0.3112027912180592,0
7601,2,0,0.0025736294432317916,0
7602,1,0,0.5505284415213484,1
7603,3,0,0.47383818915171066,1
7604,1,1,0.9850026364893757,1
7605,3,1,0.7808801930321427,1
7606,1,1,0.3588471501276549,0
7607,1,0,0.2806596348299264,0
7608,1,0,0.1356609018059256,0
7609,1,0,0.6544172136707874,1
7610,0,0,0.6898909810998936,1
7611,0,0,0.6729226619766666,1
7612,0,0,0.5866050480265199,1
7613,4,1,0.9856378932211309,1
7614,3,0,0.11920140812283883,0
7615,0,1,0.9839280302368825,1
7616,4,1,0.9921303807147034,1
7617,4,0,0.01809046491098444,0
7618,3,0,0.04710218157215059,0
7619,1,0,0.674714034078479,1
7620,2,1,0.6634134361521576,1
7621,3,1,0.6316455059812768,1
7622,4,1,0.6706356877565827,1
7623,4,1,0.18888529642604573,0
7624,4,1,0.9895004592284272,1
7625,4,0,0.0017292324952645059,0
7626,4,1,0.9632263706520533,1
7627,4,1,0.8917034259452886,1
7628,3,0,0.0007034134907900524,0
7629,4,1,0.6707577551827076,1
7630,3,0,0.07988961575842628,0
7631,3,1,0.5591370058129859,1
7632,4,0,0.10880326494803809,0
7633,2,0,0.6049256322493651,1
7634,2,1,0.9522883632929732,1
7635,2,1,0.7364828646317774,1
7636,2,0,0.044166578289338385,0
7637,0,0,0.6808774819442945,1
7638,0,0,0.5711167718555658,1
7639,4,0,0.046049736840980154,0
7640,1,1,0.44754235727001435,0
7641,3,0,0.08407336793641143,0
7642,1,0,0.012213737816885336,0
7643,1,1,0.6592018619199379,1
7644,1,1,0.5713039221740398,1
7645,1,1,0.44754235727001435,0
7646,1,0,0.1481449116780552,0
7647,3,0,0.046039661783929375,0
7648,2,0,0.09688822696793592,0
7649,0,0,0.02275781598245352,0
7650,3,0,0.18738202434047296,0
7651,0,0,0.06596518656025054,0
7652,3,1,0.6316455059812768,1
7653,1,0,0.5240571025041754,1
7654,1,0,0.17267639244340552,0
7655,1,0,0.3611931459309828,0
7656,1,0,0.07399858070966227,0
7657,3,0,0.036046461133241864,0
7658,3,1,0.759585774046467,1
7659,3,1,0.6316455059812768,1
7660,3,1,0.6566744334906431,1
7661,0,0,0.3858136683535376,0
7662,0,1,0.9539957294537645,1
7663,1,1,0.9881927863658129,1
7664,3,0,0.23430462900915094,0
7665,1,0,0.12454413022912293,0
7666,4,1,0.6458238106296729,1
7667,4,0,0.07848925454278152,0
7668,0,1,0.6729226619766666,1
7669,0,1,0.6979166372180422,1
7670,0,0,0.5269056970537341,1
7671,0,0,0.7597791600402698,1
7672,4,0,0.03915447191439546,0
7673,0,1,0.9977470211359565,1
7674,2,0,0.037254400211113425,0
7675,0,0,0.10811745799158054,0
7676,4,1,0.5338640913475632,1
7677,4,0,0.06923095177830514,0
7678,1,0,0.3717914423587389,0
7679,2,1,0.6049256322493651,1
7680,4,1,0.984988054839215,1
7681,4,1,0.984988054839215,1
7682,4,1,0.9835830375543098,1
7683,4,1,0.9070783117617565,1
7684,4,0,0.014480720433532601,0
7685,4,1,0.9973199859446013,1
7686,4,0,0.9905134160971398,1
7687,4,1,0.9973200928251766,1
7688,1,0,0.6427195300648803,1
7689,1,0,0.6651672419446953,1
7690,1,0,0.10435554849619101,0
7691,1,1,0.9874933842236955,1
7692,2,1,0.7163998617213181,1
7693,2,1,0.4119381482019596,0
7694,2,0,0.10226042083359255,0
7695,2,1,0.7548099138759753,1
7696,2,0,0.021615652219233356,0
7697,2,0,0.036699896951932896,0
7698,1,1,0.9756526089237456,1
7699,3,1,0.41531769093437143,0
7700,3,0,0.28452853133035844,0
7701,4,1,0.9626291320152028,1
7702,1,0,0.0041429456296356,0
7703,1,1,0.9841006764161312,1
7704,4,1,0.9807626284304827,1
7705,4,0,0.07866428205136225,0
7706,1,1,0.9022531919920821,1
7707,4,0,0.6706356877565827,1
7708,2,0,0.1892835412578882,0
7709,0,1,0.9965830231041947,1
7710,0,1,0.9929550738265995,1
7711,0,1,0.9965830231041947,1
7712,2,1,0.7756725376745717,1
7713,2,1,0.615149568326634,1
7714,4,1,0.48315085415041525,1
7715,4,0,0.058440298647789275,0
7716,4,0,0.11452957660234475,0
7717,1,0,0.5661866625087837,1
7718,1,0,0.05029390381675819,0
7719,0,0,0.0830826213514322,0
7720,2,0,0.1509155387296373,0
7721,2,0,0.06864939001057752,0
7722,3,0,0.7869819461517169,1
7723,0,0,0.1235905129152942,0
7724,0,1,0.8257253667260084,1
7725,2,0,0.04470846856877546,0
7726,0,0,0.08045435758324482,0
7727,0,1,0.5201860007670719,1
7728,1,0,0.4955998259443796,1
7729,1,0,0.04425658973369793,0
7730,1,1,0.5351988837390858,1
7731,0,0,0.26999570733787764,0
7732,3,0,0.32980315270114435,0
7733,3,0,0.5206161690678445,1
7734,2,1,0.9842796843148742,1
7735,2,0,0.03300979771154187,0
7736,3,0,0.18702273729210073,0
7737,4,0,0.1779731152921012,0
7738,3,0,0.18002966863216005,0
7739,3,1,0.6765016039895739,1
7740,3,1,0.7646778333151132,1
7741,4,0,0.6368450298864962,1
7742,4,1,0.75286255400981,1
7743,2,0,0.615149568326634,1
7744,2,1,0.615149568326634,1
7745,0,0,0.024493172469909414,0
7746,1,1,0.9850026364893757,1
7747,3,1,0.9871884752702359,1
7748,3,0,0.02738536155204829,0
7749,0,1,0.7807801098501674,1
7750,2,1,0.9375203934782149,1
7751,3,1,0.9907249588216288,1
7752,3,1,0.9958051809378206,1
7753,3,1,0.9786164650723561,1
7754,3,0,0.05700774329391281,0
7755,0,1,0.9929550738265995,1
7756,2,1,0.7890137045858151,1
7757,2,1,0.9804090640686258,1
7758,0,1,0.6118688104510221,1
7759,0,1,0.9169025595985335,1
7760,3,1,0.5725893556024985,1
7761,1,0,0.06612082426823523,0
7762,2,0,0.5702928732645934,1
7763,1,0,0.040154554103744924,0
7764,2,0,0.1700799320125786,0
7765,4,0,0.1017089069744989,0
7766,2,0,0.615149568326634,1
7767,3,1,0.612043409225748,1
7768,4,1,0.9972495361491361,1
7769,2,1,0.4988582769267947,1
7770,0,0,0.04498424527406458,0
7771,2,0,0.18364094784223012,0
7772,1,1,0.9887073948397287,1
7773,4,1,0.011412588443225699,0
7774,3,0,0.5916970207955653,1
7775,0,1,0.5269056970537341,1
7776,0,0,0.5883445372344217,1
7777,4,0,0.3657028050608621,0
7778,4,1,0.4887357024845612,1
7779,4,1,0.565510843928671,1
7780,4,0,0.09432424969773452,0
7781,4,1,0.9856384839043381,1
7782,4,1,0.9413478453227035,1
7783,4,1,0.9940842171689177,1
7784,2,0,0.049965988862112884,0
7785,0,0,0.0017050635419306747,0
7786,0,1,0.6403961283720169,1
7787,2,0,0.10109454927530451,0
7788,1,0,0.16419297733690766,0
7789,0,0,0.4367679587396522,0
7790,2,1,0.9885516770045298,1
7791,2,0,0.13747166807364888,0
7792,2,0,0.10983838287714957,0
7793,2,1,0.9956803205488858,1
7794,4,0,0.5475898534832709,1
7795,3,1,0.6308144189676353,1
7796,2,0,0.06977909038280118,0
7797,3,0,0.0004595386299362258,0
7798,0,1,0.9908323626977077,1
7799,2,1,0.49461489570154665,1
7800,2,0,0.6049256322493651,1
7801,1,0,0.03324694208719187,0
7802,3,0,0.520000578126966,1
7803,1,0,0.4955998259443796,1
7804,1,0,0.1444488428326834,0
7805,4,1,0.635321648421018,1
7806,4,0,0.004064576450413626,0
7807,2,1,0.7018144530401716,1
7808,2,0,0.03575798303737607,0
7809,0,1,0.5193633369920495,1
7810,3,1,0.9813842622922612,1
7811,3,0,0.05125194263095554,0
7812,3,1,0.9848288857859172,1
7813,4,0,0.00470807690992458,0
7814,4,0,0.05042132372148667,0
7815,1,0,0.06973334879750627,0
7816,3,1,0.2661214726165102,0
7817,3,1,0.9344250104816574,1
7818,3,0,0.09095110979713589,0
7819,1,0,0.2954095705362051,0
7820,1,1,0.9252241501882414,1
7821,1,1,0.14318360461096716,0
7822,1,1,0.9454829535629333,1
7823,4,0,0.5870198093790322,1
7824,3,0,0.15443950377817903,0
7825,4,1,0.5224676418663066,1
7826,1,1,0.9897366949935386,1
7827,1,1,0.9897366949935386,1
7828,2,0,0.7018144530401716,1
7829,3,1,0.9935212733602125,1
7830,3,1,0.9827268694986481,1
7831,3,1,0.5048158100727488,1
7832,4,0,0.5231289334982869,1
7833,4,0,0.004783113142821365,0
7834,0,1,0.6668747006883294,1
7835,4,0,0.4887357024845612,1
7836,4,0,0.5100198992592541,1
7837,4,1,0.5215942134521792,1
7838,4,0,0.05301861155290016,0
7839,4,0,0.4887357024845612,1
7840,4,1,0.5215942134521792,1
7841,2,1,0.25785197420365147,0
7842,1,1,0.9878045282581294,1
7843,2,1,0.24856840256119994,0
7844,2,1,0.2619913652855243,0
7845,2,0,0.2720861985195714,0
7846,2,1,0.9885770691577995,1
7847,2,1,0.04404943604398429,0
7848,0,1,0.9925254095519768,1
7849,4,0,0.04099278695488088,0
7850,2,0,0.009123453406534454,0
7851,4,0,0.07076986942814932,0
7852,0,1,0.6406940911258372,1
7853,1,0,0.07382454728458321,0
7854,2,0,0.0013985399209089997,0
7855,4,0,0.5270787727199451,1
7856,4,0,0.5215942134521792,1
7857,4,1,0.4887357024845612,1
7858,4,1,0.5215942134521792,1
7859,4,0,0.4887357024845612,1
7860,4,1,0.4900711102877428,1
7861,4,0,0.3197688715023741,0
7862,4,0,0.028738693498882695,0
7863,4,0,0.004995847011607488,0
7864,2,1,0.17394915085380014,0
7865,3,1,0.6308144189676353,1
7866,1,0,0.543926808402951,1
7867,2,0,0.10129431370167626,0
7868,1,0,0.0007235927703801184,0
7869,1,0,0.052180425055926245,0
7870,2,1,0.25003700558368647,0
7871,1,1,0.9897366949935386,1
7872,1,1,0.9883651038140882,1
7873,3,1,0.9967637729172284,1
7874,4,1,0.9989307943754148,1
7875,1,1,0.6528195283538739,1
7876,1,1,0.6592018619199379,1
7877,3,1,0.5808277566055856,1
7878,1,0,0.054439751715733516,0
7879,2,0,0.5883611271342071,1
7880,0,0,0.5711167718555658,1
7881,3,0,0.13310444964107915,0
7882,2,1,0.960114575122743,1
7883,4,0,0.5187122064463058,1
7884,2,1,0.7705898470839384,1
7885,3,1,0.9972172007556938,1
7886,3,0,0.03493371063024144,0
7887,3,1,0.3504638958055305,0
7888,0,1,0.6898909810998936,1
7889,1,0,0.006857810051327351,0
7890,3,1,0.5034503188436027,1
7891,0,0,0.2205661881436548,0
7892,1,0,0.7097894463160574,1
7893,3,1,0.7715771028369903,1
7894,3,0,0.23662697995985102,0
7895,2,1,0.9870466353593265,1
7896,2,0,0.9534519605553262,1
7897,3,0,0.5194912787809787,1
7898,0,1,0.17037539869168908,0
7899,2,0,0.028767281882427265,0
7900,1,0,0.21232840744485793,0
7901,3,1,0.7869819461517169,1
7902,2,0,0.02969004518085748,0
7903,1,0,0.46606638335144046,0
7904,1,0,0.10273340230737202,0
7905,4,1,0.9895004592284272,1
7906,3,0,0.0034659422716365657,0
7907,3,1,0.9735114972749752,1
7908,1,0,0.03405580546693014,0
7909,1,1,0.9819272012076183,1
7910,1,0,0.006408104960983241,0
7911,1,1,0.9755856626080471,1
7912,1,1,0.9933197694359203,1
7913,1,1,0.14572573120673885,0
7914,2,0,0.12621730991054414,0
7915,1,1,0.9906163471917997,1
7916,4,0,0.07962794128639954,0
7917,1,0,0.012257340083105804,0
7918,1,1,0.9936926429939669,1
7919,1,1,0.996659173569304,1
7920,1,1,0.9943254868510493,1
7921,1,1,0.7342409012970191,1
7922,1,1,0.9983615932114063,1
7923,0,0,0.7169689499369793,1
7924,1,0,0.062038818256277335,0
7925,4,1,0.6558837995653033,1
7926,2,0,0.22974670642287767,0
7927,0,0,0.18378430981831467,0
7928,4,1,0.9808442945718149,1
7929,3,0,0.03401033033665771,0
7930,0,1,0.6856276451785508,1
7931,3,0,0.04879780917502823,0
7932,3,1,0.7715771028369903,1
7933,3,0,0.005075094794087956,0
7934,0,0,0.05215603361840781,0
7935,0,0,0.5505270124408813,1
7936,1,0,0.13858444485274216,0
7937,2,0,0.6854871210302097,1
7938,2,0,0.000760460331114474,0
7939,2,1,0.22898085982745417,0
7940,0,0,0.02901317206082208,0
7941,2,0,0.06906162789495786,0
7942,0,0,0.010796345248010186,0
7943,0,0,0.2548976839970946,0
7944,0,1,0.995299630442662,1
7945,1,0,0.7503830105704329,1
7946,3,1,0.979856695639034,1
7947,3,1,0.612043409225748,1
7948,3,0,0.0024087627692096565,0
7949,3,1,0.5296255508518218,1
7950,2,1,0.9676784761271706,1
7951,4,1,0.17191627038152107,0
7952,2,0,0.6049256322493651,1
7953,2,1,0.062026440152593704,0
7954,2,1,0.5617883221982664,1
7955,4,1,0.5090502686353953,1
7956,4,0,0.05646758575664967,0
7957,0,0,0.002969734568579883,0
7958,0,0,0.004637314388613231,0
7959,0,1,0.9931645289511598,1
7960,0,1,0.9089472330527145,1
7961,2,1,0.6840297148725304,1
7962,4,0,0.09457314071325822,0
7963,1,1,0.9874933842236955,1
7964,1,1,0.9956836338139899,1
7965,1,1,0.9904323663023292,1
7966,4,0,0.6674814443084465,1
7967,3,0,0.2205693900500027,0
7968,1,1,0.463828653276818,0
7969,3,0,0.05910418831884095,0
7970,0,1,0.04905284845488031,0
7971,0,0,0.6666207329163824,1
7972,0,1,0.06829367380659462,0
7973,1,0,0.006784376678217984,0
7974,1,1,0.9897388268231246,1
7975,0,0,0.08458448045237037,0
7976,3,0,0.04163240126879831,0
7977,4,0,0.4057164912450363,0
7978,4,0,0.000757786121873028,0
7979,4,1,0.9812799019858349,1
7980,4,0,0.0005721002948115506,0
7981,4,1,0.9803248684563572,1
7982,0,0,0.11478662412619488,0
7983,3,0,0.06825539354993161,0
7984,3,0,0.15259459420065413,0
7985,3,1,0.1435376593619284,0
7986,0,0,0.3849406830128716,0
7987,1,0,0.030980416955639863,0
7988,0,0,0.0982425567826305,0
7989,3,0,0.13046344087430456,0
7990,0,1,0.9929550738265995,1
7991,2,0,0.09832084114997136,0
7992,4,0,0.2044959216312369,0
7993,0,0,0.0067679546310421375,0
7994,2,1,0.8619702959660628,1
7995,3,0,0.003565763559513075,0
7996,3,1,0.8365396599921447,1
7997,0,1,0.9959208262997243,1
7998,0,1,0.9977470211359565,1
7999,2,0,0.04544564024029636,0
8000,4,1,0.9896729257228739,1
8001,4,1,0.9763157492868987,1
8002,2,1,0.7599074459056737,1
8003,3,0,0.6316455059812768,1
8004,4,0,0.07761959942555186,0
8005,3,1,0.9265967260511971,1
8006,3,0,0.6890938777702761,1
8007,3,0,0.0011667374085935797,0
8008,2,0,0.0012732268328865197,0
8009,3,1,0.24731160972119398,0
8010,1,1,0.6592018619199379,1
8011,2,1,0.9833466271951491,1
8012,4,0,0.17985065307853282,0
8013,2,1,0.9954650335912509,1
8014,2,0,0.005013463972326659,0
8015,2,1,0.9862638990374197,1
8016,2,1,0.9820007670226824,1
8017,1,0,0.05182590560140682,0
8018,3,1,0.9904389611962002,1
8019,3,1,0.992722527447924,1
8020,4,0,0.04996746768654255,0
8021,3,0,0.23640921958422534,0
8022,3,0,0.030848525699027657,0
8023,2,0,0.13522364221479222,0
8024,0,1,0.6311520076730779,1
8025,4,0,0.11188129109377107,0
8026,3,0,0.0030200747433324986,0
8027,1,0,0.3321169792523738,0
8028,2,1,0.38943967241558247,0
8029,3,1,0.9700488661120341,1
8030,3,1,0.9904713092900813,1
8031,4,1,0.6086206312197912,1
8032,3,1,0.5591370058129859,1
8033,3,1,0.6084688079925517,1
8034,1,0,0.21270016231971595,0
8035,3,0,0.13642976877152282,0
8036,3,0,0.5206161690678445,1
8037,3,0,0.005491014108493993,0
8038,3,0,0.40139970852583856,0
8039,0,0,0.6016640352169197,1
8040,0,0,0.009440763264497904,0
8041,0,1,0.9921358280131892,1
8042,4,0,0.09894823852276638,0
8043,2,1,0.9892531922848701,1
8044,4,1,0.9990119163225242,1
8045,4,0,0.025752985418707634,0
8046,4,1,0.9989307943754148,1
8047,3,0,0.612043409225748,1
8048,3,0,0.169216459867739,0
8049,0,0,0.09279419431482991,0
8050,1,1,0.8466397464483386,1
8051,4,0,0.05642523916932274,0
8052,1,1,0.7097894463160574,1
8053,0,0,0.5635117991787272,1
8054,0,0,0.820829615665119,1
8055,1,1,0.45837965216590865,0
8056,0,1,0.8809290101675555,1
8057,3,1,0.5102648111349259,1
8058,3,1,0.7869819461517169,1
8059,3,0,0.07610837010268995,0
8060,3,1,0.9912017037944956,1
8061,2,1,0.7497218876191764,1
8062,0,0,0.2991839255368778,0
8063,0,1,0.996200779136044,1
8064,1,0,0.0013799041148861596,0
8065,2,0,0.0696523881533159,0
8066,0,0,0.1850040251832385,0
8067,3,0,0.09711027408881438,0
8068,2,0,0.6144220987099582,1
8069,3,0,0.11754506313756131,0
8070,0,0,0.13345417050037434,0
8071,1,1,0.6150158004845623,1
8072,2,0,0.3673367707521129,0
8073,3,0,0.10542998572422088,0
8074,0,0,0.014353683987829746,0
8075,2,0,0.10171427922015176,0
8076,3,1,0.9850083223121363,1
8077,4,1,0.7068686453576369,1
8078,4,1,0.7219588330347441,1
8079,2,0,0.09229464965442477,0
8080,4,0,0.4921071150271645,1
8081,4,1,0.4887357024845612,1
8082,4,1,0.6286458110424941,1
8083,0,0,0.5265585527832785,1
8084,2,0,0.013295608549429365,0
8085,0,0,0.297055521076771,0
8086,2,1,0.9912368534408654,1
8087,2,0,0.5250003702061913,1
8088,2,1,0.9858520159290819,1
8089,3,0,0.11680189965327635,0
8090,4,0,0.005356645021598878,0
8091,4,0,0.06700785243575184,0
8092,4,0,0.012336581700005695,0
8093,2,1,0.2181439492038809,0
8094,4,1,0.9978353800011418,1
8095,4,0,0.05654690557982897,0
8096,4,1,0.9973199859446013,1
8097,4,0,0.004086203424583549,0
8098,1,1,0.5778497582315661,1
8099,2,1,0.37286767192653425,0
8100,0,0,0.09065043209490503,0
8101,3,0,0.0036603785630806925,0
8102,3,0,0.020724082150878478,0
8103,3,1,0.9850964906263571,1
8104,0,1,0.39174742874493257,0
8105,4,1,0.6092608872455484,1
8106,4,0,0.23601966979308905,0
8107,1,1,0.19253714792292667,0
8108,2,0,0.02555936506740093,0
8109,1,1,0.8057097708509784,1
8110,1,1,0.6721866131095782,1
8111,1,0,0.2744857561583287,0
8112,3,0,0.13490793866685621,0
8113,4,1,0.9960751479588434,1
8114,3,0,0.10452408951724217,0
8115,0,0,0.18378430981831467,0
8116,0,0,0.06195825039679523,0
8117,0,0,0.5269056970537341,1
8118,0,0,0.11425275158789411,0
8119,2,1,0.7163998617213181,1
8120,0,1,0.055983175727556685,0
8121,4,0,0.09188041225025392,0
8122,3,1,0.9705760800666744,1
8123,0,0,0.008436035151164924,0
8124,3,1,0.9511598279689615,1
8125,3,0,0.9142792078614677,1
8126,2,0,0.7445965838059847,1
8127,2,1,0.9906902240098188,1
8128,2,1,0.9906902240098188,1
8129,1,0,0.04349715184693097,0
8130,3,0,0.08615527144941287,0
8131,0,1,0.7770681460894181,1
8132,3,1,0.2552033520643297,0
8133,1,0,0.07029754991007284,0
8134,0,0,0.6600195136343346,1
8135,3,1,0.5296255508518218,1
8136,2,1,0.615149568326634,1
8137,2,0,0.37468277276434897,0
8138,2,0,0.5944572895281522,1
8139,2,1,0.5337618854954448,1
8140,2,1,0.9928860691279444,1
8141,4,0,0.06301134688533477,0
8142,2,0,0.016578510667637176,0
8143,0,0,0.07721607743833724,0
8144,4,1,0.9862640809092036,1
8145,4,0,0.02746931785840672,0
8146,4,0,0.08673905604764127,0
8147,3,0,0.15928550208862208,0
8148,4,0,0.2579246845747819,0
8149,2,1,0.9885516770045298,1
8150,0,1,0.06454465923512968,0
8151,0,0,0.14101942100126977,0
8152,0,0,0.18674621098649372,0
8153,2,0,0.6956973562584838,1
8154,2,0,0.5499066204386491,1
8155,2,1,0.8923042997860485,1
8156,4,1,0.8087304978657578,1
8157,0,1,0.9974041512446278,1
8158,4,0,0.5333346184065929,1
8159,4,0,0.020737757036223835,0
8160,1,0,0.09740994047316752,0
8161,4,0,0.10148420145886776,0
8162,1,1,0.14814714226973233,0
8163,0,0,0.0587814754835281,0
8164,1,0,0.15056729837505697,0
8165,1,0,0.256714804237735,0
8166,0,1,0.6856276451785508,1
8167,0,0,0.5829802809031921,1
8168,3,0,0.12807087855980512,0
8169,0,1,0.29510762724689793,0
8170,3,0,0.1349163784531312,0
8171,3,0,0.0014158822802430038,0
8172,0,0,0.26992056212906707,0
8173,3,0,0.11613931485827576,0
8174,4,1,0.6416901369897282,1
8175,0,0,0.14335863757632925,0
8176,3,1,0.9806166718766303,1
8177,3,1,0.04105599120170185,0
8178,3,1,0.9773180867850634,1
8179,3,1,0.8872162887469862,1
8180,3,0,0.0862993915004699,0
8181,2,0,0.29396327362289676,0
8182,1,0,0.04538043995185199,0
8183,0,0,0.019289308505929526,0
8184,3,0,0.6307938834279446,1
8185,0,0,0.10330030917174497,0
8186,3,0,0.016705247494548898,0
8187,2,0,0.05860590834199148,0
8188,2,0,0.07452369840671977,0
8189,2,0,0.16948686460832815,0
8190,2,0,0.5857268013911626,1
8191,3,1,0.9906964241105141,1
8192,0,1,0.9022084129480173,1
8193,2,0,0.12633709004169974,0
8194,2,0,0.06654883044289682,0
8195,3,0,0.2208892425508369,0
8196,3,1,0.24855021293820095,0
8197,1,1,0.9880683978587397,1
8198,1,1,0.9803626204523757,1
8199,1,1,0.9296288609394194,1
8200,0,0,0.32134709196973293,0
8201,0,1,0.39410268485919797,0
8202,2,0,0.036317709110833735,0
8203,0,0,0.05007427542794142,0
8204,0,0,0.4417792586026414,0
8205,0,1,0.32134709196973293,0
8206,0,1,0.2850579484039539,0
8207,3,0,0.26149027508901357,0
8208,2,1,0.9954107179047668,1
8209,4,0,0.008942429632700059,0
8210,1,0,0.6049200354404606,1
8211,0,1,0.6898909810998936,1
8212,1,1,0.2719201668132783,0
8213,1,0,0.08082351788915645,0
8214,2,0,0.06217865463428778,0
8215,2,0,0.04191612943173958,0
8216,3,1,0.9786164650723561,1
8217,4,0,0.11927626819318814,0
8218,4,1,0.790536942360435,1
8219,2,0,0.09159784094788008,0
8220,2,1,0.4996816037098579,1
8221,3,1,0.9890629794216005,1
8222,0,0,0.057089763540384184,0
8223,2,0,0.7184874209785328,1
8224,1,1,0.2891913718938687,0
8225,4,1,0.9367363128298223,1
8226,1,0,0.42845484860300576,0
8227,0,1,0.8032666565478391,1
8228,0,1,0.5269056970537341,1
8229,2,0,0.09560173100643922,0
8230,0,0,0.5866050480265199,1
8231,0,0,0.5866050480265199,1
8232,2,0,0.06971394690423306,0
8233,2,1,0.6870256054269683,1
8234,2,1,0.2169754541220461,0
8235,0,1,0.7298434651927742,1
8236,4,0,0.04822214957712621,0
8237,3,0,0.05629374148721656,0
8238,3,1,0.4251445787450502,0
8239,2,0,0.21245638153880264,0
8240,3,1,0.979856695639034,1
8241,3,0,0.07605336890778464,0
8242,4,1,0.6277493351791328,1
8243,4,0,0.05578496923450918,0
8244,4,1,0.9495970838283891,1
8245,3,0,0.015512069183857061,0
8246,0,0,0.03306399011476181,0
8247,2,0,0.38943967241558247,0
8248,1,0,0.1308400995032727,0
8249,1,0,0.19474223439372484,0
8250,1,1,0.9883651038140882,1
8251,1,1,0.978235317945593,1
8252,1,1,0.994851159626919,1
8253,1,1,0.9897388268231246,1
8254,1,0,0.00575625338052069,0
8255,0,0,0.052541827674923075,0
8256,1,1,0.5858408848966004,1
8257,0,0,0.0387041198010287,0
8258,1,1,0.5778497582315661,1
8259,1,1,0.6801964425190995,1
8260,2,0,0.25223297917258697,0
8261,4,1,0.9803248684563572,1
8262,0,0,0.15102015259636176,0
8263,0,1,0.7770681460894181,1
8264,3,0,0.005824507438489974,0
8265,3,0,0.0024065091451938828,0
8266,3,0,0.0909194990616261,0
8267,4,1,0.47420920716545306,1
8268,4,1,0.05393603171054923,0
8269,0,0,0.09207260087473536,0
8270,1,1,0.9819272012076183,1
8271,1,1,0.9887073948397287,1
8272,0,1,0.7717685857903573,1
8273,0,0,0.139498582376103,0
8274,1,0,0.6150158004845623,1
8275,2,0,0.2531848290534887,0
8276,2,0,0.615149568326634,1
8277,2,1,0.5342053619785118,1
8278,3,0,0.0379774206070277,0
8279,1,1,0.9803626204523757,1
8280,0,1,0.969965381115241,1
8281,2,0,0.2082232942116642,0
8282,1,1,0.9099908844641477,1
8283,3,0,0.22309346712313854,0
8284,1,0,0.19703367340700073,0
8285,1,1,0.1663749371701305,0
8286,2,1,0.7548099138759753,1
8287,4,0,0.041112265813207045,0
8288,2,1,0.9030152946699023,1
8289,2,0,0.5140141173896072,1
8290,3,0,0.41951265011191585,0
8291,1,0,0.6592018619199379,1
8292,0,1,0.6406940911258372,1
8293,4,0,0.641094241304598,1
8294,0,1,0.9938911167933597,1
8295,0,1,0.39410268485919797,0
8296,0,1,0.9938911167933597,1
8297,3,0,0.02432482815049752,0
8298,2,1,0.740386102330478,1
8299,3,1,0.9963383769824007,1
8300,3,0,0.008545099772258006,0
8301,3,1,0.9904389611962002,1
8302,3,1,0.9965819105974049,1
8303,3,1,0.9904389611962002,1
8304,1,1,0.7908879819156062,1
8305,1,1,0.9887073948397287,1
8306,4,0,0.29846332993218994,0
8307,4,1,0.9840807628242596,1
8308,4,1,0.9840807628242596,1
8309,2,1,0.15129018028978652,0
8310,1,1,0.5351988837390858,1
8311,2,1,0.07830068684509638,0
8312,2,1,0.7163998617213181,1
8313,1,1,0.9803626204523757,1
8314,1,0,0.4955998259443796,1
8315,3,1,0.9333928231721724,1
8316,1,0,0.10255664253354778,0
8317,2,1,0.9815261472932826,1
8318,1,1,0.5825582872658754,1
8319,1,0,0.3588471501276549,0
8320,4,1,0.10905952808375784,0
8321,0,0,0.054520254261655215,0
8322,2,0,0.28311185028636493,0
8323,2,0,0.6144220987099582,1
8324,2,1,0.6980650060429118,1
8325,2,0,0.3250526643589749,0
8326,0,0,0.00027856701175310686,0
8327,2,1,0.2913531731957341,0
8328,2,1,0.5868497885787409,1
8329,4,0,0.21991194733012534,0
8330,1,1,0.9819272012076183,1
8331,1,1,0.9878240643722201,1
8332,3,1,0.5296255508518218,1
8333,3,1,0.5322309730649496,1
8334,0,0,0.13543766758404152,0
8335,2,1,0.9811846356993098,1
8336,4,1,0.7781120140951233,1
8337,2,0,0.0721027274190234,0
8338,4,0,0.05207766751285957,0
8339,2,1,0.10118593042049391,0
8340,0,0,0.15022248158103588,0
8341,1,1,0.6314147951877929,1
8342,4,0,0.0662384510658798,0
8343,3,0,0.010431065983448777,0
8344,1,0,0.04825641224548591,0
8345,2,0,0.3218496926583051,0
8346,3,1,0.40139970852583856,0
8347,2,1,0.37468277276434897,0
8348,2,1,0.2216856953466187,0
8349,1,1,0.996926732713896,1
8350,2,1,0.33369467447735784,0
8351,0,0,0.07466844845293753,0
8352,2,1,0.9262797103822373,1
8353,0,1,0.7211200240589369,1
8354,0,1,0.9929550738265995,1
8355,2,1,0.680414634810906,1
8356,4,0,0.06790700011089346,0
8357,2,0,0.038229282716202774,0
8358,4,1,0.16067247255929662,0
8359,2,0,0.051880001660649405,0
8360,0,1,0.6073448744618686,1
8361,4,1,0.8105478895735104,1
8362,4,1,0.4877231862515233,1
8363,4,0,0.10396706779776696,0
8364,3,0,0.4554080813526045,0
8365,3,0,0.027558476561946463,0
8366,2,1,0.9807213139331563,1
8367,1,0,0.002425166720162238,0
8368,1,1,0.8540521594282295,1
8369,0,0,0.0616496002625969,0
8370,3,0,0.7969768548437663,1
8371,2,0,0.09495603838570045,0
8372,4,1,0.4921071150271645,1
8373,4,0,0.0347653049337824,0
8374,4,0,0.048925845394044584,0
8375,4,0,0.4921071150271645,1
8376,2,0,0.058037564375034933,0
8377,2,0,0.22629341239814899,0
8378,2,0,0.11784723363353967,0
8379,0,1,0.9784647624035316,1
8380,3,1,0.5206161690678445,1
8381,3,0,0.4018962961514017,0
8382,3,0,0.4018962961514017,0
8383,4,0,0.07049445945055915,0
8384,3,0,0.520000578126966,1
8385,4,0,0.0212042245066753,0
8386,4,1,0.9913010817210216,1
8387,4,1,0.9803248684563572,1
8388,3,0,0.034222784325656556,0
8389,3,0,0.4573817546530232,0
8390,2,1,0.9708552579131674,1
8391,1,1,0.4969231875138252,1
8392,3,0,0.0005314258748844592,0
8393,0,1,0.9929550738265995,1
8394,1,1,0.6592018619199379,1
8395,1,0,0.06519806046835525,0
8396,2,0,0.12669533116434697,0
8397,3,0,0.12270897214978267,0
8398,0,0,0.6242375694633912,1
8399,2,0,0.7702246706197936,1
8400,0,0,0.121778936359162,0
8401,4,0,0.6331970212947097,1
8402,4,0,0.07489495752170834,0
8403,4,0,0.24793850999729447,0
8404,4,0,0.21217175139603342,0
8405,4,0,0.08610613261284954,0
8406,3,1,0.9838131335679636,1
8407,1,1,0.6150158004845623,1
8408,1,1,0.7711281358860796,1
8409,1,1,0.6716519009539111,1
8410,1,0,0.5468693952489992,1
8411,4,0,0.5442157102518748,1
8412,1,1,0.6592018619199379,1
8413,4,0,0.5908653499360412,1
8414,1,0,0.5468693952489992,1
8415,4,1,0.9971549602209321,1
8416,4,1,0.9869614575573947,1
8417,4,1,0.9636015237934191,1
8418,4,0,0.046997531835875024,0
8419,1,0,0.3137305488036966,0
8420,1,0,0.07581645130218079,0
8421,4,0,0.0136601047166233,0
8422,4,1,0.7211823943272854,1
8423,4,0,0.07389429077941626,0
8424,4,0,0.6336188849948049,1
8425,4,0,0.06338275180324174,0
8426,3,0,0.06915607050420909,0
8427,0,0,0.5398818893508046,1
8428,4,1,0.09990309874682639,0
8429,2,1,0.9870466353593265,1
8430,2,1,0.9811846356993098,1
8431,4,0,0.5569805550882786,1
8432,3,0,0.14752123619115315,0
8433,3,0,0.6835379992600707,1
8434,0,1,0.6600195136343346,1
8435,1,1,0.9830778039381088,1
8436,2,0,0.15274157274436934,0
8437,3,0,0.21986558470286502,0
8438,4,0,0.07808077234784344,0
8439,4,0,0.03861506595223804,0
8440,4,1,0.6286458110424941,1
8441,4,1,0.9636015237934191,1
8442,3,0,0.0026197930221222633,0
8443,3,0,0.09057706169605545,0
8444,4,0,0.4050068449365302,0
8445,3,1,0.08368590411315768,0
8446,2,1,0.03491086891946681,0
8447,1,0,0.0459883964886761,0
8448,1,1,0.5125644236095521,1
8449,4,1,0.887711386112487,1
8450,2,1,0.2970343292909464,0
8451,4,0,0.1723211964518544,0
8452,4,0,0.01771338275506675,0
8453,2,0,0.33284290028906194,0
8454,2,0,0.03418898600051446,0
8455,3,0,0.478877995173604,1
8456,2,0,0.3673367707521129,0
8457,4,1,0.9874864869371921,1
8458,4,1,0.9846024597243044,1
8459,4,0,0.0016179787335691477,0
8460,4,1,0.240235703135173,0
8461,4,0,0.10001059597762042,0
8462,3,0,0.09747229591294419,0
8463,0,1,0.6406940911258372,1
8464,3,0,0.06039508338731851,0
8465,3,1,0.9850964906263571,1
8466,4,1,0.6368450298864962,1
8467,1,1,0.8906848043213637,1
8468,0,1,0.7163984585967111,1
8469,0,1,0.9978146414662757,1
8470,0,0,0.005935199505348455,0
8471,0,0,0.5505270124408813,1
8472,2,1,0.9948423973804077,1
8473,0,0,0.043300919176570855,0
8474,0,0,0.1237674713782447,0
8475,4,0,0.005838791240953125,0
8476,4,1,0.9742325233085234,1
8477,2,0,0.11609386015688354,0
8478,0,0,0.07689861492270578,0
8479,3,0,0.19342331445416305,0
8480,3,0,0.14168825328409662,0
8481,4,0,0.1378328491693817,0
8482,1,0,0.010137919326904466,0
8483,1,1,0.9559981172042272,1
8484,1,1,0.9837603077386649,1
8485,2,1,0.9925173075035639,1
8486,1,1,0.8400014309080169,1
8487,1,0,0.28470734851989066,0
8488,0,0,0.7777626400166119,1
8489,3,1,0.6835379992600707,1
8490,3,0,0.4346985468678926,0
8491,3,0,0.09588317417350582,0
8492,2,0,0.17426650562317575,0
8493,1,1,0.9950855650169306,1
8494,4,1,0.6061088232137789,1
8495,4,0,0.18441537829883706,0
8496,4,0,0.6086206312197912,1
8497,4,1,0.7983299454167619,1
8498,4,1,0.6061088232137789,1
8499,4,1,0.6907604287080258,1
8500,2,0,0.6203851859421318,1
8501,4,0,0.4478682442729853,0
8502,0,1,0.8227906173191006,1
8503,2,0,0.6049256322493651,1
8504,2,0,0.10967356497519687,0
8505,1,1,0.37259368561640893,0
8506,4,0,0.10648295404873548,0
8507,2,0,0.4996816037098579,1
8508,0,0,0.05787062023695146,0
8509,1,0,0.7857784863444127,1
8510,2,1,0.4996816037098579,1
8511,0,1,0.4312731862086286,0
8512,0,0,0.37177438089132786,0
8513,2,1,0.515076677461998,1
8514,2,1,0.655368763154718,1
8515,0,0,0.06665510040881935,0
8516,4,0,0.034353307055878496,0
8517,4,0,0.0026033525412162643,0
8518,4,1,0.9274514057944085,1
8519,1,0,0.14581284040328643,0
8520,4,0,0.7027264178934299,1
8521,4,1,0.4848965034484685,1
8522,3,1,0.9804516343400111,1
8523,0,1,0.5820070570654793,1
8524,1,0,0.109439336882771,0
8525,2,0,0.1230927909287046,0
8526,4,0,0.009545910569915602,0
8527,3,1,0.9903767211339762,1
8528,3,0,0.06972039885867035,0
8529,2,0,0.6131165279859965,1
8530,2,1,0.5463732273196233,1
8531,2,0,0.11605268115273061,0
8532,3,0,0.09452907775051,0
8533,4,0,0.03205274168678554,0
8534,4,0,0.5066110152029348,1
8535,2,1,0.9905736541349576,1
8536,2,0,0.2783793423921575,0
8537,4,1,0.19495635365388833,0
8538,3,1,0.74381346446829,1
8539,3,1,0.49130880878221594,1
8540,4,0,0.5569805550882786,1
8541,2,0,0.07564093540095067,0
8542,3,0,0.7229260693275669,1
8543,1,0,0.158386584808459,0
8544,4,1,0.30877934782388305,0
8545,4,1,0.5333346184065929,1
8546,0,1,0.8697100399003579,1
8547,4,0,0.5299354986078083,1
8548,4,0,0.21661502467219138,0
8549,4,0,0.6368450298864962,1
8550,3,0,0.013777493091814539,0
8551,2,1,0.9833466271951491,1
8552,0,0,0.20726988209829333,0
8553,0,1,0.9851247819147873,1
8554,2,0,0.05981704242726871,0
8555,3,0,0.12406291326631383,0
8556,2,0,0.08112779645605954,0
8557,4,0,0.03460791942014344,0
8558,3,0,0.4694147915805712,0
8559,2,0,0.025329514029295654,0
8560,1,1,0.7097894463160574,1
8561,4,1,0.9956895828562851,1
8562,1,0,0.0694343615881714,0
8563,4,0,0.5023424946965704,1
8564,1,0,0.41372270610805745,0
8565,2,0,0.43622593494769485,0
8566,3,1,0.993013073388366,1
8567,3,0,0.0006371411245117286,0
8568,2,0,0.3298600683664371,0
8569,1,1,0.9887073948397287,1
8570,1,1,0.41372270610805745,0
8571,1,1,0.979650037423799,1
8572,2,0,0.1712221799722017,0
8573,2,1,0.75739553856988,1
8574,2,1,0.5262581748162048,1
8575,2,1,0.5805248097031872,1
8576,2,0,0.10200536380864728,0
8577,2,0,0.43622593494769485,0
8578,2,1,0.6144220987099582,1
8579,0,1,0.9874364978458107,1
8580,3,1,0.4515394126575476,0
8581,3,0,0.07586490311551645,0
8582,3,0,0.7483635571539572,1
8583,3,1,0.5194912787809787,1
8584,3,1,0.6389746637876232,1
8585,4,0,0.13289433667289136,0
8586,0,0,0.20051412642684444,0
8587,0,0,0.02475856533229772,0
8588,1,0,0.01202647096733046,0
8589,1,1,0.9919800565861384,1
8590,1,1,0.90103388657667,1
8591,3,0,0.047823001218525486,0
8592,1,0,0.031876820529950646,0
8593,1,0,0.11682824481164017,0
8594,0,1,0.23167663474151373,0
8595,0,1,0.9854262998727278,1
8596,1,1,0.3440522010172351,0
8597,3,0,0.37841312316692904,0
8598,1,1,0.4955998259443796,1
8599,1,0,0.07706225947668352,0
8600,1,0,0.7097894463160574,1
8601,1,1,0.41372270610805745,0
8602,4,0,0.026102137662872414,0
8603,3,1,0.25939984579655456,0
8604,3,0,0.0010260540634122596,0
8605,3,0,0.06339196113681901,0
8606,1,1,0.09509390657562322,0
8607,0,1,0.9971680098259513,1
8608,1,0,0.6761894563145283,1
8609,1,0,0.36717216785814083,0
8610,2,1,0.06678043963421765,0
8611,3,1,0.4703663218061583,0
8612,1,0,0.4134102416630274,0
8613,0,0,0.03269173620293862,0
8614,0,0,0.3030335978427714,0
8615,0,1,0.9918296379476297,1
8616,0,1,0.9929550738265995,1
8617,2,1,0.9337689172880209,1
8618,2,1,0.4739680470067075,1
8619,2,0,0.11717303555991404,0
8620,2,1,0.9168334530834731,1
8621,2,0,0.0015260356558841263,0
8622,2,1,0.9076345372032513,1
8623,2,0,0.015185416428495926,0
8624,0,1,0.9789640033177295,1
8625,2,1,0.5719005157450752,1
8626,3,0,0.003971357495951965,0
8627,1,1,0.9880683978587397,1
8628,4,1,0.9908247785743967,1
8629,4,1,0.9795339702095583,1
8630,4,1,0.9790437117044376,1
8631,4,1,0.6706356877565827,1
8632,0,0,0.11494543143111094,0
8633,2,0,0.0802608617049476,0
8634,3,1,0.046316378995918575,0
8635,1,1,0.7534609639865244,1
8636,1,1,0.9937198121503683,1
8637,3,0,0.6765016039895739,1
8638,4,1,0.09434993317286008,0
8639,1,0,0.06152238821153615,0
8640,1,1,0.4955998259443796,1
8641,0,1,0.09257211549453288,0
8642,0,0,0.5528520897356292,1
8643,3,1,0.9827521872153,1
8644,4,0,0.09081314887078502,0
8645,2,0,0.08755023379518741,0
8646,4,0,0.06586389988284978,0
8647,0,0,0.5406857477943985,1
8648,0,1,0.6600195136343346,1
8649,0,1,0.662007318541012,1
8650,0,1,0.5406857477943985,1
8651,0,0,0.4709705053072774,0
8652,3,1,0.2508903801888999,0
8653,4,1,0.998084803826132,1
8654,4,1,0.9908872964378092,1
8655,0,0,0.19767807321685507,0
8656,1,1,0.6965113221381204,1
8657,3,0,0.014901977090758425,0
8658,1,1,0.12354895061761118,0
8659,4,0,0.6706356877565827,1
8660,0,0,0.29881617986750797,0
8661,1,0,0.02157945341393209,0
8662,1,1,0.25245057277915284,0
8663,3,1,0.6890938777702761,1
8664,1,1,0.31556753155144296,0
8665,3,0,0.6566744334906431,1
8666,0,1,0.6929687648193534,1
8667,3,1,0.8857121205725907,1
8668,3,1,0.9786164650723561,1
8669,3,1,0.9668884203696086,1
8670,3,1,0.9922495659250619,1
8671,1,1,0.7009125849599075,1
8672,2,0,0.3575603720099202,0
8673,1,1,0.6150158004845623,1
8674,3,0,0.4057192512896547,0
8675,4,1,0.14031316524294088,0
8676,3,0,0.6804072093685413,1
8677,4,1,0.9793933806450821,1
8678,4,1,0.9514853288429407,1
8679,4,1,0.9514853288429407,1
8680,4,1,0.49125601733216223,1
8681,1,1,0.6769225677446902,1
8682,1,1,0.38423464987802336,0
8683,4,0,0.16339035283489703,0
8684,2,1,0.544429590202343,1
8685,1,1,0.8238617401391469,1
8686,1,0,0.7943115426453667,1
8687,1,1,0.7450201856218895,1
8688,3,0,0.8209106790416315,1
8689,1,0,0.7009125849599075,1
8690,3,1,0.9496699752308919,1
8691,3,0,0.007617325331861408,0
8692,3,1,0.9905516548782312,1
