PassengerId,proba
0013_01,0.5281435778660017
0018_01,0.012860274102002231
0019_01,0.9990175550428922
0021_01,0.994635412197858
0023_01,0.456045948504754
0027_01,0.4913951836955072
0029_01,0.9926655398024842
0032_01,0.9850058082880456
0032_02,0.9947584606145429
0033_01,0.6366212830078865
0037_01,0.1873174194810668
0040_01,0.14538908031121006
0040_02,0.7669540226851824
0042_01,0.485248918540923
0046_01,0.016596828319143705
0046_02,0.0897804327491863
0046_03,0.06692145717282905
0047_01,0.9966814686908377
0047_02,0.9571569627677541
0047_03,0.02409391042485284
0048_01,0.6585725818530223
0049_01,0.05791005897649065
0054_01,0.9836068290215518
0054_02,0.9339117517230904
0054_03,0.38424869561124253
0055_01,0.04408175198806916
0057_01,0.9857297736696295
0059_01,0.6251890746059556
0060_01,0.402627448360779
0063_01,0.7381433876609
0065_01,0.5281435778660017
0075_01,0.12691795499535563
0079_01,0.5051897843573987
0080_01,0.4658609770825
0083_01,0.05086563625529698
0087_01,0.12029848105229192
0089_01,0.9707643252324368
0093_01,0.6302463061549705
0094_01,0.47213463327409205
0094_02,0.12421685520805202
0095_01,0.6630238420671237
0096_01,0.08664241415415552
0100_01,0.6275813332848736
0100_02,0.5100495775598481
0104_01,0.08163423379289245
0106_01,0.7501138350553246
0109_01,0.05084329338832067
0117_01,0.2124126168886536
0118_01,0.4735842965989588
0121_01,0.06043546581759118
0124_01,0.7095304374783291
0125_01,0.9926655398024842
0125_02,0.005414806468643451
0130_01,0.7095304374783291
0131_01,0.183804073797967
0132_01,0.9740606282810328
0135_01,0.15275101914800446
0137_01,0.5281435778660017
0142_01,0.9911933038962099
0142_02,0.13684008211613968
0142_03,0.9856427440108017
0143_01,0.8038005777272528
0145_01,0.10680352538296609
0150_01,0.927688202393926
0150_02,0.9762070020217145
0153_01,0.4204515166506997
0154_01,0.6365964263964423
0155_01,0.07136229158161832
0156_01,0.8426474887964542
0157_01,0.05211448659652898
0158_01,0.11343951796198005
0158_02,0.6406701826627841
0159_01,0.09752988233705241
0161_01,0.09102323412069889
0162_01,0.9783942403907685
0166_01,0.5648576727642856
0168_01,0.9984020418739514
0175_01,0.5527326251789902
0175_02,0.6511593574948069
0175_03,0.5527326251789902
0175_04,0.4731785867647317
0175_05,0.5100495775598481
0176_01,0.13884501551832454
0180_01,0.13223896666608964
0184_01,0.2110926462866689
0185_01,0.825566311270178
0187_01,0.9850424318165937
0191_01,0.1529681539461891
0194_01,0.9782235419836115
0194_02,0.9956781434751666
0194_03,0.004457647214595367
0204_01,0.14297853342335012
0208_01,0.2527408692762794
0209_01,0.00045415683151270417
0214_01,0.026070959667327125
0214_02,0.046162095700639505
0215_01,0.4731785867647317
0218_01,0.055266516345112524
0226_01,0.9229578047568597
0227_01,0.25852125830942113
0228_01,0.9921077065068151
0228_02,0.9913400257038693
0228_03,0.998653947571116
0228_04,0.0041999181706168474
0230_01,0.613445368044379
0230_02,0.1176848358696033
0235_01,0.4731785867647317
0236_01,0.9566273563236998
0238_01,0.02500132044887794
0247_01,0.9896831579276674
0247_02,0.9928503810099591
0249_01,0.11932679656769751
0256_01,0.7417403438078851
0259_01,0.9661720672547907
0262_01,0.08599083864674842
0264_01,0.9987507930160755
0264_02,0.9921077065068151
0264_03,0.006412003631854095
0266_01,0.08353572331272598
0266_02,0.05420783925753177
0268_01,0.02696190790939984
0268_02,0.12127893452019761
0271_01,0.5160571598616825
0272_01,0.13395401006718416
0273_01,0.9963850794545049
0273_02,0.9606851138479665
0273_03,0.05571768908985593
0274_01,0.014239415064857154
0274_02,0.47430396252631524
0276_01,0.021612093772670583
0276_02,0.9966283098851907
0279_01,0.2030172080794519
0280_01,0.4629718814406421
0284_01,0.7044089090261078
0292_01,0.11574936152833519
0293_01,0.9619672809945113
0295_01,0.18772741352118022
0296_01,0.1595883726598332
0299_01,0.13110212915971395
0300_01,0.00630795964210803
0308_01,0.6681143408851274
0311_01,0.5224869132082007
0312_01,0.4731785867647317
0317_01,0.11629010722175517
0318_01,0.5525910409485454
0319_01,0.0770545657539483
0319_02,0.9804667998325183
0323_01,0.6167859512600699
0325_01,0.5413675572015412
0328_01,0.6057815333494388
0329_01,0.9836068290215518
0332_01,0.4731785867647317
0335_01,0.2207334329355325
0339_01,0.2962935602357821
0339_02,0.16839146457059523
0339_03,0.5081121154135079
0339_04,0.7601500939852569
0339_05,0.6341118465409954
0339_06,0.16228278304835464
0339_07,0.06873645210696648
0339_08,0.07833793802852523
0342_01,0.8625717359950625
0342_02,0.538003107804827
0344_01,0.9742505850964188
0344_02,0.01800439654375464
0349_01,0.0007699270586141809
0349_02,0.9499185923663681
0349_03,0.028970437550676954
0349_04,0.9825286048016657
0349_05,0.10136826326481174
0349_06,0.032480999802189096
0351_01,0.9784890959904641
0353_01,0.5527326251789902
0353_02,0.5525910409485454
0354_01,0.7265729999503351
0362_01,0.8309388946817023
0363_01,0.3259026477621957
0363_02,0.6973246925600859
0363_03,0.6374112081287502
0364_01,0.5666306937177148
0364_02,0.1627607775511622
0366_01,0.5281435778660017
0367_01,0.004287744449032925
0374_01,0.18211197179311475
0374_02,0.21441799072258239
0386_01,0.07497078341895297
0390_01,0.4975625521382771
0393_01,0.002920766457266606
0394_01,0.6823114146219899
0399_01,0.6169659603696338
0400_01,0.9860431193153792
0404_01,0.9383361772001861
0406_01,0.26365264244541475
0414_01,0.02030182618801282
0416_01,0.6925092619434138
0418_01,0.15681035995831075
0419_01,0.3201890088031407
0419_02,0.6681143408851274
0419_03,0.56157815348587
0420_01,0.19506797329930856
0421_01,0.9997780822276537
0422_01,0.10177991082333288
0424_01,0.08009354299860748
0426_01,0.1285392897023551
0440_01,0.1511587531292392
0443_01,0.39154296773658676
0450_01,0.07760320462099758
0451_01,0.9990175550428922
0455_01,0.30759770973100947
0464_01,0.5281435778660017
0467_01,0.8379076083176589
0467_02,0.8379076083176589
0467_03,0.9177495445826627
0467_04,0.9696282537260292
0469_01,0.6556039363455092
0473_01,0.2519889788002868
0478_01,0.00029614310520060464
0478_02,0.9913789936756057
0479_01,0.998653947571116
0483_01,0.969752008771237
0483_02,0.7980683605845668
0484_01,0.9891462266802011
0486_01,0.7131707556786553
0489_01,0.27408734931657136
0489_02,0.975972976046964
0491_01,0.45005777771783956
0492_01,0.1423598946311424
0493_01,0.5051897843573987
0494_01,0.9942606550057853
0494_02,0.19512719770482503
0495_01,0.47213463327409205
0495_02,0.47213463327409205
0495_03,0.6014938207194148
0495_04,0.4081391410729479
0495_05,0.010317152535635083
0495_06,0.3593727669822509
0496_01,0.6511593574948069
0496_02,0.6681143408851274
0497_01,0.9606851138479665
0505_01,0.12114985709711554
0508_01,0.0222738667267946
0509_01,0.5127168388626601
0511_01,0.031549023670232025
0514_01,0.6169659603696338
0524_01,0.9736044687962093
0526_01,0.56157815348587
0530_01,0.07123887148484609
0530_02,0.011338561791697111
0530_03,0.9986158997504162
0532_01,0.07073523220556352
0532_02,0.9967512638513868
0535_01,0.7941812706958377
0536_01,0.005307144298542823
0536_02,0.04557330783236759
0541_01,0.9921077065068151
0543_01,0.56157815348587
0544_01,0.9998680789478842
0554_01,0.02524101942120976
0557_01,0.9784890959904641
0557_02,0.9606851138479665
0558_01,0.7009510419033516
0562_01,0.42784744587902585
0562_02,0.9774022816432621
0574_01,0.023609173713133848
0578_01,0.6014938207194148
0578_02,0.281772889507444
0584_01,0.4731785867647317
0584_02,0.043609479976759326
0592_01,0.7041215095132641
0595_01,0.5051897843573987
0601_01,0.44167308688117773
0604_01,0.717080212434315
0605_01,0.18020469775423612
0606_01,0.6365964263964423
0613_01,0.9762070020217145
0613_02,0.9736911295329638
0616_01,0.08528137302385039
0617_01,0.06547259755174079
0620_01,0.14646096208884316
0620_02,0.8469186597406647
0620_03,0.9105041285769591
0621_01,0.08232497154250061
0622_01,0.0006287054562750497
0624_01,0.9845390038431999
0625_01,0.9955920097514782
0625_02,0.9803070944532928
0625_03,0.9850424318165937
0626_01,0.9990878774231274
0626_02,0.9966283098851907
0626_03,0.8927663978316843
0627_01,0.9301845254049356
0632_01,0.11814982734027628
0632_02,0.844047779211456
0632_03,0.6169659603696338
0640_01,0.9566981249940631
0640_02,0.9896831579276674
0648_01,0.048875236856306306
0648_02,0.06768276854522846
0649_01,0.5100495775598481
0651_01,0.969752008771237
0652_01,0.597155945196164
0652_02,0.4081391410729479
0652_03,0.4081391410729479
0652_04,0.14713566915728243
0652_05,0.5422039710937574
0654_01,0.7179209941449626
0662_01,0.5960005561663017
0666_01,0.6063613830455726
0666_02,0.6740147224985332
0667_01,0.1932585189050402
0670_01,0.08839264172030926
0670_02,0.029757950230922488
0673_01,0.7047127661689854
0675_01,0.6614834263838313
0676_01,0.3816309811477242
0681_01,0.4731785867647317
0692_01,0.8893504413157257
0694_01,0.5516867512648067
0695_01,0.6559748422631094
0698_01,0.08927351031199907
0700_01,0.10250079758155618
0706_01,0.7601500939852569
0708_01,0.9755354849434259
0708_02,0.9917718929154549
0711_01,0.070373136041809
0716_01,0.15210813434398504
0717_01,0.9715441139854881
0717_02,0.30069225148205114
0717_03,0.9715441139854881
0717_04,0.9715441139854881
0717_05,0.012922776649853378
0717_06,0.058909002979263166
0717_07,0.9914738116764992
0720_01,0.9707643252324368
0720_02,0.2207334329355325
0720_03,0.0559724362754519
0721_01,0.6939066091081088
0722_01,0.20410556919502584
0723_01,0.05524114777825076
0725_01,0.5525910409485454
0730_01,0.8034855431851713
0731_01,0.1196899903525178
0731_02,0.49295745955222137
0735_01,0.14803552669944683
0739_01,0.4648429618460801
0741_01,0.7222200451868461
0742_01,0.15892184415948754
0742_02,0.9707643252324368
0744_01,0.998653947571116
0745_01,0.04977999443237027
0747_01,0.06164287277321056
0748_01,0.9695302633563391
0748_02,0.036827160239320506
0749_01,0.975972976046964
0751_01,0.9707643252324368
0752_01,0.5281435778660017
0755_01,0.9527254067186883
0758_01,0.9700121006540642
0758_02,0.9897314764207368
0758_03,0.027572610256075512
0759_01,0.9936518432884113
0759_02,0.004417428820580852
0759_03,0.9742505850964188
0760_01,0.20746179779598103
0763_01,0.9984020418739514
0763_02,0.2345689694096101
0766_01,0.4720357790263396
0774_01,0.4661396516727613
0774_02,0.005659722337272242
0774_03,0.7331866228570725
0775_01,0.9955321865621088
0775_02,0.9924709445353007
0775_03,0.9974767944882132
0775_04,0.03033811174364017
0775_05,0.9910433881224026
0775_06,0.9991771343530749
0778_01,0.9974356504176572
0778_02,0.9220971705983229
0780_01,0.9401161225744898
0783_01,0.1314135216030304
0792_01,0.6681143408851274
0800_01,0.018986373914614545
0801_01,0.975972976046964
0803_01,0.4500937036164982
0804_01,0.9956781434751666
0807_01,0.013900471930858308
0810_01,0.1716797698128891
0812_01,0.4720357790263396
0814_01,0.03975311059409507
0821_01,0.9438808954450478
0827_01,0.15019082056989572
0827_02,0.4980375131048551
0827_03,0.9775100210769729
0831_01,0.09218275425232282
0832_01,0.6681143408851274
0837_01,0.969752008771237
0837_02,0.013365842175978967
0838_01,0.28867413510432754
0838_02,0.09523426174860489
0841_01,0.02852646062427446
0842_01,0.28867413510432754
0843_01,0.538003107804827
0844_01,0.6512783196565666
0847_01,0.18905195049210263
0852_01,0.986409046907167
0854_01,0.5860350254574698
0855_01,0.9235484180020361
0856_01,0.14143613507915864
0857_01,0.9707762462128673
0858_01,0.29605771553218385
0858_02,0.9606851138479665
0861_01,0.26580611276771404
0862_01,0.4731785867647317
0864_01,0.006435224103147794
0864_02,0.9803070944532928
0864_03,0.9911933038962099
0866_01,0.9566273563236998
0872_01,0.08259355712908785
0880_01,0.6563062096255551
0880_02,0.485248918540923
0882_01,0.8851668301139372
0884_01,0.08401159691864846
0884_02,0.5851194086320008
0886_01,0.09046149586321589
0886_02,0.9771384326649014
0886_03,0.9937031281127415
0887_01,0.0015890915030526958
0887_02,0.020423013741151463
0888_01,0.1756896749442187
0888_02,0.29832683031626445
0891_01,0.9098952332775913
0892_01,0.9974767944882132
0892_02,0.999477474895923
0892_03,0.9992718541736756
0894_01,0.9992718541736756
0895_01,0.5850449974531242
0896_01,0.2874014088752869
0897_01,0.998653947571116
0897_02,0.9966283098851907
0900_01,0.5525910409485454
0908_01,0.47213463327409205
0909_01,0.028938196613093246
0909_02,0.9911933038962099
0909_03,0.9707643252324368
0914_01,0.002332425121715451
0916_01,0.11448317132709153
0917_01,0.34108450619554903
0920_01,0.000911554203440506
0929_01,0.16278104775084068
0934_01,0.07204845356517935
0936_01,0.19143135426764546
0937_01,0.4371658921083209
0943_01,0.9784890959904641
0943_02,0.9937031281127415
0943_03,0.10718903696033699
0945_01,0.18919848862965713
0945_02,0.1168531379445966
0948_01,0.09076716576446053
0950_01,0.9707643252324368
0954_01,0.3936360220239903
0958_01,0.10662443772769205
0959_01,0.4267506479631795
0962_01,0.9805642366447068
0963_01,0.9837169242007736
0967_01,0.13087047538621172
0973_01,0.07443700710482311
0974_01,0.06732266951770126
0977_01,0.6473961196237301
0980_01,0.33204528079728407
0981_01,0.14378404944996465
0981_02,0.514940280085923
0986_01,0.0016669059469115054
0986_02,0.9914738116764992
0996_01,0.1867921743970835
0999_01,0.5525910409485454
0999_02,0.650191795683882
1003_01,0.08298706522101562
1007_01,0.06996506812770058
1009_01,0.034200550018527655
1010_01,0.9782853262386486
1016_01,0.001108109601955735
1021_01,0.24525554289600865
1023_01,0.9695302633563391
1028_01,0.6770852802353813
1037_01,0.5051897843573987
1039_01,0.12136001290199769
1042_01,0.36313657665218574
1044_01,0.798899168794187
1050_01,0.4731785867647317
1055_01,0.3551451734233357
1059_01,0.9956781434751666
1059_02,0.9913789936756057
1061_01,0.9913789936756057
1064_01,0.46999884760188937
1064_02,0.6511593574948069
1067_01,0.22080613507640415
1069_01,0.9838888549425259
1070_01,0.5785860908331512
1072_01,0.5500848640751057
1072_02,0.4731785867647317
1072_03,0.5067789074986063
1072_04,0.23568281732508028
1072_05,0.06033359665631587
1072_06,0.3280969300060292
1072_07,0.6341118465409954
1072_08,0.56157815348587
1073_01,0.12653517242124412
1074_01,0.6973246925600859
1074_02,0.8166701850096258
1081_01,0.38079247197357585
1087_01,0.7170300676861912
1090_01,0.9966283098851907
1090_02,0.015087656207686139
1092_01,0.6341118465409954
1098_01,0.08741438710811981
1101_01,0.3290946927886612
1103_01,0.15378553378469445
1104_01,0.999477474895923
1106_01,0.07302068359179549
1106_02,0.9774022816432621
1107_01,0.20702432994518702
1109_01,0.2597783111279696
1111_01,0.6265968992253005
1111_02,0.47213463327409205
1111_03,0.7418309632671886
1118_01,0.20423460039685376
1118_02,0.9977303765903797
1118_03,0.9955321865621088
1118_04,0.8371973659737403
1118_05,0.015142268617504933
1119_01,0.09505988727439095
1119_02,0.9695302633563391
1120_01,0.9805093735230925
1122_01,0.6169659603696338
1124_01,0.9972017836479702
1124_02,0.9942273477791413
1124_03,0.8467757749307407
1125_01,0.13589016618871946
1125_02,0.56157815348587
1126_01,0.9707643252324368
1128_01,0.9917718929154549
1128_02,0.927688202393926
1131_01,0.9966141518838498
1135_01,0.005103960205421742
1135_02,0.988629362566507
1135_03,0.0010881421358897383
1135_04,0.9957668194516844
1137_01,0.3923300452682461
1137_02,0.09223777188534181
1138_01,0.9984096923528112
1139_01,0.5525910409485454
1143_01,0.5414346222242333
1145_01,0.9908739351022575
1145_02,0.4816999201695504
1145_03,0.03267546216128804
1145_04,0.9908739351022575
1151_01,0.719715710903353
1157_01,0.19901176585570357
1158_01,0.485248918540923
1158_02,0.28867413510432754
1159_01,0.6473961196237301
1159_02,0.3593727669822509
1159_03,0.6473961196237301
1160_01,0.3342747273701851
1164_01,0.38462316268543584
1171_01,0.03100787356384387
1172_01,0.9774022816432621
1176_01,0.3695542843415142
1181_01,0.19177277138127335
1183_01,0.9782235419836115
1183_02,0.1669366759229847
1183_03,0.9956781434751666
1184_01,0.9988023780364389
1184_02,0.8524678044625652
1189_01,0.10247319925381677
1194_01,0.08000584836167257
1196_01,0.06838746395279686
1196_02,0.12911251929184306
1200_01,0.9992718541736756
1201_01,0.0012292280138120238
1201_02,0.6789246581977263
1202_01,0.07103591536102591
1204_01,0.4529071765837946
1205_01,0.11224764835544043
1207_01,0.4081391410729479
1207_02,0.5422039710937574
1207_03,0.47213463327409205
1207_04,0.575786329632455
1209_01,0.022075301156689882
1209_02,0.2444799433373062
1217_01,0.9915742851725269
1217_02,0.9850058082880456
1219_01,0.10490136780356352
1219_02,0.9990878774231274
1224_01,0.9803070944532928
1224_02,0.9568331506794072
1226_01,0.9695302633563391
1226_02,0.9803070944532928
1227_01,0.9634757384010912
1237_01,0.4290999265111029
1241_01,0.11058144385603641
1244_01,0.975972976046964
1245_01,0.6014938207194148
1247_01,0.9937031281127415
1249_01,0.10115528710797944
1251_01,0.9154119934097978
1252_01,0.07106730345993105
1253_01,0.04976336221018305
1257_01,0.9972017836479702
1257_02,0.9977303765903797
1257_03,0.9973434687449693
1257_04,0.9959880707986442
1262_01,0.6511593574948069
1262_02,0.20015101949877154
1265_01,0.6169659603696338
1266_01,0.06828345800792734
1268_01,0.9804667998325183
1270_01,0.9991503920429642
1272_01,0.13185240656404512
1275_01,0.07113059327094022
1276_01,0.2207334329355325
1277_01,0.14237233555094722
1290_01,0.10277392846465769
1296_01,0.11394088092767235
1297_01,0.9570896803197485
1298_01,0.3593727669822509
1301_01,0.8133394096602646
1301_02,0.47213463327409205
1301_03,0.5281435778660017
1303_01,0.42156563672791464
1305_01,0.8404596378618819
1313_01,0.6050963989184021
1314_01,0.0586725489424458
1315_01,0.48236209415208614
1318_01,0.9841569702067701
1319_01,0.00932785407075949
1319_02,0.04282232681954229
1320_01,0.5525910409485454
1320_02,0.5527326251789902
1320_03,0.5527326251789902
1321_01,0.6405942335996562
1321_02,0.9774022816432621
1321_03,0.06992454224001864
1321_04,0.1279780569119164
1327_01,0.4731785867647317
1329_01,0.08780521639053639
1334_01,0.26255633014789537
1338_01,0.9956781434751666
1338_02,0.9782235419836115
1339_01,0.6014938207194148
1341_01,0.09832641981473014
1341_02,0.6014938207194148
1341_03,0.5393310226544004
1343_01,0.0006466935248862187
1343_02,0.3207333036912501
1343_03,0.0315535478400784
1344_01,0.21804245158507854
1346_01,0.38079247197357585
1349_01,0.5051897843573987
1349_02,0.6721256860482505
1354_01,0.18572926991955163
1354_02,0.2207334329355325
1354_03,0.9901083105782991
1354_04,0.958939026505636
1354_05,0.9707643252324368
1354_06,0.9774022816432621
1354_07,0.7967748114681369
1358_01,0.9606851138479665
1358_02,0.048723810282555784
1359_01,0.12553235077373018
1361_01,0.9707643252324368
1361_02,0.09524780308087535
1363_01,0.23745438734749416
1364_01,0.361395375980773
1364_02,0.6349414122712976
1367_01,0.5525910409485454
1369_01,0.44198694539225064
1369_02,0.538003107804827
1369_03,0.8894516923492009
1372_01,0.56157815348587
1373_01,0.44222126305964765
1374_01,0.9990878774231274
1388_01,0.6473961196237301
1392_01,0.1504916536392929
1394_01,0.5516867512648067
1396_01,0.513502196275542
1405_01,0.18125564887533052
1409_01,0.05916431442403359
1409_02,0.6405942335996562
1411_01,0.7584666458232682
1418_01,0.6941234686994654
1422_01,0.9817943931712304
1422_02,0.0050685330225934385
1422_03,0.001063706051781709
1429_01,0.35724768394916673
1432_01,0.153463344562283
1432_02,0.023370926874749613
1436_01,0.4582692405570945
1437_01,0.06734900321980503
1441_01,0.13996586997550545
1446_01,0.08636747430872548
1448_01,0.16897926667191157
1449_01,0.03748248429876186
1456_01,0.03681125889443484
1459_01,0.22581590596706858
1464_01,0.12268995213037642
1466_01,0.5051897843573987
1468_01,0.6267920201561966
1469_01,0.057160945588102245
1469_02,0.12952899370115822
1470_01,0.4731785867647317
1471_01,0.4081391410729479
1471_02,0.47213463327409205
1471_03,0.4561817733708358
1471_04,0.4081391410729479
1471_05,0.47213463327409205
1472_01,0.5525910409485454
1473_01,0.18929993593211952
1473_02,0.02155561025799613
1475_01,0.6387001223053712
1476_01,0.09021558026864586
1477_01,0.422798248829163
1477_02,0.0003769133631543964
1480_01,0.4846345501206187
1482_01,0.9707643252324368
1483_01,0.8824089066337311
1486_01,0.5051897843573987
1487_01,0.614816244956483
1487_02,0.584626769528919
1492_01,0.021901307658933743
1492_02,0.4268711052115241
1494_01,0.20208561682150436
1495_01,0.055993351762501156
1495_02,0.6350222141447446
1496_01,0.4968066073091692
1497_01,0.975972976046964
1497_02,0.975972976046964
1502_01,0.00546835130438297
1502_02,0.9984071537298881
1502_03,0.9936518432884113
1502_04,0.9757006317538363
1504_01,0.06467474823474814
1505_01,0.08777056434905227
1508_01,0.0938411421403099
1512_01,0.2537979461603277
1513_01,0.5860350254574698
1514_01,0.6770852802353813
1516_01,0.5080149853875211
1517_01,0.31082952865369085
1518_01,0.0017976747454023464
1518_02,0.030931623604405486
1519_01,0.1836660616069375
1522_01,0.9707643252324368
1530_01,0.9411519572374308
1534_01,0.0169133685911543
1534_02,0.006083582284887667
1535_01,0.011889408400114087
1537_01,0.9993986889848286
1538_01,0.031082200035632623
1538_02,0.07782000576299637
1546_01,0.7314811669018483
1549_01,0.25367960163243897
1553_01,0.9632663045866676
1553_02,0.06147370188770164
1554_01,0.6365964263964423
1554_02,0.47990846030414896
1556_01,0.5281435778660017
1557_01,0.9997506833504397
1559_01,0.9836068290215518
1559_02,0.9715441139854881
1563_01,0.9990878774231274
1566_01,0.9836068290215518
1570_01,0.13600840343950246
1571_01,0.330729574179728
1574_01,0.5051897843573987
1575_01,0.6014938207194148
1582_01,0.5206746345701263
1582_02,0.5100495775598481
1583_01,0.9613200482580708
1586_01,0.287329525890079
1587_01,0.6770852802353813
1587_02,0.6721256860482505
1589_01,0.09777827247004811
1591_01,0.001254554980393851
1591_02,0.9820779428797212
1598_01,0.6572316280054953
1598_02,0.9903422473407105
1600_01,0.06645051017974002
1605_01,0.09303601076808196
1607_01,0.5525910409485454
1609_01,0.07049219599740075
1610_01,0.8683664746134864
1616_01,0.4975625521382771
1618_01,0.03203018022709303
1620_01,0.004513370943851764
1623_01,0.225391124046353
1627_01,0.6063613830455726
1629_01,0.9931114460283652
1629_02,0.9931114460283652
1629_03,0.9966283098851907
1629_04,0.9626232453188468
1629_05,0.9966283098851907
1629_06,0.998653947571116
1639_01,0.02069424798764948
1641_01,0.9604894605757576
1642_01,0.036713201985734766
1643_01,0.11986967807467079
1648_01,0.9634757384010912
1652_01,0.597155945196164
1654_01,0.03629477264832934
1664_01,0.2342935832230713
1665_01,0.983778745416614
1665_02,0.9860431193153792
1667_01,0.12295910771464091
1675_01,0.9818918375975603
1678_01,0.11011478644500582
1679_01,0.5527326251789902
1680_01,0.009032391366989162
1680_02,0.9992138595489123
1683_01,0.04433603533444528
1684_01,0.13362724071384194
1686_01,0.1365633238454161
1689_01,0.9924709445353007
1689_02,0.9894828214548338
1689_03,0.9853901776856967
1692_01,0.4758671926796185
1693_01,0.4169262704655382
1701_01,0.4731785867647317
1702_01,0.7452618147218824
1703_01,0.36625651406820775
1706_01,0.08788490836101241
1707_01,0.13236006760930652
1716_01,0.05383368213105339
1720_01,0.05580196116201595
1722_01,0.08173380845335071
1726_01,0.09871520590623499
1726_02,0.9723622337195296
1726_03,0.15050016927839188
1732_01,0.4731785867647317
1735_01,0.15522150811843677
1737_01,0.09420587003599541
1741_01,0.4288718500813432
1741_02,0.5527326251789902
1741_03,0.5100495775598481
1743_01,0.08719567013440879
1744_01,0.28555980613665155
1750_01,0.4846345501206187
1751_01,0.9818918375975603
1751_02,0.9894414032591533
1754_01,0.4602004808311395
1756_01,0.23971186280192713
1759_01,0.9632663045866676
1765_01,0.56157815348587
1773_01,0.05180374638250107
1777_01,0.002170021984069553
1777_02,0.9769911206199222
1780_01,0.2418852027350776
1784_01,0.11695818411958665
1787_01,0.38079247197357585
1788_01,0.09918183034444228
1789_01,0.3593727669822509
1790_01,0.4846345501206187
1790_02,0.4846345501206187
1791_01,0.9768420735571093
1791_02,0.9703207871361635
1793_01,0.027365401425458156
1793_02,0.7920361199581234
1794_01,0.06022370591225984
1795_01,0.10005226154062075
1801_01,0.7708540282510924
1801_02,0.12209005395233982
1809_01,0.4731785867647317
1814_01,0.10957976162693189
1814_02,0.5860350254574698
1814_03,0.4081391410729479
1815_01,0.9746552865510594
1819_01,0.06936969323044524
1820_01,0.28867413510432754
1824_01,0.050125646998373116
1825_01,0.4661262166932452
1825_02,0.17851136111916394
1830_01,0.6473961196237301
1832_01,0.020444481887335754
1835_01,0.9966283098851907
1835_02,0.9966814686908377
1837_01,0.9987507930160755
1838_01,0.9531053259468585
1839_01,0.044766227229255856
1840_01,0.6260622618110595
1842_01,0.09406996649850596
1845_01,0.009832168717820295
1851_01,0.00913692294362185
1851_02,0.9921077065068151
1852_01,0.9978412373597505
1852_02,0.9909132571287936
1852_03,0.9921077065068151
1852_04,0.9990878774231274
1858_01,0.9901757975720544
1862_01,0.17756018529652792
1862_02,0.34345147245752905
1862_03,0.5155572469963053
1867_01,0.9913789936756057
1869_01,0.07109300811999895
1870_01,0.06322386466356592
1875_01,0.2314928308754684
1876_01,0.09816673465480938
1883_01,0.4371658921083209
1885_01,0.1822340224027481
1893_01,0.9746552865510594
1894_01,0.9703207871361635
1895_01,0.07345695651086355
1896_01,0.006041701396034913
1900_01,0.37760053788906117
1904_01,0.006573912197300014
1909_01,0.9863733465436862
1909_02,0.9782235419836115
1909_03,0.25267229345868414
1910_01,0.8741110969455286
1910_02,0.0020026823877057295
1910_03,0.16305365816657222
1910_04,0.9894414032591533
1912_01,0.07470114226217821
1913_01,0.8064116408492559
1913_02,0.9723346284656476
1913_03,0.9703207871361635
1914_01,0.6106579068399786
1917_01,0.41829506121310533
1919_01,0.3248821017661194
1921_01,0.05297919943675585
1921_02,0.02917209364990894
1924_01,0.6824481334821683
1929_01,0.056409489238920564
1930_01,0.09014336202948901
1932_01,0.04745366528808636
1934_01,0.07047324597851552
1936_01,0.06557447677177126
1943_01,0.1217390792431509
1944_01,0.15323580883448507
1948_01,0.005436329217954271
1948_02,0.9987507930160755
1949_01,0.10118844994964693
1951_01,0.9947584606145429
1951_02,0.0061032797477396025
1954_01,0.1394167608838323
1955_01,0.2645363210611646
1958_01,0.023452450383291096
1965_01,0.4840267975625375
1966_01,0.7231876466134308
1970_01,0.20560096038558257
1972_01,0.24532706650330646
1982_01,0.08815119518037114
1986_01,0.9746552865510594
1987_01,0.5287161270191219
1989_01,0.6672611555780017
1990_01,0.9531053259468585
1990_02,0.9870530913001906
1998_01,0.052598961438934944
2002_01,0.9740726477310405
2004_01,0.47430396252631524
2005_01,0.188748961851815
2005_02,0.4266925074784574
2008_01,0.12111174912120384
2014_01,0.9622481564850915
2016_01,0.9632663045866676
2016_02,0.07595773608677125
2017_01,0.2207334329355325
2017_02,0.022683184088783476
2018_01,0.5314479045785289
2020_01,0.9742382143143313
2021_01,0.48740327412405815
2023_01,0.2726422456041472
2023_02,0.5314479045785289
2023_03,0.5314479045785289
2025_01,0.004756485322868456
2030_01,0.26889426319798715
2031_01,0.051948442144305
2033_01,0.11254097318020086
2035_01,0.04603882346571973
2035_02,0.9597434820826232
2036_01,0.5625686347510257
2036_02,0.6661867357144476
2036_03,0.5155572469963053
2037_01,0.9715441139854881
2037_02,0.0005816793566870299
2039_01,0.9907925623427651
2039_02,0.9703207871361635
2039_03,0.9597434820826232
2047_01,0.5545513232315955
2048_01,0.4446450434445452
2049_01,0.5679761586772988
2050_01,0.040956134994845614
2057_01,0.6993027644246386
2057_02,0.6534195793335256
2057_03,0.0694979512051198
2057_04,0.5310479225073351
2057_05,0.49406636762592787
2058_01,0.06416025579068842
2064_01,0.9597434820826232
2068_01,0.9860431193153792
2068_02,0.989192076497575
2068_03,0.9809013309880027
2068_04,0.06581939438213243
2068_05,0.8386399337694831
2069_01,0.07237429566074659
2072_01,0.436115705917883
2072_02,0.08678546560664903
2076_01,0.9740726477310405
2077_01,0.054808657345047807
2078_01,0.9639570127525818
2079_01,0.5923576117057597
2079_02,0.1353357008723596
2079_03,0.08019841563425206
2093_01,0.051969841763351655
2098_01,0.22758259740843995
2101_01,0.6945889334136476
2101_02,0.2965338584240007
2103_01,0.031953247176262786
2108_01,0.20520272404164414
2108_02,0.3343368458316721
2109_01,0.4955780396609714
2113_01,0.5274154352986457
2119_01,0.10794466783317261
2119_02,0.5040558813950814
2122_01,0.8881633359440827
2132_01,0.6337322874004566
2146_01,0.8504994165860854
2146_02,0.9836068290215518
2151_01,0.5040558813950814
2155_01,0.4365958312908705
2157_01,0.09080096972624624
2160_01,0.029518168989368432
2160_02,0.9974061183446578
2160_03,0.9938459084861161
2165_01,0.4052446388814865
2166_01,0.29039398284148643
2169_01,0.05982284594690104
2170_01,0.06561703080249699
2174_01,0.10039838684132996
2176_01,0.5625686347510257
2178_01,0.10700082010623589
2181_01,0.046239746826612756
2184_01,0.999477474895923
2184_02,0.9626923197825642
2185_01,0.9990175550428922
2192_01,0.06944334774414009
2197_01,0.09796675886288617
2199_01,0.17744977280829727
2208_01,0.15088056878500894
2213_01,0.03557168130425887
2214_01,0.08871485446915882
2216_01,0.34436782323405746
2217_01,0.4417232757998205
2218_01,0.23160561027025697
2222_01,0.9703207871361635
2226_01,0.07995720881792177
2227_01,0.9632663045866676
2230_01,0.5968286823980287
2236_01,0.46711407181378745
2240_01,0.7510919912922753
2240_02,0.05625056299273283
2240_03,0.5155572469963053
2242_01,0.7514034620292935
2244_01,0.6546347619718492
2245_01,0.9108195601323646
2245_02,0.9154270709519534
2246_01,0.6078819521234564
2246_02,0.011423436958764802
2247_01,0.03610264231721374
2248_01,0.06638290724005663
2249_01,0.7776835443597462
2250_01,0.04960919688042991
2259_01,0.4289316284747887
2259_02,0.9913789936756057
2260_01,0.9566981249940631
2265_01,0.06221017369932248
2271_01,0.0023055473676982133
2276_01,0.4955780396609714
2276_02,0.10534977046657971
2283_01,0.10323913090650712
2285_01,0.06755779323258242
2286_01,0.052337539612932284
2290_01,0.5679761586772988
2292_01,0.6337322874004566
2293_01,0.9740726477310405
2294_01,0.9960311946180482
2297_01,0.17604774448511218
2304_01,0.46107094704613216
2307_01,0.6374112081287502
2307_02,0.5749118761911943
2307_03,0.6973246925600859
2307_04,0.6973246925600859
2307_05,0.6374112081287502
2322_01,0.1029127840244275
2323_01,0.11422307275327787
2324_01,0.2545500201350726
2326_01,0.46107094704613216
2328_01,0.12174731252475242
2330_01,0.10881636773801615
2331_01,0.9903459698228236
2334_01,0.056394965577060155
2335_01,0.5679761586772988
2337_01,0.6824481334821683
2342_01,0.021662683258694387
2343_01,0.9917718929154549
2343_02,0.7331866228570725
2344_01,0.024612089632462062
2344_02,0.9917718929154549
2346_01,0.25038665383564496
2350_01,0.2627336388882129
2350_02,0.0758853624695906
2350_03,0.9858829247562012
2351_01,0.16510157952503254
2351_02,0.052448844243874
2352_01,0.04986024419206699
2354_01,0.0017342155380252566
2355_01,0.9811880169578465
2355_02,0.9947584606145429
2355_03,0.1251289504580509
2355_04,0.9994679312676765
2358_01,0.024138355111112765
2359_01,0.06865844281191494
2362_01,0.4391608572720975
2370_01,0.4840267975625375
2370_02,0.5968286823980287
2370_03,0.09028874252109095
2370_04,0.5155572469963053
2371_01,0.19934257662073054
2372_01,0.11532138057648761
2378_01,0.1825324492867684
2378_02,0.9937525961338778
2380_01,0.0006596825422648609
2380_02,0.9817943931712304
2381_01,0.5679761586772988
2383_01,0.024179732764911414
2383_02,0.03983231538747354
2386_01,0.9597434820826232
2388_01,0.014574361544024193
2388_02,0.6008004883078684
2393_01,0.06593130173566156
2394_01,0.6880040808793492
2394_02,0.6888017371073284
2394_03,0.09711862637813175
2400_01,0.2979323267772193
2405_01,0.06277734996206945
2407_01,0.9866375625943903
2408_01,0.040442071172424085
2415_01,0.9177019502492784
2418_01,0.07818162007828444
2420_01,0.14335764680773116
2422_01,0.011538898354995497
2422_02,0.9987507930160755
2425_01,0.5968286823980287
2425_02,0.2731352971159663
2425_03,0.5501689270250324
2425_04,0.6630629882766552
2425_05,0.5514989724669743
2425_06,0.5968286823980287
2428_01,0.05247440556529005
2430_01,0.5040558813950814
2430_02,0.4266925074784574
2430_03,0.04484148949162321
2434_01,0.4840267975625375
2434_02,0.16496672452406538
2437_01,0.04340303038300623
2440_01,0.6050245641303866
2447_01,0.21820540698884094
2448_01,0.9917718929154549
2448_02,0.9926655398024842
2450_01,0.028777284057238933
2459_01,0.6260622618110595
2464_01,0.05834065875872922
2465_01,0.24047483445239434
2468_01,0.9866586427257796
2469_01,0.9632663045866676
2469_02,0.0908766479780792
2473_01,0.11152998943374925
2481_01,0.640465269356444
2481_02,0.10845122349497036
2482_01,0.017109608502762903
2482_02,0.012093860361475037
2484_01,0.9639570127525818
2484_02,0.04717824174841889
2485_01,0.05693770494152061
2487_01,0.9907925623427651
2487_02,0.9703207871361635
2487_03,0.14559096545916073
2490_01,0.052822500651784246
2493_01,0.022674553419982955
2493_02,0.13271802196563298
2494_01,0.9967512638513868
2494_02,0.0035115238847574725
2495_01,0.029964909614109643
2501_01,0.9974356504176572
2504_01,0.35033531735147605
2507_01,0.46107094704613216
2511_01,0.3357283148964888
2514_01,0.561464493240767
2517_01,0.9624015059134018
2525_01,0.08143197612789421
2529_01,0.009924850653161206
2533_01,0.13723329501329593
2536_01,0.9746552865510594
2538_01,0.9926655398024842
2538_02,0.927688202393926
2539_01,0.44220210601574156
2543_01,0.42463100949075666
2554_01,0.5874952332215059
2556_01,0.9864967798042015
2563_01,0.5545513232315955
2566_01,0.05089770540361704
2567_01,0.47430396252631524
2567_02,0.9723622337195296
2568_01,0.5695282771760669
2569_01,0.4073547107536847
2570_01,0.6008004883078684
2575_01,0.7525484601000997
2576_01,0.9624015059134018
2577_01,0.5545513232315955
2577_02,0.5314479045785289
2579_01,0.0628297529340887
2583_01,0.46107094704613216
2585_01,0.9736911295329638
2586_01,0.5310479225073351
2587_01,0.9718165868617165
2587_02,0.9597434820826232
2600_01,0.9305760998377942
2603_01,0.5040558813950814
2603_02,0.4180398349365807
2604_01,0.5625686347510257
2608_01,0.48740327412405815
2610_01,0.09142254411854225
2611_01,0.02315110210292477
2612_01,0.09883857026933074
2613_01,0.2949752371905638
2614_01,0.0935554290593455
2615_01,0.3314531443494781
2620_01,0.6945889334136476
2621_01,0.04112929192890718
2623_01,0.06140463498360101
2630_01,0.06814255997962797
2630_02,0.5314479045785289
2630_03,0.4266925074784574
2632_01,0.05174616402069818
2637_01,0.04765451155901661
2637_02,0.6993027644246386
2637_03,0.5155572469963053
2639_01,0.9632663045866676
2644_01,0.06880920411056765
2653_01,0.39586627280076186
2654_01,0.017713735196931733
2656_01,0.9974356504176572
2665_01,0.027072109656708605
2667_01,0.9978412373597505
2667_02,0.04569014755780897
2667_03,0.024107463516824197
2667_04,0.9921077065068151
2667_05,0.9990878774231274
2669_01,0.038236448395065493
2673_01,0.8943557585085178
2674_01,0.4266925074784574
2674_02,0.24245143453176202
2680_01,0.0002423379057545802
2681_01,0.5750058870122968
2686_01,0.053892564591577576
2689_01,0.00966319972111014
2694_01,0.9736911295329638
2694_02,0.9673621495523166
2696_01,0.9894394173500946
2699_01,0.051973077980975196
2705_01,0.48740327412405815
2710_01,0.9978412373597505
2710_02,0.9978412373597505
2711_01,0.7011718866125211
2715_01,0.045082642991424865
2715_02,0.19414302766612287
2716_01,0.14082271577407338
2716_02,0.9928503810099591
2719_01,0.08830005827207281
2719_02,0.9723622337195296
2719_03,0.014743369644997525
2728_01,0.19482803944864255
2731_01,0.48740327412405815
2733_01,0.1183145505392701
2735_01,0.0895869425098241
2742_01,0.6106579068399786
2744_01,0.44612867610757906
2749_01,0.48740327412405815
2757_01,0.05931595047277979
2761_01,0.05464573950291669
2761_02,0.7036677708349681
2766_01,0.7053230760409053
2767_01,0.040392088116722194
2771_01,0.05661328308024955
2775_01,0.6362546247254995
2776_01,0.8790941709829116
2777_01,0.9550841601194452
2779_01,0.07943219128284427
2782_01,0.019205675730128276
2791_01,0.12352023059227894
2794_01,0.027297797855506296
2794_02,0.09815767521212547
2794_03,0.9473267057327861
2794_04,0.9858829247562012
2794_05,0.07587729678318686
2794_06,0.9703207871361635
2794_07,0.9703207871361635
2800_01,0.7094201135251781
2803_01,0.9566981249940631
2804_01,0.48740327412405815
2808_01,0.9913789936756057
2808_02,0.9334938856377074
2815_01,0.1327455872049737
2815_02,0.5968286823980287
2815_03,0.428637879330446
2816_01,0.9776389205876151
2827_01,0.6169192538395762
2828_01,0.1589377275216213
2829_01,0.6008004883078684
2830_01,0.5625686347510257
2833_01,0.6824481334821683
2836_01,0.9999681643611489
2841_01,0.08527841750250963
2842_01,0.46107094704613216
2844_01,0.15136509983502405
2845_01,0.9956781434751666
2845_02,0.9860431193153792
2848_01,0.9550841601194452
2848_02,0.9605629535680482
2848_03,0.9825286048016657
2849_01,0.07369090025382849
2850_01,0.9894414032591533
2850_02,0.9937525961338778
2850_03,0.04824164578302081
2850_04,0.9937525961338778
2851_01,0.06834589663071415
2855_01,0.950221020011087
2864_01,0.022928060387347602
2868_01,0.5314479045785289
2868_02,0.5314479045785289
2868_03,0.4266925074784574
2868_04,0.7835188659645456
2874_01,0.08513935885849981
2879_01,0.06939121551421294
2885_01,0.04191477429518506
2886_01,0.010734372227175324
2889_01,0.14886080796298187
2895_01,0.9991771343530749
2896_01,0.12093519412872915
2898_01,0.9907435499846514
2898_02,0.927688202393926
2903_01,0.8482990398071132
2904_01,0.047566344040302716
2904_02,0.9742505850964188
2911_01,0.48740327412405815
2914_01,0.9755354849434259
2915_01,0.9746552865510594
2916_01,0.9842379047441961
2917_01,0.07464791308968471
2918_01,0.07937964418484067
2921_01,0.3336124988273004
2922_01,0.7898676459023634
2923_01,0.8375563294238006
2924_01,0.013048043610633863
2931_01,0.4840267975625375
2931_02,0.07076548560522856
2932_01,0.9966814686908377
2933_01,0.14602195180003877
2937_01,0.12527893587857955
2939_01,0.9009670303804721
2946_01,0.18336588202969545
2946_02,0.09501454668067343
2946_03,0.27259750688000584
2946_04,0.20384389269075984
2947_01,0.5310479225073351
2951_01,0.06760883594831703
2952_01,0.08784068097865091
2955_01,0.09835797411919105
2957_01,0.4840267975625375
2963_01,0.2505145305616553
2967_01,0.54636119384485
2973_01,0.12034625334576475
2974_01,0.059334721281740624
2976_01,0.9978412373597505
2976_02,0.9987507930160755
2976_03,0.9986158997504162
2976_04,0.0033955514375695684
2977_01,0.1030512547406697
2977_02,0.1664135551026842
2977_03,0.17735457338196298
2978_01,0.05849339316252776
2980_01,0.09597146682625232
2981_01,0.6824481334821683
2985_01,0.46840716638618574
2987_01,0.2518501565161419
2989_01,0.19208561823182418
2991_01,0.0037760562803738117
2997_01,0.9926655398024842
2997_02,0.004042524628265901
2997_03,0.14077048431066225
2997_04,0.9736911295329638
2999_01,0.1259811146534644
3002_01,0.08290112593032835
3007_01,0.019962334199978924
3008_01,0.9928503810099591
3008_02,0.005587863347077488
3008_03,0.969752008771237
3008_04,0.49822911344754395
3008_05,0.9896831579276674
3008_06,0.9905036881750272
3011_01,0.46107094704613216
3016_01,0.5155572469963053
3016_02,0.5968286823980287
3016_03,0.5968286823980287
3016_04,0.1145894917874213
3017_01,0.992261936937822
3028_01,0.46107094704613216
3031_01,0.9937297734900329
3035_01,0.2463766930166773
3037_01,0.9956781434751666
3037_02,0.9791979988998352
3041_01,0.034089136858055306
3043_01,0.36517223155938144
3046_01,0.49345142707967005
3049_01,0.015650111072285144
3051_01,0.010373272153290135
3052_01,0.17238433867771377
3056_01,0.6008004883078684
3057_01,0.38432132988793366
3058_01,0.06173015562674
3059_01,0.9769911206199222
3069_01,0.10093087985492019
3072_01,0.9904658865061505
3074_01,0.6491986123461997
3075_01,0.5680862476016842
3077_01,0.9990878774231274
3077_02,0.9990878774231274
3078_01,0.016336085071532017
3078_02,0.009047571270999418
3078_03,0.9984020418739514
3078_04,0.013498899844608536
3086_01,0.7163163310557363
3089_01,0.6405942335996562
3094_01,0.5545513232315955
3097_01,0.9875123375725907
3098_01,0.14520786948733036
3101_01,0.01572942925051756
3105_01,0.9860431193153792
3105_02,0.5217543572652781
3105_03,0.9860431193153792
3106_01,0.4431675667076061
3107_01,0.3861986324691654
3108_01,0.4996284200368164
3109_01,0.6739468038029534
3115_01,0.5750058870122968
3122_01,0.12429111322340895
3122_02,0.14644536843173672
3125_01,0.009601935049556592
3125_02,0.11694132952788966
3127_01,0.9944308840689241
3129_01,0.41761961609338244
3135_01,0.2684955839327502
3137_01,0.7044183917194677
3139_01,0.15871373365062558
3141_01,0.9632663045866676
3144_01,0.10089020687647085
3146_01,0.17205716103540036
3148_01,0.5905970468849029
3148_02,0.03335198450913371
3150_01,0.3248821017661194
3151_01,0.9942606550057853
3153_01,0.04749123219305539
3153_02,0.7053230760409053
3154_01,0.5040558813950814
3155_01,0.9836068290215518
3155_02,0.7297334456938069
3156_01,0.13252415902854664
3157_01,0.1221610897360682
3160_01,0.038407727119758574
3165_01,0.11720190493803881
3167_01,0.6414447635833586
3170_01,0.48740327412405815
3173_01,0.5040558813950814
3177_01,0.24378982803599608
3178_01,0.9842379047441961
3183_01,0.1475291879398774
3186_01,0.9875123375725907
3187_01,0.22482282147901705
3190_01,0.13861679526819604
3190_02,0.6405942335996562
3194_01,0.216829899550418
3198_01,0.008627617301624152
3199_01,0.8987888750718813
3202_01,0.7802961458303064
3207_01,0.05082163524869433
3208_01,0.04118773166751844
3214_01,0.9938449509612155
3222_01,0.06734528138920634
3226_01,0.9948950026196597
3228_01,0.09891246090820673
3231_01,0.7053230760409053
3233_01,0.6839249632945239
3234_01,0.1600823672070458
3242_01,0.03302885515443725
3244_01,0.9499185923663681
3244_02,0.9573346481765584
3244_03,0.983769793064593
3245_01,0.7987135865314813
3245_02,0.0721593050958472
3246_01,0.8230926085808474
3249_01,0.15051747674599858
3249_02,0.7767944398031436
3250_01,0.19720298229455846
3251_01,0.053996438601280436
3257_01,0.9948950026196597
3261_01,0.007256099785066644
3263_01,0.9938449509612155
3264_01,0.039343425693444685
3265_01,0.018482372953563996
3265_02,0.9970855570187457
3265_03,0.9986158997504162
3265_04,0.9931114460283652
3266_01,0.2005000959263877
3267_01,0.9713417532079466
3277_01,0.0012166067525220307
3278_01,0.9842379047441961
3281_01,0.996687416496241
3285_01,0.024548438529498028
3285_02,0.6405942335996562
3286_01,0.5743196270029288
3288_01,0.9842379047441961
3290_01,0.9935857108059366
3290_02,0.014732087317166192
3291_01,0.5545513232315955
3302_01,0.031119360341358798
3303_01,0.027164390652918948
3306_01,0.01709904969642736
3307_01,0.875217426401556
3316_01,0.949795042076927
3320_01,0.007998683137683864
3320_02,0.01873260410421982
3321_01,0.9938449509612155
3333_01,0.5386958393995661
3334_01,0.5750058870122968
3335_01,0.05103660250610414
3340_01,0.049650423199667545
3341_01,0.9971367749485626
3341_02,0.019819507309340678
3344_01,0.9966283098851907
3344_02,0.9967512638513868
3345_01,0.5707389735121318
3345_02,0.044145527214497104
3345_03,0.6337322874004566
3346_01,0.07545381081373811
3347_01,0.9652697526993378
3347_02,0.023495105110607536
3351_01,0.6167859512600699
3351_02,0.8788953569496428
3354_01,0.02181894913667256
3355_01,0.5625686347510257
3356_01,0.426224799644403
3358_01,0.053490861004758604
3362_01,0.0034964193106436425
3362_02,0.057644178033546156
3366_01,0.9966283098851907
3367_01,0.4185068027619083
3368_01,0.5953649868544293
3368_02,0.702922522118578
3368_03,0.048515491560259416
3368_04,0.5953649868544293
3368_05,0.7364744450762715
3368_06,0.035997656819528503
3368_07,0.03803048536675833
3369_01,0.006723143898059581
3373_01,0.5040558813950814
3374_01,0.03468014857691869
3375_01,0.05336383668968546
3376_01,0.8849721959793485
3378_01,0.2531234485538286
3379_01,0.838743123925725
3385_01,0.7567270620762261
3388_01,0.9985273512248571
3393_01,0.5968286823980287
3398_01,0.8617504051635916
3399_01,0.03784738177916542
3400_01,0.5040558813950814
3407_01,0.6094340678638656
3407_02,0.1509429743297181
3411_01,0.40056533509853326
3411_02,0.1537335535805633
3411_03,0.3000789045250319
3411_04,0.08970233072528706
3411_05,0.9948950026196597
3411_06,0.9980554022163121
3411_07,0.0810475069784678
3414_01,0.023682785042476024
3416_01,0.0006149492237787703
3427_01,0.4558138927332523
3429_01,0.9634757384010912
3435_01,0.02009433631059789
3436_01,0.640465269356444
3448_01,0.2207334329355325
3448_02,0.5807566629714088
3451_01,0.08324928985059087
3452_01,0.12524247562088994
3457_01,0.6477107205927746
3460_01,0.22771168496217498
3463_01,0.6460148356236851
3466_01,0.18312886315710192
3471_01,0.000668387546727805
3472_01,0.679745949480071
3477_01,0.00027526205381384983
3477_02,0.9059210521175889
3479_01,0.06250690173446505
3481_01,0.02827748933395314
3482_01,0.0251002838524938
3482_02,0.46107094704613216
3493_01,0.531171189697001
3494_01,0.002249172397444303
3494_02,0.9849932457850669
3498_01,0.5871850611323048
3500_01,0.4281946678376781
3502_01,0.25314004699404036
3503_01,0.3260151473307414
3505_01,0.0745273320260357
3507_01,0.6284369434203798
3508_01,0.1790369469438417
3508_02,0.9796305077090403
3509_01,0.9986158997504162
3509_02,0.004076581942766289
3510_01,0.6169192538395762
3513_01,0.9986156282163363
3513_02,0.9967512638513868
3513_03,0.4674386233022959
3513_04,0.9978412373597505
3516_01,0.04033664518686984
3517_01,0.8608162290896071
3522_01,0.6106579068399786
3524_01,0.19915908767723495
3526_01,0.033829676639619784
3529_01,0.9893012545428728
3532_01,0.9948950026196597
3538_01,0.016704226667393005
3541_01,0.07421444496792642
3544_01,0.26301189828314786
3544_02,0.4252872691828625
3545_01,0.2694296487724619
3549_01,0.007480049376666096
3549_02,0.9776389205876151
3551_01,0.053768682241391336
3554_01,0.10602317717897686
3557_01,0.11426718905318131
3571_01,0.5679761586772988
3574_01,0.19128991567921436
3575_01,0.010693705540564459
3580_01,0.9832140376741015
3580_02,0.9966283098851907
3581_01,0.5325793083680633
3583_01,0.35260397358292034
3585_01,0.6337322874004566
3587_01,0.640465269356444
3587_02,0.42386548377509786
3587_03,0.4266925074784574
3589_01,0.04617368692884407
3589_02,0.5968286823980287
3589_03,0.6824481334821683
3589_04,0.6993027644246386
3589_05,0.09803134738282776
3589_06,0.5968286823980287
3589_07,0.5968286823980287
3590_01,0.07004392943282735
3593_01,0.6568651956219163
3599_01,0.43801283181485406
3601_01,0.07096650249462005
3601_02,0.6630629882766552
3601_03,0.6008004883078684
3601_04,0.6630629882766552
3601_05,0.6008004883078684
3601_06,0.07763120344639565
3601_07,0.529871699853192
3603_01,0.9935857108059366
3603_02,0.9952360026881499
3604_01,0.4558138927332523
3611_01,0.4894396797433806
3617_01,0.11188834361378737
3617_02,0.4266925074784574
3617_03,0.25299868041224255
3618_01,0.9817943931712304
3618_02,0.0010323014572602024
3618_03,0.9934649171609321
3618_04,0.022252969941954585
3621_01,0.07349309383203965
3621_02,0.21366734732951212
3623_01,0.5250421439305708
3627_01,0.9998485357933679
3632_01,0.10072658930239743
3633_01,0.8919092770537003
3635_01,0.6477107205927746
3635_02,0.17782446016233527
3637_01,0.026867730518889715
3638_01,0.8378095249437673
3643_01,0.48740327412405815
3646_01,0.647016114969697
3646_02,0.9305635947104222
3649_01,0.1620807964453409
3651_01,0.9921077065068151
3656_01,0.8839942606665817
3656_02,0.033637931779748505
3657_01,0.9771094405817407
3657_02,0.9641618707833258
3657_03,0.13725881108694848
3659_01,0.18228021756087603
3659_02,0.5968286823980287
3659_03,0.5447355540575985
3659_04,0.5155572469963053
3659_05,0.08691121777531617
3659_06,0.5260540634307536
3659_07,0.6993027644246386
3661_01,0.1287433375300644
3663_01,0.9875123375725907
3666_01,0.6477107205927746
3669_01,0.6842679312154148
3670_01,0.5253978381683899
3672_01,0.2445455251690745
3672_02,0.14908439936019788
3673_01,0.4266925074784574
3675_01,0.8066347317831325
3675_02,0.8524426608651889
3675_03,0.894884762904117
3676_01,0.9966814686908377
3683_01,0.9782235419836115
3683_02,0.9782235419836115
3684_01,0.8876319352555894
3684_02,0.7536905767350603
3685_01,0.6239951899270136
3687_01,0.9950186341479823
3689_01,0.2598310424367249
3694_01,0.6672611555780017
3695_01,0.12009115484752873
3696_01,0.9842379047441961
3697_01,0.06773318755153766
3698_01,0.11133272484485505
3701_01,0.9566981249940631
3701_02,0.3498595342828916
3701_03,0.9717381873992309
3709_01,0.9411352470328161
3712_01,0.6294437724134692
3712_02,0.9388580708684546
3712_03,0.8260734887777867
3712_04,0.8317638085131766
3712_05,0.88666602477828
3717_01,0.2669221013190845
3717_02,0.9034845446527373
3718_01,0.9948950026196597
3720_01,0.9938449509612155
3720_02,0.9957435790061505
3720_03,0.9952360026881499
3721_01,0.019241794340456232
3722_01,0.6027041438731575
3723_01,0.3157158655325889
3725_01,0.9199412042988765
3727_01,0.19650434151004242
3730_01,0.984455061849712
3731_01,0.9199412042988765
3738_01,0.8126848912996703
3740_01,0.31747764670570916
3746_01,0.2288814408821474
3746_02,0.39310434439887687
3746_03,0.5628911739251937
3746_04,0.4618364838438912
3762_01,0.6791936759389857
3763_01,0.16519557314764458
3764_01,0.5493459795932996
3764_02,0.4618364838438912
3766_01,0.969752008771237
3766_02,0.9786220546215323
3780_01,0.9978241873770041
3782_01,0.18792044667530708
3782_02,0.0008888389499694731
3791_01,0.005520586575176143
3792_01,0.8237311409645688
3794_01,0.6478094330301819
3799_01,0.393250310259301
3800_01,0.15890974861986054
3802_01,0.09071473915892728
3806_01,0.6478094330301819
3808_01,0.461473148678928
3809_01,0.29510957857477893
3809_02,0.32576565698770554
3813_01,0.5688519246669203
3819_01,0.13846631568353485
3825_01,0.12079788579763207
3827_01,0.31242753803521034
3828_01,0.9934472573868058
3828_02,0.01256975562858068
3828_03,0.8890493259863045
3829_01,0.7599664191958807
3829_02,0.8796513182966186
3833_01,0.997296801850269
3834_01,0.9199412042988765
3837_01,0.07756475066747089
3840_01,0.022450189066189254
3843_01,0.8272345422816119
3844_01,0.7176665198698213
3844_02,0.9960633391445463
3845_01,0.36993397272752876
3855_01,0.7180712893330635
3858_01,0.9342300930181454
3858_02,0.9534244875079046
3858_03,0.05961694625793005
3858_04,0.02235361746521109
3859_01,0.9948950026196597
3860_01,0.9768858825509598
3861_01,0.19046395396780097
3863_01,0.4169770086251406
3865_01,0.9082024094905737
3869_01,0.6512783196565666
3876_01,0.9976001801485228
3876_02,0.8702464608660299
3876_03,0.9990175550428922
3877_01,0.35002053198470806
3878_01,0.03948983139445751
3880_01,0.5947930508875319
3881_01,0.6154799957441972
3882_01,0.9177495445826627
3884_01,0.0593163706722015
3885_01,0.1120735532151534
3887_01,0.9993276409526394
3889_01,0.8635122921522219
3889_02,0.7781107180180403
3891_01,0.9292844096083849
3892_01,0.5493459795932996
3892_02,0.03411114183487462
3893_01,0.009571495839268912
3893_02,0.997511046899739
3893_03,0.3934912631913519
3900_01,0.07654606720346055
3901_01,0.3093310906110919
3902_01,0.9311940753665114
3905_01,0.9199412042988765
3906_01,0.0009008257708673465
3906_02,0.060047877024500505
3908_01,0.35796235766563894
3908_02,0.39310434439887687
3910_01,0.6478094330301819
3914_01,0.462708392766531
3918_01,0.037923515539708935
3920_01,0.06603868269591004
3925_01,0.0027633019321261333
3925_02,0.07208076583850546
3929_01,0.9127581085728427
3934_01,0.9952360026881499
3934_02,0.24181740293088025
3943_01,0.9491766755457988
3943_02,0.8962826427060665
3943_03,0.44247413196699753
3947_01,0.2408506552526495
3951_01,0.07396656425584255
3953_01,0.5628911739251937
3956_01,0.29351380374251523
3957_01,0.5127168388626601
3965_01,0.5398646007531903
3969_01,0.14465434756951207
3972_01,0.9896831579276674
3975_01,0.2540922234852883
3978_01,0.9415915227231386
3979_01,0.0005582335990816864
3982_01,0.08296265969137764
3983_01,0.5120956479744612
3989_01,0.8260734887777867
3989_02,0.8979963019934197
3989_03,0.7536905767350603
3989_04,0.8734203736537304
3990_01,0.9385947739807032
3993_01,0.11517435310249739
4004_01,0.0883497664721018
4007_01,0.04777553662628399
4011_01,0.8647666542357707
4012_01,0.9756841578166221
4012_02,0.9966283098851907
4015_01,0.9813254715600243
4015_02,0.05837589123927378
4024_01,0.8149607121069805
4025_01,0.8751844818889525
4028_01,0.7787149037495591
4029_01,0.9938449509612155
4041_01,0.8962826427060665
4048_01,0.9913387031525169
4048_02,0.9875123375725907
4048_03,0.9098455858501959
4051_01,0.894884762904117
4052_01,0.9569608241258808
4054_01,0.9717381873992309
4054_02,0.9970452908249916
4054_03,0.19746297009568997
4056_01,0.6935304273549636
4057_01,0.22696848064263148
4059_01,0.9050341531451331
4059_02,0.022220599473890372
4062_01,0.005946013433277517
4067_01,0.3249469858388786
4070_01,0.9966283098851907
4070_02,0.998653947571116
4070_03,0.851799201801222
4073_01,0.23969947018151402
4073_02,0.8876319352555894
4074_01,0.2258221531062607
4077_01,0.0059131097108534505
4085_01,0.5898244701954017
4086_01,0.30735833619312486
4086_02,0.9034845446527373
4086_03,0.8824477321376862
4087_01,0.6027103191591475
4088_01,0.862867896147847
4092_01,0.6492098109866039
4094_01,0.007591577036503173
4094_02,0.004679086262691999
4100_01,0.9976536546437645
4105_01,0.4011029200574847
4111_01,0.9385947739807032
4117_01,0.1889876243794542
4118_01,0.1460300551135722
4119_01,0.8185441552799418
4121_01,0.0038219328981668062
4122_01,0.7142512333300435
4123_01,0.08730957419203635
4124_01,0.6257650251915281
4126_01,0.007266155556848118
4133_01,0.9893012545428728
4133_02,0.9817874905038038
4136_01,0.9825286048016657
4136_02,0.04170478091652669
4138_01,0.05630844584081928
4139_01,0.2278878550548413
4146_01,0.39310434439887687
4148_01,0.40490612391303427
4153_01,0.17358829010087043
4155_01,0.9978412373597505
4157_01,0.23767715122865993
4161_01,0.8340595209863712
4162_01,0.8962826427060665
4164_01,0.9715441139854881
4180_01,0.9966814686908377
4180_02,0.02234036135194858
4187_01,0.3046455121615454
4190_01,0.9993190683271145
4192_01,0.2365956708926175
4193_01,0.6257650251915281
4195_01,0.3290318802149891
4198_01,0.9622481564850915
4200_01,0.22774565171866937
4201_01,0.531776544783461
4202_01,0.9948950026196597
4202_02,0.023715739855453725
4209_01,0.017524875043801305
4217_01,0.6737332761443185
4224_01,0.029932856789016637
4224_02,0.30964207695323814
4226_01,0.8850026228102849
4226_02,0.0009845754944035195
4227_01,0.9034845446527373
4228_01,0.09765695837840296
4234_01,0.16359559691667358
4234_02,0.06333685273564409
4235_01,0.24729621881405775
4235_02,0.9034845446527373
4236_01,0.3499882655027832
4236_02,0.9875123375725907
4241_01,0.5351554910491895
4247_01,0.7007987225690443
4247_02,0.07198215822544363
4248_01,0.026053830296985513
4248_02,0.06745690572030257
4250_01,0.5493459795932996
4263_01,0.27501254490126487
4263_02,0.7142570906060448
4263_03,0.7142570906060448
4265_01,0.9991771343530749
4268_01,0.9037444693350806
4268_02,0.9938449509612155
4269_01,0.5175945176905694
4275_01,0.05790326266341352
4276_01,0.1062440996289302
4277_01,0.6590670193296594
4279_01,0.13421256843458307
4281_01,0.049020975307293296
4282_01,0.9947584606145429
4283_01,0.6209752265399318
4284_01,0.9829511317030121
4284_02,0.14866464280491803
4285_01,0.7445776334346477
4286_01,0.5335808890733054
4286_02,0.11129492376803067
4286_03,0.3131201713573734
4287_01,0.849823583901981
4288_01,0.9388580708684546
4288_02,0.08884244710293869
4290_01,0.22983656297289495
4298_01,0.04981353483963429
4298_02,0.9875123375725907
4298_03,0.9842379047441961
4299_01,0.30291594855678844
4304_01,0.3409446709665582
4307_01,0.9938449509612155
4308_01,0.5688519246669203
4310_01,0.03543775931337897
4313_01,0.39345003665215494
4314_01,0.6899725755733156
4321_01,0.9938449509612155
4322_01,0.7142570906060448
4323_01,0.9956781434751666
4323_02,0.12228184958758452
4323_03,0.6451621534902856
4323_04,0.9913789936756057
4325_01,0.8994437212126055
4326_01,0.0802544718889104
4328_01,0.5688519246669203
4331_01,0.5493459795932996
4341_01,0.8063694330974714
4341_02,0.39310434439887687
4342_01,0.38794907766224507
4353_01,0.28111065903782406
4355_01,0.5493459795932996
4363_01,0.44987390525365617
4374_01,0.0645566981032957
4375_01,0.9717294256155738
4377_01,0.8962826427060665
4377_02,0.48110223595414586
4377_03,0.8260734887777867
4378_01,0.005362843951685752
4378_02,0.0022303318949714645
4379_01,0.894884762904117
4380_01,0.3224154207742576
4381_01,0.775767157133671
4381_02,0.15551023210103682
4384_01,0.5196130733034704
4385_01,0.7082191029857453
4385_02,0.8962826427060665
4385_03,0.8385067555596829
4389_01,0.025923381549159415
4394_01,0.39781710993215463
4398_01,0.2795658435179957
4406_01,0.26014291922132665
4412_01,0.04807382093832865
4414_01,0.9247884017904339
4417_01,0.9948950026196597
4418_01,0.1752139992339156
4419_01,0.3356126425932356
4419_02,0.15469199705721112
4420_01,0.7200611220076568
4420_02,0.8214761169696977
4421_01,0.1649568661814749
4423_01,0.053663043514592244
4425_01,0.9990878774231274
4425_02,0.8702166667761841
4434_01,0.020996293936381794
4435_01,0.9853995346425776
4435_02,0.7680566616783451
4439_01,0.6512783196565666
4439_02,0.6555476679050486
4442_01,0.9851154011730902
4443_01,0.8179343125270174
4443_02,0.828401300503115
4454_01,0.9977303765903797
4455_01,0.05012731615963643
4455_02,0.06221664514354806
4455_03,0.40490612391303427
4458_01,0.5688519246669203
4460_01,0.9594029496249332
4468_01,0.8876319352555894
4471_01,0.3376571902397504
4478_01,0.19362111710557622
4480_01,0.7331866228570725
4481_01,0.39011095995508116
4484_01,0.21862788915049478
4488_01,0.21955318903545223
4489_01,0.03486607311538336
4495_01,0.045266318914458835
4499_01,0.5493459795932996
4503_01,0.09342552941270212
4504_01,0.9931239318450978
4507_01,0.014406217810709426
4513_01,0.482678450255927
4519_01,0.37746229938553183
4520_01,0.06305399590619369
4523_01,0.8260734887777867
4523_02,0.9034845446527373
4523_03,0.1276490697599105
4523_04,0.8385067555596829
4523_05,0.8260734887777867
4523_06,0.8385067555596829
4525_01,0.021697054998768738
4526_01,0.3396882747745974
4527_01,0.13454541699553896
4528_01,0.833560742808913
4536_01,0.009972081750162096
4540_01,0.8962826427060665
4541_01,0.03952732069070651
4545_01,0.3680518861283965
4548_01,0.9966283098851907
4551_01,0.9996278704329062
4551_02,0.9972644512104177
4551_03,0.999477474895923
4551_04,0.9974356504176572
4554_01,0.040502178111180266
4556_01,0.18869487218235742
4566_01,0.34926560427191017
4578_01,0.2553805302928044
4579_01,0.8962826427060665
4582_01,0.8862152854449667
4582_02,0.7389290632936049
4582_03,0.7389290632936049
4582_04,0.8979963019934197
4582_05,0.894884762904117
4582_06,0.744574810603758
4582_07,0.7536905767350603
4583_01,0.9935857108059366
4583_02,0.9980554022163121
4583_03,0.19642087863363075
4584_01,0.5901964924999658
4588_01,0.10706713099159113
4589_01,0.09973663526086012
4590_01,0.08395683100134223
4598_01,0.05667452306228047
4599_01,0.8962826427060665
4600_01,0.6478094330301819
4600_02,0.5639607101135349
4601_01,0.18907337410181696
4614_01,0.2196784649111418
4614_02,0.21690512721498348
4616_01,0.19132280681160266
4618_01,0.38682923434395106
4619_01,0.9768800730309801
4626_01,0.999477474895923
4626_02,0.49499098288146115
4627_01,0.19492254425887617
4629_01,0.23173945420626305
4636_01,0.6245814290120348
4639_01,0.9955321865621088
4639_02,0.9955321865621088
4639_03,0.03137118861067499
4639_04,0.03310085181789774
4639_05,0.9917649181615324
4639_06,0.9561118511356494
4647_01,0.9034845446527373
4660_01,0.9714390870064132
4666_01,0.1818648566930764
4669_01,0.9921077065068151
4670_01,0.4071273685439489
4671_01,0.9918451776448227
4671_02,0.8875503383636009
4671_03,0.3759238227317254
4671_04,0.9918451776448227
4674_01,0.1934572764773825
4675_01,0.02207436342786295
4675_02,0.0024817175652250886
4681_01,0.00030827759125797637
4682_01,0.7281387781713184
4683_01,0.9805682298771036
4683_02,0.496541441016215
4685_01,0.9952360026881499
4687_01,0.054248717802361034
4688_01,0.28408301418687926
4692_01,0.04255891151922613
4697_01,0.9948950026196597
4698_01,0.9934098787978127
4700_01,0.9926655398024842
4701_01,0.9870447010561456
4701_02,0.9990878774231274
4701_03,0.9921077065068151
4701_04,0.9966283098851907
4702_01,0.9199412042988765
4702_02,0.2941190287859729
4703_01,0.9984020418739514
4703_02,0.9990175550428922
4705_01,0.6754734367480967
4705_02,0.36598797298403996
4707_01,0.052043952514660465
4707_02,0.20214257755990186
4715_01,0.9235484180020361
4716_01,0.4876914324484461
4718_01,0.9991771343530749
4722_01,0.16845195302339286
4724_01,0.969752008771237
4727_01,0.5857616711490717
4727_02,0.7389290632936049
4729_01,0.037459524248976694
4731_01,0.5493459795932996
4734_01,0.02727136694084363
4735_01,0.35856575133082474
4736_01,0.9938449509612155
4737_01,0.037437820613833765
4740_01,0.894884762904117
4742_01,0.22360483732365322
4745_01,0.5688519246669203
4747_01,0.9837169242007736
4747_02,0.16813483937487028
4749_01,0.0857572127301356
4751_01,0.5062577435956152
4760_01,0.7431896120331639
4761_01,0.697905917728132
4761_02,0.5688519246669203
4761_03,0.4368289836661517
4765_01,0.4618364838438912
4766_01,0.9948950026196597
4767_01,0.7321527379201304
4768_01,0.49723019704492744
4768_02,0.969752008771237
4771_01,0.8825539954911892
4776_01,0.99594638690813
4776_02,0.1190354315992589
4776_03,0.9879948009217683
4776_04,0.9918451776448227
4779_01,0.01889568151408536
4781_01,0.2630179958765792
4789_01,0.4371658921083209
4799_01,0.11223346839109692
4799_02,0.17140118865090812
4799_03,0.17809811500518166
4800_01,0.2797951398280069
4802_01,0.4618364838438912
4802_02,0.08237778604559888
4805_01,0.5994793417185871
4806_01,0.3100507172325296
4809_01,0.019351406434319533
4811_01,0.9301663279824879
4812_01,0.9399134242049294
4816_01,0.3651991384375151
4820_01,0.9669496149260703
4820_02,0.004033526710352447
4821_01,0.15684361656609333
4824_01,0.9489041760214862
4825_01,0.9966893167681833
4826_01,0.8328747416826844
4833_01,0.0010544842003311797
4833_02,0.41097994048700853
4834_01,0.894884762904117
4835_01,0.03373396766155534
4839_01,0.11043399051550455
4843_01,0.07885544954855282
4843_02,0.04897731806752916
4844_01,0.7141819184990597
4849_01,0.9815885551299486
4852_01,0.6257650251915281
4854_01,0.9960083666095768
4855_01,0.6257650251915281
4855_02,0.5493459795932996
4858_01,0.015765823457570702
4859_01,0.894884762904117
4860_01,0.5645060983476345
4861_01,0.5670184559495689
4865_01,0.10192615050369094
4867_01,0.07146616763584535
4869_01,0.08061821291178559
4872_01,0.2774647560056231
4877_01,0.23711356604608447
4894_01,0.894884762904117
4905_01,0.6937020584786915
4906_01,0.6327402844964397
4907_01,0.894884762904117
4908_01,0.3494293526437462
4914_01,0.021735150230592967
4919_01,0.6128220786130595
4921_01,0.006640620765952152
4922_01,0.6940396780538656
4926_01,0.01675920819629086
4928_01,0.34782173423411233
4931_01,0.8298988144488096
4935_01,0.06291778533874615
4935_02,0.6492098109866039
4935_03,0.551955998308703
4936_01,0.02965243339073094
4947_01,0.3858808839320567
4948_01,0.052986293032406956
4949_01,0.9742505850964188
4949_02,0.0008677392810410666
4953_01,0.9619672809945113
4955_01,0.06418451313979838
4957_01,0.9950657903336422
4959_01,0.9960083666095768
4960_01,0.16518610117103902
4962_01,0.902493987613019
4966_01,0.9991803995239886
4966_02,0.9966283098851907
4967_01,0.3748419239266955
4968_01,0.5493459795932996
4969_01,0.20649583527410775
4969_02,0.7870467075128248
4971_01,0.9199412042988765
4976_01,0.26744982210801077
4982_01,0.8962826427060665
4984_01,0.483632257801572
4984_02,0.5198809472743824
4985_01,0.9960083666095768
4986_01,0.06035548654861933
4988_01,0.9736911295329638
4993_01,0.7005526401144941
4994_01,0.3052527752399184
5001_01,0.7389290632936049
5002_01,0.9385947739807032
5011_01,0.7142570906060448
5022_01,0.09690380430844894
5024_01,0.7536905767350603
5024_02,0.7286823772033696
5024_03,0.7536905767350603
5024_04,0.3779736914924995
5024_05,0.8979963019934197
5026_01,0.6611198591411667
5029_01,0.9926655398024842
5029_02,0.9715441139854881
5030_01,0.8899817885158793
5031_01,0.06040975386264298
5031_02,0.45264656769697115
5033_01,0.2129997578861777
5033_02,0.0004650642879440537
5037_01,0.2629931527574177
5038_01,0.01662946937303786
5038_02,0.9879948009217683
5041_01,0.8265162926568704
5043_01,0.9805682298771036
5043_02,0.9889779457973308
5043_03,0.1093372527380007
5045_01,0.9954483761818637
5046_01,0.8962826427060665
5047_01,0.9301663279824879
5049_01,0.037288226996144716
5053_01,0.19238682792468703
5054_01,0.008673542269009236
5055_01,0.5628911739251937
5056_01,0.9653435155442833
5056_02,0.7606166546406398
5066_01,0.8474625209874627
5071_01,0.5717345556218487
5075_01,0.446021994689322
5077_01,0.16293190207310315
5078_01,0.055727033192514416
5079_01,0.9960083666095768
5081_01,0.3688386593165016
5082_01,0.81537707476831
5086_01,0.9949505284351989
5086_02,0.24266809881648382
5092_01,0.9331492558642667
5094_01,0.6478094330301819
5094_02,0.07714068368945595
5096_01,0.03324454160299207
5096_02,0.05975903205904594
5098_01,0.43760564425425386
5098_02,0.4989528963595314
5098_03,0.8979963019934197
5099_01,0.10350053035274939
5100_01,0.9949505284351989
5101_01,0.961983116868608
5102_01,0.06561314557642367
5107_01,0.0753772238201375
5110_01,0.9690234360072842
5113_01,0.23696318367490973
5114_01,0.996506894999277
5117_01,0.10795572729183077
5118_01,0.9719972856416301
5119_01,0.15580515084083912
5121_01,0.009996414177469947
5123_01,0.11705140386008404
5131_01,0.478328789608993
5131_02,0.9923025998690779
5134_01,0.029801992804595754
5135_01,0.015082315217591472
5139_01,0.13543710956496866
5141_01,0.9815885551299486
5143_01,0.8437769876089732
5147_01,0.9184752159540285
5149_01,0.0023570702003556476
5149_02,0.9923025998690779
5150_01,0.9954483761818637
5153_01,0.8962826427060665
5155_01,0.15494617313229928
5159_01,0.943994402164078
5159_02,0.018562725256328325
5164_01,0.999477474895923
5164_02,0.9619672809945113
5168_01,0.032224907247240385
5169_01,0.14634832001146417
5172_01,0.07745889711457038
5178_01,0.824998117635049
5183_01,0.9083814440828694
5189_01,0.9897418484840554
5191_01,0.015525675760574656
5195_01,0.015841857137562913
5200_01,0.4403848263589415
5203_01,0.9194264028050348
5203_02,0.9913789936756057
5212_01,0.5724988407782221
5215_01,0.0008465848051924672
5219_01,0.9954483761818637
5219_02,0.9303701808205243
5222_01,0.8237311409645688
5228_01,0.372316647552204
5228_02,0.8979963019934197
5231_01,0.01609095515554933
5232_01,0.03263403212556498
5232_02,0.0377930816272968
5233_01,0.5107531871980326
5237_01,0.9879948009217683
5241_01,0.4453654952029497
5241_02,0.6478094330301819
5245_01,0.3659007314290184
5259_01,0.21079742662584633
5261_01,0.32165373881676584
5263_01,0.13493283250223023
5267_01,0.39310434439887687
5267_02,0.5688519246669203
5267_03,0.8409335967140469
5270_01,0.6473600017518837
5283_01,0.12752057294417293
5284_01,0.9584276796084857
5285_01,0.9791979988998352
5286_01,0.03605206907784469
5289_01,0.7874790957561761
5293_01,0.06096444917717196
5293_02,0.030982526765138126
5294_01,0.6134742438887291
5295_01,0.024818829339789093
5296_01,0.4462625751932784
5302_01,0.98033688164066
5306_01,0.5913047199497417
5306_02,0.9112853566019429
5308_01,0.8568941129191167
5308_02,0.8962826427060665
5308_03,0.37583994118740965
5309_01,0.9791979988998352
5311_01,0.5628911739251937
5317_01,0.476359103196928
5317_02,0.9385947739807032
5318_01,0.5628911739251937
5318_02,0.8621965070800548
5319_01,0.07823245758630068
5321_01,0.539498639194503
5324_01,0.3257072672538104
5328_01,0.9742505850964188
5329_01,0.022460963118922223
5329_02,0.5255008717223061
5329_03,0.32576565698770554
5329_04,0.39310434439887687
5329_05,0.10631914402286195
5329_06,0.32576565698770554
5329_07,0.39310434439887687
5332_01,0.7146104540515148
5335_01,0.9713417532079466
5335_02,0.8952662921003028
5335_03,0.04420266630611989
5335_04,0.8413066235670228
5336_01,0.6631955636604775
5338_01,0.9324682338457775
5339_01,0.42956332598133296
5339_02,0.9827133559979352
5339_03,0.9913789936756057
5342_01,0.5691864132843292
5349_01,0.6257650251915281
5352_01,0.5688519246669203
5357_01,0.927688202393926
5357_02,0.9755354849434259
5357_03,0.015896698203159754
5357_04,0.05029966665276938
5358_01,0.2491071801168228
5364_01,0.6937020584786915
5369_01,0.48404119639049015
5369_02,0.07359359821371994
5369_03,0.9934098787978127
5370_01,0.6538620960686526
5371_01,0.9986921134079421
5371_02,0.14254911591490801
5371_03,0.9954483761818637
5371_04,0.9984715011617599
5373_01,0.4158822482209956
5376_01,0.9942606550057853
5376_02,0.9742505850964188
5377_01,0.9950657903336422
5381_01,0.019415498868464737
5382_01,0.9990175550428922
5382_02,0.9991771343530749
5386_01,0.5688519246669203
5391_01,0.09340952364555109
5393_01,0.10136502352862854
5398_01,0.9815885551299486
5399_01,0.16524133023768153
5400_01,0.6589626974051926
5403_01,0.05781856155519872
5405_01,0.032694506880259724
5407_01,0.32978309621802054
5409_01,0.0702249919727333
5417_01,0.0030676340072672767
5419_01,0.18437013269199615
5426_01,0.9167391752293182
5428_01,0.23991876590012085
5428_02,0.5274154352986457
5429_01,0.1584464509686493
5432_01,0.9331446213516434
5433_01,0.9813667572848673
5439_01,0.3312844568807963
5442_01,0.19173849782390318
5444_01,0.5331774097549837
5448_01,0.04388333420552673
5449_01,0.07355114263833316
5456_01,0.07292567098205067
5460_01,0.09687674479803085
5461_01,0.004544778136008884
5464_01,0.05739074100236882
5473_01,0.39310434439887687
5473_02,0.03241207778022496
5481_01,0.9921077065068151
5482_01,0.8695721765770906
5482_02,0.30144702364260895
5486_01,0.9385074361092298
5493_01,0.9385947739807032
5495_01,0.9805682298771036
5498_01,0.5493459795932996
5498_02,0.5493459795932996
5502_01,0.8794611653820759
5503_01,0.05431075364511678
5505_01,0.42199187175304176
5505_02,0.7281387781713184
5505_03,0.8385067555596829
5513_01,0.9199412042988765
5513_02,0.8260734887777867
5513_03,0.19791036731153222
5513_04,0.8385067555596829
5516_01,0.3049187159062193
5518_01,0.401632938935083
5519_01,0.30590706587709127
5525_01,0.14174326272492005
5532_01,0.920191963675543
5533_01,0.0636901308130591
5534_01,0.8611008107386101
5542_01,0.09558668853315808
5547_01,0.5688519246669203
5548_01,0.6417196107997681
5549_01,0.969752008771237
5553_01,0.9879535242534477
5553_02,0.6569031464254025
5554_01,0.5493459795932996
5558_01,0.12669123097942922
5562_01,0.9870864383005646
5562_02,0.9947584606145429
5564_01,0.07675237778881833
5565_01,0.3089469928644026
5567_01,0.4073656353749009
5570_01,0.9301663279824879
5576_01,0.6726985465765901
5577_01,0.9823198875244089
5577_02,0.9292353878341253
5577_03,0.9570102664305177
5577_04,0.9570102664305177
5577_05,0.9570102664305177
5579_01,0.9715441139854881
5584_01,0.9815885551299486
5584_02,0.07110266951340784
5588_01,0.23762855312681982
5588_02,0.996506894999277
5588_03,0.9966893167681833
5588_04,0.9209235352686075
5588_05,0.9954483761818637
5590_01,0.4672633387717866
5593_01,0.1725558189758679
5597_01,0.8897732232489459
5600_01,0.6478094330301819
5604_01,0.2697828708513579
5605_01,0.5806630452179764
5607_01,0.4961728400992569
5612_01,0.9774729033552452
5617_01,0.15475973628167125
5620_01,0.16186182440670074
5620_02,0.09172517609466867
5621_01,0.35199613848532607
5624_01,0.979185532570491
5630_01,0.9235484180020361
5632_01,0.9791979988998352
5633_01,0.12551907536134926
5634_01,0.7697322242658478
5635_01,0.0514111462935001
5636_01,0.05767247867046167
5638_01,0.9774729033552452
5641_01,0.9767647721689874
5649_01,0.9896413509072414
5654_01,0.1411929271876588
5656_01,0.3970838031124695
5657_01,0.006069756270775064
5658_01,0.038234381903881794
5660_01,0.023896864780395634
5664_01,0.9236177708547502
5664_02,0.9292353878341253
5664_03,0.9292353878341253
5664_04,0.8904718278244204
5665_01,0.3122998070145071
5666_01,0.031829948589207346
5668_01,0.9605540342077274
5669_01,0.9774729033552452
5670_01,0.9857910154364025
5672_01,0.6373587418056291
5675_01,0.9563100178446173
5676_01,0.3931946175537292
5678_01,0.9879948009217683
5678_02,0.5328205424660155
5682_01,0.943767636093587
5683_01,0.06143330548075909
5690_01,0.42480065627083935
5691_01,0.996506894999277
5694_01,0.9715441139854881
5697_01,0.5236335141944419
5699_01,0.3482225813669595
5703_01,0.23963763504439492
5708_01,0.6168636695525949
5715_01,0.9073331307926397
5715_02,0.8578706052471547
5720_01,0.4733820944826245
5720_02,0.3392186160156804
5731_01,0.01518490141134078
5731_02,0.6126592154034782
5734_01,0.9960083666095768
5734_02,0.019292706400280846
5741_01,0.0316869121906924
5743_01,0.06522670155659585
5745_01,0.7611095219230067
5749_01,0.22139180660762742
5752_01,0.21843148416243782
5753_01,0.33505801682006114
5754_01,0.002419978296707905
5759_01,0.9733612335926799
5760_01,0.15715408517010365
5762_01,0.16656480899123258
5766_01,0.9960083666095768
5770_01,0.9997191484599696
5774_01,0.2563069335742808
5775_01,0.9815885551299486
5782_01,0.5238097907164027
5782_02,0.3106789369810673
5782_03,0.9292540430308538
5782_04,0.9575740376305406
5784_01,0.7347368237447232
5787_01,0.109874637424809
5787_02,0.6373587418056291
5787_03,0.17182226251163837
5789_01,0.9613650318154122
5789_02,0.9857910154364025
5797_01,0.9896831579276674
5798_01,0.07477011649111923
5801_01,0.18017956092047996
5803_01,0.6168636695525949
5805_01,0.2482918174071812
5807_01,0.40505789528217434
5815_01,0.037174595389338684
5815_02,0.0312305283897194
5815_03,0.1025908733243355
5815_04,0.001236418507973428
5830_01,0.5774167924164312
5832_01,0.0572186661858483
5833_01,0.14448863093059336
5838_01,0.4161679629660148
5841_01,0.9961604456200603
5841_02,0.9980188741276408
5841_03,0.5547379774532952
5845_01,0.6635642880313091
5850_01,0.9986158997504162
5851_01,0.3640012071370663
5851_02,0.997261478585333
5853_01,0.05376526962202194
5862_01,0.5563907212624928
5864_01,0.8250607347864215
5865_01,0.20041122100644557
5866_01,0.29327374410089674
5870_01,0.6168636695525949
5872_01,0.8155733097760958
5873_01,0.06240371529827389
5873_02,0.6354830714481982
5873_03,0.693203149125745
5881_01,0.9966814686908377
5883_01,0.927688202393926
5884_01,0.115528209082698
5892_01,0.024664534631292274
5893_01,0.45642627425199767
5893_02,0.43120783777054983
5895_01,0.01675733604293759
5896_01,0.45215170272053634
5899_01,0.4546817481786829
5904_01,0.9954483761818637
5904_02,0.03759135372757137
5910_01,0.12704273034413338
5911_01,0.9613650318154122
5911_02,0.37709890115300265
5911_03,0.047377067194012856
5911_04,0.9579356798398546
5911_05,0.9292353878341253
5911_06,0.9823198875244089
5914_01,0.9767647721689874
5917_01,0.9823198875244089
5918_01,0.601717081945129
5926_01,0.6168636695525949
5929_01,0.9290589935667615
5932_01,0.07045191620543052
5935_01,0.10466210037083003
5936_01,0.9860431193153792
5936_02,0.9950657903336422
5936_03,0.0006779561666508228
5936_04,0.7982484300720898
5936_05,0.0012434843492684826
5937_01,0.9863627539450749
5940_01,0.5983434037029096
5942_01,0.9755354849434259
5942_02,0.9926655398024842
5943_01,0.03094820650718777
5948_01,0.026273919147624992
5958_01,0.6755944166480519
5961_01,0.9836068290215518
5961_02,0.9926655398024842
5962_01,0.5896400094039785
5964_01,0.9990878774231274
5964_02,0.9966814686908377
5966_01,0.9613650318154122
5966_02,0.9863627539450749
5978_01,0.0736561607779087
5978_02,0.3931946175537292
5979_01,0.7245630292087383
5982_01,0.05113706120422175
5996_01,0.9733612335926799
5997_01,0.8131053851613286
5997_02,0.996506894999277
6002_01,0.5036135497679497
6005_01,0.9292353878341253
6005_02,0.9292353878341253
6005_03,0.9292353878341253
6005_04,0.001326259280553533
6005_05,0.9570102664305177
6009_01,0.01014147400624992
6009_02,0.00801150131433197
6012_01,0.059206321320026706
6013_01,0.6168636695525949
6018_01,0.08740305523398949
6021_01,0.9774729033552452
6023_01,0.0777728021361421
6037_01,0.6635642880313091
6044_01,0.08001389219473944
6044_02,0.5508698203564313
6046_01,0.7981440159584606
6050_01,0.9853683049546003
6051_01,0.001315474678105003
6051_02,0.12614474299577638
6053_01,0.1630014579482462
6056_01,0.01665787776662827
6057_01,0.3309313578933196
6060_01,0.08981527854042952
6063_01,0.7611095219230067
6072_01,0.42853541955948715
6074_01,0.5964312506133882
6074_02,0.643114386647186
6074_03,0.997261478585333
6078_01,0.42894982363961504
6079_01,0.6373587418056291
6081_01,0.5799747443775722
6081_02,0.28633527704820916
6081_03,0.9853683049546003
6081_04,0.9961604456200603
6083_01,0.2682364752155427
6084_01,0.9021228024738607
6088_01,0.611411838542587
6089_01,0.9774729033552452
6093_01,0.48526712594134647
6097_01,0.1910922960673165
6100_01,0.836692473852621
6104_01,0.9879799843194912
6113_01,0.04148678853612247
6114_01,0.04518904455628036
6119_01,0.9954483761818637
6119_02,0.5064032438025485
6119_03,0.9966893167681833
6125_01,0.09823532367018067
6129_01,0.025586521268839833
6131_01,0.051949221239489064
6134_01,0.891921453982769
6140_01,0.17218798849701036
6142_01,0.0771208022394916
6142_02,0.9399134242049294
6144_01,0.6373587418056291
6147_01,0.06016638009248974
6151_01,0.015220073369470906
6151_02,0.9860431193153792
6154_01,0.7388927432463467
6159_01,0.46022160524066114
6160_01,0.4040693700090847
6160_02,0.9774729033552452
6161_01,0.7214316197713003
6164_01,0.9834802838632998
6165_01,0.6361181549216681
6177_01,0.01278490948781002
6183_01,0.05982926426613324
6185_01,0.0030620615827375644
6187_01,0.996506894999277
6188_01,0.6168636695525949
6190_01,0.5993345266282205
6193_01,0.9966893167681833
6193_02,0.997261478585333
6193_03,0.18250245953754424
6193_04,0.7861075823990328
6195_01,0.45464103666789357
6196_01,0.9769911206199222
6197_01,0.6871931155164325
6198_01,0.08696229013492221
6202_01,0.9648582942489375
6203_01,0.015727649568633432
6204_01,0.9913781394765591
6209_01,0.0011528324275423046
6209_02,0.984116486664059
6210_01,0.9972017836479702
6212_01,0.6354830714481982
6214_01,0.6358575344885606
6217_01,0.9966283098851907
6217_02,0.06146064669421565
6221_01,0.9954483761818637
6226_01,0.10792141438920379
6231_01,0.9570102664305177
6231_02,0.9774729033552452
6231_03,0.6641994248486356
6233_01,0.696455704281788
6233_02,0.6974937297917332
6233_03,0.9823198875244089
6235_01,0.927688202393926
6240_01,0.7882813149777556
6242_01,0.9966814686908377
6244_01,0.049021417920494574
6244_02,0.8850026228102849
6247_01,0.1500533170184637
6255_01,0.9736911295329638
6257_01,0.6168636695525949
6257_02,0.11854320786399496
6257_03,0.48526712594134647
6258_01,0.4338585229109258
6259_01,0.1912769447301935
6260_01,0.054855456964676995
6260_02,0.03453444098398887
6261_01,0.5255480855386526
6261_02,0.4161452313283645
6267_01,0.0005506461409968906
6267_02,0.3288031508337252
6267_03,0.927688202393926
6267_04,0.9836068290215518
6267_05,0.9926655398024842
6267_06,0.9715441139854881
6269_01,0.6750421506103419
6269_02,0.1130835375233772
6269_03,0.9978412373597505
6272_01,0.24433029514601887
6272_02,0.9879799843194912
6275_01,0.25999561999240184
6278_01,0.9936403312722711
6278_02,0.9889543847271437
6284_01,0.9879799843194912
6286_01,0.7697292299128071
6286_02,0.9236177708547502
6287_01,0.44642459203202756
6287_02,0.06037002412973773
6288_01,0.9966814686908377
6288_02,0.12488608934276438
6288_03,0.9990878774231274
6288_04,0.9993146351750761
6291_01,0.5917145403023917
6294_01,0.9774729033552452
6295_01,0.9928503810099591
6295_02,0.1455492459129856
6298_01,0.9879799843194912
6303_01,0.14595145563826536
6306_01,0.9733612335926799
6307_01,0.06919350293934196
6310_01,0.030991146337598897
6311_01,0.5237551161036326
6312_01,0.9549669186438112
6312_02,0.0007288912999038518
6314_01,0.5799046937092794
6329_01,0.45970734591783124
6332_01,0.6354830714481982
6332_02,0.21069136617399217
6332_03,0.6168636695525949
6332_04,0.13865303722255265
6332_05,0.06833949207998614
6332_06,0.7006641208309442
6332_07,0.27501015603023204
6332_08,0.10225968177980778
6333_01,0.07373877028480369
6336_01,0.28958305134760187
6337_01,0.9733612335926799
6342_01,0.5031283438337169
6342_02,0.0647300566825557
6345_01,0.9900639795696337
6345_02,0.9900639795696337
6350_01,0.6899725755733156
6352_01,0.995042038375429
6352_02,0.9992022976059984
6358_01,0.5926701152625542
6358_02,0.5999765680320681
6359_01,0.07914794590307696
6362_01,0.42606276733370574
6364_01,0.9733612335926799
6375_01,0.15031389628476707
6377_01,0.9889543847271437
6379_01,0.04722708294114177
6382_01,0.09135812439005729
6383_01,0.9570102664305177
6383_02,0.9516022202655808
6383_03,0.9709262741637307
6384_01,0.46227592226736713
6386_01,0.3384161302749181
6387_01,0.1672909401143528
6389_01,0.021165486607558178
6391_01,0.9739834420567726
6391_02,0.9887722401042339
6392_01,0.9918098008462873
6393_01,0.4161452313283645
6395_01,0.37790594679589506
6401_01,0.9699423850887483
6401_02,0.02684444210240142
6403_01,0.055583750217312516
6410_01,0.15057943281820196
6410_02,0.017829543138989018
6417_01,0.9900639795696337
6420_01,0.22837471598407313
6423_01,0.020575308995407753
6425_01,0.091425848695345
6425_02,0.3149904207004262
6426_01,0.033966628187037384
6427_01,0.9853683049546003
6429_01,0.803089177772177
6435_01,0.10196288810522558
6438_01,0.008765692076371054
6440_01,0.6871931155164325
6441_01,0.1134137700787501
6445_01,0.00846709831250248
6460_01,0.8076493662566154
6465_01,0.961611684021027
6466_01,0.08874902357426824
6467_01,0.06782643798214426
6469_01,0.9833571513072346
6474_01,0.9124384746591917
6476_01,0.09368332069132196
6479_01,0.983769793064593
6479_02,0.6852002051625093
6483_01,0.9879799843194912
6484_01,0.27977160689570246
6486_01,0.9743225489101892
6491_01,0.12070748243102174
6491_02,0.20485110184853564
6491_03,0.9570102664305177
6495_01,0.4287469502293644
6496_01,0.6354830714481982
6496_02,0.27339297550407377
6497_01,0.4198096009364055
6498_01,0.9579356798398546
6499_01,0.3931946175537292
6499_02,0.27165173076085397
6499_03,0.43120783777054983
6499_04,0.6030604795727408
6499_05,0.09111877341347556
6499_06,0.7006641208309442
6499_07,0.6354830714481982
6499_08,0.558885118406511
6504_01,0.9913789936756057
6504_02,0.6710347018619528
6505_01,0.08235275913166107
6506_01,0.1372021119294149
6506_02,0.6005356165049147
6507_01,0.6184072178067224
6515_01,0.7210745677119179
6516_01,0.9972017836479702
6516_02,0.999477474895923
6518_01,0.9839371478785577
6519_01,0.06284507674586898
6521_01,0.1644758198782623
6524_01,0.25380894755544536
6527_01,0.4989528963595314
6528_01,0.7144750520063062
6532_01,0.19759227383941458
6533_01,0.6354830714481982
6533_02,0.12055267193611617
6534_01,0.16887669602897176
6536_01,0.21612856112034617
6537_01,0.0868940857392293
6538_01,0.1440100650653552
6542_01,0.11608564902411804
6543_01,0.8496967677346603
6550_01,0.02045193473737319
6551_01,0.5286136640835268
6554_01,0.5255480855386526
6555_01,0.6620235923999153
6559_01,0.9292353878341253
6559_02,0.9292353878341253
6559_03,0.4407543755282718
6564_01,0.715727622212365
6564_02,0.9860431193153792
6566_01,0.06523550522669753
6571_01,0.15246953725049847
6575_01,0.999477474895923
6576_01,0.9853683049546003
6577_01,0.3381742951239
6577_02,0.08753093244450141
6577_03,0.9774729033552452
6579_01,0.6871931155164325
6581_01,0.16029418638973467
6584_01,0.9996514597957038
6586_01,0.023832915436386107
6587_01,0.9834572576281531
6589_01,0.9399134242049294
6596_01,0.5893761352109681
6596_02,0.008220317631248803
6597_01,0.5362976674909208
6600_01,0.9761439937568589
6600_02,0.024108102457232505
6605_01,0.9863627539450749
6605_02,0.9516022202655808
6607_01,0.7212723242765148
6610_01,0.6168636695525949
6612_01,0.9216814905978177
6612_02,0.5963930131186892
6612_03,0.08623406264187478
6612_04,0.9613650318154122
6612_05,0.4561817733708358
6612_06,0.9750879545411438
6615_01,0.9853683049546003
6617_01,0.9737211824594045
6617_02,0.9913789936756057
6617_03,0.9942606550057853
6619_01,0.0048664140845927645
6627_01,0.7830488715584518
6629_01,0.9161316768545749
6632_01,0.29732817014997376
6636_01,0.9767647721689874
6640_01,0.9914738116764992
6644_01,0.7120627050242939
6648_01,0.6871931155164325
6651_01,0.10156953253184037
6653_01,0.7603643763469772
6657_01,0.6168636695525949
6658_01,0.9302978299039674
6658_02,0.9302978299039674
6658_03,0.03533958704697466
6661_01,0.6834609843998067
6666_01,0.09310110924371595
6677_01,0.6871931155164325
6678_01,0.13190362522633914
6678_02,0.9311940753665114
6679_01,0.05508428563287121
6682_01,0.9853683049546003
6682_02,0.6051621675389557
6685_01,0.032849230023902526
6686_01,0.12537588619436554
6687_01,0.06456496479207384
6688_01,0.9715441139854881
6689_01,0.10085951698027432
6689_02,0.465607479126063
6690_01,0.9767647721689874
6695_01,0.7058497130719968
6696_01,0.7148446285892307
6700_01,0.6354830714481982
6700_02,0.07678493874440366
6701_01,0.9966283098851907
6703_01,0.014038216765467338
6704_01,0.1919406222056402
6705_01,0.12835303682156207
6710_01,0.9774729033552452
6712_01,0.5660407332523733
6714_01,0.8398382826215965
6715_01,0.5360118929602039
6716_01,0.05855166177875718
6717_01,0.9836068290215518
6723_01,0.06542540152659217
6728_01,0.9838888549425259
6732_01,0.4971325324715191
6733_01,0.40615354572335227
6735_01,0.1149969187926677
6737_01,0.37296808145788696
6738_01,0.27743079981926466
6738_02,0.9059772430824362
6740_01,0.06022118563112424
6743_01,0.9918098008462873
6752_01,0.07612610790031171
6752_02,0.5236442977900049
6752_03,0.21930304198256337
6755_01,0.10226602334338267
6759_01,0.6871931155164325
6767_01,0.01492517549751157
6767_02,0.4734920832592199
6768_01,0.41316910858287736
6769_01,0.9918098008462873
6770_01,0.9926655398024842
6770_02,0.9836068290215518
6770_03,0.9917718929154549
6771_01,0.161333195573944
6772_01,0.6168636695525949
6772_02,0.38696031915105655
6777_01,0.9913789936756057
6781_01,0.9208597785037671
6783_01,0.601717081945129
6785_01,0.6354830714481982
6790_01,0.3865329114594919
6791_01,0.818457736210784
6793_01,0.9311265398582899
6793_02,0.9755354849434259
6795_01,0.02843141214774766
6797_01,0.05938492909428267
6803_01,0.11004741034830975
6804_01,0.4452804465962737
6807_01,0.5614627664227925
6807_02,0.6168636695525949
6809_01,0.07208356580032986
6811_01,0.6635642880313091
6812_01,0.5700658279043742
6812_02,0.36829364902618433
6815_01,0.2949222343196346
6819_01,0.7463050928725845
6819_02,0.9823198875244089
6819_03,0.9570102664305177
6823_01,0.9823198875244089
6828_01,0.979185532570491
6830_01,0.7006641208309442
6835_01,0.7379618609449241
6835_02,0.06988082950393824
6836_01,0.6541894248888942
6838_01,0.9496397485083925
6838_02,0.0019448783007392605
6838_03,0.002616896014414374
6842_01,0.1170994128895692
6845_01,0.9775100210769729
6846_01,0.018817490443261628
6847_01,0.005037785222340875
6849_01,0.0011716727443645987
6852_01,0.47435523229332127
6852_02,0.037389567923509184
6855_01,0.212454378548468
6856_01,0.009755348936614073
6860_01,0.5888712451182457
6867_01,0.24091895609352657
6870_01,0.1401953092217927
6872_01,0.6168636695525949
6874_01,0.9833571513072346
6875_01,0.21622037838597233
6875_02,0.048480707860120445
6875_03,0.8543728971030257
6876_01,0.5490229552619501
6876_02,0.9292353878341253
6876_03,0.9570102664305177
6877_01,0.10951675667428248
6878_01,0.9889543847271437
6881_01,0.24236081536324416
6884_01,0.6168636695525949
6886_01,0.9823198875244089
6888_01,0.5722037147991782
6888_02,0.9742505850964188
6888_03,0.8310314495561344
6888_04,0.07775155960687528
6890_01,0.04848337314280671
6897_01,0.5685498893818471
6904_01,0.6168636695525949
6904_02,0.6168636695525949
6904_03,0.41616759914724605
6909_01,0.927688202393926
6914_01,0.9733612335926799
6916_01,0.9762070020217145
6919_01,0.6473600017518837
6922_01,0.7144750520063062
6923_01,0.9879799843194912
6927_01,0.12037583248598072
6933_01,0.977467318207465
6933_02,0.7238648162475528
6935_01,0.0232578113667216
6936_01,0.03300719853121877
6936_02,0.013794055874367984
6936_03,0.991927097034183
6938_01,0.6168636695525949
6941_01,0.6168636695525949
6942_01,0.9733612335926799
6948_01,0.9774729033552452
6952_01,0.9742505850964188
6953_01,0.25569264009337656
6955_01,0.07831415921363832
6956_01,0.07474670684996361
6958_01,0.3938087936866615
6959_01,0.025328392788388637
6959_02,0.9769993552243477
6959_03,0.9750879545411438
6961_01,0.1558881984799873
6961_02,0.0020157627711095503
6965_01,0.9887722401042339
6969_01,0.020701611795707012
6974_01,0.2742809302329295
6975_01,0.03544531588675875
6983_01,0.9887722401042339
6983_02,0.004618681607708988
6986_01,0.6546116446169609
6986_02,0.17384335879053556
6986_03,0.558885118406511
6986_04,0.5999765680320681
6986_05,0.6168636695525949
6986_06,0.18315269390572717
6986_07,0.4240370432121022
6986_08,0.48526712594134647
6989_01,0.9575740376305406
6993_01,0.24165874334685847
7000_01,0.9900639795696337
7003_01,0.12553025513716484
7009_01,0.09753205392656197
7009_02,0.01799694137841868
7012_01,0.9853683049546003
7023_01,0.10199016034681307
7024_01,0.7245630292087383
7030_01,0.3949631154298401
7033_01,0.21638428164087542
7035_01,0.728787437325263
7043_01,0.9669852428507318
7046_01,0.0013738249708597698
7046_02,0.2679239608283197
7046_03,0.0810046775080322
7054_01,0.9996453855678913
7054_02,0.999477474895923
7055_01,0.9896708014803576
7063_01,0.6378143178625982
7063_02,0.0020382257531008337
7064_01,0.827919083502293
7065_01,0.7835440511896172
7066_01,0.2570271715849849
7066_02,0.9733612335926799
7067_01,0.9292353878341253
7067_02,0.9570102664305177
7067_03,0.17457347507798004
7070_01,0.8830015675297549
7075_01,0.014455437638303915
7076_01,0.6168636695525949
7081_01,0.9371285899049775
7081_02,0.9926655398024842
7100_01,0.9956328034795578
7100_02,0.0017477777768509914
7101_01,0.0009294730308370332
7101_02,0.01031894704611792
7102_01,0.9670306499776562
7103_01,0.02488295269290891
7103_02,0.9989783356952237
7107_01,0.6871931155164325
7108_01,0.49773173817961297
7112_01,0.8099775725706017
7115_01,0.9879799843194912
7122_01,0.6416287307133944
7123_01,0.09672998447215286
7124_01,0.9782235419836115
7124_02,0.9942606550057853
7124_03,0.2305319368705636
7125_01,0.9636191054082524
7129_01,0.5092486304156572
7130_01,0.7302084168770289
7130_02,0.558885118406511
7130_03,0.14720530804437051
7130_04,0.8289387933985758
7130_05,0.5238170898556774
7130_06,0.5999765680320681
7130_07,0.1320153896162418
7131_01,0.5486569508304917
7135_01,0.9733612335926799
7135_02,0.4372779616905882
7135_03,0.5558346855996943
7135_04,0.9774729033552452
7136_01,0.6546116446169609
7138_01,0.04465833979097102
7139_01,0.013189003913629727
7141_01,0.14383724566714534
7145_01,0.2919242852025849
7146_01,0.012764929092677974
7147_01,0.999477474895923
7150_01,0.7565503562962953
7150_02,0.6168636695525949
7153_01,0.06778856281380387
7154_01,0.16479053173991653
7158_01,0.042674038740125944
7163_01,0.9791979988998352
7163_02,0.9942606550057853
7163_03,0.0006612525279766005
7164_01,0.22129160516919236
7169_01,0.979185532570491
7172_01,0.014564017541329587
7172_02,0.05329123892605319
7174_01,0.1052925253790361
7178_01,0.9879799843194912
7183_01,0.5274154352986457
7185_01,0.9566981249940631
7195_01,0.9575740376305406
7196_01,0.9955755340241537
7198_01,0.6871931155164325
7201_01,0.10397541862626308
7204_01,0.03303695644658843
7209_01,0.7732658257825804
7209_02,0.7714497149678234
7211_01,0.010301182964399472
7212_01,0.5787202023736632
7213_01,0.6871931155164325
7220_01,0.11634367718806814
7222_01,0.28945884179779113
7223_01,0.9918098008462873
7228_01,0.9767647721689874
7231_01,0.08888269148297152
7237_01,0.9466537783883288
7239_01,0.6373587418056291
7241_01,0.9489006580654517
7241_02,0.0004446130735380184
7243_01,0.9570102664305177
7243_02,0.9767647721689874
7243_03,0.9570102664305177
7243_04,0.10671362567021617
7243_05,0.9750879545411438
7244_01,0.9833571513072346
7245_01,0.8997221846941472
7248_01,0.14937687251187196
7248_02,0.9897325876566685
7251_01,0.6871931155164325
7254_01,0.04760467624065458
7262_01,0.09613832019864547
7263_01,0.18098095606230033
7264_01,0.10067176056954401
7265_01,0.1662466454899593
7266_01,0.3998548211747694
7266_02,0.9733612335926799
7266_03,0.9292353878341253
7269_01,0.10477665580600498
7269_02,0.6354830714481982
7272_01,0.6871931155164325
7275_01,0.7156212175512267
7281_01,0.9118111446612327
7282_01,0.7144750520063062
7286_01,0.07809662899681596
7287_01,0.9966283098851907
7288_01,0.2684100724142588
7291_01,0.979185532570491
7293_01,0.24115342011731714
7294_01,0.6093579923309581
7295_01,0.8675462088652852
7295_02,0.13796282415255243
7299_01,0.8028903051835703
7308_01,0.9974356504176572
7312_01,0.5040897133346762
7315_01,0.6373587418056291
7316_01,0.5127427984858451
7317_01,0.07075699250616822
7318_01,0.11975730786822232
7319_01,0.46292783183447334
7319_02,0.6998800402519441
7319_03,0.631604137307732
7325_01,0.1315746785932247
7329_01,0.34528552802971474
7329_02,0.29272478312848726
7329_03,0.9494812904792448
7333_01,0.09548275859860113
7335_01,0.7144750520063062
7345_01,0.08244967268215396
7348_01,0.09185466977339292
7348_02,0.9987985678922029
7348_03,0.9955056289457234
7349_01,0.06746369640079776
7352_01,0.27139976278932026
7354_01,0.9626093311314431
7354_02,0.9582827013839814
7354_03,0.9755354849434259
7354_04,0.0005240051983775558
7354_05,0.9805859589844153
7354_06,0.10282517914794417
7355_01,0.013777877443137698
7357_01,0.9857614943800668
7362_01,0.5414556321334351
7363_01,0.5039766461280688
7364_01,0.874053006517051
7368_01,0.9737211824594045
7369_01,0.018446856337256214
7373_01,0.9966283098851907
7373_02,0.9966814686908377
7375_01,0.6094751731030659
7378_01,0.08564946882125975
7380_01,0.9626232453188468
7380_02,0.9967512638513868
7380_03,0.07516573705819109
7380_04,0.9931114460283652
7381_01,0.7006641208309442
7382_01,0.9857910154364025
7383_01,0.7302084168770289
7383_02,0.0994788842531331
7384_01,0.1845983784792727
7386_01,0.6354830714481982
7389_01,0.9897325876566685
7397_01,0.7331866228570725
7400_01,0.09192681456313659
7404_01,0.9774729033552452
7407_01,0.20511875824515446
7409_01,0.1888541115779367
7409_02,0.6383354432826286
7412_01,0.9990175550428922
7413_01,0.6373587418056291
7413_02,0.48526712594134647
7414_01,0.07064742588849367
7415_01,0.021195314140368026
7417_01,0.09700786492559908
7417_02,0.03809020963853066
7420_01,0.09779760285644122
7421_01,0.7006641208309442
7421_02,0.6605053292216985
7423_01,0.1226281575589076
7423_02,0.9943876163615816
7424_01,0.05917278645774142
7426_01,0.9984020418739514
7426_02,0.9984020418739514
7426_03,0.999477474895923
7433_01,0.5678224614689394
7434_01,0.03414357515436447
7439_01,0.3056052395409358
7439_02,0.9990878774231274
7440_01,0.21339443608895695
7441_01,0.9715441139854881
7443_01,0.6790632294420273
7451_01,0.5426697563514515
7454_01,0.0701086841593694
7463_01,0.047097971361476434
7465_01,0.2836612842306968
7466_01,0.11102216246808694
7467_01,0.12395539607575848
7468_01,0.5227175800591726
7469_01,0.11279172419009421
7470_01,0.6096668474463526
7471_01,0.5379526000122081
7471_02,0.05902869247820387
7473_01,0.07543947500427825
7473_02,0.27680696098908764
7474_01,0.49323156759614173
7476_01,0.8162820123875506
7480_01,0.08971880791445856
7482_01,0.9897325876566685
7482_02,0.06032883982979232
7489_01,0.471243481499263
7489_02,0.19172048840646289
7489_03,0.2340247515162506
7491_01,0.5653705219782037
7493_01,0.589947982647943
7497_01,0.602041664655353
7511_01,0.3286490798329373
7516_01,0.5679193804099372
7519_01,0.04033396321146344
7526_01,0.9850058082880456
7528_01,0.49323156759614173
7528_02,0.790372676435707
7528_03,0.12755008028405082
7528_04,0.7433704617935951
7530_01,0.9978412373597505
7530_02,0.04129834771881446
7530_03,0.053857314149227085
7530_04,0.0027899449326129117
7532_01,0.7433704617935951
7537_01,0.7449823398830434
7539_01,0.9791979988998352
7539_02,0.7362553943547548
7540_01,0.062120841910996066
7541_01,0.9900639795696337
7541_02,0.6791810100637466
7541_03,0.6421479120243745
7546_01,0.9913789936756057
7547_01,0.5618119638504974
7548_01,0.12751818705064172
7551_01,0.6473749939292323
7554_01,0.602041664655353
7555_01,0.1779488700341639
7556_01,0.9974356504176572
7556_02,0.9967162151413721
7556_03,0.3302905746199511
7556_04,0.9991771343530749
7557_01,0.16409994977429984
7557_02,0.9944437913626148
7557_03,0.9868688983947808
7558_01,0.03710747398189515
7558_02,0.9954717642719874
7562_01,0.1335069711532319
7564_01,0.07294625079084392
7566_01,0.4129568746422479
7570_01,0.4873715551077552
7570_02,0.0069522327862485385
7571_01,0.11307832593885707
7575_01,0.11149600492055949
7581_01,0.24342982943526678
7582_01,0.5379526000122081
7582_02,0.471243481499263
7582_03,0.471243481499263
7582_04,0.22610794415386548
7582_05,0.5379526000122081
7587_01,0.5952045998153542
7589_01,0.6561852738196593
7590_01,0.6964941344743533
7591_01,0.47123352552688497
7591_02,0.49831737511120167
7593_01,0.9573621744679017
7597_01,0.5653705219782037
7597_02,0.6423751133911594
7597_03,0.11977237437352449
7597_04,0.4611488239445645
7597_05,0.1719335383301309
7597_06,0.471243481499263
7597_07,0.10424613438820317
7600_01,0.9825286048016657
7600_02,0.3006164275890079
7602_01,0.9851251422954506
7603_01,0.7372072413607593
7607_01,0.16309767552952392
7610_01,0.6747865776250432
7610_02,0.5368897894219931
7611_01,0.048994293602257974
7611_02,0.11333190355017464
7612_01,0.0717457718220386
7612_02,0.6124114759259706
7613_01,0.9715441139854881
7615_01,0.040188333849207614
7617_01,0.7470876605511007
7619_01,0.6096668474463526
7629_01,0.5757890580134596
7629_02,0.1515815124242587
7629_03,0.6747865776250432
7636_01,0.19971542030135728
7637_01,0.9955056289457234
7637_02,0.03921144354461449
7637_03,0.9955056289457234
7638_01,0.5653705219782037
7642_01,0.987708615334948
7645_01,0.9978412373597505
7648_01,0.7196233596279075
7651_01,0.9897325876566685
7653_01,0.0853075225165034
7654_01,0.9742505850964188
7655_01,0.6249924302030255
7657_01,0.1145751765822585
7658_01,0.9956735498140875
7659_01,0.10256697450303566
7662_01,0.987708615334948
7663_01,0.790372676435707
7664_01,0.02706453696686566
7668_01,0.6114479632452057
7672_01,0.0009286440181481007
7673_01,0.25857418139113464
7674_01,0.04286574230189854
7675_01,0.16702733398423092
7681_01,0.4961728400992569
7685_01,0.6124114759259706
7686_01,0.7433704617935951
7695_01,0.44290459097163104
7701_01,0.2622672609654362
7704_01,0.9064271505389047
7706_01,0.9970496421909646
7718_01,0.9967512638513868
7722_01,0.3183033883798209
7725_01,0.9566981249940631
7726_01,0.5653705219782037
7730_01,0.13070996491034942
7732_01,0.1292387905256014
7733_01,0.10567959298516527
7734_01,0.38984013029256037
7735_01,0.05567973284505384
7737_01,0.4560889924622953
7740_01,0.51783585437913
7740_02,0.471243481499263
7745_01,0.5407876988507339
7750_01,0.20464104691743457
7756_01,0.9085534394185639
7758_01,0.10518831406106896
7759_01,0.7666497146526537
7762_01,0.06037002412973773
7765_01,0.6096668474463526
7765_02,0.602041664655353
7765_03,0.602041664655353
7766_01,0.044956882857274665
7772_01,0.4560889924622953
7779_01,0.4787239934697876
7781_01,0.0731989900039071
7792_01,0.9950063167096805
7792_02,0.9914457692926382
7792_03,0.9950063167096805
7792_04,0.06730587657871451
7792_05,0.9950063167096805
7794_01,0.029629875443794217
7795_01,0.22200837709280213
7795_02,0.43607065108013693
7796_01,0.07047224552490505
7798_01,0.30790260897749877
7798_02,0.6903389740618318
7799_01,0.4514389672909168
7804_01,0.006302843417078491
7807_01,0.5494597972031284
7811_01,0.6421479120243745
7814_01,0.3821992059379839
7817_01,0.14436054497257259
7819_01,0.6574781929195783
7822_01,0.3766003307202864
7823_01,0.7449823398830434
7825_01,0.003007726422655722
7825_02,0.9653731952534593
7825_03,0.06273849086537774
7826_01,0.9950063167096805
7827_01,0.9924920270223261
7836_01,0.1133615012474476
7838_01,0.9984020418739514
7844_01,0.07260301643872645
7846_01,0.0009811576528263256
7846_02,0.9976648375342885
7854_01,0.4986524121342192
7855_01,0.1556345163286971
7857_01,0.5494597972031284
7860_01,0.053815754930663734
7862_01,0.5653705219782037
7867_01,0.2821079083542769
7869_01,0.06719022858860071
7874_01,0.21797414600119333
7874_02,0.9368849084994854
7876_01,0.1093372527380007
7880_01,0.8952662921003028
7880_02,0.05674813404046067
7887_01,0.4560889924622953
7893_01,0.9984020418739514
7893_02,0.9992718541736756
7893_03,0.9991771343530749
7893_04,0.9990175550428922
7893_05,0.9974356504176572
7896_01,0.34120582517855097
7898_01,0.2940506199518636
7900_01,0.1439149750472823
7906_01,0.2771571186077996
7909_01,0.15919467188751754
7909_02,0.029536694149500133
7911_01,0.6574781929195783
7912_01,0.05837305004462695
7915_01,0.4672633387717866
7915_02,0.06932674223547987
7915_03,0.4672633387717866
7917_01,0.5653705219782037
7921_01,0.6396798481532473
7921_02,0.03656906167840418
7923_01,0.2938584776243494
7925_01,0.5476075306635521
7927_01,0.47929141375007595
7927_02,0.5379526000122081
7927_03,0.2340247515162506
7928_01,0.4288736820951861
7931_01,0.7211243575213432
7932_01,0.8773353397579118
7933_01,0.956285072038232
7934_01,0.9855509468089452
7934_02,0.9896900392117884
7934_03,0.9915938056811487
7938_01,0.013695051142386611
7942_01,0.035212631145979154
7942_02,0.4561817733708358
7948_01,0.06641287725163023
7951_01,0.9917718929154549
7953_01,0.11690576629958543
7956_01,0.2047223037185942
7959_01,0.4282315288327371
7961_01,0.06533419920567145
7963_01,0.9131994763026337
7963_02,0.37023574278730503
7963_03,0.790372676435707
7964_01,0.9879039006749508
7965_01,0.602041664655353
7966_01,0.13261619287470075
7969_01,0.7274444626110046
7971_01,0.9950063167096805
7971_02,0.009899140667770673
7975_01,0.9897325876566685
7977_01,0.18045680997695276
7978_01,0.471243481499263
7978_02,0.06636075463318686
7979_01,0.02406871769196616
7980_01,0.08641753971790567
7991_01,0.0020755078968011835
7991_02,0.35494944358069114
7991_03,0.9950657903336422
7991_04,0.9782235419836115
7992_01,0.9488129062783477
7997_01,0.7316645492331354
7998_01,0.9522244342754771
7998_02,0.9981413714496886
7998_03,0.9992718541736756
7998_04,0.999477474895923
8001_01,0.18158044395608883
8002_01,0.23489963988200588
8008_01,0.10739371352811754
8009_01,0.5203669433981513
8011_01,0.6421479120243745
8013_01,0.6806184493781432
8017_01,0.05356294783919575
8022_01,0.47813747670402607
8028_01,0.07584188251851137
8033_01,0.02153694799163569
8039_01,0.9857735204484843
8039_02,0.9755354849434259
8040_01,0.3149904207004262
8041_01,0.034821886627747115
8041_02,0.9914738116764992
8044_01,0.9811880169578465
8045_01,0.16732947689840783
8047_01,0.9914738116764992
8048_01,0.7858156481777776
8051_01,0.7268756927831678
8051_02,0.6124114759259706
8061_01,0.42579476243148073
8061_02,0.49768696501749343
8062_01,0.04287861086784648
8065_01,0.1449338505933766
8070_01,0.13189880021883682
8073_01,0.4560889924622953
8074_01,0.8545424747843813
8080_01,0.9647263751991473
8090_01,0.5653705219782037
8093_01,0.0477236806152851
8095_01,0.07998971475431149
8096_01,0.987708615334948
8099_01,0.6264681760277244
8100_01,0.8718386753412802
8101_01,0.9896900392117884
8104_01,0.4688778255977351
8109_01,0.18881854215082058
8110_01,0.07247575972368979
8111_01,0.43998790372523544
8113_01,0.7384194520498899
8113_02,0.6747865776250432
8113_03,0.5218258486150482
8113_04,0.6627714455604271
8114_01,0.6580624680072075
8125_01,0.9986788391013975
8125_02,0.9739773087468562
8126_01,0.09507625161544758
8127_01,0.29574639766477523
8132_01,0.05333943930258884
8134_01,0.6763614831867036
8142_01,0.9944308840689241
8145_01,0.4282904896392663
8146_01,0.623037224308067
8151_01,0.0844319700436464
8154_01,0.4030163671778508
8155_01,0.790145722287283
8160_01,0.08388191693613427
8163_01,0.4672633387717866
8166_01,0.1336034806879732
8169_01,0.7638975968781557
8170_01,0.9736911295329638
8172_01,0.9896900392117884
8174_01,0.09911157499407137
8179_01,0.9791979988998352
8180_01,0.07314754824503637
8181_01,0.05747441333542193
8181_02,0.08441105680148765
8181_03,0.994340743785256
8183_01,0.11426873156093621
8184_01,0.04937395238579292
8185_01,0.024424221895809818
8187_01,0.02110545093063155
8188_01,0.12445511992501372
8193_01,0.6561852738196593
8195_01,0.9791979988998352
8196_01,0.06322235694337447
8196_02,0.6124114759259706
8198_01,0.4560889924622953
8201_01,0.969752008771237
8206_01,0.044695897592137615
8215_01,0.9581862250889418
8223_01,0.6124114759259706
8228_01,0.02231070905991401
8230_01,0.12427286517782765
8234_01,0.019953433323670364
8236_01,0.9915861010927848
8240_01,0.9902452740188773
8241_01,0.602041664655353
8245_01,0.5379526000122081
8245_02,0.4611488239445645
8246_01,0.3141211407005548
8249_01,0.19394358287450605
8250_01,0.4560889924622953
8253_01,0.04690671368207549
8256_01,0.43945661667116637
8258_01,0.017268798806218687
8262_01,0.3472522234872061
8263_01,0.15687504124623683
8269_01,0.41539669286528574
8274_01,0.7161564144763443
8278_01,0.6574781929195783
8283_01,0.9836068290215518
8284_01,0.6950172382409007
8284_02,0.7144455738344719
8285_01,0.11914435853151559
8286_01,0.9965450881845291
8290_01,0.9865603271975737
8293_01,0.009243368290730032
8296_01,0.987708615334948
8299_01,0.08944223964125417
8304_01,0.06973927453670112
8304_02,0.9944437913626148
8304_03,0.620885906060579
8305_01,0.9914457692926382
8305_02,0.9968374538524506
8305_03,0.9833839967694202
8308_01,0.013371659401783042
8309_01,0.3973022904341987
8311_01,0.06737273212227496
8312_01,0.9896900392117884
8325_01,0.602041664655353
8325_02,0.07673820487878229
8327_01,0.06360943715196073
8331_01,0.4185185835040584
8337_01,0.19929390417034173
8340_01,0.0546874975338526
8340_02,0.690824239705734
8340_03,0.030823639985761767
8347_01,0.5494597972031284
8349_01,0.7746511531356464
8350_01,0.02373281375318946
8351_01,0.004026868655570377
8352_01,0.1759922728794555
8353_01,0.10303184326360089
8355_01,0.9974228904334268
8357_01,0.9946550652274044
8357_02,0.9974228904334268
8358_01,0.07135579304361717
8359_01,0.07864074509988787
8361_01,0.0033351202340431863
8361_02,0.0010181554918019234
8361_03,0.9961254020751181
8361_04,0.9971561437980794
8361_05,0.7624663824415379
8364_01,0.5494597972031284
8367_01,0.6716316846617103
8370_01,0.9867839551997452
8370_02,0.0016841828793887571
8372_01,0.9965450881845291
8385_01,0.9897325876566685
8385_02,0.06681809879237623
8385_03,0.9896453623597928
8387_01,0.6829496963023926
8389_01,0.7316645492331354
8391_01,0.3343960495401802
8396_01,0.07734841445620941
8399_01,0.2426410740046049
8400_01,0.38085531031584036
8400_02,0.6124114759259706
8400_03,0.005006412928812318
8402_01,0.9742505850964188
8402_02,0.9860431193153792
8402_03,0.9860431193153792
8408_01,0.7474181714580419
8408_02,0.6335791546708515
8412_01,0.7157900359815134
8413_01,0.6574781929195783
8415_01,0.07349447441302785
8417_01,0.3590908179272824
8422_01,0.07042581619203982
8424_01,0.07737251591745123
8425_01,0.790372676435707
8425_02,0.5768170707993808
8426_01,0.42684049807787755
8426_02,0.0037553319093968944
8428_01,0.46462012428314975
8434_01,0.9717381873992309
8435_01,0.14491223298478687
8436_01,0.04496282874840233
8439_01,0.5653705219782037
8440_01,0.10628933752406412
8440_02,0.9944437913626148
8440_03,0.9914758425296646
8443_01,0.9761020738237405
8443_02,0.12321473222977182
8445_01,0.6790632294420273
8445_02,0.49323156759614173
8445_03,0.6747865776250432
8446_01,0.10330800814296454
8450_01,0.9943876163615816
8450_02,0.1438071720053659
8450_03,0.9914758425296646
8453_01,0.6390507059290698
8455_01,0.22673811985563008
8461_01,0.37205797532157614
8464_01,0.01523886485888133
8464_02,0.9879039006749508
8473_01,0.471243481499263
8473_02,0.03342565577646238
8478_01,0.6096668474463526
8478_02,0.0467711048138984
8484_01,0.9879039006749508
8485_01,0.5525072933210509
8488_01,0.6209359324679891
8490_01,0.07939317238758554
8496_01,0.1833433267370534
8497_01,0.42579476243148073
8498_01,0.19578456862246904
8499_01,0.6790632294420273
8501_01,0.6950172382409007
8505_01,0.01704025231097601
8507_01,0.49452454098888843
8510_01,0.18126597490578109
8510_02,0.9901511195712497
8513_01,0.06110743286043662
8515_01,0.20893978388843357
8517_01,0.18125972456570283
8517_02,0.8850026228102849
8518_01,0.602041664655353
8519_01,0.4408555414440749
8520_01,0.21583827299693142
8520_02,0.5218258486150482
8525_01,0.9734702879466184
8525_02,0.9966882969562008
8526_01,0.05062562765182756
8526_02,0.781309882869269
8527_01,0.6264681760277244
8529_01,0.1762484616016473
8531_01,0.5653705219782037
8532_01,0.11966551314577019
8533_01,0.450190883415253
8534_01,0.5218258486150482
8534_02,0.7384194520498899
8534_03,0.602041664655353
8534_04,0.1849952815612185
8538_01,0.021796820688569397
8543_01,0.7272699220513241
8543_02,0.6790632294420273
8543_03,0.31422047836594535
8543_04,0.0625941742425929
8543_05,0.16226572555701976
8543_06,0.14444487369405284
8543_07,0.6950172382409007
8543_08,0.1067007312405473
8546_01,0.7274444626110046
8547_01,0.08204400830405459
8550_01,0.06278449101387311
8553_01,0.04885768654748986
8555_01,0.5678224614689394
8555_02,0.4676175995026433
8555_03,0.6368925804440569
8558_01,0.6124114759259706
8562_01,0.19659325478889192
8563_01,0.04632724165408867
8564_01,0.07785332979412546
8565_01,0.6124114759259706
8565_02,0.6747865776250432
8565_03,0.1106239367627923
8567_01,0.003695872060240791
8567_02,0.004301666851237545
8567_03,0.04465850594885826
8568_01,0.9851251422954506
8568_02,0.9847834302490447
8575_01,0.4711265712833238
8576_01,0.9969219445636772
8578_01,0.10907658101112144
8579_01,0.9976648375342885
8582_01,0.6574781929195783
8583_01,0.9897325876566685
8583_02,0.9944437913626148
8590_01,0.004460832661645894
8591_01,0.7165259424394211
8593_01,0.03371261401755189
8600_01,0.6574781929195783
8601_01,0.09840979452920091
8608_01,0.6561852738196593
8621_01,0.8973937455504503
8622_01,0.0668921136170284
8625_01,0.1114213752222886
8627_01,0.12349164165194311
8630_01,0.5255557871045036
8632_01,0.5653705219782037
8632_02,0.5379526000122081
8647_01,0.9896900392117884
8648_01,0.6271684754044088
8648_02,0.1617576425918432
8648_03,0.4560889924622953
8649_01,0.08949018835702105
8651_01,0.17247371922936852
8652_01,0.1146670794199398
8655_01,0.03934408105201862
8660_01,0.6570262665809293
8662_01,0.5155991269467474
8665_01,0.5653705219782037
8666_01,0.602041664655353
8676_01,0.6803083475048457
8677_01,0.14064817478150266
8677_02,0.8283882451211492
8677_03,0.9197955869577304
8678_01,0.7643733822752752
8678_02,0.5677744954408691
8679_01,0.4560889924622953
8682_01,0.01965016754513291
8686_01,0.8436705863370845
8689_01,0.5379526000122081
8690_01,0.03337870849034936
8690_02,0.7704657515263938
8692_01,0.9956781434751666
8692_02,0.004609481775736563
8692_03,0.9860431193153792
8697_01,0.6790632294420273
8698_01,0.6170389201177985
8699_01,0.5525072933210509
8702_01,0.0945030075989872
8705_01,0.9635217861748566
8706_01,0.04171139941885649
8707_01,0.08177989775659379
8711_01,0.3361878309674559
8713_01,0.049544908395834274
8713_02,0.9914738116764992
8715_01,0.5653705219782037
8718_01,0.12565463331468893
8724_01,0.00037094195318397236
8725_01,0.6096668474463526
8726_01,0.987708615334948
8730_01,0.02467461105441562
8731_01,0.04304988158401418
8737_01,0.9858024681931807
8738_01,0.4611488239445645
8739_01,0.0014534260599771026
8740_01,0.14948051805490262
8742_01,0.07348924757615578
8745_01,0.06972995246013437
8746_01,0.7316645492331354
8747_01,0.9879039006749508
8747_02,0.11203506867992742
8748_01,0.300782439404482
8748_02,0.12662386172159
8756_01,0.0037229647262616555
8758_01,0.04534505735392129
8758_02,0.5877117841751187
8761_01,0.09521441423649535
8763_01,0.014188361768028374
8763_02,0.328417257278973
8763_03,0.6271684754044088
8765_01,0.014908994172098507
8767_01,0.0040135237800133184
8767_02,0.0006674307782427031
8768_01,0.35604670424744417
8768_02,0.8880410453752371
8768_03,0.07936256569986339
8775_01,0.8576931295940349
8777_01,0.028898405706596568
8778_01,0.9876246400688238
8778_02,0.9958027458973984
8784_01,0.21845176699786895
8788_01,0.07534387318085523
8792_01,0.22746954945454306
8793_01,0.02161099613612647
8793_02,0.9906299532905856
8793_03,0.9956781434751666
8793_04,0.0024098369320548732
8793_05,0.9791979988998352
8795_01,0.4940813099749058
8800_01,0.5379526000122081
8800_02,0.471243481499263
8800_03,0.471243481499263
8800_04,0.8060607957066107
8800_05,0.5172759969777067
8803_01,0.6264681760277244
8804_01,0.9892901897767193
8804_02,0.9921799548437144
8804_03,0.9897752912684231
8804_04,0.1934242544353235
8804_05,0.043764574560546006
8810_01,0.0621417119022461
8814_01,0.5653705219782037
8829_01,0.9633340027364691
8832_01,0.15799639119748607
8837_01,0.0790419878102602
8839_01,0.8666611921832347
8839_02,0.2064988142348478
8846_01,0.0018213795906591881
8846_02,0.39693089424160294
8847_01,0.5653705219782037
8851_01,0.790372676435707
8855_01,0.038909224574966615
8857_01,0.7274444626110046
8859_01,0.08373884275769743
8866_01,0.6904300215718319
8870_01,0.9901511195712497
8870_02,0.042048952833152756
8873_01,0.3933372353845538
8873_02,0.0013862665447942125
8873_03,0.9763774960896947
8875_01,0.9960023417230557
8875_02,0.016389407417114848
8875_03,0.9965450881845291
8877_01,0.9860431193153792
8877_02,0.983778745416614
8879_01,0.4560889924622953
8882_01,0.049018180285924313
8887_01,0.7778010549923785
8888_01,0.0967541749154618
8893_01,0.9956781434751666
8893_02,0.9942606550057853
8895_01,0.9742505850964188
8895_02,0.004770114742911737
8898_01,0.2114053738013295
8908_01,0.7316645492331354
8909_01,0.4031865027394329
8911_01,0.736185732315905
8912_01,0.5678224614689394
8913_01,0.4611488239445645
8913_02,0.5379526000122081
8913_03,0.6368925804440569
8914_01,0.2826138126171985
8915_01,0.07256589154516929
8916_01,0.4611488239445645
8917_01,0.602041664655353
8921_01,0.9715441139854881
8924_01,0.9986788391013975
8925_01,0.9496397485083925
8925_02,0.9689847925537807
8925_03,0.9942606550057853
8925_04,0.9980766179855098
8925_05,0.9742505850964188
8925_06,0.06066561600648069
8927_01,0.921042850993159
8929_01,0.13719206031559297
8931_01,0.08105274421226338
8933_01,0.1093372527380007
8934_01,0.0009412256662847194
8935_01,0.8023624196727236
8936_01,0.027172351988706232
8943_01,0.09830601576297211
8946_01,0.997802701430608
8949_01,0.11818496345702849
8950_01,0.04458743149093382
8951_01,0.00031685519254230404
8952_01,0.2788282260028155
8953_01,0.1878390002206425
8957_01,0.06761245470983523
8958_01,0.4560889924622953
8960_01,0.5218258486150482
8960_02,0.08675889689709827
8960_03,0.6096668474463526
8962_01,0.227928257478229
8963_01,0.9808899327152169
8965_01,0.17881387544234573
8971_01,0.7331866228570725
8974_01,0.9965521266922547
8979_01,0.3234568323931665
8980_01,0.1680268542157146
8980_02,0.00386437917080301
8980_03,0.9154119934097978
8980_04,0.013562728169852947
8980_05,0.01452820144065093
8980_06,0.9311940753665114
8980_07,0.9154119934097978
8984_01,0.04462958207575329
8990_01,0.3999662382755818
8991_01,0.4272544133350379
8994_01,0.02030871016242874
8994_02,0.9958027458973984
8995_01,0.019371253934280252
9000_01,0.08148245204331393
9002_01,0.043626650119483044
9005_01,0.602041664655353
9016_01,0.03427221295713741
9016_02,0.016789240877248885
9016_03,0.0009375525045274216
9016_04,0.9976648375342885
9016_05,0.01623262814236838
9017_01,0.6124114759259706
9022_01,0.08342464333473922
9022_02,0.7114695224787775
9022_03,0.08529887880728658
9025_01,0.06648049217300687
9025_02,0.6096668474463526
9027_01,0.06230249471722896
9033_01,0.5768170707993808
9039_01,0.4560889924622953
9040_01,0.003590917648581733
9044_01,0.1610392951739544
9045_01,0.20937968675455035
9045_02,0.11671785331081096
9047_01,0.4444414977328421
9050_01,0.5653705219782037
9051_01,0.07038205806582751
9053_01,0.9926655398024842
9053_02,0.9898168256684148
9054_01,0.7643733822752752
9055_01,0.15282195461502415
9056_01,0.23316812775258927
9058_01,0.06492975198406906
9062_01,0.04266218553751218
9062_02,0.6531164265240426
9063_01,0.9950063167096805
9065_01,0.9896900392117884
9067_01,0.07031535847195731
9067_02,0.6096668474463526
9070_01,0.19703108030906588
9070_02,0.4324264157003261
9082_01,0.042851474399674544
9083_01,0.9876246400688238
9083_02,0.3149904207004262
9086_01,0.602041664655353
9086_02,0.2719196512218558
9087_01,0.11293578369281662
9088_01,0.9937976032486311
9090_01,0.025860734310497017
9091_01,0.9876246400688238
9092_01,0.056621374465141316
9093_01,0.00041180944608454855
9095_01,0.09010920898954139
9096_01,0.602041664655353
9096_02,0.6790632294420273
9100_01,0.011584522204682937
9102_01,0.9879039006749508
9105_01,0.4560889924622953
9109_01,0.4611488239445645
9113_01,0.9901511195712497
9117_01,0.07928940827273188
9121_01,0.9892901897767193
9123_01,0.9901916849622711
9133_01,0.4560889924622953
9135_01,0.07979230713308554
9138_01,0.1991855152667284
9143_01,0.014242599680361807
9143_02,0.23149527122792732
9143_03,0.2536431781714113
9146_01,0.10366852137315503
9146_02,0.13817208959083563
9146_03,0.9940473944667495
9147_01,0.4560889924622953
9153_01,0.31543721816774956
9154_01,0.6574781929195783
9155_01,0.08707755617316824
9155_02,0.06560432017051716
9155_03,0.9905166298239929
9155_04,0.9862616453253584
9162_01,0.969752008771237
9162_02,0.007072291626539569
9162_03,0.009869756236726337
9166_01,0.9847925501355724
9171_01,0.45244279203497795
9177_01,0.9966880005016175
9177_02,0.9965521266922547
9182_01,0.0902147026219872
9187_01,0.5955114398426233
9187_02,0.06822342677701587
9191_01,0.5768170707993808
9198_01,0.036137237399884156
9200_01,0.581145665736395
9204_01,0.23126443163624688
9206_01,0.9822653444636414
9206_02,0.013623569807482607
9206_03,0.9401894392764052
9207_01,0.9678132943434473
9209_01,0.38669386941441025
9210_01,0.19490707354107567
9212_01,0.06961571290617849
9212_02,0.43998790372523544
9214_01,0.012032277037620168
9215_01,0.9154270709519534
9216_01,0.09283366256559904
9223_01,0.9739834420567726
9223_02,0.9761020738237405
9228_01,0.2157828529917965
9229_01,0.29047785599359416
9232_01,0.05474021572278917
9236_01,0.4646637944175635
9238_01,0.3224054618932088
9238_02,0.11273314556125894
9238_03,0.571199999830347
9238_04,0.06869762214154737
9238_05,0.5274154352986457
9238_06,0.07747301889210476
9238_07,0.7124691094995447
9240_01,0.6929999707798262
9243_01,0.8857560175922089
9245_01,0.09923958505764487
9249_01,0.34346137073802296
9255_01,0.78796033557799
9258_01,0.944808934252095
9260_01,0.11273314556125894
9262_01,0.4597025913592645
9263_01,0.5768170707993808
9265_01,0.9788818400878063
9266_01,0.5567190274705853
9266_02,0.6124114759259706
9269_01,0.17961688956938338
9271_01,0.9393069962243438
9273_01,0.8480206066249313
9277_01,0.6335791546708515
