PassengerId,proba
0013_01,0.47380959679489454
0018_01,0.011736610551142038
0019_01,0.9984857035237542
0021_01,0.9940357084672645
0023_01,0.49130617011496336
0027_01,0.6259921916317193
0029_01,0.9881629951233929
0032_01,0.9850928684356325
0032_02,0.9939238119189772
0033_01,0.5465761038615374
0037_01,0.21981187684119613
0040_01,0.1552655050703936
0040_02,0.7286390913801647
0042_01,0.4096557530660153
0046_01,0.013322975422679387
0046_02,0.13759656959426692
0046_03,0.09919527327519392
0047_01,0.9974118231671921
0047_02,0.9476656335730017
0047_03,0.018269127150254545
0048_01,0.5847470255841541
0049_01,0.05481159872833207
0054_01,0.9838483572040335
0054_02,0.9473963055927357
0054_03,0.4152390018152568
0055_01,0.02604041329339956
0057_01,0.9909437112230477
0059_01,0.5311719556553368
0060_01,0.36941822600104285
0063_01,0.7220790345453842
0065_01,0.47380959679489454
0075_01,0.10689546265520157
0079_01,0.492438203046313
0080_01,0.5075860669033007
0083_01,0.05979819438116174
0087_01,0.10907580309981539
0089_01,0.97370982277353
0093_01,0.6252680924356985
0094_01,0.478705537579796
0094_02,0.13126510349413265
0095_01,0.6276154814436222
0096_01,0.14810697024700248
0100_01,0.6678335196277305
0100_02,0.51351002985249
0104_01,0.0709791745566615
0106_01,0.7698570033260633
0109_01,0.049872105141261815
0117_01,0.21528063580423024
0118_01,0.44743215194782787
0121_01,0.048333582379415534
0124_01,0.7413955386475185
0125_01,0.9881629951233929
0125_02,0.004735376861608369
0130_01,0.7413955386475185
0131_01,0.1936900403262731
0132_01,0.9766654314207683
0135_01,0.19355163604485626
0137_01,0.47380959679489454
0142_01,0.9946996547286628
0142_02,0.11361491046901713
0142_03,0.9898184778118135
0143_01,0.879214027546104
0145_01,0.13474850734627902
0150_01,0.9466050122560626
0150_02,0.9777046094514951
0153_01,0.383417956971704
0154_01,0.6213780225176843
0155_01,0.06487823742336898
0156_01,0.9689303670508097
0157_01,0.06889884249255336
0158_01,0.1266866427115384
0158_02,0.5328423885442373
0159_01,0.05924818584348364
0161_01,0.09743212575941416
0162_01,0.9782139816259894
0166_01,0.5279532255346743
0168_01,0.9979090838342045
0175_01,0.561468445431066
0175_02,0.7413955386475185
0175_03,0.561468445431066
0175_04,0.46567402215911624
0175_05,0.51351002985249
0176_01,0.09551180472779339
0180_01,0.13079012059718298
0184_01,0.2516617113237396
0185_01,0.8652820773260398
0187_01,0.9849510801240698
0191_01,0.1506142776525731
0194_01,0.9777092892176861
0194_02,0.9934150055605837
0194_03,0.004647269589988945
0204_01,0.1313012723767301
0208_01,0.4008648046321871
0209_01,0.0003275384337415935
0214_01,0.018831968681871154
0214_02,0.03708278407008581
0215_01,0.46567402215911624
0218_01,0.05101074563362761
0226_01,0.9367379373912333
0227_01,0.46329042789955305
0228_01,0.9947377605804227
0228_02,0.9890660209952555
0228_03,0.9989897618489937
0228_04,0.0025395965407049178
0230_01,0.6791229197233106
0230_02,0.10271122130754635
0235_01,0.46567402215911624
0236_01,0.9638250875420986
0238_01,0.021297679081857018
0247_01,0.9892123013550315
0247_02,0.9924203215897185
0249_01,0.13743722148917087
0256_01,0.6647313004941309
0259_01,0.9375158762382793
0262_01,0.06997514473948356
0264_01,0.9986897486879472
0264_02,0.9947377605804227
0264_03,0.0043197228725457585
0266_01,0.08478170727603447
0266_02,0.06288212383703415
0268_01,0.03211264040113532
0268_02,0.1536892175744725
0271_01,0.5122015077290245
0272_01,0.12260115233259021
0273_01,0.9971401799759683
0273_02,0.9689303670508097
0273_03,0.057102094549345665
0274_01,0.015016828065174612
0274_02,0.41869899888435297
0276_01,0.01958294721587574
0276_02,0.9964139740610178
0279_01,0.2068351557529008
0280_01,0.40105757571957856
0284_01,0.7444455070620688
0292_01,0.1280080239418437
0293_01,0.9715147925160638
0295_01,0.14854956762197702
0296_01,0.11098121616330198
0299_01,0.08139414060241262
0300_01,0.003098863489288046
0308_01,0.6867683213927253
0311_01,0.5570124815980483
0312_01,0.46567402215911624
0317_01,0.1359707315797836
0318_01,0.5230090255920489
0319_01,0.07169548453866893
0319_02,0.9825066617457964
0323_01,0.6057393287968117
0325_01,0.5703080987257578
0328_01,0.5398440193308353
0329_01,0.9838483572040335
0332_01,0.46567402215911624
0335_01,0.21849441781808904
0339_01,0.22131397091879676
0339_02,0.1399581788086166
0339_03,0.5160806087591779
0339_04,0.7661633712434218
0339_05,0.6217565585091853
0339_06,0.16225051985595687
0339_07,0.06193368952271615
0339_08,0.08221711681869995
0342_01,0.8833007403454135
0342_02,0.5614531044125074
0344_01,0.9744172443021482
0344_02,0.02374654754857409
0349_01,0.0005708717428634726
0349_02,0.9376579541632417
0349_03,0.028562610239268264
0349_04,0.9747974969889182
0349_05,0.08295844080277197
0349_06,0.034943035180746436
0351_01,0.9801082629739364
0353_01,0.561468445431066
0353_02,0.5230090255920489
0354_01,0.6645058183138879
0362_01,0.8239234409087954
0363_01,0.29537274974943045
0363_02,0.7105406988166945
0363_03,0.672187570673951
0364_01,0.44927320980199476
0364_02,0.09262793923322706
0366_01,0.47380959679489454
0367_01,0.002000385693190283
0374_01,0.16777332277621115
0374_02,0.10908164296480426
0386_01,0.058828228098984324
0390_01,0.4827435881001747
0393_01,0.00199153952165995
0394_01,0.678866295614937
0399_01,0.6282633500423969
0400_01,0.9841998082835519
0404_01,0.9386723194061982
0406_01,0.2082675894101151
0414_01,0.027234484898925403
0416_01,0.570694958146137
0418_01,0.19331710099300223
0419_01,0.36356215015083465
0419_02,0.6867683213927253
0419_03,0.5381939321134456
0420_01,0.2658924279166944
0421_01,0.9998325163675363
0422_01,0.10909320936619113
0424_01,0.08212187815300558
0426_01,0.12251862204030374
0440_01,0.1498818278892897
0443_01,0.38788624103650543
0450_01,0.05943062354574236
0451_01,0.9984857035237542
0455_01,0.3496741980692179
0464_01,0.47380959679489454
0467_01,0.8654592900727941
0467_02,0.8654592900727941
0467_03,0.9068608658391513
0467_04,0.9362088208759283
0469_01,0.7489401064983222
0473_01,0.23806003883936036
0478_01,0.00034102877474173724
0478_02,0.9886605167774842
0479_01,0.9989897618489937
0483_01,0.972268457501339
0483_02,0.6629035292730114
0484_01,0.9881595563242125
0486_01,0.6749082174498916
0489_01,0.2209141258136353
0489_02,0.9775915073463851
0491_01,0.47279082860306193
0492_01,0.18276730672227956
0493_01,0.492438203046313
0494_01,0.9925422705859898
0494_02,0.23387213477538435
0495_01,0.478705537579796
0495_02,0.478705537579796
0495_03,0.5782277542641932
0495_04,0.436920731058694
0495_05,0.008574321028715262
0495_06,0.3620493246658996
0496_01,0.6588324968935395
0496_02,0.6867683213927253
0497_01,0.9689303670508097
0505_01,0.10724272791242451
0508_01,0.024003061274255305
0509_01,0.46329042789955305
0511_01,0.03075771177957751
0514_01,0.6282633500423969
0524_01,0.9888526808251439
0526_01,0.5381939321134456
0530_01,0.0702764606522915
0530_02,0.005489235603829942
0530_03,0.9990078265856174
0532_01,0.048468150670696826
0532_02,0.9966261963383266
0535_01,0.8506328713465242
0536_01,0.009797891135460288
0536_02,0.043503565154046
0541_01,0.9947377605804227
0543_01,0.5381939321134456
0544_01,0.999902185814831
0554_01,0.045135048121255725
0557_01,0.9801082629739364
0557_02,0.9689303670508097
0558_01,0.6937091295807908
0562_01,0.45448190707704167
0562_02,0.9768624036742128
0574_01,0.0056506795155462815
0578_01,0.5782277542641932
0578_02,0.492438203046313
0584_01,0.46567402215911624
0584_02,0.05128410420631591
0592_01,0.7318640244879945
0595_01,0.492438203046313
0601_01,0.42550185461677364
0604_01,0.6245243181194015
0605_01,0.1610281323909139
0606_01,0.6213780225176843
0613_01,0.9777046094514951
0613_02,0.9763697852113186
0616_01,0.0764066027152176
0617_01,0.10824325717998796
0620_01,0.13113660860724882
0620_02,0.8978361256105442
0620_03,0.9191449973467388
0621_01,0.09049480523241737
0622_01,0.00042537729611216387
0624_01,0.979212260560849
0625_01,0.9972579662079023
0625_02,0.9804033551377926
0625_03,0.9849510801240698
0626_01,0.9987588268343058
0626_02,0.9964139740610178
0626_03,0.9132961496487492
0627_01,0.8530047120211062
0632_01,0.13492070469928372
0632_02,0.8109207133117792
0632_03,0.6282633500423969
0640_01,0.9661286730825829
0640_02,0.9892123013550315
0648_01,0.08013854540269673
0648_02,0.0907842555252612
0649_01,0.51351002985249
0651_01,0.972268457501339
0652_01,0.5525868414230031
0652_02,0.436920731058694
0652_03,0.436920731058694
0652_04,0.14291368127240517
0652_05,0.5811924268757831
0654_01,0.7075219844175357
0662_01,0.5751127920592263
0666_01,0.5489641766595714
0666_02,0.5507242973001003
0667_01,0.18664268342474064
0670_01,0.09781685491742588
0670_02,0.029906870045191318
0673_01,0.681722909528039
0675_01,0.6443290359309437
0676_01,0.2519595308627345
0681_01,0.46567402215911624
0692_01,0.8992171526093719
0694_01,0.48637273030057976
0695_01,0.6692426491171043
0698_01,0.14089745850311
0700_01,0.09604225546700143
0706_01,0.7661633712434218
0708_01,0.9647666113771624
0708_02,0.9887148073231933
0711_01,0.07519332983302277
0716_01,0.1508718291144844
0717_01,0.9647235182466785
0717_02,0.3150695517104234
0717_03,0.9647235182466785
0717_04,0.9647235182466785
0717_05,0.00895597079424009
0717_06,0.08039835275260815
0717_07,0.9911312884463329
0720_01,0.97370982277353
0720_02,0.21849441781808904
0720_03,0.09971351388917843
0721_01,0.5374819912643244
0722_01,0.2388586756236351
0723_01,0.03785679127859348
0725_01,0.5230090255920489
0730_01,0.8327932416311367
0731_01,0.1192714804411005
0731_02,0.5207005396951715
0735_01,0.1672177151502654
0739_01,0.44710789722868566
0741_01,0.6502166062644198
0742_01,0.13366626214191313
0742_02,0.97370982277353
0744_01,0.9989897618489937
0745_01,0.05574990394591048
0747_01,0.054951588767526524
0748_01,0.9705795503169072
0748_02,0.026377206908791702
0749_01,0.9775915073463851
0751_01,0.97370982277353
0752_01,0.47380959679489454
0755_01,0.9539862615652852
0758_01,0.969839211806335
0758_02,0.9953344757637386
0758_03,0.030468557629187643
0759_01,0.9924836369473705
0759_02,0.003583779783658905
0759_03,0.9744172443021482
0760_01,0.21034105911348322
0763_01,0.9979090838342045
0763_02,0.26580687412565807
0766_01,0.37614392774708877
0774_01,0.47735131610643444
0774_02,0.0036258131543696077
0774_03,0.6337840931681745
0775_01,0.995609610518877
0775_02,0.9942292176535168
0775_03,0.997199549790641
0775_04,0.01993730645498893
0775_05,0.9823233183896388
0775_06,0.9989020381942836
0778_01,0.9974465501801385
0778_02,0.9216004338251318
0780_01,0.9348810945688919
0783_01,0.14555301737034892
0792_01,0.6867683213927253
0800_01,0.014777546725761346
0801_01,0.9775915073463851
0803_01,0.681722909528039
0804_01,0.9934150055605837
0807_01,0.013924129002240649
0810_01,0.18049852277311226
0812_01,0.37614392774708877
0814_01,0.08246318925384448
0821_01,0.9871277150848983
0827_01,0.18083787763008835
0827_02,0.38730754703054093
0827_03,0.9770576002647151
0831_01,0.07636594263657003
0832_01,0.6867683213927253
0837_01,0.972268457501339
0837_02,0.013988395016191583
0838_01,0.259285796366268
0838_02,0.06116084305489661
0841_01,0.033520017599675454
0842_01,0.259285796366268
0843_01,0.5614531044125074
0844_01,0.5743948979949753
0847_01,0.12780466906669877
0852_01,0.9891722299702513
0854_01,0.48525371227882236
0855_01,0.8981412027996011
0856_01,0.12049189283816875
0857_01,0.9746852938690024
0858_01,0.28511733789927257
0858_02,0.9689303670508097
0861_01,0.2563684721300772
0862_01,0.46567402215911624
0864_01,0.00481736877007674
0864_02,0.9804033551377926
0864_03,0.9946996547286628
0866_01,0.9638250875420986
0872_01,0.05772399290855846
0880_01,0.5489556901329892
0880_02,0.4096557530660153
0882_01,0.906246541010899
0884_01,0.0901281211539206
0884_02,0.4617388416203116
0886_01,0.0904938074809279
0886_02,0.9794411520516242
0886_03,0.9960339270342699
0887_01,0.001203153738641957
0887_02,0.011614065413720322
0888_01,0.1620689538049295
0888_02,0.44698405909973205
0891_01,0.9092638559695302
0892_01,0.997199549790641
0892_02,0.9990889070494824
0892_03,0.9991494408914574
0894_01,0.9991494408914574
0895_01,0.5181726272725902
0896_01,0.3006009257430057
0897_01,0.9989897618489937
0897_02,0.9964139740610178
0900_01,0.5230090255920489
0908_01,0.478705537579796
0909_01,0.056754988212381036
0909_02,0.9946996547286628
0909_03,0.97370982277353
0914_01,0.0011071258425391327
0916_01,0.11096172894735112
0917_01,0.24395119191229991
0920_01,0.0007207901218620867
0929_01,0.15528630195508833
0934_01,0.05424008076611736
0936_01,0.22269741784376537
0937_01,0.35145795165908916
0943_01,0.9801082629739364
0943_02,0.9960339270342699
0943_03,0.1093891305240688
0945_01,0.16038569632870897
0945_02,0.1016612693529572
0948_01,0.07648652404786878
0950_01,0.97370982277353
0954_01,0.4004015356576122
0958_01,0.11588556242812627
0959_01,0.5396254921568446
0962_01,0.9690099241417041
0963_01,0.9860047618382576
0967_01,0.1380298028504698
0973_01,0.10860355774565476
0974_01,0.04022399660343516
0977_01,0.5850451730541664
0980_01,0.34331147946721763
0981_01,0.17349000901985737
0981_02,0.4827458334722796
0986_01,0.002081059499498887
0986_02,0.9911312884463329
0996_01,0.17508007501793477
0999_01,0.5230090255920489
0999_02,0.7241885317874439
1003_01,0.10859092201221013
1007_01,0.0470324342328302
1009_01,0.030935980732628692
1010_01,0.9789068256509902
1016_01,0.0008491821429617416
1021_01,0.24185096850045865
1023_01,0.9705795503169072
1028_01,0.5878411131803293
1037_01,0.492438203046313
1039_01,0.08958025220098964
1042_01,0.44264110695781717
1044_01,0.8664100529434199
1050_01,0.46567402215911624
1055_01,0.36302781080278307
1059_01,0.9934150055605837
1059_02,0.9886605167774842
1061_01,0.9886605167774842
1064_01,0.614170195706021
1064_02,0.6588324968935395
1067_01,0.17752231723867282
1069_01,0.9852624029486913
1070_01,0.4731777796834792
1072_01,0.5496400083216556
1072_02,0.46567402215911624
1072_03,0.46947083689965663
1072_04,0.21264085658369897
1072_05,0.06060956669493371
1072_06,0.31333487462029913
1072_07,0.6217565585091853
1072_08,0.5381939321134456
1073_01,0.14246960308941298
1074_01,0.7105406988166945
1074_02,0.7874014765459962
1081_01,0.6282633500423969
1087_01,0.7555057829651564
1090_01,0.9964139740610178
1090_02,0.009822425525271027
1092_01,0.6217565585091853
1098_01,0.13315208218041874
1101_01,0.2401569317281439
1103_01,0.1233015716032623
1104_01,0.9990889070494824
1106_01,0.06285034250432808
1106_02,0.9768624036742128
1107_01,0.1880722813689146
1109_01,0.28135857239178885
1111_01,0.6677836508471368
1111_02,0.478705537579796
1111_03,0.7767091096717286
1118_01,0.2550133739930945
1118_02,0.9980318514385046
1118_03,0.9942292176535168
1118_04,0.7928584556443615
1118_05,0.019739795600378234
1119_01,0.10107261389032385
1119_02,0.9705795503169072
1120_01,0.9843596704680179
1122_01,0.6282633500423969
1124_01,0.9967563632119246
1124_02,0.9895235298825413
1124_03,0.8605345600223496
1125_01,0.1277493816696666
1125_02,0.5381939321134456
1126_01,0.97370982277353
1128_01,0.9887148073231933
1128_02,0.9466050122560626
1131_01,0.9980235724902212
1135_01,0.0037978770574361147
1135_02,0.9881070234600262
1135_03,0.0013203106277792595
1135_04,0.9971147764907087
1137_01,0.314000541939591
1137_02,0.08530748536794844
1138_01,0.9973124501234683
1139_01,0.5230090255920489
1143_01,0.564670962051492
1145_01,0.9931609640098653
1145_02,0.43909038450133003
1145_03,0.04748627175149087
1145_04,0.9931609640098653
1151_01,0.6692290694911032
1157_01,0.2332717613887131
1158_01,0.4096557530660153
1158_02,0.259285796366268
1159_01,0.5850451730541664
1159_02,0.3620493246658996
1159_03,0.5850451730541664
1160_01,0.413343079031036
1164_01,0.4465368100956305
1171_01,0.029976196732720027
1172_01,0.9768624036742128
1176_01,0.37745727508633986
1181_01,0.16718483701366624
1183_01,0.9777092892176861
1183_02,0.16058642536187934
1183_03,0.9934150055605837
1184_01,0.9987766910752512
1184_02,0.8588419168376438
1189_01,0.094526140260208
1194_01,0.05309413130180891
1196_01,0.045613552658632206
1196_02,0.12094821248554807
1200_01,0.9991494408914574
1201_01,0.0012544567213243253
1201_02,0.7312040015088977
1202_01,0.061318567895673685
1204_01,0.4956015038156094
1205_01,0.11435841230587519
1207_01,0.436920731058694
1207_02,0.5811924268757831
1207_03,0.478705537579796
1207_04,0.5399466514318939
1209_01,0.030590313505504767
1209_02,0.24895969138721236
1217_01,0.9943985862812802
1217_02,0.9850928684356325
1219_01,0.09599278194015769
1219_02,0.9987588268343058
1224_01,0.9804033551377926
1224_02,0.9640475477966498
1226_01,0.9705795503169072
1226_02,0.9804033551377926
1227_01,0.9499984579520895
1237_01,0.4378502043704556
1241_01,0.0869326592086938
1244_01,0.9775915073463851
1245_01,0.5782277542641932
1247_01,0.9960339270342699
1249_01,0.13675449282636065
1251_01,0.9205584540826885
1252_01,0.09350611569245762
1253_01,0.055776660403140284
1257_01,0.9967563632119246
1257_02,0.9980318514385046
1257_03,0.9984703024198802
1257_04,0.9964068949639581
1262_01,0.6588324968935395
1262_02,0.2099018418554098
1265_01,0.6282633500423969
1266_01,0.059431384949434465
1268_01,0.9825066617457964
1270_01,0.9995652152799783
1272_01,0.12823390902726084
1275_01,0.08193381564261029
1276_01,0.21849441781808904
1277_01,0.1069404223515142
1290_01,0.0793696945612203
1296_01,0.10676857050122587
1297_01,0.9707601835602194
1298_01,0.3620493246658996
1301_01,0.8020659934994854
1301_02,0.478705537579796
1301_03,0.47380959679489454
1303_01,0.35391581567044916
1305_01,0.7656345940201441
1313_01,0.463354710745776
1314_01,0.06071673566571197
1315_01,0.5440589365175781
1318_01,0.981998984022439
1319_01,0.006155067445250407
1319_02,0.06982187320902275
1320_01,0.5230090255920489
1320_02,0.561468445431066
1320_03,0.561468445431066
1321_01,0.5495664671114704
1321_02,0.9768624036742128
1321_03,0.09295858289545113
1321_04,0.1529522820499419
1327_01,0.46567402215911624
1329_01,0.07294439132569812
1334_01,0.35252777354995185
1338_01,0.9934150055605837
1338_02,0.9777092892176861
1339_01,0.5782277542641932
1341_01,0.1259316963045882
1341_02,0.5782277542641932
1341_03,0.5410249787271264
1343_01,0.0006545903421242311
1343_02,0.31554489838466987
1343_03,0.019969668641840285
1344_01,0.149670822355249
1346_01,0.36621209413212685
1349_01,0.492438203046313
1349_02,0.6240958463008707
1354_01,0.16197962885594003
1354_02,0.21849441781808904
1354_03,0.988905541242544
1354_04,0.9560554720629831
1354_05,0.97370982277353
1354_06,0.9768624036742128
1354_07,0.7882507543229722
1358_01,0.9689303670508097
1358_02,0.043034158084879
1359_01,0.08541646707016302
1361_01,0.97370982277353
1361_02,0.0849494135507548
1363_01,0.20185183506073173
1364_01,0.41486339699927594
1364_02,0.5941217648473788
1367_01,0.5230090255920489
1369_01,0.47005055830712916
1369_02,0.5614531044125074
1369_03,0.9206700216172276
1372_01,0.5381939321134456
1373_01,0.5042838169238514
1374_01,0.9987588268343058
1388_01,0.5850451730541664
1392_01,0.1578138434454474
1394_01,0.48637273030057976
1396_01,0.4720236227075665
1405_01,0.19878907657937894
1409_01,0.06111862742812153
1409_02,0.5495664671114704
1411_01,0.7375000951988083
1418_01,0.6140802490890868
1422_01,0.9781452569477154
1422_02,0.005135893567778913
1422_03,0.0006749160907899692
1429_01,0.31785486706184807
1432_01,0.1464560115844039
1432_02,0.02193065972541136
1436_01,0.4628621283260422
1437_01,0.058907988196369276
1441_01,0.134968059069735
1446_01,0.07570904721715464
1448_01,0.14540185518128798
1449_01,0.05278345142723315
1456_01,0.06045344065396109
1459_01,0.16574070041799088
1464_01,0.14878092638766233
1466_01,0.492438203046313
1468_01,0.5524599347630356
1469_01,0.05128089318524964
1469_02,0.1601494262902595
1470_01,0.46567402215911624
1471_01,0.436920731058694
1471_02,0.478705537579796
1471_03,0.46253013142137067
1471_04,0.436920731058694
1471_05,0.478705537579796
1472_01,0.5230090255920489
1473_01,0.13411752908052768
1473_02,0.01877892930835703
1475_01,0.6198929560637503
1476_01,0.08257275789466563
1477_01,0.569696453948089
1477_02,0.0001756444310453766
1480_01,0.5097666269753548
1482_01,0.97370982277353
1483_01,0.8877276464299156
1486_01,0.492438203046313
1487_01,0.643565969678204
1487_02,0.5769652648542032
1492_01,0.017103254660616286
1492_02,0.5916539329862711
1494_01,0.16960095622462829
1495_01,0.07389258806120923
1495_02,0.657638735453019
1496_01,0.5002137099810448
1497_01,0.9775915073463851
1497_02,0.9775915073463851
1502_01,0.003918089045206481
1502_02,0.998342766200219
1502_03,0.9924836369473705
1502_04,0.9750165075609042
1504_01,0.07994508956776987
1505_01,0.08202412369057718
1508_01,0.1273280318827796
1512_01,0.1856996526245427
1513_01,0.48525371227882236
1514_01,0.5878411131803293
1516_01,0.4236962964790446
1517_01,0.22410464816195225
1518_01,0.0009484684169761639
1518_02,0.0208910060829684
1519_01,0.15535780144577052
1522_01,0.97370982277353
1530_01,0.9469093297574134
1534_01,0.016741926851343306
1534_02,0.007363683490277333
1535_01,0.00997066438033735
1537_01,0.9997084148781252
1538_01,0.02971521491332528
1538_02,0.08305075087617528
1546_01,0.6861992722141278
1549_01,0.30960125946073475
1553_01,0.9604877829394699
1553_02,0.11289706424395027
1554_01,0.6213780225176843
1554_02,0.4551630244322061
1556_01,0.47380959679489454
1557_01,0.9998419861991027
1559_01,0.9838483572040335
1559_02,0.9647235182466785
1563_01,0.9987588268343058
1566_01,0.9838483572040335
1570_01,0.10833292300952166
1571_01,0.2536575135584589
1574_01,0.492438203046313
1575_01,0.5782277542641932
1582_01,0.4437238789571415
1582_02,0.51351002985249
1583_01,0.9538132836849988
1586_01,0.21723730844132655
1587_01,0.5878411131803293
1587_02,0.6240958463008707
1589_01,0.07385299546197238
1591_01,0.0009261294885464385
1591_02,0.9828692307222205
1598_01,0.5644047269489518
1598_02,0.9678257084826046
1600_01,0.06710496209242829
1605_01,0.08272297971158682
1607_01,0.5230090255920489
1609_01,0.07749529355959024
1610_01,0.7884400417223748
1616_01,0.4827435881001747
1618_01,0.020830479151922286
1620_01,0.0027930946834066905
1623_01,0.16101122386639932
1627_01,0.5489641766595714
1629_01,0.9959188938566189
1629_02,0.9959188938566189
1629_03,0.9964139740610178
1629_04,0.9964139740610178
1629_05,0.9964139740610178
1629_06,0.9989897618489937
1639_01,0.012700047558307137
1641_01,0.9574653573708113
1642_01,0.021530647343618717
1643_01,0.13883800368440305
1648_01,0.9499984579520895
1652_01,0.5525868414230031
1654_01,0.0371359855522424
1664_01,0.17635718053322372
1665_01,0.9864854154477605
1665_02,0.9841998082835519
1667_01,0.13322703899126262
1675_01,0.9800736145702718
1678_01,0.11001185644746095
1679_01,0.561468445431066
1680_01,0.01016645909675045
1680_02,0.998853637988664
1683_01,0.053353040743357456
1684_01,0.12626446403741987
1686_01,0.12113345853779126
1689_01,0.9942292176535168
1689_02,0.9831017245050808
1689_03,0.9877504796928155
1692_01,0.49687753001771034
1693_01,0.44794791241144144
1701_01,0.46567402215911624
1702_01,0.6451332577073032
1703_01,0.3792299366202693
1706_01,0.08728089642800099
1707_01,0.12485066976681583
1716_01,0.03915152602509854
1720_01,0.060452208638843284
1722_01,0.12343633433089866
1726_01,0.09364390360808006
1726_02,0.9690762678506613
1726_03,0.16885948734442918
1732_01,0.46567402215911624
1735_01,0.20112648828487542
1737_01,0.07401514528351523
1741_01,0.39218314869753196
1741_02,0.561468445431066
1741_03,0.51351002985249
1743_01,0.05471613857533394
1744_01,0.27961326980214174
1750_01,0.5097666269753548
1751_01,0.9800736145702718
1751_02,0.9898407450593293
1754_01,0.44266612154337376
1756_01,0.2542109964833402
1759_01,0.9604877829394699
1765_01,0.5381939321134456
1773_01,0.05413311185223152
1777_01,0.0014183105095842531
1777_02,0.978493112728882
1780_01,0.20294531188249215
1784_01,0.09107823619622063
1787_01,0.36621209413212685
1788_01,0.07396458503098656
1789_01,0.3620493246658996
1790_01,0.5097666269753548
1790_02,0.5097666269753548
1791_01,0.9800856950401136
1791_02,0.9716876392757756
1793_01,0.024547717730813923
1793_02,0.8264075709351215
1794_01,0.042638381108527905
1795_01,0.16062950044331073
1801_01,0.7352841408940876
1801_02,0.07542660539153598
1809_01,0.46567402215911624
1814_01,0.07992586813762377
1814_02,0.48525371227882236
1814_03,0.436920731058694
1815_01,0.9682050246369044
1819_01,0.07346051898697323
1820_01,0.259285796366268
1824_01,0.055236086373343186
1825_01,0.4611793005857895
1825_02,0.1576689244490047
1830_01,0.5850451730541664
1832_01,0.01838398609004679
1835_01,0.9964139740610178
1835_02,0.9974118231671921
1837_01,0.9986897486879472
1838_01,0.9624846829562014
1839_01,0.036694870903012065
1840_01,0.6463469364063422
1842_01,0.0853142525899135
1845_01,0.010758950921397614
1851_01,0.008017896181314413
1851_02,0.9947377605804227
1852_01,0.9983602099056371
1852_02,0.9929813720915698
1852_03,0.9947377605804227
1852_04,0.9987588268343058
1858_01,0.9921961003425339
1862_01,0.22142975286216304
1862_02,0.3311698152869072
1862_03,0.4898099331750146
1867_01,0.9886605167774842
1869_01,0.07537966497186666
1870_01,0.0681984147235369
1875_01,0.22819806729838746
1876_01,0.11711977789043275
1883_01,0.35145795165908916
1885_01,0.20255230002105318
1893_01,0.9682050246369044
1894_01,0.9716876392757756
1895_01,0.0484731483637626
1896_01,0.0037216939538721886
1900_01,0.397930699602876
1904_01,0.007671131313280195
1909_01,0.9908813786933423
1909_02,0.9777092892176861
1909_03,0.25265331551587983
1910_01,0.8479560359592286
1910_02,0.00408480812097077
1910_03,0.08201941621998203
1910_04,0.9898407450593293
1912_01,0.07346294710347627
1913_01,0.8111994790020025
1913_02,0.9690018695270942
1913_03,0.9716876392757756
1914_01,0.5640486932224881
1917_01,0.41159583542413536
1919_01,0.31970229223230007
1921_01,0.04934264386225647
1921_02,0.01829642117440502
1924_01,0.6968056841841818
1929_01,0.07174235053448604
1930_01,0.09731477499013215
1932_01,0.04599631923002197
1934_01,0.08945765975149017
1936_01,0.05961071327347236
1943_01,0.07305279737523025
1944_01,0.1779080758641317
1948_01,0.004296940284839842
1948_02,0.9986897486879472
1949_01,0.07389271176285424
1951_01,0.9939238119189772
1951_02,0.00619119026931588
1954_01,0.09513760891831653
1955_01,0.36651472617879505
1958_01,0.016681496329659252
1965_01,0.46311078202869166
1966_01,0.7139443473280177
1970_01,0.20334877160864354
1972_01,0.24371086350983226
1982_01,0.09344075777309084
1986_01,0.9682050246369044
1987_01,0.5025155028011138
1989_01,0.6753307631880172
1990_01,0.9624846829562014
1990_02,0.9847774393206712
1998_01,0.043417607241771974
2002_01,0.9661117998540013
2004_01,0.41869899888435297
2005_01,0.1344525154765127
2005_02,0.43664017176506875
2008_01,0.12201662632670715
2014_01,0.9554238010160824
2016_01,0.9604877829394699
2016_02,0.07271136708810509
2017_01,0.21849441781808904
2017_02,0.017941819132444442
2018_01,0.5050834288623327
2020_01,0.9651501738314986
2021_01,0.48922727528156346
2023_01,0.2766746075926754
2023_02,0.5050834288623327
2023_03,0.5050834288623327
2025_01,0.0032130934560591034
2030_01,0.2930670037612847
2031_01,0.051544141345323036
2033_01,0.10440408880068146
2035_01,0.05946164372795822
2035_02,0.9609698872714403
2036_01,0.5973869339466379
2036_02,0.5585787665262804
2036_03,0.4898099331750146
2037_01,0.9647235182466785
2037_02,0.00042049184837778317
2039_01,0.9925619988603417
2039_02,0.9716876392757756
2039_03,0.9609698872714403
2047_01,0.5591292448214296
2048_01,0.41398179057572937
2049_01,0.5574810637346774
2050_01,0.04369556393953395
2057_01,0.6739678107728949
2057_02,0.6316002828880245
2057_03,0.10101097177025256
2057_04,0.5573641489387849
2057_05,0.3916126482518981
2058_01,0.07883544582484761
2064_01,0.9609698872714403
2068_01,0.9841998082835519
2068_02,0.9862854592395989
2068_03,0.9806117197255791
2068_04,0.0718923010929212
2068_05,0.8421848385077101
2069_01,0.06374698398314825
2072_01,0.4158421625320269
2072_02,0.06432761372543894
2076_01,0.9661117998540013
2077_01,0.055550750093871615
2078_01,0.9735671304720326
2079_01,0.5341387780997432
2079_02,0.10936907321980392
2079_03,0.06805462199353252
2093_01,0.05197836223722522
2098_01,0.27343828609249005
2101_01,0.7153029963478926
2101_02,0.3413033194028005
2103_01,0.025691917132121603
2108_01,0.18711347433868603
2108_02,0.32876403013794075
2109_01,0.5118676679997107
2113_01,0.49019436135703276
2119_01,0.10695443040918408
2119_02,0.47359987977196893
2122_01,0.8219677522563151
2132_01,0.5975160103515285
2146_01,0.8029073130567436
2146_02,0.9838483572040335
2151_01,0.47359987977196893
2155_01,0.37259398394785975
2157_01,0.09509508843196574
2160_01,0.01857439771816036
2160_02,0.9982658838222889
2160_03,0.9952181583356778
2165_01,0.3221431694570799
2166_01,0.319368198295474
2169_01,0.06965130736212738
2170_01,0.06591535396834569
2174_01,0.11200763906451684
2176_01,0.5973869339466379
2178_01,0.12836018640320976
2181_01,0.03502500577735547
2184_01,0.9990889070494824
2184_02,0.9974465501801385
2185_01,0.9984857035237542
2192_01,0.10409733509372368
2197_01,0.10498933746198484
2199_01,0.20857643699731868
2208_01,0.12960594832355463
2213_01,0.03695337565593982
2214_01,0.1192852672251984
2216_01,0.321186826200346
2217_01,0.4594090597545599
2218_01,0.16272408386916024
2222_01,0.9716876392757756
2226_01,0.05969847035204733
2227_01,0.9604877829394699
2230_01,0.5512866503164741
2236_01,0.4710584137163464
2240_01,0.724067408165431
2240_02,0.07527704836724931
2240_03,0.4898099331750146
2242_01,0.753325713987405
2244_01,0.6930497927340961
2245_01,0.9204712423360205
2245_02,0.9142191655949145
2246_01,0.4727334395858739
2246_02,0.02061089418832651
2247_01,0.04043191453941845
2248_01,0.05699428386639071
2249_01,0.7543565783161988
2250_01,0.05176912762017537
2259_01,0.4200068872765839
2259_02,0.9886605167774842
2260_01,0.9661286730825829
2265_01,0.03899450934451258
2271_01,0.00149421002118376
2276_01,0.5118676679997107
2276_02,0.11221733488588954
2283_01,0.09952704164224513
2285_01,0.07840746513065729
2286_01,0.050409274874882115
2290_01,0.5574810637346774
2292_01,0.5975160103515285
2293_01,0.9661117998540013
2294_01,0.9921436965948818
2297_01,0.15682587388998026
2304_01,0.4842003013838214
2307_01,0.672187570673951
2307_02,0.5511145824864311
2307_03,0.7105406988166945
2307_04,0.7105406988166945
2307_05,0.672187570673951
2322_01,0.11289028508895817
2323_01,0.10697442064195248
2324_01,0.1550801358144086
2326_01,0.4842003013838214
2328_01,0.16951590388261695
2330_01,0.056363648795532496
2331_01,0.9901234282599888
2334_01,0.09215393296340156
2335_01,0.5574810637346774
2337_01,0.6968056841841818
2342_01,0.028845917727525858
2343_01,0.9887148073231933
2343_02,0.6337840931681745
2344_01,0.013944341893864128
2344_02,0.9887148073231933
2346_01,0.2858895088453642
2350_01,0.22732178192195326
2350_02,0.06290478369087092
2350_03,0.9860934912855539
2351_01,0.13698838823321616
2351_02,0.03403294231782922
2352_01,0.044263956933145394
2354_01,0.004804772583670732
2355_01,0.9831490578170905
2355_02,0.9939238119189772
2355_03,0.10384790606673334
2355_04,0.9997651096698587
2358_01,0.019302031293924733
2359_01,0.08647234085756918
2362_01,0.3849169791115574
2370_01,0.46311078202869166
2370_02,0.5512866503164741
2370_03,0.058647140710104344
2370_04,0.4898099331750146
2371_01,0.15150296084477646
2372_01,0.0920511402291073
2378_01,0.23858730396785668
2378_02,0.9940968960533564
2380_01,0.0008397902680730377
2380_02,0.9781452569477154
2381_01,0.5574810637346774
2383_01,0.016825606365265415
2383_02,0.05362567218004006
2386_01,0.9609698872714403
2388_01,0.010678674206352688
2388_02,0.6088242520936226
2393_01,0.07034887201769034
2394_01,0.6146679866511843
2394_02,0.68186484235709
2394_03,0.09532616376756702
2400_01,0.31022965606203945
2405_01,0.05012177055737563
2407_01,0.9989020381942836
2408_01,0.05045490084637224
2415_01,0.8899782494228746
2418_01,0.09744663241813961
2420_01,0.14503520650093762
2422_01,0.0081497174588571
2422_02,0.9986897486879472
2425_01,0.5512866503164741
2425_02,0.4400094659053779
2425_03,0.5049165718448702
2425_04,0.6286619805644164
2425_05,0.5771604513004155
2425_06,0.5512866503164741
2428_01,0.03560983724576423
2430_01,0.47359987977196893
2430_02,0.5050834288623327
2430_03,0.035959551023784925
2434_01,0.46311078202869166
2434_02,0.17174465827373658
2437_01,0.04329038372423411
2440_01,0.559677915283496
2447_01,0.1565562492617576
2448_01,0.9887148073231933
2448_02,0.9881629951233929
2450_01,0.03080516732990185
2459_01,0.6463469364063422
2464_01,0.09049595321550334
2465_01,0.3334249327124807
2468_01,0.980493170898077
2469_01,0.9604877829394699
2469_02,0.07388345572678115
2473_01,0.09959085228686139
2481_01,0.6470976415624436
2481_02,0.11365043806667866
2482_01,0.016534705387052213
2482_02,0.008001741492445997
2484_01,0.9735671304720326
2484_02,0.03764899140902476
2485_01,0.06000760390507549
2487_01,0.9925619988603417
2487_02,0.9716876392757756
2487_03,0.12887000532538131
2490_01,0.03808760170726573
2493_01,0.02836539679876487
2493_02,0.102752974231708
2494_01,0.9966261963383266
2494_02,0.0018065350255555847
2495_01,0.04667522083541656
2501_01,0.9974465501801385
2504_01,0.34063598249183835
2507_01,0.4842003013838214
2511_01,0.32611121642510393
2514_01,0.4779960730810867
2517_01,0.9655419127234858
2525_01,0.06393162135061756
2529_01,0.01223878366602244
2533_01,0.13559947853878426
2536_01,0.9682050246369044
2538_01,0.9881629951233929
2538_02,0.9466050122560626
2539_01,0.4904146643865016
2543_01,0.38420680357055087
2554_01,0.6331009880000461
2556_01,0.9852728924869697
2563_01,0.5591292448214296
2566_01,0.045149529583683276
2567_01,0.41869899888435297
2567_02,0.9690762678506613
2568_01,0.49444951474906024
2569_01,0.4687815312151662
2570_01,0.6088242520936226
2575_01,0.7420569748180056
2576_01,0.9655419127234858
2577_01,0.5591292448214296
2577_02,0.5050834288623327
2579_01,0.048810654101323826
2583_01,0.4842003013838214
2585_01,0.9763697852113186
2586_01,0.5573641489387849
2587_01,0.9689332920618259
2587_02,0.9609698872714403
2600_01,0.8830648737184472
2603_01,0.47359987977196893
2603_02,0.4438260647370249
2604_01,0.5973869339466379
2608_01,0.48922727528156346
2610_01,0.07475645969622777
2611_01,0.021149994591144316
2612_01,0.08600233359472988
2613_01,0.2617902302432393
2614_01,0.08557634166542057
2615_01,0.3332065102036908
2620_01,0.7153029963478926
2621_01,0.03815770482645717
2623_01,0.08733402205813486
2630_01,0.050837109920318604
2630_02,0.5050834288623327
2630_03,0.5050834288623327
2632_01,0.05631493421402454
2637_01,0.05023391279763666
2637_02,0.6739678107728949
2637_03,0.4898099331750146
2639_01,0.9604877829394699
2644_01,0.07401232749739313
2653_01,0.24164002805706583
2654_01,0.019141350016324745
2656_01,0.9974465501801385
2665_01,0.0262178538496853
2667_01,0.9983602099056371
2667_02,0.03663565604553518
2667_03,0.03126754692665379
2667_04,0.9947377605804227
2667_05,0.9987588268343058
2669_01,0.034423563179570876
2673_01,0.8953837341647913
2674_01,0.43664017176506875
2674_02,0.3578731522125387
2680_01,0.00019803983037070116
2681_01,0.549202685917197
2686_01,0.07297145695721673
2689_01,0.0062782230540208055
2694_01,0.9763697852113186
2694_02,0.9584761997488626
2696_01,0.9901824012767709
2699_01,0.03676172413689628
2705_01,0.48922727528156346
2710_01,0.9983602099056371
2710_02,0.9983602099056371
2711_01,0.6966650266221596
2715_01,0.03936119767803382
2715_02,0.2892561599443456
2716_01,0.10694818405928647
2716_02,0.9924203215897185
2719_01,0.07713476819033466
2719_02,0.9690762678506613
2719_03,0.02278689674940682
2728_01,0.2975284248053578
2731_01,0.48922727528156346
2733_01,0.08823935333895525
2735_01,0.08734299356872532
2742_01,0.5640486932224881
2744_01,0.4409627628045131
2749_01,0.48922727528156346
2757_01,0.04658591889783495
2761_01,0.06724136659455637
2761_02,0.7809801296047416
2766_01,0.709889734971834
2767_01,0.048345102710161125
2771_01,0.06691940960850722
2775_01,0.6633673788907066
2776_01,0.7806771325279714
2777_01,0.9493334224710058
2779_01,0.07299583375649886
2782_01,0.012616138269395876
2791_01,0.18602674600847702
2794_01,0.028331075871821692
2794_02,0.07252162507865206
2794_03,0.9112466666462194
2794_04,0.9860934912855539
2794_05,0.09522821740797298
2794_06,0.9716876392757756
2794_07,0.9716876392757756
2800_01,0.65424564362672
2803_01,0.9661286730825829
2804_01,0.48922727528156346
2808_01,0.9886605167774842
2808_02,0.922347479368475
2815_01,0.13515557328504704
2815_02,0.5512866503164741
2815_03,0.3757231404141878
2816_01,0.9820080037472109
2827_01,0.6263534864436769
2828_01,0.17741243141726526
2829_01,0.6088242520936226
2830_01,0.5973869339466379
2833_01,0.6968056841841818
2836_01,0.9999477342989402
2841_01,0.0770829253602242
2842_01,0.4842003013838214
2844_01,0.13625432641673474
2845_01,0.9934150055605837
2845_02,0.9841998082835519
2848_01,0.9493334224710058
2848_02,0.9605010757232596
2848_03,0.9747974969889182
2849_01,0.1047040038691474
2850_01,0.9898407450593293
2850_02,0.9940968960533564
2850_03,0.04982832505744682
2850_04,0.9940968960533564
2851_01,0.06517185610108694
2855_01,0.9396069943879273
2864_01,0.048365228916389946
2868_01,0.5050834288623327
2868_02,0.5050834288623327
2868_03,0.5050834288623327
2868_04,0.7710348750146864
2874_01,0.08272550348129531
2879_01,0.08139311162652915
2885_01,0.03696313596000171
2886_01,0.015969042299555754
2889_01,0.1601384481544506
2895_01,0.9989020381942836
2896_01,0.11425205754536781
2898_01,0.9923795577795993
2898_02,0.9466050122560626
2903_01,0.8244634622438166
2904_01,0.06192786618124538
2904_02,0.9744172443021482
2911_01,0.48922727528156346
2914_01,0.9647666113771624
2915_01,0.9682050246369044
2916_01,0.9838998186693723
2917_01,0.08020705322378882
2918_01,0.056576804898322605
2921_01,0.3602075626553131
2922_01,0.8800388022890766
2923_01,0.7943758870478481
2924_01,0.010634348173524344
2931_01,0.46311078202869166
2931_02,0.08774043424337505
2932_01,0.9974118231671921
2933_01,0.12411016665206917
2937_01,0.15874765311272462
2939_01,0.9127310497463934
2946_01,0.25036648289875163
2946_02,0.10967741946749414
2946_03,0.22127275243009686
2946_04,0.2886408436938849
2947_01,0.5573641489387849
2951_01,0.06109240333294433
2952_01,0.07917617314685306
2955_01,0.11900365726578531
2957_01,0.46311078202869166
2963_01,0.2639732027736762
2967_01,0.5153625155713061
2973_01,0.10681498265023193
2974_01,0.06000261307531766
2976_01,0.9983602099056371
2976_02,0.9986897486879472
2976_03,0.9990078265856174
2976_04,0.0029083440158331384
2977_01,0.08999772747000723
2977_02,0.18599907432814033
2977_03,0.1512047891929333
2978_01,0.04715148282923426
2980_01,0.09176792115576798
2981_01,0.6968056841841818
2985_01,0.4771687921837568
2987_01,0.2642847131593128
2989_01,0.18683347970690298
2991_01,0.009724220663868549
2997_01,0.9881629951233929
2997_02,0.002501435950400453
2997_03,0.15603543642963466
2997_04,0.9763697852113186
2999_01,0.25656816576778546
3002_01,0.08742338538341715
3007_01,0.022083246960198893
3008_01,0.9924203215897185
3008_02,0.006507621126533489
3008_03,0.972268457501339
3008_04,0.5093207913523676
3008_05,0.9892123013550315
3008_06,0.9912567482001872
3011_01,0.4842003013838214
3016_01,0.4898099331750146
3016_02,0.5512866503164741
3016_03,0.5512866503164741
3016_04,0.07799837271396351
3017_01,0.9962548138595839
3028_01,0.4842003013838214
3031_01,0.9932147262093767
3035_01,0.22693168580035103
3037_01,0.9934150055605837
3037_02,0.9815309772507386
3041_01,0.03818222036010926
3043_01,0.25430574293436986
3046_01,0.49461064882321637
3049_01,0.01458694493696958
3051_01,0.005391864147796953
3052_01,0.20878195616454223
3056_01,0.6088242520936226
3057_01,0.39394649378747065
3058_01,0.06383971539369507
3059_01,0.978493112728882
3069_01,0.0768765527807942
3072_01,0.9866943464252869
3074_01,0.6523287186198625
3075_01,0.5987429315670061
3077_01,0.9987588268343058
3077_02,0.9987588268343058
3078_01,0.01765567966055089
3078_02,0.0129111840975548
3078_03,0.9979090838342045
3078_04,0.014434605796576922
3086_01,0.7044480504911818
3089_01,0.5495664671114704
3094_01,0.5591292448214296
3097_01,0.987118520606793
3098_01,0.1354865261744322
3101_01,0.03002290178654645
3105_01,0.9841998082835519
3105_02,0.4164545845848775
3105_03,0.9841998082835519
3106_01,0.4851551399520517
3107_01,0.3784523535263287
3108_01,0.5103950704295619
3109_01,0.613579033647923
3115_01,0.549202685917197
3122_01,0.13076004754359058
3122_02,0.12486868294331685
3125_01,0.0076998179610572115
3125_02,0.12365950004983915
3127_01,0.993755171210907
3129_01,0.49943310178242756
3135_01,0.25624118665974943
3137_01,0.7399305146911234
3139_01,0.08577787236196914
3141_01,0.9604877829394699
3144_01,0.09857856153931857
3146_01,0.19381893312243853
3148_01,0.4996404967695735
3148_02,0.040716147484677334
3150_01,0.31970229223230007
3151_01,0.9925422705859898
3153_01,0.053215741391115366
3153_02,0.709889734971834
3154_01,0.47359987977196893
3155_01,0.9838483572040335
3155_02,0.6723364973099003
3156_01,0.14547989773717795
3157_01,0.1123075334288185
3160_01,0.03583318070166523
3165_01,0.08518965155818242
3167_01,0.5679797611666746
3170_01,0.48922727528156346
3173_01,0.47359987977196893
3177_01,0.2997186595114259
3178_01,0.9838998186693723
3183_01,0.10777358388776542
3186_01,0.987118520606793
3187_01,0.20192342423312862
3190_01,0.15972048698024674
3190_02,0.5495664671114704
3194_01,0.1721814322484385
3198_01,0.003200420576613652
3199_01,0.9056326583765654
3202_01,0.6775500442719655
3207_01,0.04327777710060301
3208_01,0.033043612425629386
3214_01,0.9954154996788774
3222_01,0.07147564979244331
3226_01,0.9943928554330598
3228_01,0.07956587258855528
3231_01,0.709889734971834
3233_01,0.6891305476743622
3234_01,0.14101359610869216
3242_01,0.03494007045590284
3244_01,0.9376579541632417
3244_02,0.9458623919134961
3244_03,0.9819234658507173
3245_01,0.8589579170821365
3245_02,0.11975818976538433
3246_01,0.8163088757855542
3249_01,0.1500347662357322
3249_02,0.788991516029723
3250_01,0.16757792680273112
3251_01,0.0546060592811277
3257_01,0.9943928554330598
3261_01,0.004265232264720221
3263_01,0.9954154996788774
3264_01,0.04552594078963204
3265_01,0.01842703716351816
3265_02,0.9979366444472348
3265_03,0.9990078265856174
3265_04,0.9959188938566189
3266_01,0.24118410188816564
3267_01,0.9684695203896752
3277_01,0.00131373156004054
3278_01,0.9838998186693723
3281_01,0.9974655375437563
3285_01,0.01733064448657361
3285_02,0.5495664671114704
3286_01,0.5853410240107084
3288_01,0.9838998186693723
3290_01,0.9912452826616058
3290_02,0.008931646089883448
3291_01,0.5591292448214296
3302_01,0.031000748390064458
3303_01,0.043055690484590924
3306_01,0.01456186161214457
3307_01,0.854616445866608
3316_01,0.9615315073079489
3320_01,0.004917568772761683
3320_02,0.01160017316921542
3321_01,0.9954154996788774
3333_01,0.5074421972199804
3334_01,0.549202685917197
3335_01,0.04460058591109281
3340_01,0.05150596444713197
3341_01,0.9935749135352206
3341_02,0.01905372940732857
3344_01,0.9964139740610178
3344_02,0.9966261963383266
3345_01,0.5733668587835045
3345_02,0.05195417907902736
3345_03,0.5975160103515285
3346_01,0.05885283879892555
3347_01,0.9728737319316267
3347_02,0.019752881472252803
3351_01,0.6057393287968117
3351_02,0.8857756077917341
3354_01,0.020749655328823
3355_01,0.5973869339466379
3356_01,0.35363972799040116
3358_01,0.06109441746526266
3362_01,0.0022969104780625076
3362_02,0.07243010016805314
3366_01,0.9964139740610178
3367_01,0.38781547517144954
3368_01,0.48662337905172287
3368_02,0.6051426371751374
3368_03,0.04742419443290109
3368_04,0.48662337905172287
3368_05,0.7105992136466377
3368_06,0.032432797626264075
3368_07,0.04451855724527979
3369_01,0.003194496010390171
3373_01,0.47359987977196893
3374_01,0.0418792135479366
3375_01,0.05202619383769715
3376_01,0.8662104709032545
3378_01,0.22483649891554228
3379_01,0.7989739404276976
3385_01,0.7675871983152751
3388_01,0.9986230312932034
3393_01,0.5512866503164741
3398_01,0.8616084774123596
3399_01,0.03217412605798546
3400_01,0.47359987977196893
3407_01,0.679299503663134
3407_02,0.1626548573608763
3411_01,0.4183600014668262
3411_02,0.2487735903702217
3411_03,0.38205313420356346
3411_04,0.0594001619230254
3411_05,0.9943928554330598
3411_06,0.9984381813343275
3411_07,0.1049835810893725
3414_01,0.011999791480649624
3416_01,0.0002991075828418692
3427_01,0.4607389453721869
3429_01,0.9499984579520895
3435_01,0.022255122791838597
3436_01,0.6470976415624436
3448_01,0.21849441781808904
3448_02,0.8054657696314956
3451_01,0.09562682837648087
3452_01,0.11996224942890685
3457_01,0.6266333583093677
3460_01,0.26381862546098345
3463_01,0.5458494977129067
3466_01,0.23067689137142336
3471_01,0.000356367928147257
3472_01,0.47195903185134075
3477_01,7.643801297205293e-05
3477_02,0.9100948266622046
3479_01,0.07606960797342724
3481_01,0.02016927877358723
3482_01,0.026441381839815595
3482_02,0.4842003013838214
3493_01,0.4882956287375273
3494_01,0.0016131094384092466
3494_02,0.9835712394703854
3498_01,0.5970866381471414
3500_01,0.5123452428702915
3502_01,0.21815260307522782
3503_01,0.3272502087565799
3505_01,0.08260199814016556
3507_01,0.5311244292274326
3508_01,0.19777995216176184
3508_02,0.9786165053512184
3509_01,0.9990078265856174
3509_02,0.0024348064637377373
3510_01,0.6263534864436769
3513_01,0.9990602602501534
3513_02,0.9966261963383266
3513_03,0.42629012564236385
3513_04,0.9983602099056371
3516_01,0.03441743800369437
3517_01,0.7867067722024822
3522_01,0.5640486932224881
3524_01,0.17965990841800905
3526_01,0.02074688956158457
3529_01,0.9874649084824522
3532_01,0.9943928554330598
3538_01,0.017811961568209946
3541_01,0.06996075380832081
3544_01,0.3852599730524271
3544_02,0.28310451123784075
3545_01,0.21031962380506952
3549_01,0.0032734913812585255
3549_02,0.9820080037472109
3551_01,0.06492802143369143
3554_01,0.14585835755368257
3557_01,0.10915651210577956
3571_01,0.5574810637346774
3574_01,0.2124594271477077
3575_01,0.0072740168362749255
3580_01,0.9791875932560745
3580_02,0.9964139740610178
3581_01,0.6780820893870559
3583_01,0.3510711658692673
3585_01,0.5975160103515285
3587_01,0.6470976415624436
3587_02,0.38201082276832987
3587_03,0.43664017176506875
3589_01,0.024885667700801625
3589_02,0.5512866503164741
3589_03,0.6968056841841818
3589_04,0.6739678107728949
3589_05,0.08704373776038812
3589_06,0.5512866503164741
3589_07,0.5512866503164741
3590_01,0.10408534459921183
3593_01,0.6727112762665427
3599_01,0.482572968376053
3601_01,0.05439289619869028
3601_02,0.6286619805644164
3601_03,0.6088242520936226
3601_04,0.6286619805644164
3601_05,0.6088242520936226
3601_06,0.07193782999787104
3601_07,0.46922060825086215
3603_01,0.9912452826616058
3603_02,0.9949399063337221
3604_01,0.4607389453721869
3611_01,0.5136597694003782
3617_01,0.11871739609722447
3617_02,0.43664017176506875
3617_03,0.2903782410489793
3618_01,0.9781452569477154
3618_02,0.0007152143015516885
3618_03,0.9856514072827014
3618_04,0.021451002325325097
3621_01,0.037284436171739925
3621_02,0.20072152934275636
3623_01,0.5077526799715598
3627_01,0.9998990876571214
3632_01,0.10160610168950744
3633_01,0.9860864388286981
3635_01,0.6266333583093677
3635_02,0.18231676332228158
3637_01,0.028042753970255862
3638_01,0.8568953556417443
3643_01,0.48922727528156346
3646_01,0.7146682625399676
3646_02,0.9525866850072301
3649_01,0.10826160759306727
3651_01,0.9947377605804227
3656_01,0.8681047160795848
3656_02,0.043094418526203306
3657_01,0.9719923422231308
3657_02,0.9591910758824354
3657_03,0.13702744365375744
3659_01,0.1877806335142492
3659_02,0.5512866503164741
3659_03,0.4729974471898707
3659_04,0.4898099331750146
3659_05,0.09659395546775747
3659_06,0.4880703386065508
3659_07,0.6739678107728949
3661_01,0.13139052245680685
3663_01,0.987118520606793
3666_01,0.6266333583093677
3669_01,0.7310819739471817
3670_01,0.5135692829284257
3672_01,0.36167491639260474
3672_02,0.15196112758654307
3673_01,0.43664017176506875
3675_01,0.8618080694036756
3675_02,0.8400017666703039
3675_03,0.9012645375693085
3676_01,0.9974118231671921
3683_01,0.9777092892176861
3683_02,0.9777092892176861
3684_01,0.9023556918359478
3684_02,0.7674891386805466
3685_01,0.6243894694876848
3687_01,0.9984455347366069
3689_01,0.2405331779810015
3694_01,0.6753307631880172
3695_01,0.13478267027195842
3696_01,0.9838998186693723
3697_01,0.07453383134534083
3698_01,0.09211933126688548
3701_01,0.9661286730825829
3701_02,0.43482866189037356
3701_03,0.9772698555799707
3709_01,0.9447643241151945
3712_01,0.6960596670890601
3712_02,0.942409635198059
3712_03,0.8475976443663155
3712_04,0.8278595436238074
3712_05,0.8947339758068579
3717_01,0.24756690423297242
3717_02,0.9096170717007195
3718_01,0.9943928554330598
3720_01,0.9954154996788774
3720_02,0.9962072523564136
3720_03,0.9949399063337221
3721_01,0.025807052724081736
3722_01,0.6110276675465349
3723_01,0.2568805386667362
3725_01,0.9185124584539366
3727_01,0.2039944369570261
3730_01,0.9800259134051855
3731_01,0.9185124584539366
3738_01,0.813942826355769
3740_01,0.33289453098424543
3746_01,0.13653996752823128
3746_02,0.3934434622742165
3746_03,0.5742388825817649
3746_04,0.4509461204412798
3762_01,0.5723102237158985
3763_01,0.20273670749349
3764_01,0.5576332210314033
3764_02,0.4509461204412798
3766_01,0.972268457501339
3766_02,0.9798810062300876
3780_01,0.9976238137942435
3782_01,0.16992637797636728
3782_02,0.0009673549934209921
3791_01,0.007298573648278486
3792_01,0.8266951972179754
3794_01,0.6628908478700385
3799_01,0.31510944505779603
3800_01,0.1426268801343702
3802_01,0.091367098198308
3806_01,0.6628908478700385
3808_01,0.5023199058704663
3809_01,0.33765154466074215
3809_02,0.3205790043873352
3813_01,0.5666740325896731
3819_01,0.11215683584642344
3825_01,0.12246122300097935
3827_01,0.4221339889692996
3828_01,0.9932375968179162
3828_02,0.011432988705318186
3828_03,0.9881629951233929
3829_01,0.8064986033453029
3829_02,0.8801734676104219
3833_01,0.9971418699193416
3834_01,0.9185124584539366
3837_01,0.06986060451063399
3840_01,0.028677100137589676
3843_01,0.7672355712128467
3844_01,0.6808194510834508
3844_02,0.9971802443010278
3845_01,0.39070261401465906
3855_01,0.728852993215808
3858_01,0.9333596058338476
3858_02,0.9298936798718744
3858_03,0.027526342966523194
3858_04,0.018819050254649236
3859_01,0.9943928554330598
3860_01,0.9625153022744309
3861_01,0.1298609459838744
3863_01,0.43933126022389996
3865_01,0.917319642008076
3869_01,0.5743948979949753
3876_01,0.9978291123712677
3876_02,0.8933010726455058
3876_03,0.9984857035237542
3877_01,0.27762517158930866
3878_01,0.05056574738719418
3880_01,0.4549820737319146
3881_01,0.6313596321525887
3882_01,0.9068608658391513
3884_01,0.062194297048923944
3885_01,0.1510683425410202
3887_01,0.9992182514174279
3889_01,0.869787540058053
3889_02,0.7472384165360743
3891_01,0.9214684313062078
3892_01,0.5576332210314033
3892_02,0.04624175254396864
3893_01,0.005761956268368531
3893_02,0.9977153233830452
3893_03,0.4242231231405924
3900_01,0.0790667855725898
3901_01,0.3166716599071266
3902_01,0.927754465666443
3905_01,0.9185124584539366
3906_01,0.0004841353330114973
3906_02,0.06614655055624939
3908_01,0.32472350940588834
3908_02,0.3934434622742165
3910_01,0.6628908478700385
3914_01,0.3805857898723027
3918_01,0.0630464367854049
3920_01,0.0512671406024235
3925_01,0.002512090459385757
3925_02,0.04637691308284103
3929_01,0.9084519543594153
3934_01,0.9949399063337221
3934_02,0.24436875091386856
3943_01,0.9265573419736578
3943_02,0.9017786258118929
3943_03,0.46743299427121837
3947_01,0.2322487655426899
3951_01,0.06983528406398752
3953_01,0.5742388825817649
3956_01,0.2893089768594547
3957_01,0.46329042789955305
3965_01,0.5719841885006892
3969_01,0.20346454244809956
3972_01,0.9892123013550315
3975_01,0.23248668752002516
3978_01,0.969130867734225
3979_01,0.000223510095929733
3982_01,0.09404321208694619
3983_01,0.5207099406135581
3989_01,0.8475976443663155
3989_02,0.9141004064413035
3989_03,0.7674891386805466
3989_04,0.8533178745625349
3990_01,0.9420717308781317
3993_01,0.10533828312899789
4004_01,0.0810909454390296
4007_01,0.027584995979941598
4011_01,0.7926824295855749
4012_01,0.9836810071173618
4012_02,0.9964139740610178
4015_01,0.9860864388286981
4015_02,0.05843348887169676
4024_01,0.8529482524622756
4025_01,0.8978680443798964
4028_01,0.7903826482125663
4029_01,0.9954154996788774
4041_01,0.9017786258118929
4048_01,0.9910839899916423
4048_02,0.987118520606793
4048_03,0.8685659866956678
4051_01,0.9012645375693085
4052_01,0.9681424516470062
4054_01,0.9772698555799707
4054_02,0.9983908240928511
4054_03,0.17010261835640522
4056_01,0.688893609591418
4057_01,0.2175964625554149
4059_01,0.9892123013550315
4059_02,0.020476898755264074
4062_01,0.005378046913881109
4067_01,0.31173475150495245
4070_01,0.9964139740610178
4070_02,0.9989897618489937
4070_03,0.8396380292552458
4073_01,0.2597389349420362
4073_02,0.9023556918359478
4074_01,0.22985332874841796
4077_01,0.002173516608286978
4085_01,0.6124962541376248
4086_01,0.2616437342344798
4086_02,0.9096170717007195
4086_03,0.858666124688375
4087_01,0.5005766782030983
4088_01,0.8498517903676658
4092_01,0.6716341654353278
4094_01,0.010681287345589067
4094_02,0.003624565833892955
4100_01,0.9987824776601558
4105_01,0.377521705592421
4111_01,0.9420717308781317
4117_01,0.18806382032120147
4118_01,0.04823832166288333
4119_01,0.8314728965181803
4121_01,0.0021223357015582
4122_01,0.7110997307486594
4123_01,0.08563654655042291
4124_01,0.6428637262911977
4126_01,0.009475961587214383
4133_01,0.9874649084824522
4133_02,0.9763450850048045
4136_01,0.9747974969889182
4136_02,0.0181643840960714
4138_01,0.05873146334845145
4139_01,0.16793630146493965
4146_01,0.3934434622742165
4148_01,0.40374536472903627
4153_01,0.17620105193436142
4155_01,0.9983602099056371
4157_01,0.22787693773584633
4161_01,0.8329173267396328
4162_01,0.9017786258118929
4164_01,0.9647235182466785
4180_01,0.9974118231671921
4180_02,0.017354834167028904
4187_01,0.30439515864256284
4190_01,0.9997047465698853
4192_01,0.2734422657339122
4193_01,0.6428637262911977
4195_01,0.35790509744811905
4198_01,0.9554238010160824
4200_01,0.2709245872291559
4201_01,0.49534047892537497
4202_01,0.9943928554330598
4202_02,0.025454910328102428
4209_01,0.012381895151501886
4217_01,0.622651369043846
4224_01,0.02833124434068922
4224_02,0.27630676453749564
4226_01,0.8848485521090237
4226_02,0.0008811855855621879
4227_01,0.9096170717007195
4228_01,0.08297624183800921
4234_01,0.16290257569734143
4234_02,0.05987313811667262
4235_01,0.31737975530515855
4235_02,0.9096170717007195
4236_01,0.36463177072795255
4236_02,0.987118520606793
4241_01,0.5047897081463454
4247_01,0.7191874146393664
4247_02,0.06265587196207528
4248_01,0.034092060813292684
4248_02,0.06968298136908516
4250_01,0.5576332210314033
4263_01,0.21806712779323603
4263_02,0.7220447857948044
4263_03,0.7220447857948044
4265_01,0.9989020381942836
4268_01,0.9090049586582261
4268_02,0.9954154996788774
4269_01,0.45768772570353355
4275_01,0.06716419417177705
4276_01,0.08041089879275536
4277_01,0.5819199265841453
4279_01,0.13369331265707085
4281_01,0.0713201336842242
4282_01,0.9939238119189772
4283_01,0.585684047179258
4284_01,0.9819592273435028
4284_02,0.16035976529496826
4285_01,0.6838553448368246
4286_01,0.5310375874546678
4286_02,0.09973745215355496
4286_03,0.5742388825817649
4287_01,0.8682674914192606
4288_01,0.942409635198059
4288_02,0.07704794887633852
4290_01,0.2586984754579002
4298_01,0.045753242381657906
4298_02,0.987118520606793
4298_03,0.9838998186693723
4299_01,0.29368541518014346
4304_01,0.2958886730801657
4307_01,0.9954154996788774
4308_01,0.5666740325896731
4310_01,0.03083139814207817
4313_01,0.33454148553341034
4314_01,0.5247931050224133
4321_01,0.9954154996788774
4322_01,0.7220447857948044
4323_01,0.9934150055605837
4323_02,0.14735952218686468
4323_03,0.6415923676995687
4323_04,0.9886605167774842
4325_01,0.8983855251420987
4326_01,0.07974510423219354
4328_01,0.5666740325896731
4331_01,0.5576332210314033
4341_01,0.7874552813541489
4341_02,0.3934434622742165
4342_01,0.38227208706859456
4353_01,0.3074127023051509
4355_01,0.5576332210314033
4363_01,0.4210146949742588
4374_01,0.08307232029703886
4375_01,0.9785027304571364
4377_01,0.9017786258118929
4377_02,0.40612140365699645
4377_03,0.8475976443663155
4378_01,0.004436738707916957
4378_02,0.000996097206586478
4379_01,0.9012645375693085
4380_01,0.3555031001193105
4381_01,0.7899147762992709
4381_02,0.20007999160265988
4384_01,0.5814876835051863
4385_01,0.7526252374376723
4385_02,0.9017786258118929
4385_03,0.8387227240707591
4389_01,0.039875190728459846
4394_01,0.3924525524208171
4398_01,0.21147842038406442
4406_01,0.2328442218696704
4412_01,0.04271371252012232
4414_01,0.9408683209165573
4417_01,0.9943928554330598
4418_01,0.22270867959987203
4419_01,0.25037837748173886
4419_02,0.14804815276024905
4420_01,0.6126357285064045
4420_02,0.7775151394403721
4421_01,0.09629714945716733
4423_01,0.05926033900707066
4425_01,0.9987588268343058
4425_02,0.8932372026533016
4434_01,0.013489201666107979
4435_01,0.9989897618489937
4435_02,0.7552132779035587
4439_01,0.5743948979949753
4439_02,0.5754306153756754
4442_01,0.991306354613585
4443_01,0.7340272869892247
4443_02,0.8635480072159977
4454_01,0.9980318514385046
4455_01,0.07225013937128835
4455_02,0.05195930037236405
4455_03,0.40374536472903627
4458_01,0.5666740325896731
4460_01,0.9516211817921506
4468_01,0.9023556918359478
4471_01,0.3525399058098147
4478_01,0.15714304630911674
4480_01,0.6337840931681745
4481_01,0.3878667333231085
4484_01,0.2585469969607352
4488_01,0.18872671144548164
4489_01,0.0352177555228044
4495_01,0.03465826815440427
4499_01,0.5576332210314033
4503_01,0.10213488902673842
4504_01,0.9829118388678679
4507_01,0.009990328189882896
4513_01,0.5192195835334027
4519_01,0.3587891285606007
4520_01,0.05227663647291072
4523_01,0.8475976443663155
4523_02,0.9096170717007195
4523_03,0.16292167201876234
4523_04,0.8387227240707591
4523_05,0.8475976443663155
4523_06,0.8387227240707591
4525_01,0.012447876157021729
4526_01,0.2840560039986243
4527_01,0.09667376041921298
4528_01,0.8504615264470502
4536_01,0.008925135271963331
4540_01,0.9017786258118929
4541_01,0.020863588318277285
4545_01,0.42215997713205405
4548_01,0.9964139740610178
4551_01,0.9995446717642016
4551_02,0.9976437563775754
4551_03,0.9990889070494824
4551_04,0.9974465501801385
4554_01,0.04425681078292136
4556_01,0.2639994271395385
4566_01,0.24078449834231722
4578_01,0.2704850295206071
4579_01,0.9017786258118929
4582_01,0.8658461999909719
4582_02,0.7348777573615584
4582_03,0.7348777573615584
4582_04,0.9141004064413035
4582_05,0.9012645375693085
4582_06,0.8137539810653713
4582_07,0.7674891386805466
4583_01,0.9912452826616058
4583_02,0.9984381813343275
4583_03,0.23654558382346574
4584_01,0.5771490130041587
4588_01,0.11624763681824221
4589_01,0.13114122003325546
4590_01,0.10026902632060708
4598_01,0.061485002038836646
4599_01,0.9017786258118929
4600_01,0.6628908478700385
4600_02,0.5778021071311048
4601_01,0.24219909557367666
4614_01,0.22478759914687985
4614_02,0.2718623479782336
4616_01,0.3354348904072949
4618_01,0.3987140272067244
4619_01,0.9583012242355531
4626_01,0.9990889070494824
4626_02,0.5165206231299916
4627_01,0.17943779207071534
4629_01,0.21200435031055095
4636_01,0.5747529220596732
4639_01,0.995609610518877
4639_02,0.995609610518877
4639_03,0.027718181982184557
4639_04,0.03714311739147202
4639_05,0.98353163137804
4639_06,0.9279451930331033
4647_01,0.9096170717007195
4660_01,0.9682523603847895
4666_01,0.16912784684408474
4669_01,0.9947377605804227
4670_01,0.35183274658197206
4671_01,0.9908901511437317
4671_02,0.8555155753018804
4671_03,0.31686775144380447
4671_04,0.9908901511437317
4674_01,0.2371782880902129
4675_01,0.012070552768549169
4675_02,0.004459863605566253
4681_01,0.0002105349543442299
4682_01,0.9023556918359478
4683_01,0.9832110091012428
4683_02,0.5351530448162636
4685_01,0.9949399063337221
4687_01,0.05162161558913498
4688_01,0.2859886924861548
4692_01,0.026862959581087326
4697_01,0.9943928554330598
4698_01,0.9928075046974069
4700_01,0.9881629951233929
4701_01,0.9755292405547265
4701_02,0.9987588268343058
4701_03,0.9947377605804227
4701_04,0.9964139740610178
4702_01,0.9185124584539366
4702_02,0.3166752591854149
4703_01,0.9979090838342045
4703_02,0.9984857035237542
4705_01,0.5725684176427966
4705_02,0.355739821635553
4707_01,0.05018103552166053
4707_02,0.18008901976074673
4715_01,0.8981412027996011
4716_01,0.46827232314904726
4718_01,0.9989020381942836
4722_01,0.1554914707735243
4724_01,0.972268457501339
4727_01,0.5005463953724038
4727_02,0.7348777573615584
4729_01,0.02407781779599204
4731_01,0.5576332210314033
4734_01,0.029128612495369716
4735_01,0.40145131291582153
4736_01,0.9954154996788774
4737_01,0.04286277054024117
4740_01,0.9012645375693085
4742_01,0.2238818896701436
4745_01,0.5666740325896731
4747_01,0.9860047618382576
4747_02,0.1968705145171364
4749_01,0.05828992678801074
4751_01,0.5294116546079776
4760_01,0.7357240716325681
4761_01,0.7175068644177091
4761_02,0.5666740325896731
4761_03,0.4869521474958636
4765_01,0.4509461204412798
4766_01,0.9943928554330598
4767_01,0.7847830700330009
4768_01,0.46386259926613216
4768_02,0.972268457501339
4771_01,0.8510558805296999
4776_01,0.9951503167159925
4776_02,0.259285796366268
4776_03,0.985618369203193
4776_04,0.9908901511437317
4779_01,0.0110797767187258
4781_01,0.16878271666385591
4789_01,0.35145795165908916
4799_01,0.0987497470122232
4799_02,0.12049516202429067
4799_03,0.21808361161494103
4800_01,0.2514462701927636
4802_01,0.4509461204412798
4802_02,0.13969749317505348
4805_01,0.5729980986569098
4806_01,0.17196203146475095
4809_01,0.013640661312925545
4811_01,0.9293616569358737
4812_01,0.9432725092800124
4816_01,0.36230458715041414
4820_01,0.9508078699233148
4820_02,0.004305162103061464
4821_01,0.17145181379108004
4824_01,0.9519085132649714
4825_01,0.9965878790520416
4826_01,0.9030397208478621
4833_01,0.0009496811963056362
4833_02,0.34453795246493035
4834_01,0.9012645375693085
4835_01,0.0356510054014617
4839_01,0.17208266031408478
4843_01,0.08356312167696316
4843_02,0.031350299670428794
4844_01,0.7685352121242822
4849_01,0.9789180111880372
4852_01,0.6428637262911977
4854_01,0.9956849709683695
4855_01,0.6428637262911977
4855_02,0.5576332210314033
4858_01,0.007397830285823605
4859_01,0.9012645375693085
4860_01,0.4761404193562246
4861_01,0.6951659580160174
4865_01,0.0981910999238225
4867_01,0.07002297615381806
4869_01,0.07651210433427795
4872_01,0.31307540446040133
4877_01,0.17636178939263442
4894_01,0.9012645375693085
4905_01,0.7121595922588831
4906_01,0.6505946212211514
4907_01,0.9012645375693085
4908_01,0.36156892809771435
4914_01,0.02615401760800908
4919_01,0.5887500686318479
4921_01,0.0037290344702010014
4922_01,0.7006154534137587
4926_01,0.020817949611723206
4928_01,0.3705373835541326
4931_01,0.8005255196506665
4935_01,0.05924223917400388
4935_02,0.6716341654353278
4935_03,0.48768271713926536
4936_01,0.015282267322387504
4947_01,0.4420800796772187
4948_01,0.05349430164998581
4949_01,0.9744172443021482
4949_02,0.0007276177882493061
4953_01,0.9715147925160638
4955_01,0.06426044255695762
4957_01,0.994420754182369
4959_01,0.9956849709683695
4960_01,0.17005119367520033
4962_01,0.9794493256972381
4966_01,0.9993640378492737
4966_02,0.9964139740610178
4967_01,0.24808237413869058
4968_01,0.5576332210314033
4969_01,0.23434566437368046
4969_02,0.720475432228966
4971_01,0.9185124584539366
4976_01,0.34824145186049826
4982_01,0.9017786258118929
4984_01,0.6127494469408588
4984_02,0.536545634466605
4985_01,0.9956849709683695
4986_01,0.07090608220267235
4988_01,0.9763697852113186
4993_01,0.7275305307768133
4994_01,0.38072210452130845
5001_01,0.7348777573615584
5002_01,0.9420717308781317
5011_01,0.7220447857948044
5022_01,0.110291032215426
5024_01,0.7674891386805466
5024_02,0.7134532442340101
5024_03,0.7674891386805466
5024_04,0.3297713646126071
5024_05,0.9141004064413035
5026_01,0.6099697093847377
5029_01,0.9881629951233929
5029_02,0.9647235182466785
5030_01,0.9078837923974747
5031_01,0.05319660792605591
5031_02,0.3910984493661725
5033_01,0.15584139173401643
5033_02,0.00034770447272861196
5037_01,0.2535094779861078
5038_01,0.006451188764870566
5038_02,0.985618369203193
5041_01,0.8866706932948395
5043_01,0.9832110091012428
5043_02,0.9880283836588293
5043_03,0.1075070376014108
5045_01,0.996034608328313
5046_01,0.9017786258118929
5047_01,0.9293616569358737
5049_01,0.04909480112064884
5053_01,0.15395709414054468
5054_01,0.013241705837669001
5055_01,0.5742388825817649
5056_01,0.9574941853178537
5056_02,0.6898733536504339
5066_01,0.8019232238696326
5071_01,0.5364770326930005
5075_01,0.3554016639192446
5077_01,0.2017684721485529
5078_01,0.033816255837214634
5079_01,0.9956849709683695
5081_01,0.45267006718166386
5082_01,0.8521197191573008
5086_01,0.9951560917382725
5086_02,0.18892353470220322
5092_01,0.9412453930404057
5094_01,0.6628908478700385
5094_02,0.0658986120842977
5096_01,0.03372039476074279
5096_02,0.07211524413067982
5098_01,0.37839821507185767
5098_02,0.45226957205898555
5098_03,0.9141004064413035
5099_01,0.1263340697936131
5100_01,0.9951560917382725
5101_01,0.9452291396163389
5102_01,0.04903391749612586
5107_01,0.08899597494610552
5110_01,0.9630843962789151
5113_01,0.2277643342577021
5114_01,0.9961756458171761
5117_01,0.08333290260110943
5118_01,0.9688971879832573
5119_01,0.1303600509962349
5121_01,0.015445518569497252
5123_01,0.1426302399849719
5131_01,0.46677588265813563
5131_02,0.9916394046667127
5134_01,0.03775574203127817
5135_01,0.01174510766905488
5139_01,0.1403180119874437
5141_01,0.9789180111880372
5143_01,0.8754446390461635
5147_01,0.9191154268249284
5149_01,0.0012990385553278236
5149_02,0.9916394046667127
5150_01,0.996034608328313
5153_01,0.9017786258118929
5155_01,0.10892753994732027
5159_01,0.9382777830051106
5159_02,0.009623154943173414
5164_01,0.9990889070494824
5164_02,0.9715147925160638
5168_01,0.024757325312180212
5169_01,0.14934774208979096
5172_01,0.067483129402337
5178_01,0.7884324464991496
5183_01,0.9178086961079549
5189_01,0.9825648984574255
5191_01,0.014465845893296489
5195_01,0.011726291773252103
5200_01,0.4158229074969586
5203_01,0.959433075492961
5203_02,0.9886605167774842
5212_01,0.6025205608360104
5215_01,0.00038028184994570794
5219_01,0.996034608328313
5219_02,0.9239117285322263
5222_01,0.8266951972179754
5228_01,0.3313467323415684
5228_02,0.9141004064413035
5231_01,0.014318410480813849
5232_01,0.025333192989975325
5232_02,0.03249366301435599
5233_01,0.4610050982219758
5237_01,0.985618369203193
5241_01,0.3851380525697024
5241_02,0.6628908478700385
5245_01,0.373092541951447
5259_01,0.20299291057828037
5261_01,0.26238718361832664
5263_01,0.13217282174375325
5267_01,0.3934434622742165
5267_02,0.5666740325896731
5267_03,0.8407674316921977
5270_01,0.6161634399098188
5283_01,0.1250814403244041
5284_01,0.9640059924720487
5285_01,0.9815309772507386
5286_01,0.022299928372096017
5289_01,0.8021757058440053
5293_01,0.04784716947215915
5293_02,0.036408306821915065
5294_01,0.7359667124538158
5295_01,0.016201114357958894
5296_01,0.35689296628458533
5302_01,0.9746461494439173
5306_01,0.5001583558503414
5306_02,0.9357607291185437
5308_01,0.8101004733212054
5308_02,0.9017786258118929
5308_03,0.41013284929710375
5309_01,0.9815309772507386
5311_01,0.5742388825817649
5317_01,0.5451901759071643
5317_02,0.9420717308781317
5318_01,0.5742388825817649
5318_02,0.897559156131284
5319_01,0.06426408029575163
5321_01,0.4740472857224633
5324_01,0.5778021071311048
5328_01,0.9744172443021482
5329_01,0.036083180225378264
5329_02,0.5595645212897318
5329_03,0.3205790043873352
5329_04,0.3934434622742165
5329_05,0.10102091746133597
5329_06,0.3205790043873352
5329_07,0.3934434622742165
5332_01,0.7141158629466391
5335_01,0.9684695203896752
5335_02,0.9061673801807446
5335_03,0.044680507120766454
5335_04,0.793797322081865
5336_01,0.5589224436681688
5338_01,0.9205207182110083
5339_01,0.3952023101952069
5339_02,0.9837301311523112
5339_03,0.9886605167774842
5342_01,0.6615656160612484
5349_01,0.6428637262911977
5352_01,0.5666740325896731
5357_01,0.9466050122560626
5357_02,0.9647666113771624
5357_03,0.008575717499432515
5357_04,0.06320305788109053
5358_01,0.27710449496405903
5364_01,0.7121595922588831
5369_01,0.5842751799152658
5369_02,0.06762961178324586
5369_03,0.9928075046974069
5370_01,0.7147924968813317
5371_01,0.9991094398271002
5371_02,0.14579333789510532
5371_03,0.996034608328313
5371_04,0.9986133113635909
5373_01,0.4335232274551662
5376_01,0.9925422705859898
5376_02,0.9744172443021482
5377_01,0.994420754182369
5381_01,0.014897816085849667
5382_01,0.9984857035237542
5382_02,0.9989020381942836
5386_01,0.5666740325896731
5391_01,0.051532331052789954
5393_01,0.09796343241502324
5398_01,0.9789180111880372
5399_01,0.18066967698711955
5400_01,0.6312220828913756
5403_01,0.06516887510591506
5405_01,0.03699118881627778
5407_01,0.625113308299416
5409_01,0.06057526182052694
5417_01,0.0031804574028615846
5419_01,0.18419944155596074
5426_01,0.9257736182780636
5428_01,0.23286907643118082
5428_02,0.49019436135703276
5429_01,0.12897534248009687
5432_01,0.917465419331562
5433_01,0.9841208279819292
5439_01,0.25624386718718134
5442_01,0.2661491722719631
5444_01,0.5754838678907314
5448_01,0.08071573444449202
5449_01,0.07786039097802605
5456_01,0.07326986250713803
5460_01,0.0680170312324824
5461_01,0.003928004769189275
5464_01,0.038316750788362705
5473_01,0.3934434622742165
5473_02,0.027847885388980496
5481_01,0.9947377605804227
5482_01,0.882262520822377
5482_02,0.3237323978879594
5486_01,0.9484875697184411
5493_01,0.9420717308781317
5495_01,0.9832110091012428
5498_01,0.5576332210314033
5498_02,0.5576332210314033
5502_01,0.8642350192945308
5503_01,0.0610669115815547
5505_01,0.430999176111215
5505_02,0.9023556918359478
5505_03,0.8387227240707591
5513_01,0.9185124584539366
5513_02,0.8475976443663155
5513_03,0.14701997450114354
5513_04,0.8387227240707591
5516_01,0.323882740065229
5518_01,0.2488444035549493
5519_01,0.2386806188362385
5525_01,0.09872898838492446
5532_01,0.9206215697739007
5533_01,0.06746504803703193
5534_01,0.9064623568424331
5542_01,0.07729569729717463
5547_01,0.5666740325896731
5548_01,0.4990013097823014
5549_01,0.972268457501339
5553_01,0.9836972934304662
5553_02,0.6318890495805242
5554_01,0.5576332210314033
5558_01,0.058079097293028646
5562_01,0.9874090426798686
5562_02,0.9939238119189772
5564_01,0.05290565026435806
5565_01,0.3002265445712416
5567_01,0.41604054382196226
5570_01,0.9293616569358737
5576_01,0.6453127547525296
5577_01,0.9814224051972144
5577_02,0.9189018342421466
5577_03,0.9541978888229946
5577_04,0.9541978888229946
5577_05,0.9541978888229946
5579_01,0.9647235182466785
5584_01,0.9789180111880372
5584_02,0.07532416663297611
5588_01,0.26759648747839493
5588_02,0.9961756458171761
5588_03,0.9965878790520416
5588_04,0.9295799858822257
5588_05,0.996034608328313
5590_01,0.4664626195319669
5593_01,0.24245590862645428
5597_01,0.8967068060576189
5600_01,0.6628908478700385
5604_01,0.3381790424285628
5605_01,0.45597717587191083
5607_01,0.4903248722285732
5612_01,0.9755557757230899
5617_01,0.22201033337628473
5620_01,0.16705496423105706
5620_02,0.1115849711837925
5621_01,0.395509119080613
5624_01,0.9758654234614303
5630_01,0.8981412027996011
5632_01,0.9815309772507386
5633_01,0.1117597530581069
5634_01,0.7161660149638689
5635_01,0.0573458354815329
5636_01,0.07177247805854581
5638_01,0.9755557757230899
5641_01,0.9754788071591088
5649_01,0.9889098608483342
5654_01,0.1354802292402783
5656_01,0.3768454544046382
5657_01,0.004669129302935799
5658_01,0.019977017628654954
5660_01,0.026383807540630154
5664_01,0.9161035034604735
5664_02,0.9189018342421466
5664_03,0.9541978888229946
5664_04,0.8866893417324399
5665_01,0.27259550749628936
5666_01,0.050120868331746046
5668_01,0.965534506948311
5669_01,0.9755557757230899
5670_01,0.9819549738288728
5672_01,0.6405040866445899
5675_01,0.9305789981893411
5676_01,0.39399811265998513
5678_01,0.985618369203193
5678_02,0.545447365130863
5682_01,0.9330990509166588
5683_01,0.06699714867595544
5690_01,0.4944845852718193
5691_01,0.9961756458171761
5694_01,0.9647235182466785
5697_01,0.5509860381044493
5699_01,0.34467730116474615
5703_01,0.1981434096699828
5708_01,0.6150622842035669
5715_01,0.9348937764592641
5715_02,0.8297043016260289
5720_01,0.4153273391274704
5720_02,0.41178711459965284
5731_01,0.007323979595419703
5731_02,0.5687723969822267
5734_01,0.9956849709683695
5734_02,0.02675378923528016
5741_01,0.02738513849868514
5743_01,0.064849026572095
5745_01,0.7778572690418051
5749_01,0.19696102910043395
5752_01,0.20285166081304623
5753_01,0.3599660255686548
5754_01,0.0015290575174920192
5759_01,0.9736294941740397
5760_01,0.1701278213358357
5762_01,0.20167652415269002
5766_01,0.9956849709683695
5770_01,0.9996853773262252
5774_01,0.29170910253564636
5775_01,0.9789180111880372
5782_01,0.45294877305334197
5782_02,0.3683808634300484
5782_03,0.9438347764786675
5782_04,0.9548293704318976
5784_01,0.8152120923425448
5787_01,0.08538463974054286
5787_02,0.6405040866445899
5787_03,0.24778554816962636
5789_01,0.9466441176563942
5789_02,0.9819549738288728
5797_01,0.9892123013550315
5798_01,0.07516745967531036
5801_01,0.22966653296701064
5803_01,0.6150622842035669
5805_01,0.13619100370859927
5807_01,0.5024133004381115
5815_01,0.030811340483546033
5815_02,0.0311675447434187
5815_03,0.09326972464321902
5815_04,0.0007600462038136525
5830_01,0.6964846639906909
5832_01,0.05579944363368096
5833_01,0.16941535131811264
5838_01,0.35194077727150963
5841_01,0.9945117107998632
5841_02,0.9978782959949123
5841_03,0.5953503473694509
5845_01,0.7009090102640468
5850_01,0.9990078265856174
5851_01,0.4017919417997318
5851_02,0.9976564576092438
5853_01,0.053209999203077576
5862_01,0.4679368824291285
5864_01,0.7890226828753253
5865_01,0.11397411874056457
5866_01,0.24187747998916145
5870_01,0.6150622842035669
5872_01,0.8206128190978428
5873_01,0.08558061893477596
5873_02,0.6509925642744019
5873_03,0.6330893478597897
5881_01,0.9974118231671921
5883_01,0.9466050122560626
5884_01,0.12297189548066179
5892_01,0.019226124868633607
5893_01,0.5601421383781984
5893_02,0.41865783820883806
5895_01,0.02093360520238248
5896_01,0.4904583766147214
5899_01,0.4277180615009581
5904_01,0.996034608328313
5904_02,0.040373509117105966
5910_01,0.1458374421436922
5911_01,0.9466441176563942
5911_02,0.3116016429525412
5911_03,0.04196485220337098
5911_04,0.9440717177742926
5911_05,0.9189018342421466
5911_06,0.9814224051972144
5914_01,0.9754788071591088
5917_01,0.9814224051972144
5918_01,0.6115487621281687
5926_01,0.6150622842035669
5929_01,0.9027527617922325
5932_01,0.08211665824663372
5935_01,0.1789239293846755
5936_01,0.9841998082835519
5936_02,0.994420754182369
5936_03,0.0006527027669779596
5936_04,0.7679289881435193
5936_05,0.0015305562119485672
5937_01,0.9865685901822783
5940_01,0.5194264934832715
5942_01,0.9647666113771624
5942_02,0.9881629951233929
5943_01,0.037987293005095374
5948_01,0.04585237377185731
5958_01,0.5832077973324833
5961_01,0.9838483572040335
5961_02,0.9881629951233929
5962_01,0.6780395388776713
5964_01,0.9987588268343058
5964_02,0.9974118231671921
5966_01,0.9466441176563942
5966_02,0.9865685901822783
5978_01,0.08034433031611855
5978_02,0.39399811265998513
5979_01,0.7070342163398239
5982_01,0.05371847015964158
5996_01,0.9736294941740397
5997_01,0.7902403119412164
5997_02,0.9961756458171761
6002_01,0.5215146519760058
6005_01,0.9189018342421466
6005_02,0.9189018342421466
6005_03,0.9189018342421466
6005_04,0.0008853477699193647
6005_05,0.9541978888229946
6009_01,0.0075765386427784675
6009_02,0.006500562526884082
6012_01,0.0444471511819557
6013_01,0.6150622842035669
6018_01,0.1181675761461598
6021_01,0.9755557757230899
6023_01,0.07726111850549668
6037_01,0.7009090102640468
6044_01,0.0938183450520877
6044_02,0.5281739679084199
6046_01,0.8197661629898946
6050_01,0.9830733374251441
6051_01,0.0008230485517786119
6051_02,0.12275300435393924
6053_01,0.16489423024450686
6056_01,0.00948679488035542
6057_01,0.32926853481256657
6060_01,0.06333913925626121
6063_01,0.7778572690418051
6072_01,0.49456244313669334
6074_01,0.6229778753801101
6074_02,0.6390030758500077
6074_03,0.9976564576092438
6078_01,0.5186575351587819
6079_01,0.6405040866445899
6081_01,0.5914129818950071
6081_02,0.1863344581931736
6081_03,0.9830733374251441
6081_04,0.9945117107998632
6083_01,0.25639167507813915
6084_01,0.9252222368983111
6088_01,0.6028889721595326
6089_01,0.9755557757230899
6093_01,0.47071692206807214
6097_01,0.21539864764778907
6100_01,0.841684627016852
6104_01,0.9874716219706364
6113_01,0.028014635448862867
6114_01,0.058475921543713116
6119_01,0.996034608328313
6119_02,0.38250974775433366
6119_03,0.9965878790520416
6125_01,0.11705664809668251
6129_01,0.026885562148996005
6131_01,0.048045960996920975
6134_01,0.8148785812392856
6140_01,0.16534346734879152
6142_01,0.03053528647248355
6142_02,0.9432725092800124
6144_01,0.6405040866445899
6147_01,0.0582169322439371
6151_01,0.016572595329353148
6151_02,0.9841998082835519
6154_01,0.765352887911144
6159_01,0.5491492885753951
6160_01,0.5171142582998814
6160_02,0.9755557757230899
6161_01,0.7440893548817402
6164_01,0.9844963745326688
6165_01,0.5967355042957916
6177_01,0.00784907234868953
6183_01,0.07738026732438129
6185_01,0.0014053048173369896
6187_01,0.9961756458171761
6188_01,0.6150622842035669
6190_01,0.6702297610662338
6193_01,0.9965878790520416
6193_02,0.9976564576092438
6193_03,0.16061991858467667
6193_04,0.6648232745188538
6195_01,0.46208579327660887
6196_01,0.978493112728882
6197_01,0.6990846898459127
6198_01,0.041859995628071134
6202_01,0.9671405208109528
6203_01,0.01586323446436114
6204_01,0.9929666225280029
6209_01,0.0005425654339210442
6209_02,0.9836702188854063
6210_01,0.9967563632119246
6212_01,0.6509925642744019
6214_01,0.6348070671418374
6217_01,0.9964139740610178
6217_02,0.04810143546136488
6221_01,0.996034608328313
6226_01,0.11271084724268274
6231_01,0.9541978888229946
6231_02,0.9755557757230899
6231_03,0.6030612945619468
6233_01,0.6833236144531502
6233_02,0.6452906654811188
6233_03,0.9814224051972144
6235_01,0.9466050122560626
6240_01,0.8148295390147251
6242_01,0.9974118231671921
6244_01,0.05000884851661515
6244_02,0.8848485521090237
6247_01,0.1261681734230104
6255_01,0.9763697852113186
6257_01,0.6150622842035669
6257_02,0.10776458819453329
6257_03,0.47071692206807214
6258_01,0.40935044047346597
6259_01,0.16020483615798778
6260_01,0.04853563129965563
6260_02,0.016651999757464547
6261_01,0.5178560492856782
6261_02,0.4050504304938479
6267_01,0.0003679654149644028
6267_02,0.3866458472171909
6267_03,0.9466050122560626
6267_04,0.9838483572040335
6267_05,0.9881629951233929
6267_06,0.9647235182466785
6269_01,0.7063311961482993
6269_02,0.09556533268452894
6269_03,0.9983602099056371
6272_01,0.13969714467588862
6272_02,0.9874716219706364
6275_01,0.29267904031469977
6278_01,0.992141406922012
6278_02,0.9856455421057466
6284_01,0.9874716219706364
6286_01,0.7720826264381841
6286_02,0.9161035034604735
6287_01,0.4155591698195443
6287_02,0.07209572746608638
6288_01,0.9974118231671921
6288_02,0.21024537283153025
6288_03,0.9987588268343058
6288_04,0.9996316301900818
6291_01,0.660409330196713
6294_01,0.9755557757230899
6295_01,0.9924203215897185
6295_02,0.20242316017220438
6298_01,0.9874716219706364
6303_01,0.11846337536207047
6306_01,0.9736294941740397
6307_01,0.04717168162005398
6310_01,0.03276781588534468
6311_01,0.5124449929505062
6312_01,0.9066667686194522
6312_02,0.0009250899316325166
6314_01,0.5718566697164709
6329_01,0.568482871405391
6332_01,0.6509925642744019
6332_02,0.21041293093748933
6332_03,0.6150622842035669
6332_04,0.1421372882788086
6332_05,0.07877574288765636
6332_06,0.714438100727317
6332_07,0.49970192589080037
6332_08,0.08110785231630746
6333_01,0.07183200016839346
6336_01,0.3686996417370079
6337_01,0.9736294941740397
6342_01,0.5525099651122455
6342_02,0.0661656387517554
6345_01,0.989179650369261
6345_02,0.989179650369261
6350_01,0.5247931050224133
6352_01,0.9954743057969271
6352_02,0.9996594467848519
6358_01,0.5473429197412121
6358_02,0.5455133059614349
6359_01,0.08379462476125094
6362_01,0.40181493267154905
6364_01,0.9736294941740397
6375_01,0.2310588919656727
6377_01,0.9856455421057466
6379_01,0.03774682089428806
6382_01,0.13857048788616225
6383_01,0.9541978888229946
6383_02,0.9448441336551582
6383_03,0.9536681731531026
6384_01,0.44244457645674506
6386_01,0.28196109314502493
6387_01,0.16183749457265445
6389_01,0.02355256353202364
6391_01,0.9571493749610248
6391_02,0.9830570258614697
6392_01,0.9899281044563809
6393_01,0.4050504304938479
6395_01,0.49146459152740035
6401_01,0.9604907808702695
6401_02,0.015352412315983421
6403_01,0.06775508126842786
6410_01,0.14729251068490437
6410_02,0.015920608706016956
6417_01,0.989179650369261
6420_01,0.2927587662352706
6423_01,0.023136857813281314
6425_01,0.14147819186432536
6425_02,0.3387453368625725
6426_01,0.05556243596766148
6427_01,0.9830733374251441
6429_01,0.8433415960338193
6435_01,0.08224033197217974
6438_01,0.009961524426046893
6440_01,0.6990846898459127
6441_01,0.10756863783638833
6445_01,0.009740180811794018
6460_01,0.8084858263986072
6465_01,0.9814224051972144
6466_01,0.06110693893810405
6467_01,0.04297488685250935
6469_01,0.9804962223774563
6474_01,0.9373973860938811
6476_01,0.07023293756192
6479_01,0.9819234658507173
6479_02,0.9605010757232596
6483_01,0.9874716219706364
6484_01,0.2646005841471919
6486_01,0.9613474030383099
6491_01,0.12330676626676175
6491_02,0.1712470169558989
6491_03,0.9541978888229946
6495_01,0.37565679675873065
6496_01,0.6509925642744019
6496_02,0.28343256543200723
6497_01,0.4830605579122539
6498_01,0.9440717177742926
6499_01,0.39399811265998513
6499_02,0.36176363439629483
6499_03,0.41865783820883806
6499_04,0.5248852447133019
6499_05,0.09121481855461312
6499_06,0.714438100727317
6499_07,0.6509925642744019
6499_08,0.5656920189551375
6504_01,0.9886605167774842
6504_02,0.6727069391329048
6505_01,0.09813009454536811
6506_01,0.14137760851360462
6506_02,0.6051207611736344
6507_01,0.6407844646381937
6515_01,0.6650726280989272
6516_01,0.9967563632119246
6516_02,0.9990889070494824
6518_01,0.9790945852210324
6519_01,0.045222234772959
6521_01,0.20165956016068437
6524_01,0.3189282313078816
6527_01,0.45226957205898555
6528_01,0.7434284547855332
6532_01,0.24331352867600645
6533_01,0.6509925642744019
6533_02,0.10565830773979068
6534_01,0.1474583418159248
6536_01,0.24823085934443387
6537_01,0.09691804959240628
6538_01,0.18083593088044525
6542_01,0.13604729634656748
6543_01,0.8124298348715439
6550_01,0.026811547912986903
6551_01,0.6461620096725094
6554_01,0.5178560492856782
6555_01,0.5717907402938587
6559_01,0.9189018342421466
6559_02,0.9189018342421466
6559_03,0.34227808017481665
6564_01,0.7461375576479483
6564_02,0.9841998082835519
6566_01,0.08237034008889339
6571_01,0.14623899765061338
6575_01,0.9990889070494824
6576_01,0.9830733374251441
6577_01,0.3881786109487604
6577_02,0.07751007278210437
6577_03,0.9755557757230899
6579_01,0.6990846898459127
6581_01,0.1926158528362982
6584_01,0.9997426723796493
6586_01,0.03136642280682155
6587_01,0.9846302718257594
6589_01,0.9432725092800124
6596_01,0.5033645949970867
6596_02,0.005160480765068693
6597_01,0.47174202409976024
6600_01,0.9694287902958383
6600_02,0.028974627826457627
6605_01,0.9865685901822783
6605_02,0.9448441336551582
6607_01,0.5128423717637207
6610_01,0.6150622842035669
6612_01,0.910410345059169
6612_02,0.5928406502975805
6612_03,0.06817335244689723
6612_04,0.9466441176563942
6612_05,0.46253013142137067
6612_06,0.9680469064899417
6615_01,0.9830733374251441
6617_01,0.9805912466726993
6617_02,0.9886605167774842
6617_03,0.9925422705859898
6619_01,0.006445390118386297
6627_01,0.7585012090547381
6629_01,0.9226115209146861
6632_01,0.25954034391461744
6636_01,0.9754788071591088
6640_01,0.9911312884463329
6644_01,0.610968626108406
6648_01,0.6990846898459127
6651_01,0.10797418993920088
6653_01,0.7556093386626077
6657_01,0.6150622842035669
6658_01,0.8843511154702824
6658_02,0.9856455421057466
6658_03,0.024265235501205726
6661_01,0.6795565895192881
6666_01,0.10988822656199916
6677_01,0.6990846898459127
6678_01,0.1804121821342215
6678_02,0.927754465666443
6679_01,0.04869466922963915
6682_01,0.9830733374251441
6682_02,0.7238206652685968
6685_01,0.021749803934856964
6686_01,0.13872794208915448
6687_01,0.08637984171503912
6688_01,0.9647235182466785
6689_01,0.10463569010115775
6689_02,0.26500957036712725
6690_01,0.9754788071591088
6695_01,0.771391644941471
6696_01,0.5602695748433473
6700_01,0.6509925642744019
6700_02,0.05628863205482397
6701_01,0.9964139740610178
6703_01,0.010128600611533253
6704_01,0.19818202415557834
6705_01,0.11366198329017728
6710_01,0.9755557757230899
6712_01,0.5403023516582109
6714_01,0.7894190873306194
6715_01,0.5579987855100901
6716_01,0.05005462664609646
6717_01,0.9838483572040335
6723_01,0.059553184672828365
6728_01,0.9852624029486913
6732_01,0.4228939185077224
6733_01,0.4665822016267371
6735_01,0.18820815411888958
6737_01,0.36188473195235604
6738_01,0.3909603395382392
6738_02,0.8894805864581247
6740_01,0.04857253747833692
6743_01,0.9899281044563809
6752_01,0.05465147666677979
6752_02,0.4670674303932713
6752_03,0.19391676831320379
6755_01,0.09561935522622887
6759_01,0.6990846898459127
6767_01,0.008417124021667777
6767_02,0.3472264607921016
6768_01,0.3666047667692499
6769_01,0.9899281044563809
6770_01,0.9881629951233929
6770_02,0.9838483572040335
6770_03,0.9887148073231933
6771_01,0.12628145405598476
6772_01,0.6150622842035669
6772_02,0.24149275865128642
6777_01,0.9886605167774842
6781_01,0.9354558987562689
6783_01,0.6115487621281687
6785_01,0.6509925642744019
6790_01,0.3667403864146084
6791_01,0.7573639208587162
6793_01,0.8953221775298879
6793_02,0.9647666113771624
6795_01,0.02737808515479679
6797_01,0.06860998475331413
6803_01,0.11235928778886428
6804_01,0.424409220861093
6807_01,0.5753345979533194
6807_02,0.6150622842035669
6809_01,0.09201964522273778
6811_01,0.7009090102640468
6812_01,0.5592476900246892
6812_02,0.19670407465247022
6815_01,0.3230190290935266
6819_01,0.7338718127557347
6819_02,0.9814224051972144
6819_03,0.9541978888229946
6823_01,0.9814224051972144
6828_01,0.9758654234614303
6830_01,0.714438100727317
6835_01,0.6675929686988016
6835_02,0.049389903191701355
6836_01,0.6981697949225917
6838_01,0.953972511646658
6838_02,0.001694402732750618
6838_03,0.0017339482975446767
6842_01,0.10258249129425083
6845_01,0.9770576002647151
6846_01,0.014289219422499437
6847_01,0.0033101589174327037
6849_01,0.0011010977030397743
6852_01,0.4143408863371741
6852_02,0.032567346695133365
6855_01,0.19919890107615876
6856_01,0.00469082159183107
6860_01,0.5683612836819802
6867_01,0.24632509564422347
6870_01,0.12329214580108644
6872_01,0.6150622842035669
6874_01,0.9804962223774563
6875_01,0.19761760570372472
6875_02,0.06187770305402984
6875_03,0.8009078304876461
6876_01,0.5472490786707738
6876_02,0.9189018342421466
6876_03,0.9541978888229946
6877_01,0.10265151672709909
6878_01,0.9856455421057466
6881_01,0.2621015472104887
6884_01,0.6150622842035669
6886_01,0.9814224051972144
6888_01,0.5938341128734048
6888_02,0.9744172443021482
6888_03,0.9777092892176861
6888_04,0.03507548952715011
6890_01,0.057450959588543765
6897_01,0.5343537866340038
6904_01,0.6150622842035669
6904_02,0.6150622842035669
6904_03,0.4096671896712947
6909_01,0.9466050122560626
6914_01,0.9736294941740397
6916_01,0.9777046094514951
6919_01,0.6161634399098188
6922_01,0.7434284547855332
6923_01,0.9874716219706364
6927_01,0.14226638089764126
6933_01,0.9769586508117439
6933_02,0.45000077612363715
6935_01,0.036756595507091656
6936_01,0.013581734587436695
6936_02,0.012716977388034819
6936_03,0.9898928758635903
6938_01,0.6150622842035669
6941_01,0.6150622842035669
6942_01,0.9736294941740397
6948_01,0.9755557757230899
6952_01,0.9744172443021482
6953_01,0.1951719128584826
6955_01,0.08233909714678013
6956_01,0.07296274883957969
6958_01,0.42435596382800217
6959_01,0.027929104704542452
6959_02,0.9753801105484348
6959_03,0.9680469064899417
6961_01,0.16060497505051324
6961_02,0.0011498777690478715
6965_01,0.9830570258614697
6969_01,0.007544911768654715
6974_01,0.28729301138006086
6975_01,0.03217239799199368
6983_01,0.9830570258614697
6983_02,0.004228433871211254
6986_01,0.6428807002200583
6986_02,0.20668170782533404
6986_03,0.5656920189551375
6986_04,0.5455133059614349
6986_05,0.6150622842035669
6986_06,0.1685193261123088
6986_07,0.3389134283994094
6986_08,0.47071692206807214
6989_01,0.9548293704318976
6993_01,0.22106150453844872
7000_01,0.989179650369261
7003_01,0.12270042967268918
7009_01,0.09960240121969385
7009_02,0.014852765250211121
7012_01,0.9830733374251441
7023_01,0.11242952314756367
7024_01,0.7070342163398239
7030_01,0.43411262718586774
7033_01,0.2685363367035805
7035_01,0.7179545451854573
7043_01,0.9619041579729709
7046_01,0.0016908440153224663
7046_02,0.3142560843026209
7046_03,0.054815285449250295
7054_01,0.9994832281137183
7054_02,0.9990889070494824
7055_01,0.9829840583484779
7063_01,0.6698024474754198
7063_02,0.0009215478223233071
7064_01,0.8265117738269608
7065_01,0.788579380412085
7066_01,0.2267648351274596
7066_02,0.9736294941740397
7067_01,0.9189018342421466
7067_02,0.9541978888229946
7067_03,0.17436819218257443
7070_01,0.8582455165455293
7075_01,0.020931488466338105
7076_01,0.6150622842035669
7081_01,0.9231390676519627
7081_02,0.9881629951233929
7100_01,0.9971960497863059
7100_02,0.0024515417660091465
7101_01,0.0007770216503957629
7101_02,0.006904180161751652
7102_01,0.947666869571254
7103_01,0.021578275946221196
7103_02,0.9991308693156823
7107_01,0.6990846898459127
7108_01,0.31917141636008917
7112_01,0.7529523060601631
7115_01,0.9874716219706364
7122_01,0.4795456562545663
7123_01,0.07666965509009528
7124_01,0.9777092892176861
7124_02,0.9925422705859898
7124_03,0.195739897623767
7125_01,0.9574547667090777
7129_01,0.49726420614445643
7130_01,0.7414263251915945
7130_02,0.5656920189551375
7130_03,0.1582264156367692
7130_04,0.8048402643686123
7130_05,0.7778572690418051
7130_06,0.5455133059614349
7130_07,0.13747736259321539
7131_01,0.48594630997098054
7135_01,0.9736294941740397
7135_02,0.4834843225166974
7135_03,0.508175392288569
7135_04,0.9755557757230899
7136_01,0.6428807002200583
7138_01,0.04723666911395695
7139_01,0.023014795556659105
7141_01,0.13843894124979403
7145_01,0.269269802054433
7146_01,0.01773442182730326
7147_01,0.9990889070494824
7150_01,0.8040019026935045
7150_02,0.6150622842035669
7153_01,0.057428435230093715
7154_01,0.14190510154400027
7158_01,0.0459481250505136
7163_01,0.9815309772507386
7163_02,0.9925422705859898
7163_03,0.0006360384885656824
7164_01,0.21369550157734743
7169_01,0.9758654234614303
7172_01,0.0143673873537537
7172_02,0.0772653424290913
7174_01,0.08288004149670786
7178_01,0.9874716219706364
7183_01,0.49019436135703276
7185_01,0.9661286730825829
7195_01,0.9548293704318976
7196_01,0.9938533386580805
7198_01,0.6990846898459127
7201_01,0.09750485632650867
7204_01,0.02882520233479224
7209_01,0.6478638053233846
7209_02,0.7982616250263765
7211_01,0.0138173684929943
7212_01,0.5785409431174793
7213_01,0.6990846898459127
7220_01,0.12160231220138631
7222_01,0.2746890351013225
7223_01,0.9899281044563809
7228_01,0.9754788071591088
7231_01,0.1029380814559587
7237_01,0.9853555693868553
7239_01,0.6405040866445899
7241_01,0.9534022837211061
7241_02,0.0003641852649333031
7243_01,0.9541978888229946
7243_02,0.9754788071591088
7243_03,0.9541978888229946
7243_04,0.09597648811413267
7243_05,0.9680469064899417
7244_01,0.9804962223774563
7245_01,0.872145312421775
7248_01,0.16072601801023648
7248_02,0.9910288527780661
7251_01,0.6990846898459127
7254_01,0.05477569294553
7262_01,0.06753954396219365
7263_01,0.17251832025605307
7264_01,0.05998769182130181
7265_01,0.13779093588621738
7266_01,0.4530417148004663
7266_02,0.9736294941740397
7266_03,0.9189018342421466
7269_01,0.06316050771778538
7269_02,0.6509925642744019
7272_01,0.6990846898459127
7275_01,0.6016802918292886
7281_01,0.9002653446169538
7282_01,0.7434284547855332
7286_01,0.12036083240069413
7287_01,0.9964139740610178
7288_01,0.26113950505816363
7291_01,0.9758654234614303
7293_01,0.28974860199112973
7294_01,0.4345178660945588
7295_01,0.8868799671509949
7295_02,0.14627539180000737
7299_01,0.8030717688263485
7308_01,0.9974465501801385
7312_01,0.5220571585732092
7315_01,0.6405040866445899
7316_01,0.3848534456539961
7317_01,0.06987039504167404
7318_01,0.09777772557850127
7319_01,0.5258178698117192
7319_02,0.7315958420163726
7319_03,0.6426441212398111
7325_01,0.10548205208638574
7329_01,0.2560399376027371
7329_02,0.24388575997680978
7329_03,0.9528237792654283
7333_01,0.09817888188671836
7335_01,0.7434284547855332
7345_01,0.05055736298042997
7348_01,0.08769571766402216
7348_02,0.9989934683121524
7348_03,0.9941803220388609
7349_01,0.07621830304006781
7352_01,0.29479698063660187
7354_01,0.9459248903042919
7354_02,0.9645556371688471
7354_03,0.9647666113771624
7354_04,0.00043566704618479393
7354_05,0.9815632075381829
7354_06,0.14602083698269597
7355_01,0.021824751490187175
7357_01,0.9853555693868553
7362_01,0.4761109967317669
7363_01,0.49970192589080037
7364_01,0.8663329103229568
7368_01,0.9805912466726993
7369_01,0.018655985480854474
7373_01,0.9964139740610178
7373_02,0.9974118231671921
7375_01,0.5714581385454257
7378_01,0.08665083183517766
7380_01,0.9310345014365032
7380_02,0.9966261963383266
7380_03,0.07874963870140328
7380_04,0.9959188938566189
7381_01,0.714438100727317
7382_01,0.9819549738288728
7383_01,0.7414263251915945
7383_02,0.10972405525353532
7384_01,0.20648862123620002
7386_01,0.6509925642744019
7389_01,0.9910288527780661
7397_01,0.6337840931681745
7400_01,0.046802235549092325
7404_01,0.9755557757230899
7407_01,0.24641797980376934
7409_01,0.1664222989573922
7409_02,0.510397609399543
7412_01,0.9984857035237542
7413_01,0.6405040866445899
7413_02,0.47071692206807214
7414_01,0.07889657700865856
7415_01,0.025039018313204472
7417_01,0.11406357856048388
7417_02,0.03256331325419443
7420_01,0.12311410218487052
7421_01,0.714438100727317
7421_02,0.6434858254230971
7423_01,0.09716297713920466
7423_02,0.9939985529964347
7424_01,0.049433298263007956
7426_01,0.9979090838342045
7426_02,0.9979090838342045
7426_03,0.9990889070494824
7433_01,0.5903678604553971
7434_01,0.03485874313428635
7439_01,0.2976108456631258
7439_02,0.9987588268343058
7440_01,0.17348505921211202
7441_01,0.9647235182466785
7443_01,0.6772620799366255
7451_01,0.4375920935068438
7454_01,0.09753679875071403
7463_01,0.048323099445172504
7465_01,0.38490195103882935
7466_01,0.11649083440777087
7467_01,0.14739835092778955
7468_01,0.3242296893778325
7469_01,0.1108059224536195
7470_01,0.6040076754011274
7471_01,0.5049674972193569
7471_02,0.07360500354903679
7473_01,0.08286208295128858
7473_02,0.309531090292194
7474_01,0.4957866482867215
7476_01,0.8247797172288208
7480_01,0.07012652809714359
7482_01,0.9910288527780661
7482_02,0.046075345579639514
7489_01,0.44523246138013556
7489_02,0.21271019200027114
7489_03,0.22863798213701245
7491_01,0.5789691670133528
7493_01,0.5838212469955422
7497_01,0.6129135317263446
7511_01,0.6134577171933507
7516_01,0.43341848854134213
7519_01,0.05690402407880476
7526_01,0.9850928684356325
7528_01,0.4957866482867215
7528_02,0.7859162161524946
7528_03,0.1397272158997369
7528_04,0.7467499585177851
7530_01,0.9983602099056371
7530_02,0.048459541915473484
7530_03,0.049579133876540296
7530_04,0.00197083412058574
7532_01,0.7467499585177851
7537_01,0.7193860858249198
7539_01,0.9815309772507386
7539_02,0.748273525398552
7540_01,0.048057933261426156
7541_01,0.989179650369261
7541_02,0.6964630651025564
7541_03,0.625113308299416
7546_01,0.9886605167774842
7547_01,0.6080711751615256
7548_01,0.08699344713999944
7551_01,0.4531752599998119
7554_01,0.6129135317263446
7555_01,0.22309044590014904
7556_01,0.9974465501801385
7556_02,0.9917612677515025
7556_03,0.29996381552665613
7556_04,0.9989020381942836
7557_01,0.17023780335645658
7557_02,0.9965749287407821
7557_03,0.9857031119669074
7558_01,0.047755688738461394
7558_02,0.9945538856012324
7562_01,0.09521033443665815
7564_01,0.08113642650634396
7566_01,0.3735774922491454
7570_01,0.40734289976396104
7570_02,0.007279759833055569
7571_01,0.11924734205694933
7575_01,0.09518551364783515
7581_01,0.44698036074250885
7582_01,0.5049674972193569
7582_02,0.44523246138013556
7582_03,0.44523246138013556
7582_04,0.21596181202237086
7582_05,0.5049674972193569
7587_01,0.4939819691486732
7589_01,0.6752257545325437
7590_01,0.7317129622469638
7591_01,0.5180817115439531
7591_02,0.5156678820658643
7593_01,0.9582679270338053
7597_01,0.5789691670133528
7597_02,0.6373313009349331
7597_03,0.10711256937877657
7597_04,0.4488787057303178
7597_05,0.23187887968248788
7597_06,0.44523246138013556
7597_07,0.1270759171848686
7600_01,0.9747974969889182
7600_02,0.2925559756057313
7602_01,0.9855084740148512
7603_01,0.6496109558706267
7607_01,0.1365402377532737
7610_01,0.6525600930514901
7610_02,0.5845575109421157
7611_01,0.05515732286939998
7611_02,0.0724040518348437
7612_01,0.07896815927898201
7612_02,0.5855368279179252
7613_01,0.9647235182466785
7615_01,0.050231975768289805
7617_01,0.5719670303930194
7619_01,0.6040076754011274
7629_01,0.6061522923698592
7629_02,0.1343922184949389
7629_03,0.6525600930514901
7636_01,0.35563066459394854
7637_01,0.9941803220388609
7637_02,0.050124813034798106
7637_03,0.9941803220388609
7638_01,0.5789691670133528
7642_01,0.989046648111884
7645_01,0.9983602099056371
7648_01,0.610613517941477
7651_01,0.9910288527780661
7653_01,0.08978458577577249
7654_01,0.9744172443021482
7655_01,0.633740842429424
7657_01,0.12687825256200294
7658_01,0.9920023901208596
7659_01,0.1135268877753251
7662_01,0.989046648111884
7663_01,0.7859162161524946
7664_01,0.026118907057280507
7668_01,0.5887252126502673
7672_01,0.0009362104063674058
7673_01,0.18855736164063103
7674_01,0.037951648046354015
7675_01,0.1724899627198773
7681_01,0.4903248722285732
7685_01,0.5855368279179252
7686_01,0.7467499585177851
7695_01,0.3950259679643684
7701_01,0.23590011780792064
7704_01,0.9140759849748615
7706_01,0.9962814044622725
7718_01,0.9966261963383266
7722_01,0.3890059172642588
7725_01,0.9661286730825829
7726_01,0.5789691670133528
7730_01,0.11335151811367312
7732_01,0.15213721175982914
7733_01,0.09869614927084108
7734_01,0.2942327489297762
7735_01,0.05576466043829545
7737_01,0.48750709227097083
7740_01,0.3500251697111964
7740_02,0.44523246138013556
7745_01,0.5677605529503649
7750_01,0.22263880424668867
7756_01,0.9227457983539015
7758_01,0.08161478441895273
7759_01,0.7343864409458792
7762_01,0.07166126803617033
7765_01,0.6040076754011274
7765_02,0.6129135317263446
7765_03,0.6129135317263446
7766_01,0.06497948929041607
7772_01,0.48750709227097083
7779_01,0.45848052239427384
7781_01,0.07874396021103731
7792_01,0.9951209243408594
7792_02,0.9870351393443657
7792_03,0.9951209243408594
7792_04,0.04673631171084185
7792_05,0.9951209243408594
7794_01,0.034781821202378826
7795_01,0.2603813648410955
7795_02,0.4697900716988204
7796_01,0.0629948303234495
7798_01,0.4661737234411736
7798_02,0.6870137831527395
7799_01,0.38201864777076605
7804_01,0.007295422550037991
7807_01,0.6023882098520418
7811_01,0.625113308299416
7814_01,0.3500640655585702
7817_01,0.12524463183070073
7819_01,0.6617022101877202
7822_01,0.25407775194588
7823_01,0.7193860858249198
7825_01,0.0022190664648485455
7825_02,0.9661791391466619
7825_03,0.07081750734935535
7826_01,0.9951209243408594
7827_01,0.9908839706110417
7836_01,0.11231920199268966
7838_01,0.9979090838342045
7844_01,0.06203229406032504
7846_01,0.0005070318368004909
7846_02,0.9963697292212542
7854_01,0.7387896780099505
7855_01,0.13580987453707802
7857_01,0.6023882098520418
7860_01,0.0719023873674036
7862_01,0.5789691670133528
7867_01,0.3630807249038648
7869_01,0.04952102325351154
7874_01,0.21808220070105766
7874_02,0.8607357869077066
7876_01,0.1075070376014108
7880_01,0.9061673801807446
7880_02,0.05996988115454179
7887_01,0.48750709227097083
7893_01,0.9979090838342045
7893_02,0.9991494408914574
7893_03,0.9989020381942836
7893_04,0.9984857035237542
7893_05,0.9974465501801385
7896_01,0.30924655006014845
7898_01,0.3010028077480909
7900_01,0.12865144601497086
7906_01,0.22502257376764173
7909_01,0.11353526706970081
7909_02,0.034244068189865806
7911_01,0.6617022101877202
7912_01,0.06799554014838331
7915_01,0.4664626195319669
7915_02,0.0678920061883747
7915_03,0.4664626195319669
7917_01,0.5789691670133528
7921_01,0.6997284173715399
7921_02,0.02521798419301296
7923_01,0.30070637758907937
7925_01,0.49317961571164204
7927_01,0.5288026992775183
7927_02,0.5049674972193569
7927_03,0.22863798213701245
7928_01,0.47154389895945814
7931_01,0.8080413889765385
7932_01,0.7893316020118248
7933_01,0.9612562948628315
7934_01,0.9902057888778207
7934_02,0.989466408255702
7934_03,0.994039151234234
7938_01,0.01010882699893049
7942_01,0.046034976593805704
7942_02,0.46253013142137067
7948_01,0.06901080529731232
7951_01,0.9887148073231933
7953_01,0.13505163674021756
7956_01,0.23784613722231857
7959_01,0.3925922682155519
7961_01,0.07777866318517938
7963_01,0.9440887408217015
7963_02,0.37398187673558675
7963_03,0.7859162161524946
7964_01,0.9875592085044895
7965_01,0.6129135317263446
7966_01,0.12497455123255839
7969_01,0.7387896780099505
7971_01,0.9951209243408594
7971_02,0.013796785699720919
7975_01,0.9910288527780661
7977_01,0.1792582536255739
7978_01,0.44523246138013556
7978_02,0.07181740957024099
7979_01,0.028578405421857245
7980_01,0.10109330872754896
7991_01,0.0025247683009502904
7991_02,0.3527468349195389
7991_03,0.994420754182369
7991_04,0.9777092892176861
7992_01,0.9452051151395728
7997_01,0.7009864332383835
7998_01,0.9671432450699741
7998_02,0.9982201536741383
7998_03,0.9991494408914574
7998_04,0.9990889070494824
8001_01,0.1755807216574532
8002_01,0.20339956853161598
8008_01,0.08082556108791798
8009_01,0.6083964671582449
8011_01,0.625113308299416
8013_01,0.5441099034342786
8017_01,0.0464863154953415
8022_01,0.4939272966238126
8028_01,0.06774152462026989
8033_01,0.023298619018486982
8039_01,0.9764325909542073
8039_02,0.9647666113771624
8040_01,0.3387453368625725
8041_01,0.04090535120447233
8041_02,0.9911312884463329
8044_01,0.9831490578170905
8045_01,0.16100645985874226
8047_01,0.9911312884463329
8048_01,0.7887705136134077
8051_01,0.7382020389359591
8051_02,0.5855368279179252
8061_01,0.4110536138731655
8061_02,0.48710143653302546
8062_01,0.04781208422375777
8065_01,0.14580517394892947
8070_01,0.14425773523704782
8073_01,0.48750709227097083
8074_01,0.8558268276611142
8080_01,0.9763495193712658
8090_01,0.5789691670133528
8093_01,0.042613793077660576
8095_01,0.10687084298381516
8096_01,0.989046648111884
8099_01,0.6600115837342908
8100_01,0.8605176775465582
8101_01,0.989466408255702
8104_01,0.4933147191381872
8109_01,0.14171247560818548
8110_01,0.08903840900064589
8111_01,0.48968118249833065
8113_01,0.7147827121970876
8113_02,0.6525600930514901
8113_03,0.5268559222299545
8113_04,0.625470135732047
8114_01,0.6048969584608656
8125_01,0.9971481355096896
8125_02,0.9579349522139922
8126_01,0.08973996691263206
8127_01,0.34269175382750566
8132_01,0.04865282230877054
8134_01,0.6259074590565069
8142_01,0.993755171210907
8145_01,0.3988355739360064
8146_01,0.6182723856674952
8151_01,0.10979329216736815
8154_01,0.34931756954754933
8155_01,0.8486305129962111
8160_01,0.15902874654817914
8163_01,0.4664626195319669
8166_01,0.14789428373006933
8169_01,0.7556267448087741
8170_01,0.9763697852113186
8172_01,0.989466408255702
8174_01,0.11121628416393298
8179_01,0.9815309772507386
8180_01,0.06122433882176508
8181_01,0.06366695800731301
8181_02,0.069384952852699
8181_03,0.9936983628193735
8183_01,0.12491011149832591
8184_01,0.07268811568382569
8185_01,0.03768768817927425
8187_01,0.029354507462006886
8188_01,0.1001034773788071
8193_01,0.6752257545325437
8195_01,0.9815309772507386
8196_01,0.041795302740038565
8196_02,0.5855368279179252
8198_01,0.48750709227097083
8201_01,0.972268457501339
8206_01,0.039137050894051985
8215_01,0.9760841319063651
8223_01,0.5855368279179252
8228_01,0.01168824253047779
8230_01,0.07751570992365082
8234_01,0.01563645772649305
8236_01,0.9919391503105338
8240_01,0.9940229563909545
8241_01,0.6129135317263446
8245_01,0.5049674972193569
8245_02,0.4488787057303178
8246_01,0.325224315522478
8249_01,0.27655379590758444
8250_01,0.48750709227097083
8253_01,0.03746661475576312
8256_01,0.33214858936739516
8258_01,0.012527369629798302
8262_01,0.3669846600427903
8263_01,0.15270885323416675
8269_01,0.34530015338600833
8274_01,0.6611645272505643
8278_01,0.6617022101877202
8283_01,0.9838483572040335
8284_01,0.6753464944966113
8284_02,0.6601940127912993
8285_01,0.10404520889829545
8286_01,0.993756591914645
8290_01,0.9871540424419054
8293_01,0.004734237426739985
8296_01,0.989046648111884
8299_01,0.08603144093977355
8304_01,0.08148073883946785
8304_02,0.9965749287407821
8304_03,0.6441184842624041
8305_01,0.9870351393443657
8305_02,0.9968450475961115
8305_03,0.9830555107067239
8308_01,0.010736736840258415
8309_01,0.27517810892645894
8311_01,0.07664483912237954
8312_01,0.989466408255702
8325_01,0.6129135317263446
8325_02,0.08316383495994906
8327_01,0.03680249683030523
8331_01,0.36826928283735644
8337_01,0.25688568359449504
8340_01,0.09036525354090594
8340_02,0.7544036170534284
8340_03,0.018746260750095767
8347_01,0.6023882098520418
8349_01,0.8416871559406905
8350_01,0.019206122747357845
8351_01,0.004063830397427332
8352_01,0.20052776462759886
8353_01,0.09112101438738596
8355_01,0.9966493953503771
8357_01,0.9955915318020523
8357_02,0.9966493953503771
8358_01,0.07188067779369435
8359_01,0.09086107703126084
8361_01,0.0020976802966654303
8361_02,0.0005896265727943706
8361_03,0.9970539250130629
8361_04,0.9967044594755482
8361_05,0.7117810471754665
8364_01,0.6023882098520418
8367_01,0.6641215961415218
8370_01,0.9921658064720543
8370_02,0.0014314276766713466
8372_01,0.993756591914645
8385_01,0.9910288527780661
8385_02,0.06120164276809173
8385_03,0.9914358769863584
8387_01,0.6726319931073369
8389_01,0.7009864332383835
8391_01,0.3698847093232454
8396_01,0.07692650645872974
8399_01,0.21597185547017417
8400_01,0.30686289500703795
8400_02,0.5855368279179252
8400_03,0.0039473091395025245
8402_01,0.9744172443021482
8402_02,0.9841998082835519
8402_03,0.9841998082835519
8408_01,0.7704664525586032
8408_02,0.6547291567430633
8412_01,0.7169826400059621
8413_01,0.6617022101877202
8415_01,0.06290968871019226
8417_01,0.4755096913951624
8422_01,0.09977909758140124
8424_01,0.06430247844067835
8425_01,0.7859162161524946
8425_02,0.5963543491058192
8426_01,0.39514152093501403
8426_02,0.002901498346032814
8428_01,0.5434066537833553
8434_01,0.9772698555799707
8435_01,0.11362389398185924
8436_01,0.07533474989454546
8439_01,0.5789691670133528
8440_01,0.08932119517112241
8440_02,0.9965749287407821
8440_03,0.9917933542303741
8443_01,0.9672810488352187
8443_02,0.12272355931745096
8445_01,0.6772620799366255
8445_02,0.4957866482867215
8445_03,0.6525600930514901
8446_01,0.12633669733313535
8450_01,0.9939985529964347
8450_02,0.12292511935494654
8450_03,0.9917933542303741
8453_01,0.6034009755934177
8455_01,0.2107905243655438
8461_01,0.3418028021545375
8464_01,0.011429565720557974
8464_02,0.9875592085044895
8473_01,0.44523246138013556
8473_02,0.027811456274825463
8478_01,0.6040076754011274
8478_02,0.05355986675965784
8484_01,0.9875592085044895
8485_01,0.555547879355323
8488_01,0.6846859027821333
8490_01,0.05522587754588297
8496_01,0.17013172650446295
8497_01,0.4110536138731655
8498_01,0.19293927786463555
8499_01,0.6772620799366255
8501_01,0.6753464944966113
8505_01,0.021231633461902325
8507_01,0.4405411734352362
8510_01,0.153095964753574
8510_02,0.9923479906175207
8513_01,0.05834551458030644
8515_01,0.22653666800279823
8517_01,0.2325839310275311
8517_02,0.8848485521090237
8518_01,0.6129135317263446
8519_01,0.4766659552963212
8520_01,0.16596671701409288
8520_02,0.5268559222299545
8525_01,0.9779136411679412
8525_02,0.9936138855957595
8526_01,0.04206621188707253
8526_02,0.792200244763872
8527_01,0.6600115837342908
8529_01,0.13612635993076483
8531_01,0.5789691670133528
8532_01,0.08069360873650404
8533_01,0.4503848865938279
8534_01,0.5268559222299545
8534_02,0.7147827121970876
8534_03,0.6129135317263446
8534_04,0.2181268315263265
8538_01,0.015581391244842075
8543_01,0.5976427815251633
8543_02,0.6772620799366255
8543_03,0.3520483980952526
8543_04,0.059434803653672895
8543_05,0.21107661097465788
8543_06,0.12434941121511764
8543_07,0.6753464944966113
8543_08,0.07141766890330078
8546_01,0.7387896780099505
8547_01,0.06470820137854728
8550_01,0.07004532468483357
8553_01,0.057435452395014484
8555_01,0.5903678604553971
8555_02,0.3965728958084326
8555_03,0.5973371874872608
8558_01,0.5855368279179252
8562_01,0.21013315544788097
8563_01,0.06008937894208521
8564_01,0.14116536697870719
8565_01,0.5855368279179252
8565_02,0.6525600930514901
8565_03,0.09738305419224456
8567_01,0.002008170541212516
8567_02,0.0025660248201623144
8567_03,0.04750926717133946
8568_01,0.9855084740148512
8568_02,0.9811663710359668
8575_01,0.4217157311495049
8576_01,0.9916362744302569
8578_01,0.12658119779227237
8579_01,0.9963697292212542
8582_01,0.6617022101877202
8583_01,0.9910288527780661
8583_02,0.9965749287407821
8590_01,0.005805997432868143
8591_01,0.6414820129017172
8593_01,0.021978287004276075
8600_01,0.6617022101877202
8601_01,0.08672110981020978
8608_01,0.6752257545325437
8621_01,0.8224955839671159
8622_01,0.08995145883192901
8625_01,0.10192061230862935
8627_01,0.22113978642306953
8630_01,0.57708244951644
8632_01,0.5789691670133528
8632_02,0.5049674972193569
8647_01,0.989466408255702
8648_01,0.5947206221821159
8648_02,0.1454488768701382
8648_03,0.48750709227097083
8649_01,0.08683117455724568
8651_01,0.1501745457175727
8652_01,0.11250264506518436
8655_01,0.02877495115399199
8660_01,0.5923144451037046
8662_01,0.5404897256931125
8665_01,0.5789691670133528
8666_01,0.6129135317263446
8676_01,0.5558447456337938
8677_01,0.10690394022468305
8677_02,0.8378348322547907
8677_03,0.9389284639140528
8678_01,0.7570524163409689
8678_02,0.628918274021493
8679_01,0.48750709227097083
8682_01,0.01593929128669222
8686_01,0.7668649054929397
8689_01,0.5049674972193569
8690_01,0.022828936418623238
8690_02,0.8098992964390357
8692_01,0.9934150055605837
8692_02,0.0030778690946686314
8692_03,0.9841998082835519
8697_01,0.6772620799366255
8698_01,0.6139856217239272
8699_01,0.555547879355323
8702_01,0.08619188920612048
8705_01,0.9939985529964347
8706_01,0.055236043480361326
8707_01,0.0798861770648601
8711_01,0.28470981663776024
8713_01,0.0469492481442141
8713_02,0.9911312884463329
8715_01,0.5789691670133528
8718_01,0.09901805688239812
8724_01,0.00015228298393623292
8725_01,0.6040076754011274
8726_01,0.989046648111884
8730_01,0.01995698232619434
8731_01,0.05894135772172175
8737_01,0.9850271120090546
8738_01,0.4488787057303178
8739_01,0.0022005249592535864
8740_01,0.23551502052171816
8742_01,0.06660110650147813
8745_01,0.09243687582553745
8746_01,0.7009864332383835
8747_01,0.9875592085044895
8747_02,0.16292324065247504
8748_01,0.252521036575719
8748_02,0.15858459198886246
8756_01,0.0029825857322345562
8758_01,0.07192733402649772
8758_02,0.6747478047612989
8761_01,0.06584700955157644
8763_01,0.016082838537254267
8763_02,0.24231151389970493
8763_03,0.5947206221821159
8765_01,0.014228711371604863
8767_01,0.0025222432760152683
8767_02,0.0003085795711024164
8768_01,0.30991407827443446
8768_02,0.842637348648909
8768_03,0.10824466410073733
8775_01,0.8537798636732369
8777_01,0.034761308245510415
8778_01,0.98621922264545
8778_02,0.997177377895758
8784_01,0.2854504921377158
8788_01,0.04287764927310646
8792_01,0.25145926773806887
8793_01,0.030305343977924185
8793_02,0.9919670368438513
8793_03,0.9934150055605837
8793_04,0.003173273401021863
8793_05,0.9815309772507386
8795_01,0.40954481263025294
8800_01,0.5049674972193569
8800_02,0.44523246138013556
8800_03,0.44523246138013556
8800_04,0.8127247367018233
8800_05,0.46348657095386975
8803_01,0.6600115837342908
8804_01,0.988783151625047
8804_02,0.9931410335009321
8804_03,0.9888573152728114
8804_04,0.2890989903610103
8804_05,0.03661533466067076
8810_01,0.04111218751433355
8814_01,0.5789691670133528
8829_01,0.9296385148556381
8832_01,0.15375429084067327
8837_01,0.07929232449651394
8839_01,0.8447444013151243
8839_02,0.13497542682519229
8846_01,0.00359708798509659
8846_02,0.4236770374161863
8847_01,0.5789691670133528
8851_01,0.7859162161524946
8855_01,0.030525254515088446
8857_01,0.7387896780099505
8859_01,0.08243809144665323
8866_01,0.5894931422139329
8870_01,0.9923479906175207
8870_02,0.027320294281234725
8873_01,0.2989360997197469
8873_02,0.0013777791240262263
8873_03,0.9746424967015401
8875_01,0.9944105648448524
8875_02,0.018827154425166203
8875_03,0.993756591914645
8877_01,0.9841998082835519
8877_02,0.9864854154477605
8879_01,0.48750709227097083
8882_01,0.06458233936667719
8887_01,0.7429542618155183
8888_01,0.11261442456127745
8893_01,0.9934150055605837
8893_02,0.9925422705859898
8895_01,0.9744172443021482
8895_02,0.004495998692276981
8898_01,0.24314075599420942
8908_01,0.7009864332383835
8909_01,0.36551985436641027
8911_01,0.6651784471543823
8912_01,0.5903678604553971
8913_01,0.4488787057303178
8913_02,0.5049674972193569
8913_03,0.5973371874872608
8914_01,0.41983539479939536
8915_01,0.09645021337577303
8916_01,0.4488787057303178
8917_01,0.6129135317263446
8921_01,0.9647235182466785
8924_01,0.9971481355096896
8925_01,0.953972511646658
8925_02,0.965812371983774
8925_03,0.9925422705859898
8925_04,0.9986590822092059
8925_05,0.9744172443021482
8925_06,0.0753507072581947
8927_01,0.9273505381643383
8929_01,0.18269035924651358
8931_01,0.049712819611683175
8933_01,0.1075070376014108
8934_01,0.00043566108962421013
8935_01,0.7718399203796098
8936_01,0.026970374470211465
8943_01,0.0787396772834773
8946_01,0.9967691509679012
8949_01,0.06412989000926007
8950_01,0.03950612744595258
8951_01,0.00020944829741866618
8952_01,0.32326444417781774
8953_01,0.16954685466463068
8957_01,0.08832668253097212
8958_01,0.48750709227097083
8960_01,0.5268559222299545
8960_02,0.08539858515271398
8960_03,0.6040076754011274
8962_01,0.17629295995667446
8963_01,0.9810704264910066
8965_01,0.14339325795110944
8971_01,0.6337840931681745
8974_01,0.9930344478034487
8979_01,0.36216816662425355
8980_01,0.18243029433295602
8980_02,0.003092920716352106
8980_03,0.9205584540826885
8980_04,0.015816208227280536
8980_05,0.019072886906449923
8980_06,0.927754465666443
8980_07,0.9205584540826885
8984_01,0.07655266236064186
8990_01,0.4117124016965214
8991_01,0.5667942212095549
8994_01,0.02332977198402767
8994_02,0.997177377895758
8995_01,0.011286156347137217
9000_01,0.0709799770482754
9002_01,0.023626280422830614
9005_01,0.6129135317263446
9016_01,0.056547343524631456
9016_02,0.027677122732711036
9016_03,0.0005853752299507019
9016_04,0.9963697292212542
9016_05,0.01527213336959908
9017_01,0.5855368279179252
9022_01,0.10506644700106046
9022_02,0.7383097393548747
9022_03,0.23830032608772247
9025_01,0.08244846136736399
9025_02,0.6040076754011274
9027_01,0.053037250496695526
9033_01,0.5963543491058192
9039_01,0.48750709227097083
9040_01,0.002413070830276373
9044_01,0.1545667163073733
9045_01,0.2680866985988902
9045_02,0.1340148045445863
9047_01,0.37522937644270116
9050_01,0.5789691670133528
9051_01,0.08166989348613536
9053_01,0.9881629951233929
9053_02,0.9941372711503063
9054_01,0.7570524163409689
9055_01,0.16037731746068273
9056_01,0.20516676052220323
9058_01,0.04078702595020414
9062_01,0.056739626520108916
9062_02,0.7398287490680163
9063_01,0.9951209243408594
9065_01,0.989466408255702
9067_01,0.04602521009617235
9067_02,0.6040076754011274
9070_01,0.22718571615207883
9070_02,0.4104450958341619
9082_01,0.04198798077127375
9083_01,0.98621922264545
9083_02,0.3387453368625725
9086_01,0.6129135317263446
9086_02,0.32448286738164306
9087_01,0.13091498334841306
9088_01,0.9951027207672573
9090_01,0.011576745761642318
9091_01,0.98621922264545
9092_01,0.04644564855138638
9093_01,0.0003819245167660398
9095_01,0.056626479255345336
9096_01,0.6129135317263446
9096_02,0.6772620799366255
9100_01,0.00530769497392652
9102_01,0.9875592085044895
9105_01,0.48750709227097083
9109_01,0.4488787057303178
9113_01,0.9923479906175207
9117_01,0.0868408329674339
9121_01,0.988783151625047
9123_01,0.9890301292710157
9133_01,0.48750709227097083
9135_01,0.06695635898473278
9138_01,0.17416331866370013
9143_01,0.011809590227214922
9143_02,0.20902619469904807
9143_03,0.141015306886934
9146_01,0.06140366501258985
9146_02,0.1331075842777
9146_03,0.9914271033213987
9147_01,0.48750709227097083
9153_01,0.23452401892521657
9154_01,0.6617022101877202
9155_01,0.1062224040005781
9155_02,0.09047004692000728
9155_03,0.9837115859002021
9155_04,0.9811321612700619
9162_01,0.972268457501339
9162_02,0.005128665860341386
9162_03,0.008343403404408948
9166_01,0.9854913817715482
9171_01,0.491529967185648
9177_01,0.9941828436081732
9177_02,0.9930344478034487
9182_01,0.10134942507544067
9187_01,0.6438636308619551
9187_02,0.038670425710591046
9191_01,0.5963543491058192
9198_01,0.029839529178988997
9200_01,0.6402558220848295
9204_01,0.24890497633912864
9206_01,0.9930073756133166
9206_02,0.011208847659280017
9206_03,0.9951209243408594
9207_01,0.9800752151846998
9209_01,0.2747112076100524
9210_01,0.29402500889882816
9212_01,0.08021147496366396
9212_02,0.48968118249833065
9214_01,0.007003568321819735
9215_01,0.9142191655949145
9216_01,0.08698666764698827
9223_01,0.9571493749610248
9223_02,0.9672810488352187
9228_01,0.21195860590881485
9229_01,0.2114073013591621
9232_01,0.0614749452927303
9236_01,0.37635383620747775
9238_01,0.2950829793698242
9238_02,0.23507770619443494
9238_03,0.5550829577410364
9238_04,0.10906868563449192
9238_05,0.49019436135703276
9238_06,0.15559542384447425
9238_07,0.6008746201788496
9240_01,0.6467277461926664
9243_01,0.8419410018999809
9245_01,0.1100752369299354
9249_01,0.3109719171114856
9255_01,0.7837248566968523
9258_01,0.9384605895066572
9260_01,0.23507770619443494
9262_01,0.5472814378387207
9263_01,0.5963543491058192
9265_01,0.9731059278326044
9266_01,0.4803096386793934
9266_02,0.5855368279179252
9269_01,0.16790424685578978
9271_01,0.9386585168965775
9273_01,0.7947397830048208
9277_01,0.6547291567430633
