PassengerId,proba
0013_01,0.4931575606112628
0018_01,0.000512972596119787
0019_01,0.9989629058376499
0021_01,0.9991298087293744
0023_01,0.4496529594675925
0027_01,0.6270949169105584
0029_01,0.9961569843209811
0032_01,0.9919931861065211
0032_02,0.997084588709453
0033_01,0.7022697904305962
0037_01,0.10499509834647297
0040_01,0.1017156983354613
0040_02,0.7445042529439091
0042_01,0.30095197989928446
0046_01,0.002257435553571094
0046_02,0.03764398876336238
0046_03,0.2644572412071755
0047_01,0.997994989658376
0047_02,0.9881424811152675
0047_03,0.0009644015156035344
0048_01,0.3656602073585699
0049_01,0.01662905010086732
0054_01,0.9908763362356493
0054_02,0.9786256307114181
0054_03,0.6748008953544495
0055_01,0.009466894983416517
0057_01,0.9997529421844071
0059_01,0.6027236121636961
0060_01,0.37597805481316526
0063_01,0.6114074816245492
0065_01,0.4931575606112628
0075_01,0.04896451167406395
0079_01,0.47058240591731065
0080_01,0.37862751514606346
0083_01,0.03578998117479427
0087_01,0.12659367752776735
0089_01,0.9895908402464848
0093_01,0.8209374446687662
0094_01,0.46198247416532034
0094_02,0.06142594496557155
0095_01,0.7976003131825714
0096_01,0.020666342712699806
0100_01,0.7971188355382192
0100_02,0.5126944186504143
0104_01,0.01907253256376936
0106_01,0.829514270789521
0109_01,0.01718892402343538
0117_01,0.06221699310410185
0118_01,0.3258655212735287
0121_01,0.07085687783840573
0124_01,0.7476124304480612
0125_01,0.9961569843209811
0125_02,0.00533042694134694
0130_01,0.7476124304480612
0131_01,0.19203606397449735
0132_01,0.9950514368492311
0135_01,0.053696809599335135
0137_01,0.4931575606112628
0142_01,0.9948349367806525
0142_02,0.02619494123826328
0142_03,0.9927648117797727
0143_01,0.9397329793800522
0145_01,0.06941358807884897
0150_01,0.9269244021373781
0150_02,0.9841642643296956
0153_01,0.12461416034654194
0154_01,0.6667331363417743
0155_01,0.036492932924760454
0156_01,0.9205744841205836
0157_01,0.02148532772449488
0158_01,0.007467491242543507
0158_02,0.536087851430525
0159_01,0.04323329903534537
0161_01,0.09606947196611137
0162_01,0.9905580762519923
0166_01,0.6626134286047745
0168_01,0.9980448853915147
0175_01,0.5772694276256156
0175_02,0.6782470052714262
0175_03,0.5772694276256156
0175_04,0.4223364002114908
0175_05,0.5126944186504143
0176_01,0.1789511737308982
0180_01,0.02492858979468758
0184_01,0.09798394577436546
0185_01,0.7860547193475939
0187_01,0.9923077852937798
0191_01,0.09312311243489614
0194_01,0.9853106526311611
0194_02,0.9966418057202231
0194_03,0.0009372853989689678
0204_01,0.00936544729102021
0208_01,0.18583849238887262
0209_01,0.00043061469477313503
0214_01,0.005658158033309155
0214_02,0.10597384934345638
0215_01,0.4223364002114908
0218_01,0.015267775855791515
0226_01,0.9804115239311847
0227_01,0.21950004635448425
0228_01,0.9959270501209555
0228_02,0.9923645922492689
0228_03,0.9992016376059633
0228_04,0.00048117666043986565
0230_01,0.7875762402697298
0230_02,0.0487715773084573
0235_01,0.4223364002114908
0236_01,0.9848129804922212
0238_01,0.03840375812384005
0247_01,0.9958795205183684
0247_02,0.9985829777990437
0249_01,0.1095195711833945
0256_01,0.6351173353441187
0259_01,0.9656044906041742
0262_01,0.013014938508376546
0264_01,0.9991323699940022
0264_02,0.9959270501209555
0264_03,0.0024536842050685726
0266_01,0.163687081492898
0266_02,0.009470678401762486
0268_01,0.008183478464057361
0268_02,0.18789645061647897
0271_01,0.20450019498335473
0272_01,0.016242056878181154
0273_01,0.992951013458017
0273_02,0.9880781442946157
0273_03,0.021041854746263956
0274_01,0.0006837795576479089
0274_02,0.39675385231113247
0276_01,0.001427122064411324
0276_02,0.9975690321471081
0279_01,0.20053363682361736
0280_01,0.2596614922267977
0284_01,0.802473487942014
0292_01,0.03540091607095355
0293_01,0.9835682725604106
0295_01,0.07518751040363694
0296_01,0.4372879922303292
0299_01,0.026521203278788083
0300_01,0.002484972848333069
0308_01,0.7649445271273004
0311_01,0.8900639625246966
0312_01,0.4223364002114908
0317_01,0.15539747536496443
0318_01,0.513256951201114
0319_01,0.010521564419372352
0319_02,0.9917689361582172
0323_01,0.7530600258182077
0325_01,0.7740766004967863
0328_01,0.62040935933217
0329_01,0.9908763362356493
0332_01,0.4223364002114908
0335_01,0.21580246557957491
0339_01,0.22334702558739064
0339_02,0.018762310495555167
0339_03,0.4268632392857842
0339_04,0.7931612976803959
0339_05,0.6062205360184032
0339_06,0.03715319904522602
0339_07,0.02283959634208007
0339_08,0.10785157171965859
0342_01,0.9125789172986186
0342_02,0.4446620227761783
0344_01,0.9821808989096801
0344_02,0.003727147307974137
0349_01,0.0001694340854290012
0349_02,0.9074461134922963
0349_03,0.019546335168573497
0349_04,0.9365454598265514
0349_05,0.0629462200781802
0349_06,0.042371912458773045
0351_01,0.9932377034660699
0353_01,0.5772694276256156
0353_02,0.513256951201114
0354_01,0.6420552662463832
0362_01,0.7069806871615572
0363_01,0.1860553542636027
0363_02,0.7142582248781036
0363_03,0.6737778565590944
0364_01,0.9448184871117411
0364_02,0.005914931231316156
0366_01,0.4931575606112628
0367_01,0.00041626042066069936
0374_01,0.24232799043633535
0374_02,0.06828014149388051
0386_01,0.05676620663543209
0390_01,0.6514177473790875
0393_01,0.0007972702743557354
0394_01,0.8996248844518064
0399_01,0.7591116604762601
0400_01,0.9891153000218836
0404_01,0.9923366623245952
0406_01,0.5220112954611257
0414_01,0.002675678540583936
0416_01,0.6442841618767321
0418_01,0.37074318101842296
0419_01,0.5945857740582667
0419_02,0.7649445271273004
0419_03,0.5933006340004506
0420_01,0.1262295941970001
0421_01,0.998491473689175
0422_01,0.011900519904669915
0424_01,0.10630836265962902
0426_01,0.16374264691741847
0440_01,0.015557187921821458
0443_01,0.32004822257535487
0450_01,0.12062310811008595
0451_01,0.9989629058376499
0455_01,0.14840584966897288
0464_01,0.4931575606112628
0467_01,0.9383399089660802
0467_02,0.9383399089660802
0467_03,0.9710314247671771
0467_04,0.995837186280875
0469_01,0.9445496837503576
0473_01,0.1007693829585986
0478_01,0.00011420731320230868
0478_02,0.995397650148599
0479_01,0.9992016376059633
0483_01,0.9845327478740606
0483_02,0.8342304284773423
0484_01,0.9955965641229206
0486_01,0.74297750391701
0489_01,0.1426646359008759
0489_02,0.9969467552047785
0491_01,0.9059783488107952
0492_01,0.07290088093540661
0493_01,0.47058240591731065
0494_01,0.9967082674506991
0494_02,0.3110521064379566
0495_01,0.46198247416532034
0495_02,0.46198247416532034
0495_03,0.5340666151069071
0495_04,0.42689270127524376
0495_05,0.00029870105475548797
0495_06,0.2867630483474319
0496_01,0.6782470052714262
0496_02,0.7649445271273004
0497_01,0.9880781442946157
0505_01,0.0628500189368782
0508_01,0.03374020133687955
0509_01,0.5350013741858116
0511_01,0.0020022370725645577
0514_01,0.7591116604762601
0524_01,0.9894691571486074
0526_01,0.5933006340004506
0530_01,0.0037747048908600574
0530_02,0.0008115885506505356
0530_03,0.9993379238818125
0532_01,0.016901065776574384
0532_02,0.9979746748166733
0535_01,0.9347672086253196
0536_01,0.007352376909751516
0536_02,0.009287526046968465
0541_01,0.9959270501209555
0543_01,0.5933006340004506
0544_01,0.9998535750914541
0554_01,0.007323421315806095
0557_01,0.9932377034660699
0557_02,0.9880781442946157
0558_01,0.8470436902464737
0562_01,0.4631896279470049
0562_02,0.9945307410749991
0574_01,0.0017392040131463098
0578_01,0.5340666151069071
0578_02,0.2788344203015303
0584_01,0.4223364002114908
0584_02,0.005184967814478337
0592_01,0.6569509715937211
0595_01,0.47058240591731065
0601_01,0.4154570620127813
0604_01,0.8732760035135944
0605_01,0.05872832243325173
0606_01,0.6667331363417743
0613_01,0.9841642643296956
0613_02,0.9812021409323234
0616_01,0.017245555565936033
0617_01,0.06768448846282782
0620_01,0.012948995318387436
0620_02,0.9409024623618881
0620_03,0.9802238287696557
0621_01,0.008083149889727774
0622_01,0.00025915039631742445
0624_01,0.9925599089005258
0625_01,0.9967447858456799
0625_02,0.993777282236848
0625_03,0.9923077852937798
0626_01,0.9991248332874051
0626_02,0.9975690321471081
0626_03,0.9581939807482559
0627_01,0.9133967780673945
0632_01,0.11693701451654775
0632_02,0.7885787717291427
0632_03,0.7591116604762601
0640_01,0.9753715534806718
0640_02,0.9958795205183684
0648_01,0.0359288664407792
0648_02,0.008954372447252118
0649_01,0.5126944186504143
0651_01,0.9845327478740606
0652_01,0.611187464022013
0652_02,0.42689270127524376
0652_03,0.42689270127524376
0652_04,0.03736489442711656
0652_05,0.6094653380142223
0654_01,0.9320271154873305
0662_01,0.677684794817647
0666_01,0.6289553429788552
0666_02,0.3989997108726039
0667_01,0.030042356036732706
0670_01,0.07640778067762849
0670_02,0.0560778961801112
0673_01,0.7217077720819832
0675_01,0.5146350480554197
0676_01,0.12344528693978792
0681_01,0.4223364002114908
0692_01,0.9729731535106969
0694_01,0.4181641191527788
0695_01,0.6223589763511663
0698_01,0.02228035467796126
0700_01,0.08148591349870858
0706_01,0.7931612976803959
0708_01,0.9832574023122891
0708_02,0.9970074535851937
0711_01,0.05955962612075124
0716_01,0.1296507769628707
0717_01,0.9808366001830368
0717_02,0.8580957011570435
0717_03,0.9808366001830368
0717_04,0.9808366001830368
0717_05,0.0036733265929934414
0717_06,0.09975674107797565
0717_07,0.9967853520138719
0720_01,0.9895908402464848
0720_02,0.21580246557957491
0720_03,0.011069680175975536
0721_01,0.33167105864955776
0722_01,0.3700210952960481
0723_01,0.0018997267675579742
0725_01,0.513256951201114
0730_01,0.7439919274554767
0731_01,0.0657120099566827
0731_02,0.3834003531059559
0735_01,0.10099358071240853
0739_01,0.5032559996745174
0741_01,0.8652986535668723
0742_01,0.02504904274876488
0742_02,0.9895908402464848
0744_01,0.9992016376059633
0745_01,0.014137736339182921
0747_01,0.008529321178611366
0748_01,0.9916820762477234
0748_02,0.0014232214244613388
0749_01,0.9969467552047785
0751_01,0.9895908402464848
0752_01,0.4931575606112628
0755_01,0.9727504045450946
0758_01,0.9972792399636754
0758_02,0.9847338016489449
0758_03,0.014085559032178072
0759_01,0.9942403144400175
0759_02,0.005455555988107359
0759_03,0.9821808989096801
0760_01,0.21265986681248333
0763_01,0.9980448853915147
0763_02,0.152599678739029
0766_01,0.4335692522196678
0774_01,0.9122397896006378
0774_02,0.000356381050106028
0774_03,0.665843330119184
0775_01,0.9905675557147006
0775_02,0.996054896674615
0775_03,0.9979191259400617
0775_04,0.009776524266707378
0775_05,0.9994074474924687
0775_06,0.9981844020231774
0778_01,0.9970943648818092
0778_02,0.9919241166187486
0780_01,0.987293515510458
0783_01,0.034781081269317476
0792_01,0.7649445271273004
0800_01,0.0015065660477999931
0801_01,0.9969467552047785
0803_01,0.508619374058593
0804_01,0.9966418057202231
0807_01,0.0021063453690391924
0810_01,0.19275401393336233
0812_01,0.4335692522196678
0814_01,0.020629845750935818
0821_01,0.9770552797056256
0827_01,0.012794183476055713
0827_02,0.5927449393860468
0827_03,0.987893918803406
0831_01,0.01446362422436398
0832_01,0.7649445271273004
0837_01,0.9845327478740606
0837_02,0.005383341508402302
0838_01,0.3001030068985128
0838_02,0.06462244702816916
0841_01,0.009714762752959964
0842_01,0.3001030068985128
0843_01,0.4446620227761783
0844_01,0.5690793257670467
0847_01,0.04501519233496388
0852_01,0.9916405365051697
0854_01,0.5491675070438111
0855_01,0.9313615498234775
0856_01,0.12712221655602512
0857_01,0.9922159015804202
0858_01,0.2660182421816615
0858_02,0.9880781442946157
0861_01,0.1843348063729221
0862_01,0.4223364002114908
0864_01,0.003799283214495624
0864_02,0.993777282236848
0864_03,0.9948349367806525
0866_01,0.9848129804922212
0872_01,0.02132515598324544
0880_01,0.6562020553356531
0880_02,0.30095197989928446
0882_01,0.9682832995856527
0884_01,0.041597887305084486
0884_02,0.4901297942369569
0886_01,0.08149049101359036
0886_02,0.9936233809295254
0886_03,0.995850604216832
0887_01,0.00010327695020052432
0887_02,0.003522868939060793
0888_01,0.04936196384570435
0888_02,0.1010897743189671
0891_01,0.9908332151684585
0892_01,0.9979191259400617
0892_02,0.9989887070389161
0892_03,0.9993607607217209
0894_01,0.9993607607217209
0895_01,0.2639082454323355
0896_01,0.21984397775004255
0897_01,0.9992016376059633
0897_02,0.9975690321471081
0900_01,0.513256951201114
0908_01,0.46198247416532034
0909_01,0.005694171677410828
0909_02,0.9948349367806525
0909_03,0.9895908402464848
0914_01,0.0015295330080958237
0916_01,0.18317659704766795
0917_01,0.4144577007920351
0920_01,0.000908635885292157
0929_01,0.12060787447845137
0934_01,0.03182610991441669
0936_01,0.2560498448657492
0937_01,0.323806469676933
0943_01,0.9932377034660699
0943_02,0.995850604216832
0943_03,0.03045376388919876
0945_01,0.013997311045829929
0945_02,0.03544519257660671
0948_01,0.05476924671479028
0950_01,0.9895908402464848
0954_01,0.828214957784208
0958_01,0.211918695759296
0959_01,0.45893754597782077
0962_01,0.9850010747915909
0963_01,0.994089593989374
0967_01,0.11496095490263997
0973_01,0.10725934080944075
0974_01,0.008392305423962278
0977_01,0.49633232848696085
0980_01,0.26718961311527906
0981_01,0.1651064983510678
0981_02,0.4160387868523554
0986_01,0.0007206055888145027
0986_02,0.9967853520138719
0996_01,0.14816924331933362
0999_01,0.513256951201114
0999_02,0.852141733876771
1003_01,0.023167702981720047
1007_01,0.0038885241510861397
1009_01,0.001370311361335939
1010_01,0.9938836589067909
1016_01,0.000344139682839627
1021_01,0.19344056432795048
1023_01,0.9916820762477234
1028_01,0.6751439089407731
1037_01,0.47058240591731065
1039_01,0.03916726862702433
1042_01,0.16689257259711548
1044_01,0.9030417173102705
1050_01,0.4223364002114908
1055_01,0.2577679332760891
1059_01,0.9966418057202231
1059_02,0.995397650148599
1061_01,0.995397650148599
1064_01,0.268299777361972
1064_02,0.6782470052714262
1067_01,0.10734860964254618
1069_01,0.995424258553383
1070_01,0.6179774263237714
1072_01,0.5948907226711176
1072_02,0.4223364002114908
1072_03,0.5893291552236007
1072_04,0.2865304772200867
1072_05,0.05292782461089263
1072_06,0.15040803605676467
1072_07,0.6062205360184032
1072_08,0.5933006340004506
1073_01,0.041238897250499805
1074_01,0.7142582248781036
1074_02,0.8230088482301239
1081_01,0.5081438248178691
1087_01,0.8968679179858712
1090_01,0.9975690321471081
1090_02,0.002186876557824844
1092_01,0.6062205360184032
1098_01,0.11618999338880605
1101_01,0.6068153243706021
1103_01,0.21867077012073086
1104_01,0.9989887070389161
1106_01,0.01230882944037073
1106_02,0.9945307410749991
1107_01,0.009095496008831394
1109_01,0.3855904473442577
1111_01,0.6866493768265169
1111_02,0.46198247416532034
1111_03,0.7593201910105205
1118_01,0.2543797090633526
1118_02,0.9986943969435249
1118_03,0.9905675557147006
1118_04,0.8318360180697935
1118_05,0.0025662944326490197
1119_01,0.026680014490131083
1119_02,0.9916820762477234
1120_01,0.9941143590239204
1122_01,0.7591116604762601
1124_01,0.9983042559159998
1124_02,0.9783450142937685
1124_03,0.9853171617969771
1125_01,0.019637193559708273
1125_02,0.5933006340004506
1126_01,0.9895908402464848
1128_01,0.9970074535851937
1128_02,0.9269244021373781
1131_01,0.999173286959194
1135_01,0.0012754049983109924
1135_02,0.9989803667157228
1135_03,0.00020911461180411056
1135_04,0.9995705986402498
1137_01,0.09297136285116488
1137_02,0.29900542836202204
1138_01,0.9999014782313473
1139_01,0.513256951201114
1143_01,0.7469921111537788
1145_01,0.9934635801838482
1145_02,0.4649508228443077
1145_03,0.011437620716320988
1145_04,0.9934635801838482
1151_01,0.7723023755568377
1157_01,0.28052489293260396
1158_01,0.30095197989928446
1158_02,0.3001030068985128
1159_01,0.49633232848696085
1159_02,0.2867630483474319
1159_03,0.49633232848696085
1160_01,0.4657547159838105
1164_01,0.3013497887988135
1171_01,0.012318531553203388
1172_01,0.9945307410749991
1176_01,0.36533397058320594
1181_01,0.08969280773698515
1183_01,0.9853106526311611
1183_02,0.33975915778436583
1183_03,0.9966418057202231
1184_01,0.9980705561162847
1184_02,0.9753258292817663
1189_01,0.02510459143771219
1194_01,0.017751682596216543
1196_01,0.021354625644162902
1196_02,0.04289625445336333
1200_01,0.9993607607217209
1201_01,0.0001343079143147688
1201_02,0.8821094676243527
1202_01,0.028273596405586007
1204_01,0.3880662706930721
1205_01,0.16393177739629972
1207_01,0.42689270127524376
1207_02,0.6094653380142223
1207_03,0.46198247416532034
1207_04,0.3875824759672674
1209_01,0.08014977594334492
1209_02,0.24220037901289898
1217_01,0.9933948597830944
1217_02,0.9919931861065211
1219_01,0.01877628675781428
1219_02,0.9991248332874051
1224_01,0.993777282236848
1224_02,0.895713475498023
1226_01,0.9916820762477234
1226_02,0.993777282236848
1227_01,0.9416808948346366
1237_01,0.22176560143749688
1241_01,0.02223212136136437
1244_01,0.9969467552047785
1245_01,0.5340666151069071
1247_01,0.995850604216832
1249_01,0.041615672249510925
1251_01,0.9754151678140911
1252_01,0.11342661387890378
1253_01,0.006523735103343118
1257_01,0.9983042559159998
1257_02,0.9986943969435249
1257_03,0.9991979669335705
1257_04,0.9979278608111326
1262_01,0.6782470052714262
1262_02,0.04677496451279271
1265_01,0.7591116604762601
1266_01,0.00903351873274145
1268_01,0.9917689361582172
1270_01,0.999954122756452
1272_01,0.07404626735563194
1275_01,0.09210681463943216
1276_01,0.21580246557957491
1277_01,0.22306407480358492
1290_01,0.01498682929324157
1296_01,0.04061555649005484
1297_01,0.9865857469508005
1298_01,0.2867630483474319
1301_01,0.598269448137896
1301_02,0.46198247416532034
1301_03,0.4931575606112628
1303_01,0.4119394142293182
1305_01,0.8349437587098906
1313_01,0.698870981328031
1314_01,0.014367507489559528
1315_01,0.706280104881675
1318_01,0.9945762101844369
1319_01,0.0007002071073411825
1319_02,0.022843707668083673
1320_01,0.513256951201114
1320_02,0.5772694276256156
1320_03,0.5772694276256156
1321_01,0.5210254961702743
1321_02,0.9945307410749991
1321_03,0.015586855957937752
1321_04,0.28621568641637507
1327_01,0.4223364002114908
1329_01,0.02093615132350896
1334_01,0.4083855340639105
1338_01,0.9966418057202231
1338_02,0.9853106526311611
1339_01,0.5340666151069071
1341_01,0.06315870785594138
1341_02,0.5340666151069071
1341_03,0.42718630998792945
1343_01,0.0006032918734917761
1343_02,0.59372530445417
1343_03,0.026668602999554137
1344_01,0.3839750622342167
1346_01,0.5081438248178691
1349_01,0.47058240591731065
1349_02,0.6472399995923652
1354_01,0.03344115019756154
1354_02,0.21580246557957491
1354_03,0.9957153473870466
1354_04,0.9859780938265879
1354_05,0.9895908402464848
1354_06,0.9945307410749991
1354_07,0.948115445224329
1358_01,0.9880781442946157
1358_02,0.05071087091209181
1359_01,0.017169073405661397
1361_01,0.9895908402464848
1361_02,0.027815273332001615
1363_01,0.19815818194038975
1364_01,0.10956064149673593
1364_02,0.787177203892431
1367_01,0.513256951201114
1369_01,0.7404333404312684
1369_02,0.4446620227761783
1369_03,0.9924960747009298
1372_01,0.5933006340004506
1373_01,0.733668678176733
1374_01,0.9991248332874051
1388_01,0.49633232848696085
1392_01,0.03416849626355462
1394_01,0.4181641191527788
1396_01,0.8858433669016075
1405_01,0.39350430402029507
1409_01,0.06747568373645946
1409_02,0.5210254961702743
1411_01,0.4529214832887839
1418_01,0.8170912063728544
1422_01,0.9777343055031134
1422_02,0.00018505081468460336
1422_03,0.0001508310576089675
1429_01,0.3454357729967433
1432_01,0.13643574523736227
1432_02,0.010472155254614212
1436_01,0.6458416780212908
1437_01,0.034659842932072235
1441_01,0.02511487762997102
1446_01,0.02387257019884838
1448_01,0.07111755789362967
1449_01,0.008055449861179443
1456_01,0.01915052625526245
1459_01,0.12235944225175237
1464_01,0.24754851202425776
1466_01,0.47058240591731065
1468_01,0.5169819627327177
1469_01,0.01567047290131551
1469_02,0.11259120792422928
1470_01,0.4223364002114908
1471_01,0.42689270127524376
1471_02,0.46198247416532034
1471_03,0.4872714063551557
1471_04,0.42689270127524376
1471_05,0.46198247416532034
1472_01,0.513256951201114
1473_01,0.0675207044491366
1473_02,0.008084403907121474
1475_01,0.5146454702761706
1476_01,0.5348586037131369
1477_01,0.8566089849256955
1477_02,6.473292718687168e-05
1480_01,0.43709166318072695
1482_01,0.9895908402464848
1483_01,0.7000383164476093
1486_01,0.47058240591731065
1487_01,0.663070857091655
1487_02,0.7217697512599748
1492_01,0.001230587506248341
1492_02,0.9168139333843353
1494_01,0.07366936951199839
1495_01,0.02058761866732625
1495_02,0.7908306351928505
1496_01,0.5335426799809336
1497_01,0.9969467552047785
1497_02,0.9969467552047785
1502_01,0.000678869769593924
1502_02,0.9992740414037284
1502_03,0.9942403144400175
1502_04,0.9838461001327549
1504_01,0.033781280264769974
1505_01,0.05749469494116129
1508_01,0.028240908986642645
1512_01,0.04914104401963966
1513_01,0.5491675070438111
1514_01,0.6751439089407731
1516_01,0.35137130205932454
1517_01,0.18346349323001765
1518_01,0.00036984154350741446
1518_02,0.005002537863734522
1519_01,0.19351678481712342
1522_01,0.9895908402464848
1530_01,0.9581404939159064
1534_01,0.003875144533988224
1534_02,0.0020643817609760995
1535_01,0.0008550619879413777
1537_01,0.9999830615837663
1538_01,0.001571153768374407
1538_02,0.006705720887328375
1546_01,0.7681044084657236
1549_01,0.5413347094659923
1553_01,0.9754116829999687
1553_02,0.017476898067716126
1554_01,0.6667331363417743
1554_02,0.3750130281909094
1556_01,0.4931575606112628
1557_01,0.9999621422137505
1559_01,0.9908763362356493
1559_02,0.9808366001830368
1563_01,0.9991248332874051
1566_01,0.9908763362356493
1570_01,0.0272714684711762
1571_01,0.3497531366026463
1574_01,0.47058240591731065
1575_01,0.5340666151069071
1582_01,0.4386610091939438
1582_02,0.5126944186504143
1583_01,0.9916457732736619
1586_01,0.0913332900856398
1587_01,0.6751439089407731
1587_02,0.6472399995923652
1589_01,0.049089187151801925
1591_01,0.00018596727323654143
1591_02,0.9978249368934233
1598_01,0.6265220498081371
1598_02,0.9987535866035279
1600_01,0.018578102425508766
1605_01,0.04298993265981532
1607_01,0.513256951201114
1609_01,0.01580679602133688
1610_01,0.905502104557967
1616_01,0.6514177473790875
1618_01,0.018519543372080845
1620_01,0.00130175133205861
1623_01,0.0497416480212709
1627_01,0.6289553429788552
1629_01,0.991694493724643
1629_02,0.991694493724643
1629_03,0.9975690321471081
1629_04,0.9720106209827284
1629_05,0.9975690321471081
1629_06,0.9992016376059633
1639_01,0.006459683335825913
1641_01,0.9920677089489565
1642_01,0.0013482250917695301
1643_01,0.25048383135862834
1648_01,0.9416808948346366
1652_01,0.611187464022013
1654_01,0.0018748844788064164
1664_01,0.6487390737518518
1665_01,0.9925506208266417
1665_02,0.9891153000218836
1667_01,0.037912399299030626
1675_01,0.9830932806468683
1678_01,0.05178927795350322
1679_01,0.5772694276256156
1680_01,0.0017519048262448077
1680_02,0.9989016921069319
1683_01,0.03399112472250233
1684_01,0.0894984770570551
1686_01,0.08235218295784123
1689_01,0.996054896674615
1689_02,0.9950347423634802
1689_03,0.9939822514063628
1692_01,0.6902145512886593
1693_01,0.37985130758376195
1701_01,0.4223364002114908
1702_01,0.8402913820072806
1703_01,0.4378108796566441
1706_01,0.015619033389535074
1707_01,0.1375125860653504
1716_01,0.01945208598766974
1720_01,0.015385021622287862
1722_01,0.05571232492644636
1726_01,0.06367165530571876
1726_02,0.987954173112452
1726_03,0.10947378158723184
1732_01,0.4223364002114908
1735_01,0.09456095988918517
1737_01,0.06571964924655942
1741_01,0.6824493587982684
1741_02,0.5772694276256156
1741_03,0.5126944186504143
1743_01,0.04392742603348988
1744_01,0.06260527105263085
1750_01,0.43709166318072695
1751_01,0.9830932806468683
1751_02,0.9836502174847048
1754_01,0.421301600949038
1756_01,0.1218684059040811
1759_01,0.9754116829999687
1765_01,0.5933006340004506
1773_01,0.008180243185172104
1777_01,0.00027790142469287244
1777_02,0.9812388977646626
1780_01,0.4138937626199213
1784_01,0.035195570882572524
1787_01,0.5081438248178691
1788_01,0.10758275648424374
1789_01,0.2867630483474319
1790_01,0.43709166318072695
1790_02,0.43709166318072695
1791_01,0.9777791607783924
1791_02,0.9904419294915705
1793_01,0.009296909069367278
1793_02,0.8885953997237978
1794_01,0.012536450564774471
1795_01,0.050957150883570196
1801_01,0.8988007794533898
1801_02,0.02121244074784805
1809_01,0.4223364002114908
1814_01,0.3486958843502011
1814_02,0.5491675070438111
1814_03,0.42689270127524376
1815_01,0.9909136261474206
1819_01,0.005941907558664318
1820_01,0.3001030068985128
1824_01,0.046708734950409087
1825_01,0.6780524525615234
1825_02,0.09677895264335658
1830_01,0.49633232848696085
1832_01,0.0002974585014837606
1835_01,0.9975690321471081
1835_02,0.997994989658376
1837_01,0.9991323699940022
1838_01,0.9695429135845508
1839_01,0.036484892647748866
1840_01,0.7076731163359752
1842_01,0.025515743854219636
1845_01,0.0028975122216466304
1851_01,0.00021339809635885832
1851_02,0.9959270501209555
1852_01,0.998689521322655
1852_02,0.9630751558672647
1852_03,0.9959270501209555
1852_04,0.9991248332874051
1858_01,0.9979982705970328
1862_01,0.37277739565661006
1862_02,0.18087487504004024
1862_03,0.4877103800168909
1867_01,0.995397650148599
1869_01,0.016680628576453246
1870_01,0.02803887821575197
1875_01,0.15014402784471717
1876_01,0.07206165820545511
1883_01,0.323806469676933
1885_01,0.17875579666621502
1893_01,0.9909136261474206
1894_01,0.9904419294915705
1895_01,0.021286200421226534
1896_01,0.00015350251136475815
1900_01,0.4757199275066262
1904_01,6.446531876934736e-05
1909_01,0.984608518038697
1909_02,0.9853106526311611
1909_03,0.17120597539337323
1910_01,0.9400375016652397
1910_02,0.00035252970596250777
1910_03,0.01951216374438092
1910_04,0.9836502174847048
1912_01,0.006791327985276868
1913_01,0.9259691245163182
1913_02,0.9849006533875054
1913_03,0.9904419294915705
1914_01,0.6079216177139315
1917_01,0.325075802434569
1919_01,0.28362507822993827
1921_01,0.008554810138314037
1921_02,0.0031603557155552935
1924_01,0.6916864907551159
1929_01,0.015624336046055298
1930_01,0.03817507487457632
1932_01,0.014240503553414764
1934_01,0.06802126705775768
1936_01,0.03461281965148337
1943_01,0.07971044053445192
1944_01,0.1426555690778978
1948_01,0.004117674035603241
1948_02,0.9991323699940022
1949_01,0.09491584933132904
1951_01,0.997084588709453
1951_02,0.0003763896911875447
1954_01,0.06547796440339124
1955_01,0.5274259564187095
1958_01,0.010447764107753572
1965_01,0.54428748196719
1966_01,0.9314508164760763
1970_01,0.011346581257199638
1972_01,0.06350645166006189
1982_01,0.09861253722431887
1986_01,0.9909136261474206
1987_01,0.47753022566126885
1989_01,0.7342983745445691
1990_01,0.9695429135845508
1990_02,0.9906357578179021
1998_01,0.004891200374554964
2002_01,0.9859238875944457
2004_01,0.39675385231113247
2005_01,0.09337321634969666
2005_02,0.4089235796648396
2008_01,0.06812458581873335
2014_01,0.9292267072599432
2016_01,0.9754116829999687
2016_02,0.010917752786140711
2017_01,0.21580246557957491
2017_02,0.0005678302501040695
2018_01,0.5103791658669927
2020_01,0.9759347722822534
2021_01,0.49907256151581797
2023_01,0.17053945163752038
2023_02,0.5103791658669927
2023_03,0.5103791658669927
2025_01,0.0002384730581886454
2030_01,0.014312107145597509
2031_01,0.06716698692519399
2033_01,0.006245069858904139
2035_01,0.0075579617014228506
2035_02,0.9811531683544922
2036_01,0.5878717839710087
2036_02,0.44152107458666234
2036_03,0.4877103800168909
2037_01,0.9808366001830368
2037_02,0.0001474680172214455
2039_01,0.9895546617125284
2039_02,0.9904419294915705
2039_03,0.9811531683544922
2047_01,0.577002635290722
2048_01,0.3560969300618808
2049_01,0.5898058032589987
2050_01,0.0695655227987011
2057_01,0.6893694087063355
2057_02,0.6294235723544285
2057_03,0.06362114663799259
2057_04,0.5459040637633418
2057_05,0.7965939966575891
2058_01,0.010247117796196876
2064_01,0.9811531683544922
2068_01,0.9891153000218836
2068_02,0.996992028983755
2068_03,0.9912249122462449
2068_04,0.03921161593972464
2068_05,0.8390317494319661
2069_01,0.03381708587582974
2072_01,0.24048777982002034
2072_02,0.035189405752074035
2076_01,0.9859238875944457
2077_01,0.02377986635383626
2078_01,0.9896158514832122
2079_01,0.7634011819040712
2079_02,0.20742722411778897
2079_03,0.06726213905068232
2093_01,0.019410891049761115
2098_01,0.14232216426298655
2101_01,0.6970542078896002
2101_02,0.2705733708708827
2103_01,0.013882643520794283
2108_01,0.21688451989269006
2108_02,0.09789152339862206
2109_01,0.5553115445208492
2113_01,0.6672821274109334
2119_01,0.019460343964677215
2119_02,0.538423959933222
2122_01,0.9638288953619608
2132_01,0.5452932278143806
2146_01,0.9946545752419851
2146_02,0.9908763362356493
2151_01,0.538423959933222
2155_01,0.5080149945288744
2157_01,0.04350924232309634
2160_01,0.002031486625400909
2160_02,0.9940132830323349
2160_03,0.9932867386912104
2165_01,0.21261145745274662
2166_01,0.3351688551294274
2169_01,0.06096049387132012
2170_01,0.03662924069353988
2174_01,0.014678360327391409
2176_01,0.5878717839710087
2178_01,0.0477291472273633
2181_01,0.013543072066666051
2184_01,0.9989887070389161
2184_02,0.9728978580564185
2185_01,0.9989629058376499
2192_01,0.025578224670593543
2197_01,0.02293214904424041
2199_01,0.07525909123494823
2208_01,0.038844868371542655
2213_01,0.03996218040715022
2214_01,0.008743207162868546
2216_01,0.33961375639167074
2217_01,0.08737147979628292
2218_01,0.023960771975430985
2222_01,0.9904419294915705
2226_01,0.021618382765034215
2227_01,0.9754116829999687
2230_01,0.5901117401932848
2236_01,0.43599580810012317
2240_01,0.7531674824612616
2240_02,0.0024825142245516463
2240_03,0.4877103800168909
2242_01,0.7580513844970037
2244_01,0.7331428697411487
2245_01,0.8233144083848696
2245_02,0.943710024168446
2246_01,0.6009336793194145
2246_02,0.01355711157691499
2247_01,0.005754615996402171
2248_01,0.010237094350821001
2249_01,0.7461264017844942
2250_01,0.0358408148415195
2259_01,0.2694849356749532
2259_02,0.995397650148599
2260_01,0.9753715534806718
2265_01,0.007980848815598404
2271_01,0.0038732156152818113
2276_01,0.5553115445208492
2276_02,0.017681204384579492
2283_01,0.04393715177764367
2285_01,0.0984583547395945
2286_01,0.03762537386138816
2290_01,0.5898058032589987
2292_01,0.5452932278143806
2293_01,0.9859238875944457
2294_01,0.9953172303826694
2297_01,0.004643490217959346
2304_01,0.47901111539150665
2307_01,0.6737778565590944
2307_02,0.6624172751834958
2307_03,0.7142582248781036
2307_04,0.7142582248781036
2307_05,0.6737778565590944
2322_01,0.004171933209776363
2323_01,0.01492366748682551
2324_01,0.28425068735340325
2326_01,0.47901111539150665
2328_01,0.12404417503734431
2330_01,0.0345927138915605
2331_01,0.9769578819982667
2334_01,0.057273941353843776
2335_01,0.5898058032589987
2337_01,0.6916864907551159
2342_01,0.008526756136665096
2343_01,0.9970074535851937
2343_02,0.665843330119184
2344_01,0.0014316908650726288
2344_02,0.9970074535851937
2346_01,0.14174484393688125
2350_01,0.11302071678605899
2350_02,0.012334228226835487
2350_03,0.9914583465642204
2351_01,0.22713731412748706
2351_02,0.0032791106670100223
2352_01,0.011653425393043182
2354_01,0.0011115676955453073
2355_01,0.9897812622800528
2355_02,0.997084588709453
2355_03,0.014107070268384222
2355_04,0.9999194933638077
2358_01,0.01981634928838815
2359_01,0.013426727820235457
2362_01,0.3999870785413599
2370_01,0.54428748196719
2370_02,0.5901117401932848
2370_03,0.06441450159852465
2370_04,0.4877103800168909
2371_01,0.1898365569151554
2372_01,0.03849028914718307
2378_01,0.16836023590041094
2378_02,0.989279507956358
2380_01,0.0013084198603564134
2380_02,0.9777343055031134
2381_01,0.5898058032589987
2383_01,0.008432568937984447
2383_02,0.007322612733061566
2386_01,0.9811531683544922
2388_01,0.001764163026445426
2388_02,0.6483273259328346
2393_01,0.12025529627534308
2394_01,0.5689388259986966
2394_02,0.7045638765277208
2394_03,0.033487754695306446
2400_01,0.46745056112347516
2405_01,0.027871231280719787
2407_01,0.9857233140618
2408_01,0.12424020131851905
2415_01,0.9957825538678798
2418_01,0.0022911276013322258
2420_01,0.09948078112073748
2422_01,0.0025713509186856415
2422_02,0.9991323699940022
2425_01,0.5901117401932848
2425_02,0.5320477058410832
2425_03,0.40797562484837246
2425_04,0.6081017956977844
2425_05,0.6039246740743474
2425_06,0.5901117401932848
2428_01,0.018873277577761385
2430_01,0.538423959933222
2430_02,0.4089235796648396
2430_03,0.016828407993354836
2434_01,0.54428748196719
2434_02,0.06236211174317793
2437_01,0.004755392834554286
2440_01,0.4948456127524076
2447_01,0.12204264463794849
2448_01,0.9970074535851937
2448_02,0.9961569843209811
2450_01,0.003540000082625312
2459_01,0.7076731163359752
2464_01,0.055404830710499384
2465_01,0.3833788249802948
2468_01,0.9601787634150527
2469_01,0.9754116829999687
2469_02,0.008771416529842218
2473_01,0.1131859634059721
2481_01,0.7015199453638099
2481_02,0.07171997291538716
2482_01,0.0007315965733757526
2482_02,0.0028331608310410306
2484_01,0.9896158514832122
2484_02,0.002524638891264123
2485_01,0.02832420032996625
2487_01,0.9895546617125284
2487_02,0.9904419294915705
2487_03,0.019858255988704027
2490_01,0.004451434894229409
2493_01,0.0038354736025688393
2493_02,0.017807704563630327
2494_01,0.9979746748166733
2494_02,0.0003103229512680425
2495_01,0.014002986308752885
2501_01,0.9970943648818092
2504_01,0.34638707901207455
2507_01,0.47901111539150665
2511_01,0.2994567096073426
2514_01,0.3693031508649262
2517_01,0.9819613080305807
2525_01,0.0012836420468189961
2529_01,0.0016527152850856716
2533_01,0.1553675202333587
2536_01,0.9909136261474206
2538_01,0.9961569843209811
2538_02,0.9269244021373781
2539_01,0.4738066673662778
2543_01,0.16257160202471083
2554_01,0.7711074596902134
2556_01,0.9931247112594374
2563_01,0.577002635290722
2566_01,0.0026318337041823883
2567_01,0.39675385231113247
2567_02,0.987954173112452
2568_01,0.39865632989974426
2569_01,0.2670116446960549
2570_01,0.6483273259328346
2575_01,0.8103946726241958
2576_01,0.9819613080305807
2577_01,0.577002635290722
2577_02,0.5103791658669927
2579_01,0.0067832183503605935
2583_01,0.47901111539150665
2585_01,0.9812021409323234
2586_01,0.5459040637633418
2587_01,0.9927292999987128
2587_02,0.9811531683544922
2600_01,0.9435047728181806
2603_01,0.538423959933222
2603_02,0.3632280179000095
2604_01,0.5878717839710087
2608_01,0.49907256151581797
2610_01,0.015020266194955507
2611_01,0.00564183074057999
2612_01,0.3020673126892883
2613_01,0.09550026265872061
2614_01,0.011233026145059428
2615_01,0.074950223117349
2620_01,0.6970542078896002
2621_01,0.00784031783187852
2623_01,0.0028682532746295807
2630_01,0.1155601121077501
2630_02,0.5103791658669927
2630_03,0.4089235796648396
2632_01,0.0028832993085979664
2637_01,0.009801526127658982
2637_02,0.6893694087063355
2637_03,0.4877103800168909
2639_01,0.9754116829999687
2644_01,0.006001208784247836
2653_01,0.17892289338948253
2654_01,0.002943006332013888
2656_01,0.9970943648818092
2665_01,0.015375805268647614
2667_01,0.998689521322655
2667_02,0.0028782183428176086
2667_03,0.0023014497314749415
2667_04,0.9959270501209555
2667_05,0.9991248332874051
2669_01,0.00700621788800409
2673_01,0.9591552121878937
2674_01,0.4089235796648396
2674_02,0.20115684570058606
2680_01,0.00011096575110506122
2681_01,0.5472754273953209
2686_01,0.011757802708903265
2689_01,0.00016639763499074132
2694_01,0.9812021409323234
2694_02,0.9959158818961487
2696_01,0.9957349594223304
2699_01,0.0045170260551419435
2705_01,0.49907256151581797
2710_01,0.998689521322655
2710_02,0.998689521322655
2711_01,0.8169413470353685
2715_01,0.003732187891685761
2715_02,0.3274509862827434
2716_01,0.051772590464790526
2716_02,0.9985829777990437
2719_01,0.31916741545080596
2719_02,0.987954173112452
2719_03,0.0013529187607602227
2728_01,0.288747120832059
2731_01,0.49907256151581797
2733_01,0.11178008651648995
2735_01,0.22367229831933028
2742_01,0.6079216177139315
2744_01,0.4012328513914412
2749_01,0.49907256151581797
2757_01,0.0024705919425261243
2761_01,0.029561781338508033
2761_02,0.8825741708149818
2766_01,0.6940882751136327
2767_01,0.002104008572559712
2771_01,0.03517679521667658
2775_01,0.7166429629557219
2776_01,0.902635248053162
2777_01,0.9516224675358995
2779_01,0.036780577536126055
2782_01,0.0006208212475466315
2791_01,0.6945135849848597
2794_01,0.01758944256190955
2794_02,0.013902800971284305
2794_03,0.9780646982623743
2794_04,0.9914583465642204
2794_05,0.048619471156070466
2794_06,0.9904419294915705
2794_07,0.9904419294915705
2800_01,0.6119016363030803
2803_01,0.9753715534806718
2804_01,0.49907256151581797
2808_01,0.995397650148599
2808_02,0.9823431623302692
2815_01,0.10724071625095942
2815_02,0.5901117401932848
2815_03,0.33354956682834647
2816_01,0.9939501255247815
2827_01,0.6734663115529697
2828_01,0.27538404793057775
2829_01,0.6483273259328346
2830_01,0.5878717839710087
2833_01,0.6916864907551159
2836_01,0.9999462741631123
2841_01,0.007194182728532654
2842_01,0.47901111539150665
2844_01,0.05052510542634408
2845_01,0.9966418057202231
2845_02,0.9891153000218836
2848_01,0.9516224675358995
2848_02,0.9284193494198905
2848_03,0.9365454598265514
2849_01,0.21663060147216964
2850_01,0.9836502174847048
2850_02,0.989279507956358
2850_03,0.013448008475148716
2850_04,0.989279507956358
2851_01,0.01304759448600626
2855_01,0.9811022810514962
2864_01,0.006717642435991378
2868_01,0.5103791658669927
2868_02,0.5103791658669927
2868_03,0.4089235796648396
2868_04,0.8671339360512047
2874_01,0.0314181024737109
2879_01,0.02188900424054309
2885_01,0.025678119214300153
2886_01,0.0035422494141730846
2889_01,0.026562519157413037
2895_01,0.9981844020231774
2896_01,0.05272216217602548
2898_01,0.9995623492705114
2898_02,0.9269244021373781
2903_01,0.9367698067282685
2904_01,0.049161475750144255
2904_02,0.9821808989096801
2911_01,0.49907256151581797
2914_01,0.9832574023122891
2915_01,0.9909136261474206
2916_01,0.9907443332997404
2917_01,0.06055678327249563
2918_01,0.010859521589566788
2921_01,0.3761059861237197
2922_01,0.8321184982585067
2923_01,0.7992360874568216
2924_01,0.001819618095033387
2931_01,0.54428748196719
2931_02,0.008080842100450436
2932_01,0.997994989658376
2933_01,0.1333788454388264
2937_01,0.11157103780661508
2939_01,0.9743913785069959
2946_01,0.36998336143396093
2946_02,0.15986850934702276
2946_03,0.09513817245515485
2946_04,0.21693702065418316
2947_01,0.5459040637633418
2951_01,0.13172051366799903
2952_01,0.08671027757763589
2955_01,0.004469142285740457
2957_01,0.54428748196719
2963_01,0.14224178663957285
2967_01,0.6135465915972764
2973_01,0.027277698734606236
2974_01,0.033842905504641196
2976_01,0.998689521322655
2976_02,0.9991323699940022
2976_03,0.9993379238818125
2976_04,0.0016241917202880435
2977_01,0.06244704058463389
2977_02,0.2016847319223343
2977_03,0.06910723696552575
2978_01,0.05022026841130237
2980_01,0.018315904739329102
2981_01,0.6916864907551159
2985_01,0.4603542655259178
2987_01,0.13059641776128184
2989_01,0.24819331989344906
2991_01,0.0008551240333648573
2997_01,0.9961569843209811
2997_02,0.0005680134530698053
2997_03,0.12111232343567355
2997_04,0.9812021409323234
2999_01,0.12310445425475319
3002_01,0.025937102143135042
3007_01,0.012261600517497166
3008_01,0.9985829777990437
3008_02,0.0018765688901101662
3008_03,0.9845327478740606
3008_04,0.5379867240361059
3008_05,0.9958795205183684
3008_06,0.9975000227666104
3011_01,0.47901111539150665
3016_01,0.4877103800168909
3016_02,0.5901117401932848
3016_03,0.5901117401932848
3016_04,0.010549035096269234
3017_01,0.9840202529478966
3028_01,0.47901111539150665
3031_01,0.9970935930338057
3035_01,0.16689649870191842
3037_01,0.9966418057202231
3037_02,0.9789517625148163
3041_01,0.03121298048793924
3043_01,0.6637954457361275
3046_01,0.3051017524021783
3049_01,0.0007816034141499579
3051_01,0.0002591318202359918
3052_01,0.061193562730137895
3056_01,0.6483273259328346
3057_01,0.08053904288926808
3058_01,0.012391486827089473
3059_01,0.9812388977646626
3069_01,0.14989037049249374
3072_01,0.9943638652262198
3074_01,0.5931226937227604
3075_01,0.18707856127924813
3077_01,0.9991248332874051
3077_02,0.9991248332874051
3078_01,0.004437838108515252
3078_02,0.003535829117735772
3078_03,0.9980448853915147
3078_04,0.0020103691524243415
3086_01,0.90103120563544
3089_01,0.5210254961702743
3094_01,0.577002635290722
3097_01,0.9934774018737839
3098_01,0.02781426343723883
3101_01,0.0344158202130145
3105_01,0.9891153000218836
3105_02,0.2947158209748309
3105_03,0.9891153000218836
3106_01,0.47363555949219227
3107_01,0.4729742125160969
3108_01,0.4846575750339598
3109_01,0.8240288302415878
3115_01,0.5472754273953209
3122_01,0.10288864165062649
3122_02,0.06549046538692586
3125_01,0.004055752200683069
3125_02,0.10029371276833518
3127_01,0.9958050380256519
3129_01,0.18954909060372627
3135_01,0.606117728431249
3137_01,0.8664806356829151
3139_01,0.07116233523700341
3141_01,0.9754116829999687
3144_01,0.08485787821056558
3146_01,0.36251809487283326
3148_01,0.42374816388943337
3148_02,0.021069578168050645
3150_01,0.28362507822993827
3151_01,0.9967082674506991
3153_01,0.04415137867658256
3153_02,0.6940882751136327
3154_01,0.538423959933222
3155_01,0.9908763362356493
3155_02,0.9856598369239545
3156_01,0.060127271622539454
3157_01,0.026248761089945234
3160_01,0.002275568070698934
3165_01,0.04138906701589935
3167_01,0.8409394140858933
3170_01,0.49907256151581797
3173_01,0.538423959933222
3177_01,0.07275629953808384
3178_01,0.9907443332997404
3183_01,0.061419950204588396
3186_01,0.9934774018737839
3187_01,0.0560404105841216
3190_01,0.033605626511803266
3190_02,0.5210254961702743
3194_01,0.12976152534932434
3198_01,0.0030918585346008712
3199_01,0.9971284311049698
3202_01,0.8735291420948721
3207_01,0.010721078627608188
3208_01,0.0322873523280591
3214_01,0.9941833559386026
3222_01,0.03219193063825459
3226_01,0.9954301399045763
3228_01,0.07561895049217104
3231_01,0.6940882751136327
3233_01,0.872457236763748
3234_01,0.2247544510922413
3242_01,0.02268538832651917
3244_01,0.9074461134922963
3244_02,0.9330503380636349
3244_03,0.9601196608748116
3245_01,0.8670873879893195
3245_02,0.0008214708468203909
3246_01,0.9700857041112522
3249_01,0.028415532399706095
3249_02,0.702893702997013
3250_01,0.09790609121668416
3251_01,0.019129854334485767
3257_01,0.9954301399045763
3261_01,0.0007249369190650821
3263_01,0.9941833559386026
3264_01,0.007819424628689328
3265_01,0.0001443694161963669
3265_02,0.9972326371253529
3265_03,0.9993379238818125
3265_04,0.991694493724643
3266_01,0.11742288861162611
3267_01,0.9734261644007014
3277_01,0.00019461652016805833
3278_01,0.9907443332997404
3281_01,0.9960304123504321
3285_01,0.013503396737227502
3285_02,0.5210254961702743
3286_01,0.35025028828571053
3288_01,0.9907443332997404
3290_01,0.9964891327290671
3290_02,0.001645874479996572
3291_01,0.577002635290722
3302_01,0.0025274013779209917
3303_01,0.0031655005534607004
3306_01,0.00018381604374447812
3307_01,0.9505670322557666
3316_01,0.991267890078234
3320_01,0.0005967053135794874
3320_02,0.0007720320014811348
3321_01,0.9941833559386026
3333_01,0.7324389432897679
3334_01,0.5472754273953209
3335_01,0.00486347830133697
3340_01,0.015823621134766146
3341_01,0.9890272363130005
3341_02,0.0027030276172523206
3344_01,0.9975690321471081
3344_02,0.9979746748166733
3345_01,0.5314793817630799
3345_02,0.006660620134231176
3345_03,0.5452932278143806
3346_01,0.003489512806854232
3347_01,0.9973289295531093
3347_02,0.0009633828435724058
3351_01,0.7530600258182077
3351_02,0.9120961437361055
3354_01,0.010885129772950555
3355_01,0.5878717839710087
3356_01,0.1711663819083248
3358_01,0.0220284427210898
3362_01,0.0008039226549147634
3362_02,0.007527616881486098
3366_01,0.9975690321471081
3367_01,0.39135495570311696
3368_01,0.5657121016818929
3368_02,0.5569506701358045
3368_03,0.012623775588895917
3368_04,0.5657121016818929
3368_05,0.7058911494476526
3368_06,0.006481655458714205
3368_07,0.004664725758479749
3369_01,0.006508399770290499
3373_01,0.538423959933222
3374_01,0.023030602352511365
3375_01,0.007338360984144136
3376_01,0.9403195259174942
3378_01,0.17551102702583912
3379_01,0.9430915416758463
3385_01,0.9365606223861901
3388_01,0.999525156107216
3393_01,0.5901117401932848
3398_01,0.9652315210031666
3399_01,0.0045793943934486405
3400_01,0.538423959933222
3407_01,0.44449916929199146
3407_02,0.0602419087354852
3411_01,0.644086783636936
3411_02,0.3976884751562338
3411_03,0.27434501405175016
3411_04,0.013574975676295384
3411_05,0.9954301399045763
3411_06,0.9965337691887682
3411_07,0.29256810169292413
3414_01,0.0027789895551083863
3416_01,7.789337779469006e-05
3427_01,0.4106420799676503
3429_01,0.9416808948346366
3435_01,0.014994622237697031
3436_01,0.7015199453638099
3448_01,0.21580246557957491
3448_02,0.4633029155351443
3451_01,0.14178831114810794
3452_01,0.05247130454474741
3457_01,0.6962745928363768
3460_01,0.028973229538134405
3463_01,0.8651286489786477
3466_01,0.054314857739795594
3471_01,2.953726385126863e-05
3472_01,0.8686752796378415
3477_01,6.539572638058796e-05
3477_02,0.9890792102706221
3479_01,0.008230413025011195
3481_01,0.001873608795957701
3482_01,0.001085522151424911
3482_02,0.47901111539150665
3493_01,0.5235960820237037
3494_01,5.955798916378925e-05
3494_02,0.9979956052836636
3498_01,0.3016015937158276
3500_01,0.5604954731163031
3502_01,0.03237202438466345
3503_01,0.14709259507580336
3505_01,0.06703118824799521
3507_01,0.8401806384165104
3508_01,0.07098731955629457
3508_02,0.996759001085981
3509_01,0.9993379238818125
3509_02,0.0006959174344620775
3510_01,0.6734663115529697
3513_01,0.9992272979591725
3513_02,0.9979746748166733
3513_03,0.24356171399520732
3513_04,0.998689521322655
3516_01,0.043862102865672006
3517_01,0.8860535255881506
3522_01,0.6079216177139315
3524_01,0.08179572222074813
3526_01,0.004551464024873294
3529_01,0.9946335159278018
3532_01,0.9954301399045763
3538_01,0.005846971756961203
3541_01,0.03638499419754848
3544_01,0.08936644775482888
3544_02,0.15946371190305128
3545_01,0.0353338113286263
3549_01,7.841896477859799e-05
3549_02,0.9939501255247815
3551_01,0.004589899184633489
3554_01,0.06803168641734404
3557_01,0.8790436159873526
3571_01,0.5898058032589987
3574_01,0.5426568444676094
3575_01,0.0011219752691872986
3580_01,0.9937063627655947
3580_02,0.9975690321471081
3581_01,0.8041324576513825
3583_01,0.8070018850594842
3585_01,0.5452932278143806
3587_01,0.7015199453638099
3587_02,0.537048085123895
3587_03,0.4089235796648396
3589_01,0.004793355711775774
3589_02,0.5901117401932848
3589_03,0.6916864907551159
3589_04,0.6893694087063355
3589_05,0.19252115364327085
3589_06,0.5901117401932848
3589_07,0.5901117401932848
3590_01,0.05674858158412416
3593_01,0.8976217152028465
3599_01,0.37633013903389967
3601_01,0.053692520250335225
3601_02,0.6081017956977844
3601_03,0.6483273259328346
3601_04,0.6081017956977844
3601_05,0.6483273259328346
3601_06,0.019738349642766585
3601_07,0.5072616544011528
3603_01,0.9964891327290671
3603_02,0.9971682685412558
3604_01,0.4106420799676503
3611_01,0.3430147328823895
3617_01,0.034612871172935857
3617_02,0.4089235796648396
3617_03,0.1406132593994168
3618_01,0.9777343055031134
3618_02,0.0018416420013052809
3618_03,0.9977209376367809
3618_04,0.000896924074668544
3621_01,0.009872007033173475
3621_02,0.12584702242217596
3623_01,0.5409751549237366
3627_01,0.999953281062899
3632_01,0.022434564699158218
3633_01,0.8498016754447385
3635_01,0.6962745928363768
3635_02,0.042089117256619936
3637_01,0.0006700756522280486
3638_01,0.9409581507712855
3643_01,0.49907256151581797
3646_01,0.546990337567418
3646_02,0.9971231323296291
3649_01,0.04187569620292372
3651_01,0.9959270501209555
3656_01,0.9712704362188503
3656_02,0.0027880754875097124
3657_01,0.9640999068470197
3657_02,0.9594341944706614
3657_03,0.03649683310884591
3659_01,0.1986932306041894
3659_02,0.5901117401932848
3659_03,0.5551161938975102
3659_04,0.4877103800168909
3659_05,0.04239455930129105
3659_06,0.5107773020883568
3659_07,0.6893694087063355
3661_01,0.059301395684223025
3663_01,0.9934774018737839
3666_01,0.6962745928363768
3669_01,0.8588839916158407
3670_01,0.4324264977669387
3672_01,0.031470512431962465
3672_02,0.4150343470379481
3673_01,0.4089235796648396
3675_01,0.7811788532360274
3675_02,0.7958601933351082
3675_03,0.9086922236627916
3676_01,0.997994989658376
3683_01,0.9853106526311611
3683_02,0.9853106526311611
3684_01,0.8953738569754152
3684_02,0.6970140480194674
3685_01,0.7103939315450823
3687_01,0.9984592818408338
3689_01,0.17884733662705043
3694_01,0.7342983745445691
3695_01,0.30611319786557417
3696_01,0.9907443332997404
3697_01,0.04213512242035582
3698_01,0.13266531536725315
3701_01,0.9753715534806718
3701_02,0.821188648103567
3701_03,0.9898129278221244
3709_01,0.9165153647473427
3712_01,0.7226373834977114
3712_02,0.9413332065775871
3712_03,0.8748764828111236
3712_04,0.9162628153085993
3712_05,0.8589444099247583
3717_01,0.05398124543200338
3717_02,0.8896813026991546
3718_01,0.9954301399045763
3720_01,0.9941833559386026
3720_02,0.9879086386688813
3720_03,0.9971682685412558
3721_01,0.003995071654173192
3722_01,0.7485240333381242
3723_01,0.1169702742850096
3725_01,0.8385889255540566
3727_01,0.056168492894359746
3730_01,0.9834165563600815
3731_01,0.8385889255540566
3738_01,0.8476922450103926
3740_01,0.09932568892654947
3746_01,0.22516441012131627
3746_02,0.37227007283243574
3746_03,0.4700977926206244
3746_04,0.4154141886186663
3762_01,0.6121823894222846
3763_01,0.036129717493639114
3764_01,0.5535669939016834
3764_02,0.4154141886186663
3766_01,0.9845327478740606
3766_02,0.9954194488631183
3780_01,0.9975448067648571
3782_01,0.06244232994458529
3782_02,0.00048592419719725553
3791_01,0.0012793847277066711
3792_01,0.878007655798577
3794_01,0.7525272392814867
3799_01,0.2539318696347781
3800_01,0.12029366641488949
3802_01,0.04937652989885424
3806_01,0.7525272392814867
3808_01,0.28452346986198307
3809_01,0.1147882953682627
3809_02,0.33994238922952374
3813_01,0.599285727104401
3819_01,0.016781140395508404
3825_01,0.04568500409431055
3827_01,0.13334311169220148
3828_01,0.9986107510016397
3828_02,0.011064726118677964
3828_03,0.934745896955414
3829_01,0.9011137341079298
3829_02,0.9211932590287824
3833_01,0.9974950833553369
3834_01,0.8385889255540566
3837_01,0.06336728603394132
3840_01,0.004039143928284618
3843_01,0.9399008338103135
3844_01,0.5974800633827253
3844_02,0.9993329431269772
3845_01,0.08156886094040672
3855_01,0.6975586607029945
3858_01,0.9078743368180467
3858_02,0.9415587895843472
3858_03,0.006048512812261897
3858_04,0.0003255133976650224
3859_01,0.9954301399045763
3860_01,0.965562987216691
3861_01,0.008929806346584586
3863_01,0.24911994632787107
3865_01,0.8282031610644052
3869_01,0.5690793257670467
3876_01,0.9975967872472141
3876_02,0.9065804304326308
3876_03,0.9989629058376499
3877_01,0.30574547901530524
3878_01,0.008783644392631814
3880_01,0.8687984413073859
3881_01,0.9046226446926419
3882_01,0.9710314247671771
3884_01,0.07815098295998768
3885_01,0.019638960552579382
3887_01,0.9998374552260052
3889_01,0.9675303984585336
3889_02,0.21220741152572445
3891_01,0.8477551660142393
3892_01,0.5535669939016834
3892_02,0.00419263971651008
3893_01,0.0019208553009337228
3893_02,0.9895920875161395
3893_03,0.5009959859099036
3900_01,0.05643873192106983
3901_01,0.3707903449486277
3902_01,0.9855256706724557
3905_01,0.8385889255540566
3906_01,6.165960141341074e-05
3906_02,0.0031357498510014197
3908_01,0.23307655088259413
3908_02,0.37227007283243574
3910_01,0.7525272392814867
3914_01,0.24073209798246212
3918_01,0.015188000964717481
3920_01,0.009004657574120039
3925_01,0.00033856856723996884
3925_02,0.0445491307628709
3929_01,0.9583916678931281
3934_01,0.9971682685412558
3934_02,0.24114806024452082
3943_01,0.9566988734278585
3943_02,0.9050904081728715
3943_03,0.4236713428403254
3947_01,0.1425627140996397
3951_01,0.031010828488957736
3953_01,0.4700977926206244
3956_01,0.11732370447377424
3957_01,0.5350013741858116
3965_01,0.20996432458892697
3969_01,0.06965066666886174
3972_01,0.9958795205183684
3975_01,0.23431775677118638
3978_01,0.8358472259475546
3979_01,6.562952188292039e-05
3982_01,0.11761450000110182
3983_01,0.5419279989552468
3989_01,0.8748764828111236
3989_02,0.8982510133711845
3989_03,0.6970140480194674
3989_04,0.9517293602510811
3990_01,0.9504693878954493
3993_01,0.2693158367672253
4004_01,0.006877079090519993
4007_01,0.01660265619769445
4011_01,0.9771611163166376
4012_01,0.9929440837707327
4012_02,0.9975690321471081
4015_01,0.9771010801248688
4015_02,0.012559992637946321
4024_01,0.9627494563377329
4025_01,0.9473540731757442
4028_01,0.7982906711287034
4029_01,0.9941833559386026
4041_01,0.9050904081728715
4048_01,0.9814504347649885
4048_02,0.9934774018737839
4048_03,0.9395036729828191
4051_01,0.9086922236627916
4052_01,0.9979754230308165
4054_01,0.9898129278221244
4054_02,0.9995073942703849
4054_03,0.41009178437851945
4056_01,0.9159363057867312
4057_01,0.12220180415013587
4059_01,0.9333558909151641
4059_02,0.00036513240213020755
4062_01,0.0006063853945290705
4067_01,0.2543085951475991
4070_01,0.9975690321471081
4070_02,0.9992016376059633
4070_03,0.9599811897347679
4073_01,0.14494144699884534
4073_02,0.8953738569754152
4074_01,0.12112359296363642
4077_01,0.00031343388530367174
4085_01,0.8675213866372224
4086_01,0.11826575038478002
4086_02,0.8896813026991546
4086_03,0.781472374364112
4087_01,0.33887232688598734
4088_01,0.8898756270755233
4092_01,0.6209132956464392
4094_01,0.001081404380251174
4094_02,0.0008401457750812086
4100_01,0.9988794135223273
4105_01,0.38703961095225886
4111_01,0.9504693878954493
4117_01,0.010951325785143443
4118_01,0.031844789910923675
4119_01,0.9482433089855117
4121_01,0.0008071666243913655
4122_01,0.7941773986842141
4123_01,0.031047900871644055
4124_01,0.6438622171631924
4126_01,0.00021665233321948004
4133_01,0.9946335159278018
4133_02,0.9843275794704754
4136_01,0.9365454598265514
4136_02,0.0008230451433797124
4138_01,0.0011530609797154783
4139_01,0.31295062569049215
4146_01,0.37227007283243574
4148_01,0.37758690047349586
4153_01,0.06075768843826603
4155_01,0.998689521322655
4157_01,0.09477398392498108
4161_01,0.8094475868995625
4162_01,0.9050904081728715
4164_01,0.9808366001830368
4180_01,0.997994989658376
4180_02,0.004847996180826443
4187_01,0.19086165475954045
4190_01,0.9996179892616436
4192_01,0.4640537054988316
4193_01,0.6438622171631924
4195_01,0.07953307625767644
4198_01,0.9292267072599432
4200_01,0.18356044817826178
4201_01,0.3453498724324769
4202_01,0.9954301399045763
4202_02,0.000618722483649813
4209_01,0.0015971477572965511
4217_01,0.2844540415515557
4224_01,0.019073111838795554
4224_02,0.3618087798043074
4226_01,0.9135075237959546
4226_02,0.0036874331944378217
4227_01,0.8896813026991546
4228_01,0.008941073625281508
4234_01,0.026531400076734712
4234_02,0.014882160237241239
4235_01,0.13145624233718517
4235_02,0.8896813026991546
4236_01,0.4174365154065511
4236_02,0.9934774018737839
4241_01,0.5635708322388084
4247_01,0.819661757211804
4247_02,0.025232172726289654
4248_01,0.005416191803629477
4248_02,0.017593790810321964
4250_01,0.5535669939016834
4263_01,0.10834876031847582
4263_02,0.8017151220295236
4263_03,0.8017151220295236
4265_01,0.9981844020231774
4268_01,0.9631635178787425
4268_02,0.9941833559386026
4269_01,0.37418161120780913
4275_01,0.008666564630972888
4276_01,0.005628172968959079
4277_01,0.7160139814297141
4279_01,0.3110347153753254
4281_01,0.052254582984988134
4282_01,0.997084588709453
4283_01,0.690411432040064
4284_01,0.9887094189280315
4284_02,0.08542150324194955
4285_01,0.8200924635890265
4286_01,0.5160576344123146
4286_02,0.0445645697514442
4286_03,0.22748292297783013
4287_01,0.9105935909379006
4288_01,0.9413332065775871
4288_02,0.024686321426476896
4290_01,0.03504578478534367
4298_01,0.0041868634189549505
4298_02,0.9934774018737839
4298_03,0.9907443332997404
4299_01,0.017336782948569177
4304_01,0.05185440766387982
4307_01,0.9941833559386026
4308_01,0.599285727104401
4310_01,0.024162977723652695
4313_01,0.13622856686936713
4314_01,0.6524690216951675
4321_01,0.9941833559386026
4322_01,0.8017151220295236
4323_01,0.9966418057202231
4323_02,0.07570739471557453
4323_03,0.29535179347965657
4323_04,0.995397650148599
4325_01,0.9359139733940794
4326_01,0.020007595071521493
4328_01,0.599285727104401
4331_01,0.5535669939016834
4341_01,0.9150344203203826
4341_02,0.37227007283243574
4342_01,0.1886440512503023
4353_01,0.043028914510253924
4355_01,0.5535669939016834
4363_01,0.5609223144907673
4374_01,0.027479061104965802
4375_01,0.9814785893079709
4377_01,0.9050904081728715
4377_02,0.4040277177462197
4377_03,0.8748764828111236
4378_01,0.00039299818157317846
4378_02,0.0009147194705960783
4379_01,0.9086922236627916
4380_01,0.1684993763060541
4381_01,0.8067375244872987
4381_02,0.2782143032503033
4384_01,0.787412891623387
4385_01,0.35843237566401803
4385_02,0.9050904081728715
4385_03,0.7512371051623608
4389_01,0.0029376387923090402
4394_01,0.3486934558236884
4398_01,0.15106930202660956
4406_01,0.02068592190768882
4412_01,0.1382493139589478
4414_01,0.969833786631098
4417_01,0.9954301399045763
4418_01,0.08034794104245274
4419_01,0.3881209564823601
4419_02,0.019103896687702623
4420_01,0.7910806813137508
4420_02,0.9120584990057687
4421_01,0.15692493388317202
4423_01,0.017485476511372566
4425_01,0.9991248332874051
4425_02,0.9373897080478373
4434_01,0.0014266149430331573
4435_01,0.9930363552942703
4435_02,0.7169377473057991
4439_01,0.5690793257670467
4439_02,0.5234900161641564
4442_01,0.9989918315295577
4443_01,0.9138459204901433
4443_02,0.8444767213000683
4454_01,0.9986943969435249
4455_01,0.07750250901941194
4455_02,0.04008388582065013
4455_03,0.37758690047349586
4458_01,0.599285727104401
4460_01,0.9447465381437429
4468_01,0.8953738569754152
4471_01,0.300028445890154
4478_01,0.052779061799356576
4480_01,0.665843330119184
4481_01,0.35809981701522586
4484_01,0.11931922735904608
4488_01,0.03487873251591414
4489_01,0.04918566679883051
4495_01,0.0007564975657476625
4499_01,0.5535669939016834
4503_01,0.07765590874069818
4504_01,0.9990497201460182
4507_01,0.001631856005272445
4513_01,0.559255621336372
4519_01,0.2473028478477877
4520_01,0.02408970469402269
4523_01,0.8748764828111236
4523_02,0.8896813026991546
4523_03,0.054178465096551935
4523_04,0.7512371051623608
4523_05,0.8748764828111236
4523_06,0.7512371051623608
4525_01,0.0023161149720221435
4526_01,0.12336613918040341
4527_01,0.027364837591137236
4528_01,0.9637489132618171
4536_01,0.0006178081216955853
4540_01,0.9050904081728715
4541_01,0.0020681733864499267
4545_01,0.18378961220227136
4548_01,0.9975690321471081
4551_01,0.9998005066813465
4551_02,0.9984798974742578
4551_03,0.9989887070389161
4551_04,0.9970943648818092
4554_01,0.042212640632188145
4556_01,0.07154603877858941
4566_01,0.3183384678668611
4578_01,0.20049241106270577
4579_01,0.9050904081728715
4582_01,0.8709491825667238
4582_02,0.6236769664298706
4582_03,0.6236769664298706
4582_04,0.8982510133711845
4582_05,0.9086922236627916
4582_06,0.28512402014753196
4582_07,0.6970140480194674
4583_01,0.9964891327290671
4583_02,0.9965337691887682
4583_03,0.05260085591499368
4584_01,0.3004983309519687
4588_01,0.02845325222913031
4589_01,0.01449614341949498
4590_01,0.01878964435945942
4598_01,0.01759656808647814
4599_01,0.9050904081728715
4600_01,0.7525272392814867
4600_02,0.5755428191886901
4601_01,0.05045540145964181
4614_01,0.05304575128480325
4614_02,0.446337212918131
4616_01,0.03926553240509921
4618_01,0.5355276555601075
4619_01,0.942033735469716
4626_01,0.9989887070389161
4626_02,0.5305459628955178
4627_01,0.26716038762224126
4629_01,0.17631392007194335
4636_01,0.6425217452852736
4639_01,0.9905675557147006
4639_02,0.9905675557147006
4639_03,0.01038325328244031
4639_04,0.006253216913647111
4639_05,0.9797875532834767
4639_06,0.976505467815589
4647_01,0.8896813026991546
4660_01,0.99088308255909
4666_01,0.02220624765239268
4669_01,0.9959270501209555
4670_01,0.20211855206448145
4671_01,0.9718691841315046
4671_02,0.8325420485993653
4671_03,0.2114010751142941
4671_04,0.9718691841315046
4674_01,0.021616598182137056
4675_01,0.05774079243500412
4675_02,0.0020712943817086838
4681_01,9.689944495772691e-05
4682_01,0.6505274539217417
4683_01,0.9873122512450173
4683_02,0.7229441923120209
4685_01,0.9971682685412558
4687_01,0.006042326432524199
4688_01,0.21071060475849543
4692_01,0.019317091047978695
4697_01,0.9954301399045763
4698_01,0.9972791675345795
4700_01,0.9961569843209811
4701_01,0.9931567551762444
4701_02,0.9991248332874051
4701_03,0.9959270501209555
4701_04,0.9975690321471081
4702_01,0.8385889255540566
4702_02,0.19270423603245618
4703_01,0.9980448853915147
4703_02,0.9989629058376499
4705_01,0.918080249797094
4705_02,0.6016765418768721
4707_01,0.1487889055300456
4707_02,0.1628244164986473
4715_01,0.9313615498234775
4716_01,0.25246081658880587
4718_01,0.9981844020231774
4722_01,0.008441270170671889
4724_01,0.9845327478740606
4727_01,0.83630916073224
4727_02,0.6236769664298706
4729_01,0.0004008792167151092
4731_01,0.5535669939016834
4734_01,0.004619067241327305
4735_01,0.5873696537551834
4736_01,0.9941833559386026
4737_01,0.014993518224935122
4740_01,0.9086922236627916
4742_01,0.7144257475522255
4745_01,0.599285727104401
4747_01,0.994089593989374
4747_02,0.17029916381348345
4749_01,0.07178927836992062
4751_01,0.2604370116583768
4760_01,0.89456617131014
4761_01,0.6786126367356973
4761_02,0.599285727104401
4761_03,0.6022771438404175
4765_01,0.4154141886186663
4766_01,0.9954301399045763
4767_01,0.9639514132350145
4768_01,0.36365897011592674
4768_02,0.9845327478740606
4771_01,0.9006070732414333
4776_01,0.9825607342086031
4776_02,0.1177846829541637
4776_03,0.9955467012297274
4776_04,0.9718691841315046
4779_01,0.005041228980464893
4781_01,0.24216964495285545
4789_01,0.323806469676933
4799_01,0.009864051880305412
4799_02,0.06998545458513476
4799_03,0.013887990088507558
4800_01,0.021200817322939547
4802_01,0.4154141886186663
4802_02,0.09906998181073212
4805_01,0.7019116238207602
4806_01,0.4881819772526937
4809_01,0.0008049579149033351
4811_01,0.8680192471225063
4812_01,0.9236654368535236
4816_01,0.3264434725913885
4820_01,0.9785400446469762
4820_02,0.0002943671523571505
4821_01,0.01667114834139708
4824_01,0.9938416305824576
4825_01,0.9987523820109847
4826_01,0.8817922954424875
4833_01,0.0007368999865921734
4833_02,0.11106413794886978
4834_01,0.9086922236627916
4835_01,0.00795943319036055
4839_01,0.3016087806206218
4843_01,0.14703537056100324
4843_02,0.007523989085538334
4844_01,0.728919377968362
4849_01,0.9912765778565942
4852_01,0.6438622171631924
4854_01,0.9977302604259672
4855_01,0.6438622171631924
4855_02,0.5535669939016834
4858_01,0.004725281900868553
4859_01,0.9086922236627916
4860_01,0.7337897802859549
4861_01,0.817469370683088
4865_01,0.1405592161104619
4867_01,0.12374302413226972
4869_01,0.06349508967553959
4872_01,0.030443606276664686
4877_01,0.1491150270630967
4894_01,0.9086922236627916
4905_01,0.8135441061600555
4906_01,0.6376324139954215
4907_01,0.9086922236627916
4908_01,0.7064009024095208
4914_01,0.008763844421325244
4919_01,0.5113286975040011
4921_01,0.0008578733485894188
4922_01,0.7579807060625897
4926_01,0.004400021310110043
4928_01,0.11924812553617523
4931_01,0.7661270772168157
4935_01,0.045635788402834096
4935_02,0.6209132956464392
4935_03,0.5439573126369405
4936_01,0.003228085074663017
4947_01,0.1891455007912955
4948_01,0.08096398021551747
4949_01,0.9821808989096801
4949_02,0.00033017372292951276
4953_01,0.9835682725604106
4955_01,0.02381890461894384
4957_01,0.9978445089952498
4959_01,0.9977302604259672
4960_01,0.01226894841059995
4962_01,0.8021950254137404
4966_01,0.9998190619565496
4966_02,0.9975690321471081
4967_01,0.4731346708649771
4968_01,0.5535669939016834
4969_01,0.10366047838996474
4969_02,0.7672574692576613
4971_01,0.8385889255540566
4976_01,0.44728913227264555
4982_01,0.9050904081728715
4984_01,0.8367337643302221
4984_02,0.819028199932697
4985_01,0.9977302604259672
4986_01,0.0274494015155972
4988_01,0.9812021409323234
4993_01,0.7251391378858796
4994_01,0.025921014835502416
5001_01,0.6236769664298706
5002_01,0.9504693878954493
5011_01,0.8017151220295236
5022_01,0.36519487089593305
5024_01,0.6970140480194674
5024_02,0.6354109562555683
5024_03,0.6970140480194674
5024_04,0.38895459079600486
5024_05,0.8982510133711845
5026_01,0.2745484665593757
5029_01,0.9961569843209811
5029_02,0.9808366001830368
5030_01,0.5702087928027111
5031_01,0.017007461846311515
5031_02,0.16962906708160364
5033_01,0.049359067741096316
5033_02,4.627097488367263e-05
5037_01,0.35227695226084244
5038_01,0.0011796845098197301
5038_02,0.9955467012297274
5041_01,0.9094642622733462
5043_01,0.9873122512450173
5043_02,0.9947617492577765
5043_03,0.1416321667894739
5045_01,0.9978691248449842
5046_01,0.9050904081728715
5047_01,0.8680192471225063
5049_01,0.011476130029009476
5053_01,0.16671202857698564
5054_01,0.0006063321073445836
5055_01,0.4700977926206244
5056_01,0.9966053175699421
5056_02,0.6999155778812982
5066_01,0.8569127377121417
5071_01,0.20685672851193654
5075_01,0.7126207729314206
5077_01,0.18608644258563725
5078_01,0.015831950805635334
5079_01,0.9977302604259672
5081_01,0.8674001323018747
5082_01,0.8789946107925286
5086_01,0.9981570688203081
5086_02,0.1257562707211969
5092_01,0.9957688156525224
5094_01,0.7525272392814867
5094_02,0.005233158309549456
5096_01,0.001534158559574337
5096_02,0.00983918402754885
5098_01,0.5942818886629158
5098_02,0.5988219072448578
5098_03,0.8982510133711845
5099_01,0.06986095364966921
5100_01,0.9981570688203081
5101_01,0.985818162739622
5102_01,0.03289555615020418
5107_01,0.004861608516760322
5110_01,0.9910444170470152
5113_01,0.008790033197104441
5114_01,0.9982629118668959
5117_01,0.19862241854920548
5118_01,0.9986272852253139
5119_01,0.11193212915983292
5121_01,0.0014326409859872643
5123_01,0.060297087748717254
5131_01,0.19257049879191998
5131_02,0.99718807810345
5134_01,0.0033403160168599512
5135_01,0.0030800537470056016
5139_01,0.013243797688546373
5141_01,0.9912765778565942
5143_01,0.9825402930989197
5147_01,0.8675884711190456
5149_01,0.00042255770576943454
5149_02,0.99718807810345
5150_01,0.9978691248449842
5153_01,0.9050904081728715
5155_01,0.4129477932141667
5159_01,0.9951707784931734
5159_02,0.014417839947471351
5164_01,0.9989887070389161
5164_02,0.9835682725604106
5168_01,0.007871844863334056
5169_01,0.02006178394756925
5172_01,0.04408708032327851
5178_01,0.9624361732668016
5183_01,0.9937192824519737
5189_01,0.9990001831765236
5191_01,0.0024205356046761366
5195_01,0.002311130465693554
5200_01,0.24121552592184345
5203_01,0.9761151386672194
5203_02,0.995397650148599
5212_01,0.5311992608159409
5215_01,0.0001110985965110838
5219_01,0.9978691248449842
5219_02,0.9257167787920784
5222_01,0.878007655798577
5228_01,0.09474135318949382
5228_02,0.8982510133711845
5231_01,0.00014079600955757578
5232_01,0.009277339966101623
5232_02,0.008764135490011857
5233_01,0.47276463880241615
5237_01,0.9955467012297274
5241_01,0.05539045712718522
5241_02,0.7525272392814867
5245_01,0.20562661554976294
5259_01,0.03239922755268618
5261_01,0.1441606537170809
5263_01,0.27844055211743396
5267_01,0.37227007283243574
5267_02,0.599285727104401
5267_03,0.8870322316877159
5270_01,0.6583382000645548
5283_01,0.09035840472643185
5284_01,0.9717787312949903
5285_01,0.9789517625148163
5286_01,0.0021786620438261762
5289_01,0.8785671847424609
5293_01,0.029211223224787124
5293_02,0.005524120077280979
5294_01,0.8632454878207053
5295_01,0.0024642130498749634
5296_01,0.8241489991796364
5302_01,0.9694138493329275
5306_01,0.687657510592483
5306_02,0.968192695869274
5308_01,0.7495105313246299
5308_02,0.9050904081728715
5308_03,0.13303199005055275
5309_01,0.9789517625148163
5311_01,0.4700977926206244
5317_01,0.3000231438544986
5317_02,0.9504693878954493
5318_01,0.4700977926206244
5318_02,0.933665700934158
5319_01,0.08473682469291162
5321_01,0.7720863823013182
5324_01,0.36675550074956237
5328_01,0.9821808989096801
5329_01,0.009194178348465394
5329_02,0.5040755849163809
5329_03,0.33994238922952374
5329_04,0.37227007283243574
5329_05,0.2412803022153558
5329_06,0.33994238922952374
5329_07,0.37227007283243574
5332_01,0.4543760852217844
5335_01,0.9734261644007014
5335_02,0.9589665777827825
5335_03,0.0537793085227539
5335_04,0.8241464776365046
5336_01,0.840956151310766
5338_01,0.9547956477980974
5339_01,0.556698737971511
5339_02,0.9918264650997682
5339_03,0.995397650148599
5342_01,0.6622832034404537
5349_01,0.6438622171631924
5352_01,0.599285727104401
5357_01,0.9269244021373781
5357_02,0.9832574023122891
5357_03,0.0025095566026668964
5357_04,0.004039297191853521
5358_01,0.032073706991477935
5364_01,0.8135441061600555
5369_01,0.6266612349809918
5369_02,0.05178521168830718
5369_03,0.9972791675345795
5370_01,0.6797945761807492
5371_01,0.9980742178896557
5371_02,0.2161287483498147
5371_03,0.9978691248449842
5371_04,0.9873698904445916
5373_01,0.25584696961485975
5376_01,0.9967082674506991
5376_02,0.9821808989096801
5377_01,0.9978445089952498
5381_01,0.001699591605223833
5382_01,0.9989629058376499
5382_02,0.9981844020231774
5386_01,0.599285727104401
5391_01,0.028078781995051545
5393_01,0.0017524991597122636
5398_01,0.9912765778565942
5399_01,0.03270118646723475
5400_01,0.6532162992821627
5403_01,0.022682988221586375
5405_01,0.007771051971076546
5407_01,0.525887026978185
5409_01,0.004967326253227042
5417_01,0.0005120200710224707
5419_01,0.07494229928891737
5426_01,0.9776987650557603
5428_01,0.13724413752995943
5428_02,0.6672821274109334
5429_01,0.037029823334371666
5432_01,0.959565730313619
5433_01,0.9988272214029542
5439_01,0.5435601238109962
5442_01,0.059947395318013186
5444_01,0.7491493494682087
5448_01,0.012677970138542511
5449_01,0.04960086629552906
5456_01,0.012732749883813002
5460_01,0.047408810970555056
5461_01,9.392849422409265e-05
5464_01,0.0029559312907277936
5473_01,0.37227007283243574
5473_02,0.01380925409928399
5481_01,0.9959270501209555
5482_01,0.9283598101274975
5482_02,0.03899326380680508
5486_01,0.98542282890239
5493_01,0.9504693878954493
5495_01,0.9873122512450173
5498_01,0.5535669939016834
5498_02,0.5535669939016834
5502_01,0.9810206915563756
5503_01,0.17022230051288673
5505_01,0.5009833418095895
5505_02,0.6505274539217417
5505_03,0.7512371051623608
5513_01,0.8385889255540566
5513_02,0.8748764828111236
5513_03,0.07059069147834307
5513_04,0.7512371051623608
5516_01,0.06971324841116505
5518_01,0.6983650729753018
5519_01,0.34879844824898887
5525_01,0.06092776763023906
5532_01,0.9071701562432235
5533_01,0.009395220132560115
5534_01,0.9328816339145036
5542_01,0.008043998671266877
5547_01,0.599285727104401
5548_01,0.613519543924821
5549_01,0.9845327478740606
5553_01,0.993496362500099
5553_02,0.48870725023083017
5554_01,0.5535669939016834
5558_01,0.006679466524685754
5562_01,0.9931657514172648
5562_02,0.997084588709453
5564_01,0.06775978948242996
5565_01,0.4632856203261825
5567_01,0.5111941851712634
5570_01,0.8680192471225063
5576_01,0.8121161819862767
5577_01,0.9864640871266016
5577_02,0.9366255865934816
5577_03,0.984412755352925
5577_04,0.984412755352925
5577_05,0.984412755352925
5579_01,0.9808366001830368
5584_01,0.9912765778565942
5584_02,0.04401571962830457
5588_01,0.2270126702361618
5588_02,0.9982629118668959
5588_03,0.9987523820109847
5588_04,0.8752500479476418
5588_05,0.9978691248449842
5590_01,0.4953005783411405
5593_01,0.35042520102331726
5597_01,0.9798671220583347
5600_01,0.7525272392814867
5604_01,0.6761366548583261
5605_01,0.19557937830372932
5607_01,0.6222240084908123
5612_01,0.9896901670388404
5617_01,0.13702015740485002
5620_01,0.2413272223462117
5620_02,0.05728677345664829
5621_01,0.10208698148644432
5624_01,0.987629209130633
5630_01,0.9313615498234775
5632_01,0.9789517625148163
5633_01,0.02307150613434543
5634_01,0.7285226910358719
5635_01,0.004581159903663958
5636_01,0.09575805461527305
5638_01,0.9896901670388404
5641_01,0.9898087275490065
5649_01,0.9952888208444322
5654_01,0.1005995877764658
5656_01,0.9247815055636168
5657_01,0.0013421712217254603
5658_01,0.015762030786151047
5660_01,0.0011722729443442127
5664_01,0.9030393540370635
5664_02,0.9366255865934816
5664_03,0.9366255865934816
5664_04,0.87746696162054
5665_01,0.030209603507470578
5666_01,0.004399177011828309
5668_01,0.9702668541289817
5669_01,0.9896901670388404
5670_01,0.986220963419764
5672_01,0.7003630298218554
5675_01,0.9615878930789412
5676_01,0.36712098324180276
5678_01,0.9955467012297274
5678_02,0.5087462768550425
5682_01,0.9742257251274218
5683_01,0.004696094923867695
5690_01,0.6536368042146792
5691_01,0.9982629118668959
5694_01,0.9808366001830368
5697_01,0.32971027727169994
5699_01,0.0626832852500339
5703_01,0.17470496141274572
5708_01,0.5997974870039371
5715_01,0.9496745931681175
5715_02,0.977413948107166
5720_01,0.3764844814048048
5720_02,0.1987536633678632
5731_01,0.007287384030472661
5731_02,0.30715145352311113
5734_01,0.9977302604259672
5734_02,0.002990395896059742
5741_01,0.004235372932004
5743_01,0.022210961362023874
5745_01,0.8390126133924999
5749_01,0.12848780538252907
5752_01,0.026616049726384233
5753_01,0.559827600755325
5754_01,6.988269238510366e-05
5759_01,0.9860964583493323
5760_01,0.06751252468063203
5762_01,0.6531572066943875
5766_01,0.9977302604259672
5770_01,0.9994520927466922
5774_01,0.1616571185771314
5775_01,0.9912765778565942
5782_01,0.11590107414886443
5782_02,0.1282447909810724
5782_03,0.9944135344762544
5782_04,0.9851482018536801
5784_01,0.8900582520368333
5787_01,0.10050712693010172
5787_02,0.7003630298218554
5787_03,0.2923280054246192
5789_01,0.9488103061011213
5789_02,0.986220963419764
5797_01,0.9958795205183684
5798_01,0.08428426369055303
5801_01,0.14378474360855828
5803_01,0.5997974870039371
5805_01,0.05018228329570978
5807_01,0.22921295183993895
5815_01,0.006234074160453325
5815_02,0.004022088835107314
5815_03,0.020775477203179207
5815_04,0.0005230653455923598
5830_01,0.5664883850405448
5832_01,0.06181717524163339
5833_01,0.1313410923726432
5838_01,0.5208557997902975
5841_01,0.9884100999385681
5841_02,0.99227659844114
5841_03,0.7370209602437607
5845_01,0.58544569127518
5850_01,0.9993379238818125
5851_01,0.10235564068367525
5851_02,0.9867740556557821
5853_01,0.2156330564687426
5862_01,0.5635080629405962
5864_01,0.9813317541889057
5865_01,0.024494263616964905
5866_01,0.34319242750940604
5870_01,0.5997974870039371
5872_01,0.9270484961122079
5873_01,0.04460802736681303
5873_02,0.5140993926619252
5873_03,0.679428841503352
5881_01,0.997994989658376
5883_01,0.9269244021373781
5884_01,0.03497380437116928
5892_01,0.0019516229339250277
5893_01,0.03278555115452839
5893_02,0.4317967849127474
5895_01,0.0015362724721414403
5896_01,0.26708668941455854
5899_01,0.6700665583743448
5904_01,0.9978691248449842
5904_02,0.004439644942933676
5910_01,0.07069932962060113
5911_01,0.9488103061011213
5911_02,0.42739840084995423
5911_03,0.015214076506392721
5911_04,0.9601031409808596
5911_05,0.9366255865934816
5911_06,0.9864640871266016
5914_01,0.9898087275490065
5917_01,0.9864640871266016
5918_01,0.5542197761265502
5926_01,0.5997974870039371
5929_01,0.9825646793811963
5932_01,0.013663022153150873
5935_01,0.06803707024772913
5936_01,0.9891153000218836
5936_02,0.9978445089952498
5936_03,0.00011491308802528216
5936_04,0.949876156668645
5936_05,0.0006445795366167115
5937_01,0.9892513559092199
5940_01,0.7540153473632585
5942_01,0.9832574023122891
5942_02,0.9961569843209811
5943_01,0.005699517465043069
5948_01,0.007875071417301661
5958_01,0.8400270349585616
5961_01,0.9908763362356493
5961_02,0.9961569843209811
5962_01,0.7216042880196144
5964_01,0.9991248332874051
5964_02,0.997994989658376
5966_01,0.9488103061011213
5966_02,0.9892513559092199
5978_01,0.08227244045583378
5978_02,0.36712098324180276
5979_01,0.7739215867166989
5982_01,0.001794419277347851
5996_01,0.9860964583493323
5997_01,0.9685048681436208
5997_02,0.9982629118668959
6002_01,0.6133487612641478
6005_01,0.9366255865934816
6005_02,0.9366255865934816
6005_03,0.9366255865934816
6005_04,4.621920887809842e-05
6005_05,0.984412755352925
6009_01,0.0038249345350922265
6009_02,0.00024609700702516525
6012_01,0.00583480055425751
6013_01,0.5997974870039371
6018_01,0.018715067744278186
6021_01,0.9896901670388404
6023_01,0.021354292276852805
6037_01,0.58544569127518
6044_01,0.005989383965396626
6044_02,0.5995998746913083
6046_01,0.9342038458469306
6050_01,0.9814608298838543
6051_01,0.00022849887498926742
6051_02,0.00845407372533189
6053_01,0.16419393771224403
6056_01,0.008920847963834076
6057_01,0.19071812579254688
6060_01,0.012072592824937495
6063_01,0.8390126133924999
6072_01,0.645685337177848
6074_01,0.129866739449965
6074_02,0.6916742212589946
6074_03,0.9867740556557821
6078_01,0.5581731726920475
6079_01,0.7003630298218554
6081_01,0.6683535023583896
6081_02,0.07983681056470054
6081_03,0.9814608298838543
6081_04,0.9884100999385681
6083_01,0.028343413506102352
6084_01,0.9941816346422621
6088_01,0.833126286758666
6089_01,0.9896901670388404
6093_01,0.5046401808027589
6097_01,0.03708198210816044
6100_01,0.8655013402890023
6104_01,0.9738065004032518
6113_01,0.0044264000298989995
6114_01,0.012794858297807424
6119_01,0.9978691248449842
6119_02,0.6348265640818884
6119_03,0.9987523820109847
6125_01,0.08798594000934817
6129_01,0.0009554334142303746
6131_01,0.0540125043225003
6134_01,0.5616421805909394
6140_01,0.16771566702297366
6142_01,0.005961743880817847
6142_02,0.9236654368535236
6144_01,0.7003630298218554
6147_01,0.06937120159707452
6151_01,0.0006797350061772512
6151_02,0.9891153000218836
6154_01,0.676566961135018
6159_01,0.7068149795786202
6160_01,0.22338243560205956
6160_02,0.9896901670388404
6161_01,0.7271809782276983
6164_01,0.9547005622298165
6165_01,0.853569212918138
6177_01,0.0004710653563182276
6183_01,0.006129127747939074
6185_01,0.0007092735393864021
6187_01,0.9982629118668959
6188_01,0.5997974870039371
6190_01,0.6745612974873664
6193_01,0.9987523820109847
6193_02,0.9867740556557821
6193_03,0.03180286884893971
6193_04,0.9788544585283462
6195_01,0.20268839049727794
6196_01,0.9812388977646626
6197_01,0.686045338903142
6198_01,0.08839911580777633
6202_01,0.9951466793052788
6203_01,0.001876476039764069
6204_01,0.9985248367937871
6209_01,0.0001133478370244501
6209_02,0.9694647519610725
6210_01,0.9983042559159998
6212_01,0.5140993926619252
6214_01,0.9205301917688092
6217_01,0.9975690321471081
6217_02,0.03767267308827998
6221_01,0.9978691248449842
6226_01,0.037640456876975675
6231_01,0.984412755352925
6231_02,0.9896901670388404
6231_03,0.44067146856568845
6233_01,0.7615524506676601
6233_02,0.1258704357556333
6233_03,0.9864640871266016
6235_01,0.9269244021373781
6240_01,0.8664862364946802
6242_01,0.997994989658376
6244_01,0.025826380819512038
6244_02,0.9135075237959546
6247_01,0.008266439393503477
6255_01,0.9812021409323234
6257_01,0.5997974870039371
6257_02,0.12266541994222319
6257_03,0.5046401808027589
6258_01,0.4945362839080978
6259_01,0.060495811519335946
6260_01,0.006012252950288988
6260_02,0.005680419176297954
6261_01,0.5146976061860218
6261_02,0.35041697228005014
6267_01,8.990320285700639e-05
6267_02,0.3792825577903398
6267_03,0.9269244021373781
6267_04,0.9908763362356493
6267_05,0.9961569843209811
6267_06,0.9808366001830368
6269_01,0.9458275417089979
6269_02,0.014118198172847528
6269_03,0.998689521322655
6272_01,0.10847946364823884
6272_02,0.9738065004032518
6275_01,0.2265132268482852
6278_01,0.992107076175512
6278_02,0.98233693982545
6284_01,0.9738065004032518
6286_01,0.8208872846360097
6286_02,0.9030393540370635
6287_01,0.41277423626017495
6287_02,0.029389486574110116
6288_01,0.997994989658376
6288_02,0.14218605574232068
6288_03,0.9991248332874051
6288_04,0.9990745134430746
6291_01,0.22405760896923752
6294_01,0.9896901670388404
6295_01,0.9985829777990437
6295_02,0.3190717679593056
6298_01,0.9738065004032518
6303_01,0.05304458969422469
6306_01,0.9860964583493323
6307_01,0.08165733871321149
6310_01,0.07953994086078704
6311_01,0.4031508852173335
6312_01,0.9730866507393624
6312_02,0.005825000738755013
6314_01,0.5672311419162858
6329_01,0.5914546334935018
6332_01,0.5140993926619252
6332_02,0.1479756236958338
6332_03,0.5997974870039371
6332_04,0.4189147574828273
6332_05,0.09973301283665749
6332_06,0.8703786114237092
6332_07,0.17034891692855456
6332_08,0.05152950370244228
6333_01,0.019171069128535268
6336_01,0.17688664805212226
6337_01,0.9860964583493323
6342_01,0.8227528938617371
6342_02,0.010518039476663396
6345_01,0.986965765327585
6345_02,0.986965765327585
6350_01,0.6524690216951675
6352_01,0.9981210860742917
6352_02,0.99986898157754
6358_01,0.5885681583004947
6358_02,0.6320497430353114
6359_01,0.13442612760342618
6362_01,0.7152419533505984
6364_01,0.9860964583493323
6375_01,0.1159850207174268
6377_01,0.98233693982545
6379_01,0.003058572421848781
6382_01,0.018773879358453833
6383_01,0.984412755352925
6383_02,0.9282534208325386
6383_03,0.9991927421093463
6384_01,0.48412947891707564
6386_01,0.14504698483252312
6387_01,0.06520011897251385
6389_01,0.0035418476411447526
6391_01,0.9638870375478016
6391_02,0.9816250553776903
6392_01,0.9922409635682624
6393_01,0.35041697228005014
6395_01,0.6361616528960204
6401_01,0.9970567414284006
6401_02,0.0031612753769212055
6403_01,0.016565798795941146
6410_01,0.07578692419718219
6410_02,0.002752871782026835
6417_01,0.986965765327585
6420_01,0.059431853746694595
6423_01,0.00667122816629055
6425_01,0.024654912451372142
6425_02,0.38785933321595956
6426_01,0.011100905914496762
6427_01,0.9814608298838543
6429_01,0.9273049722731591
6435_01,0.012975488178969558
6438_01,0.0019677406468936696
6440_01,0.686045338903142
6441_01,0.19118203643255785
6445_01,0.0016298244664459379
6460_01,0.7667944254197556
6465_01,0.9493935880869259
6466_01,0.02490546238864223
6467_01,0.013077263450756623
6469_01,0.9858897193294851
6474_01,0.9486195689618643
6476_01,0.23004582987992886
6479_01,0.9601196608748116
6479_02,0.671171250862004
6483_01,0.9738065004032518
6484_01,0.289977992968304
6486_01,0.9624644129579193
6491_01,0.05628938575624546
6491_02,0.15628076488628884
6491_03,0.984412755352925
6495_01,0.07705759231958204
6496_01,0.5140993926619252
6496_02,0.1442640762821433
6497_01,0.5569462583120137
6498_01,0.9601031409808596
6499_01,0.36712098324180276
6499_02,0.30816503248020805
6499_03,0.4317967849127474
6499_04,0.7476946311207566
6499_05,0.05917073966107554
6499_06,0.8703786114237092
6499_07,0.5140993926619252
6499_08,0.6422952229553953
6504_01,0.995397650148599
6504_02,0.9309843051076907
6505_01,0.27307830450355547
6506_01,0.025434654670815994
6506_02,0.7670672969515292
6507_01,0.7209493027839776
6515_01,0.8410317782620758
6516_01,0.9983042559159998
6516_02,0.9989887070389161
6518_01,0.9886071081139952
6519_01,0.0037658304367340586
6521_01,0.05811958105776833
6524_01,0.6423534099751687
6527_01,0.5988219072448578
6528_01,0.6873855488383102
6532_01,0.15891806005241488
6533_01,0.5140993926619252
6533_02,0.14917615275786114
6534_01,0.03002034033402397
6536_01,0.16434956749291632
6537_01,0.1637163327211729
6538_01,0.05351174396101853
6542_01,0.10116516840382256
6543_01,0.9512560586461869
6550_01,0.0015217593498550585
6551_01,0.6946302906581293
6554_01,0.5146976061860218
6555_01,0.5209600601609495
6559_01,0.9366255865934816
6559_02,0.9366255865934816
6559_03,0.19433728707201894
6564_01,0.7628496380003149
6564_02,0.9891153000218836
6566_01,0.04689688852948919
6571_01,0.16394031100317186
6575_01,0.9989887070389161
6576_01,0.9814608298838543
6577_01,0.11650357095948928
6577_02,0.10418576249264505
6577_03,0.9896901670388404
6579_01,0.686045338903142
6581_01,0.08532732771840656
6584_01,0.998943672963517
6586_01,0.004910921932904117
6587_01,0.984400463424872
6589_01,0.9236654368535236
6596_01,0.5733516881853239
6596_02,0.03676096314892564
6597_01,0.41657589770091197
6600_01,0.9964443222057225
6600_02,0.0015299949159288946
6605_01,0.9892513559092199
6605_02,0.9282534208325386
6607_01,0.5436671784447573
6610_01,0.5997974870039371
6612_01,0.9130466169015394
6612_02,0.14070473292517002
6612_03,0.14629140821355882
6612_04,0.9488103061011213
6612_05,0.4872714063551557
6612_06,0.9853627323377836
6615_01,0.9814608298838543
6617_01,0.98198426664206
6617_02,0.995397650148599
6617_03,0.9967082674506991
6619_01,0.0010674445389906924
6627_01,0.9531973863687951
6629_01,0.9725215096995355
6632_01,0.21811073681416543
6636_01,0.9898087275490065
6640_01,0.9967853520138719
6644_01,0.36967870104324485
6648_01,0.686045338903142
6651_01,0.0732849388816897
6653_01,0.9542323261630652
6657_01,0.5997974870039371
6658_01,0.9046765038740122
6658_02,0.9046765038740122
6658_03,0.014710978562820805
6661_01,0.8703831224335753
6666_01,0.08237048160759775
6677_01,0.686045338903142
6678_01,0.012226148357545834
6678_02,0.9855256706724557
6679_01,0.04161853117454651
6682_01,0.9814608298838543
6682_02,0.5824624346530494
6685_01,0.0013053387580177058
6686_01,0.017929956272893267
6687_01,0.06939039382699959
6688_01,0.9808366001830368
6689_01,0.10416872106609863
6689_02,0.4535784508572229
6690_01,0.9898087275490065
6695_01,0.8405281415487255
6696_01,0.8866014074158229
6700_01,0.5140993926619252
6700_02,0.04937144479484169
6701_01,0.9975690321471081
6703_01,0.000348575247533539
6704_01,0.31830769536774123
6705_01,0.09399646768799244
6710_01,0.9896901670388404
6712_01,0.5697593008865889
6714_01,0.5341458731790262
6715_01,0.4893084672748864
6716_01,0.009540735173322908
6717_01,0.9908763362356493
6723_01,0.010727246379562804
6728_01,0.995424258553383
6732_01,0.8304331999260265
6733_01,0.2620755638507401
6735_01,0.20342749905137666
6737_01,0.07270042880275797
6738_01,0.4170756787777084
6738_02,0.9691412109351413
6740_01,0.009370055937682975
6743_01,0.9922409635682624
6752_01,0.004632034901580249
6752_02,0.190003395674024
6752_03,0.14819433495598924
6755_01,0.08323476598235788
6759_01,0.686045338903142
6767_01,0.010969028804582538
6767_02,0.2575967108196948
6768_01,0.041424366259157026
6769_01,0.9922409635682624
6770_01,0.9961569843209811
6770_02,0.9908763362356493
6770_03,0.9970074535851937
6771_01,0.31578583221594
6772_01,0.5997974870039371
6772_02,0.29400401575155893
6777_01,0.995397650148599
6781_01,0.7936123351457656
6783_01,0.5542197761265502
6785_01,0.5140993926619252
6790_01,0.3198826404045715
6791_01,0.8463425698869128
6793_01,0.9587981929042692
6793_02,0.9832574023122891
6795_01,0.008639154642233828
6797_01,0.00549983207956515
6803_01,0.023988616094928514
6804_01,0.6488117932569879
6807_01,0.5778885905680288
6807_02,0.5997974870039371
6809_01,0.02309330453830589
6811_01,0.58544569127518
6812_01,0.5908086150998332
6812_02,0.21127714763808841
6815_01,0.6139589227669814
6819_01,0.2380481570549511
6819_02,0.9864640871266016
6819_03,0.984412755352925
6823_01,0.9864640871266016
6828_01,0.987629209130633
6830_01,0.8703786114237092
6835_01,0.7421894758547029
6835_02,0.15542437294456737
6836_01,0.7242340152523649
6838_01,0.9835513314601483
6838_02,0.00036996992354966046
6838_03,0.0017340933915729914
6842_01,0.015682906579730593
6845_01,0.987893918803406
6846_01,0.0033491255862654443
6847_01,0.0002138062312653852
6849_01,8.23594102083638e-05
6852_01,0.6885618323030785
6852_02,0.002149524911446576
6855_01,0.20211944232771115
6856_01,0.0008910501755312625
6860_01,0.6816537422030146
6867_01,0.47221307899828724
6870_01,0.015403628725520457
6872_01,0.5997974870039371
6874_01,0.9858897193294851
6875_01,0.6376524618345514
6875_02,0.09082267215908396
6875_03,0.9551658762761709
6876_01,0.5676380422158842
6876_02,0.9366255865934816
6876_03,0.984412755352925
6877_01,0.17709313946924124
6878_01,0.98233693982545
6881_01,0.07978817830950051
6884_01,0.5997974870039371
6886_01,0.9864640871266016
6888_01,0.4537696612729966
6888_02,0.9821808989096801
6888_03,0.8104856738355063
6888_04,0.004492375755175427
6890_01,0.025864071582893115
6897_01,0.3232693787397186
6904_01,0.5997974870039371
6904_02,0.5997974870039371
6904_03,0.25518885993954465
6909_01,0.9269244021373781
6914_01,0.9860964583493323
6916_01,0.9841642643296956
6919_01,0.6583382000645548
6922_01,0.6873855488383102
6923_01,0.9738065004032518
6927_01,0.0829910304534842
6933_01,0.980651089228125
6933_02,0.7336277602127351
6935_01,0.013914508462885933
6936_01,0.010261879842013162
6936_02,0.0015822282588394971
6936_03,0.9908282174030804
6938_01,0.5997974870039371
6941_01,0.5997974870039371
6942_01,0.9860964583493323
6948_01,0.9896901670388404
6952_01,0.9821808989096801
6953_01,0.47862011471989413
6955_01,0.03912780015882015
6956_01,0.10132903559936554
6958_01,0.4683854850860136
6959_01,0.002153468316294674
6959_02,0.9838393860792148
6959_03,0.9853627323377836
6961_01,0.1795183146070066
6961_02,0.0006258156069808003
6965_01,0.9816250553776903
6969_01,0.002784166428955343
6974_01,0.11407674308246775
6975_01,0.005314126349024538
6983_01,0.9816250553776903
6983_02,0.0008552074516143814
6986_01,0.7011038009651815
6986_02,0.049831682978199336
6986_03,0.6422952229553953
6986_04,0.6320497430353114
6986_05,0.5997974870039371
6986_06,0.09184281373464384
6986_07,0.24604260558713711
6986_08,0.5046401808027589
6989_01,0.9851482018536801
6993_01,0.3320703004173273
7000_01,0.986965765327585
7003_01,0.01271328129717307
7009_01,0.12746092900049208
7009_02,0.033688018209894456
7012_01,0.9814608298838543
7023_01,0.1399379190584373
7024_01,0.7739215867166989
7030_01,0.08423536381243701
7033_01,0.10289733794810678
7035_01,0.7129417380797617
7043_01,0.9778810266214856
7046_01,0.00010911193847328998
7046_02,0.2012093516022504
7046_03,0.011362167541520918
7054_01,0.9998935019001066
7054_02,0.9989887070389161
7055_01,0.9879244426777558
7063_01,0.47714036537901267
7063_02,2.384880237888323e-05
7064_01,0.7325710527157366
7065_01,0.850717705343664
7066_01,0.26662362110464827
7066_02,0.9860964583493323
7067_01,0.9366255865934816
7067_02,0.984412755352925
7067_03,0.026452780994324035
7070_01,0.9044221780462212
7075_01,0.016458139386584473
7076_01,0.5997974870039371
7081_01,0.9948624558081409
7081_02,0.9961569843209811
7100_01,0.9985549992279434
7100_02,0.0006601954446779914
7101_01,0.0007356842236621886
7101_02,0.0010060771845361795
7102_01,0.9510401423098828
7103_01,0.002822740531128491
7103_02,0.996111449489867
7107_01,0.686045338903142
7108_01,0.3222766675334758
7112_01,0.9297158665856666
7115_01,0.9738065004032518
7122_01,0.760696229558404
7123_01,0.08767538497608025
7124_01,0.9853106526311611
7124_02,0.9967082674506991
7124_03,0.08531726878646988
7125_01,0.9829175003096058
7129_01,0.29837098528706757
7130_01,0.7851337525298295
7130_02,0.6422952229553953
7130_03,0.2344358189876455
7130_04,0.40648614690025264
7130_05,0.6097775838276781
7130_06,0.6320497430353114
7130_07,0.05500228161692029
7131_01,0.27184911917083676
7135_01,0.9860964583493323
7135_02,0.5701728804125406
7135_03,0.5029962442804636
7135_04,0.9896901670388404
7136_01,0.7011038009651815
7138_01,0.009064742273508399
7139_01,0.03625112582874145
7141_01,0.0749828906256918
7145_01,0.4044184949899768
7146_01,0.0006270751915663445
7147_01,0.9989887070389161
7150_01,0.8453441226765398
7150_02,0.5997974870039371
7153_01,0.003935821417635422
7154_01,0.081064280576799
7158_01,0.023120544522783754
7163_01,0.9789517625148163
7163_02,0.9967082674506991
7163_03,0.0005167376070045164
7164_01,0.5322832383977457
7169_01,0.987629209130633
7172_01,0.000324842395744599
7172_02,0.01572473835935709
7174_01,0.041057501843221794
7178_01,0.9738065004032518
7183_01,0.6672821274109334
7185_01,0.9753715534806718
7195_01,0.9851482018536801
7196_01,0.9948612083872518
7198_01,0.686045338903142
7201_01,0.0762626548802138
7204_01,0.043540454357404994
7209_01,0.8113336861320118
7209_02,0.9452742121529285
7211_01,0.0005582961943607586
7212_01,0.730828424838626
7213_01,0.686045338903142
7220_01,0.05824174726037591
7222_01,0.2625371604546409
7223_01,0.9922409635682624
7228_01,0.9898087275490065
7231_01,0.07846821481777767
7237_01,0.9252814484826466
7239_01,0.7003630298218554
7241_01,0.9464651320813681
7241_02,0.00036721931582142317
7243_01,0.984412755352925
7243_02,0.9898087275490065
7243_03,0.984412755352925
7243_04,0.17061650979511603
7243_05,0.9853627323377836
7244_01,0.9858897193294851
7245_01,0.9796340345562701
7248_01,0.02722805106492982
7248_02,0.9885165169448078
7251_01,0.686045338903142
7254_01,0.010214436450730186
7262_01,0.00606381948744191
7263_01,0.0715057123729479
7264_01,0.023147040997327735
7265_01,0.11644171957216705
7266_01,0.15899327863375487
7266_02,0.9860964583493323
7266_03,0.9366255865934816
7269_01,0.07760218084846929
7269_02,0.5140993926619252
7272_01,0.686045338903142
7275_01,0.9286767762247621
7281_01,0.9525479586540103
7282_01,0.6873855488383102
7286_01,0.02355877146318202
7287_01,0.9975690321471081
7288_01,0.41500943604417023
7291_01,0.987629209130633
7293_01,0.4088896197213665
7294_01,0.4262093659948926
7295_01,0.9331729149373276
7295_02,0.010371513607706396
7299_01,0.7900338607710382
7308_01,0.9970943648818092
7312_01,0.32978966161563195
7315_01,0.7003630298218554
7316_01,0.22318842129863126
7317_01,0.013795501946375265
7318_01,0.0794405932222966
7319_01,0.8019502084731942
7319_02,0.8545519809703227
7319_03,0.4054151178894982
7325_01,0.015757215785201853
7329_01,0.25732130460438146
7329_02,0.32179731271921463
7329_03,0.9967080931299056
7333_01,0.05595810673079062
7335_01,0.6873855488383102
7345_01,0.05383082640752493
7348_01,0.03569484722692601
7348_02,0.9957239207270381
7348_03,0.9894416004576901
7349_01,0.08572425770468578
7352_01,0.18137717419866015
7354_01,0.9843178477922581
7354_02,0.9111561257394365
7354_03,0.9832574023122891
7354_04,0.0008516539004172362
7354_05,0.9872533796524362
7354_06,0.1546359153916364
7355_01,0.0031796678691275904
7357_01,0.9888254165850826
7362_01,0.3023898062476562
7363_01,0.466996512263066
7364_01,0.7335771618347097
7368_01,0.98198426664206
7369_01,0.0018529159392961646
7373_01,0.9975690321471081
7373_02,0.997994989658376
7375_01,0.7331960628471091
7378_01,0.024596428661659443
7380_01,0.9720106209827284
7380_02,0.9979746748166733
7380_03,0.005971107725367268
7380_04,0.991694493724643
7381_01,0.8703786114237092
7382_01,0.986220963419764
7383_01,0.7851337525298295
7383_02,0.028551814324323507
7384_01,0.05042028232691774
7386_01,0.5140993926619252
7389_01,0.9885165169448078
7397_01,0.665843330119184
7400_01,0.018094514850677902
7404_01,0.9896901670388404
7407_01,0.5235235373099356
7409_01,0.008519267716681838
7409_02,0.7044584053122921
7412_01,0.9989629058376499
7413_01,0.7003630298218554
7413_02,0.5046401808027589
7414_01,0.021891890751728395
7415_01,0.00880011265503295
7417_01,0.07957765040925703
7417_02,0.21268548559584097
7420_01,0.020004211183123642
7421_01,0.8703786114237092
7421_02,0.6621708674762518
7423_01,0.021495388180154975
7423_02,0.9900333551170224
7424_01,0.018543385818956114
7426_01,0.9980448853915147
7426_02,0.9980448853915147
7426_03,0.9989887070389161
7433_01,0.6112180788956143
7434_01,0.002703026675328642
7439_01,0.0321576281766926
7439_02,0.9991248332874051
7440_01,0.013347530609427232
7441_01,0.9808366001830368
7443_01,0.6565590629899598
7451_01,0.3388378071790883
7454_01,0.01873158264540825
7463_01,0.11906796212232364
7465_01,0.22306736223578544
7466_01,0.181767596928673
7467_01,0.0864583797207336
7468_01,0.6979413530539361
7469_01,0.01695471790705492
7470_01,0.5791431599811692
7471_01,0.5193483111949251
7471_02,0.012645604347510905
7473_01,0.09929472601756799
7473_02,0.3166891365256664
7474_01,0.4310339255263549
7476_01,0.9580215981285193
7480_01,0.009228148396587716
7482_01,0.9885165169448078
7482_02,0.0396876953985791
7489_01,0.44174602156563314
7489_02,0.09364687838012027
7489_03,0.22226879566928337
7491_01,0.5428604962575764
7493_01,0.6195479393478625
7497_01,0.567784544059532
7511_01,0.21036309943383444
7516_01,0.5148223795960049
7519_01,0.011348672808401017
7526_01,0.9919931861065211
7528_01,0.4310339255263549
7528_02,0.8105426277732088
7528_03,0.010887762412983627
7528_04,0.7924120610722063
7530_01,0.998689521322655
7530_02,0.0023564851362507994
7530_03,0.003537257510064881
7530_04,0.0006784358503220906
7532_01,0.7924120610722063
7537_01,0.7564216300949801
7539_01,0.9789517625148163
7539_02,0.9902461808175318
7540_01,0.01995577694002674
7541_01,0.986965765327585
7541_02,0.7713771299419413
7541_03,0.7241233131715188
7546_01,0.995397650148599
7547_01,0.5529453141791809
7548_01,0.03625566090782243
7551_01,0.43969910313532445
7554_01,0.567784544059532
7555_01,0.16530372661623272
7556_01,0.9970943648818092
7556_02,0.9892469589079123
7556_03,0.12943114717292226
7556_04,0.9981844020231774
7557_01,0.11642624531570499
7557_02,0.9922506118651937
7557_03,0.9911341778493279
7558_01,0.004310620777009079
7558_02,0.9937398383254744
7562_01,0.27033773659899524
7564_01,0.017141446825084346
7566_01,0.09006014074658268
7570_01,0.22580170325392587
7570_02,0.006737779587168301
7571_01,0.006332490057107422
7575_01,0.06207801597489845
7581_01,0.5444537761553558
7582_01,0.5193483111949251
7582_02,0.44174602156563314
7582_03,0.44174602156563314
7582_04,0.09973363285516292
7582_05,0.5193483111949251
7587_01,0.7096973494341016
7589_01,0.6941300766462367
7590_01,0.8837268852006349
7591_01,0.6211923017827121
7591_02,0.9208601231392726
7593_01,0.9801235415220474
7597_01,0.5428604962575764
7597_02,0.7171003610320049
7597_03,0.0472343644425405
7597_04,0.44061997310777684
7597_05,0.6200279247706525
7597_06,0.44174602156563314
7597_07,0.16723643964356863
7600_01,0.9365454598265514
7600_02,0.47711211317535385
7602_01,0.9885943045480232
7603_01,0.8917966347011641
7607_01,0.07867805195231332
7610_01,0.7191946413457077
7610_02,0.3294859129045763
7611_01,0.005776222295677835
7611_02,0.12399073118025031
7612_01,0.00973788638099148
7612_02,0.5738399681792843
7613_01,0.9808366001830368
7615_01,0.05519522145968841
7617_01,0.7523016768895288
7619_01,0.5791431599811692
7629_01,0.34761618758437923
7629_02,0.09819268444286602
7629_03,0.7191946413457077
7636_01,0.17582302681312534
7637_01,0.9894416004576901
7637_02,0.011624859565334624
7637_03,0.9894416004576901
7638_01,0.5428604962575764
7642_01,0.9858819711780017
7645_01,0.998689521322655
7648_01,0.6990788132838912
7651_01,0.9885165169448078
7653_01,0.10228123902016777
7654_01,0.9821808989096801
7655_01,0.768258831792215
7657_01,0.07840938737878904
7658_01,0.998199981158534
7659_01,0.014182386908940959
7662_01,0.9858819711780017
7663_01,0.8105426277732088
7664_01,0.00358028854289753
7668_01,0.6902988975572687
7672_01,0.0005793242023332233
7673_01,0.19742821518104475
7674_01,0.11787518300028059
7675_01,0.006986580681621116
7681_01,0.6222240084908123
7685_01,0.5738399681792843
7686_01,0.7924120610722063
7695_01,0.31903048937953715
7701_01,0.023868687158139553
7704_01,0.9628349598656067
7706_01,0.9986067066761835
7718_01,0.9979746748166733
7722_01,0.3531650407970488
7725_01,0.9753715534806718
7726_01,0.5428604962575764
7730_01,0.10198337023021325
7732_01,0.3401922206350569
7733_01,0.053023214715098056
7734_01,0.3718680298247494
7735_01,0.010442252535142483
7737_01,0.4522880056651913
7740_01,0.6650656964723695
7740_02,0.44174602156563314
7745_01,0.8158160712978438
7750_01,0.20851848636664552
7756_01,0.9773138771596105
7758_01,0.060482020459045015
7759_01,0.9422580796209686
7762_01,0.022865673950502836
7765_01,0.5791431599811692
7765_02,0.567784544059532
7765_03,0.567784544059532
7766_01,0.09256920716128854
7772_01,0.4522880056651913
7779_01,0.1991648863953755
7781_01,0.029928405013198697
7792_01,0.9976662887281464
7792_02,0.9952820094442932
7792_03,0.9976662887281464
7792_04,0.026462531960681667
7792_05,0.9976662887281464
7794_01,0.0031989973957632454
7795_01,0.2513825857027733
7795_02,0.4946532206955224
7796_01,0.20309774302796718
7798_01,0.424689144743473
7798_02,0.8334301369774241
7799_01,0.4861243326947326
7804_01,0.0002006990461658395
7807_01,0.6455032790906393
7811_01,0.7241233131715188
7814_01,0.7885650450639404
7817_01,0.04810456133341973
7819_01,0.6350789295673539
7822_01,0.04561678874512647
7823_01,0.7564216300949801
7825_01,0.0004734363083019847
7825_02,0.996829259872434
7825_03,0.09831225960545364
7826_01,0.9976662887281464
7827_01,0.9970263493429666
7836_01,0.2817605905095765
7838_01,0.9980448853915147
7844_01,0.011803537067491215
7846_01,6.641213954570048e-05
7846_02,0.998069644858755
7854_01,0.6309960670005932
7855_01,0.14198920780584476
7857_01,0.6455032790906393
7860_01,0.024240371111935784
7862_01,0.5428604962575764
7867_01,0.3252558925941338
7869_01,0.009104829763929458
7874_01,0.4122795818136883
7874_02,0.9764667368825013
7876_01,0.1416321667894739
7880_01,0.9589665777827825
7880_02,0.03334565911038098
7887_01,0.4522880056651913
7893_01,0.9980448853915147
7893_02,0.9993607607217209
7893_03,0.9981844020231774
7893_04,0.9989629058376499
7893_05,0.9970943648818092
7896_01,0.6203404825754423
7898_01,0.6817944314049693
7900_01,0.13404025270207753
7906_01,0.02101692433658771
7909_01,0.02173426438762063
7909_02,0.01733556679881104
7911_01,0.6350789295673539
7912_01,0.04829102368782804
7915_01,0.4953005783411405
7915_02,0.18884459899764172
7915_03,0.4953005783411405
7917_01,0.5428604962575764
7921_01,0.8169362127782975
7921_02,0.014925574274197443
7923_01,0.32500483269131364
7925_01,0.5607972917671938
7927_01,0.5137135409063708
7927_02,0.5193483111949251
7927_03,0.22226879566928337
7928_01,0.304479527305173
7931_01,0.9336136280099168
7932_01,0.3566314452548773
7933_01,0.9925576915169078
7934_01,0.9832410222933851
7934_02,0.986643623361368
7934_03,0.9811694927494935
7938_01,0.0007779464552600933
7942_01,0.017799672004541477
7942_02,0.4872714063551557
7948_01,0.07899762031578107
7951_01,0.9970074535851937
7953_01,0.05273484135690058
7956_01,0.11534278436327751
7959_01,0.27416999525957697
7961_01,0.07403585036793384
7963_01,0.9475816629948506
7963_02,0.19982002128558327
7963_03,0.8105426277732088
7964_01,0.9908521423406632
7965_01,0.567784544059532
7966_01,0.021881871542785175
7969_01,0.7962507897969321
7971_01,0.9976662887281464
7971_02,0.0025914409902033538
7975_01,0.9885165169448078
7977_01,0.24186819932620898
7978_01,0.44174602156563314
7978_02,0.014276885317878825
7979_01,0.001327145572712603
7980_01,0.012816640311371983
7991_01,0.000336491576567553
7991_02,0.4909726268365008
7991_03,0.9978445089952498
7991_04,0.9853106526311611
7992_01,0.9892032122781159
7997_01,0.6768877754473015
7998_01,0.91046472928978
7998_02,0.9984277472226912
7998_03,0.9993607607217209
7998_04,0.9989887070389161
8001_01,0.5751020783049187
8002_01,0.09118091671638952
8008_01,0.02059197210775163
8009_01,0.5438873450392505
8011_01,0.7241233131715188
8013_01,0.8389558771970553
8017_01,0.021170390849512014
8022_01,0.6382612524093096
8028_01,0.055730785995692776
8033_01,0.0010730964134258838
8039_01,0.9804231151370589
8039_02,0.9832574023122891
8040_01,0.38785933321595956
8041_01,0.012191732898652332
8041_02,0.9967853520138719
8044_01,0.9897812622800528
8045_01,0.011656976238739703
8047_01,0.9967853520138719
8048_01,0.9622985438884979
8051_01,0.6877528682138258
8051_02,0.5738399681792843
8061_01,0.39532318066799166
8061_02,0.8765124942059053
8062_01,0.012220421368335834
8065_01,0.027666825986050803
8070_01,0.06081795573684259
8073_01,0.4522880056651913
8074_01,0.8190542675420509
8080_01,0.9986382760114106
8090_01,0.5428604962575764
8093_01,0.006803507522122765
8095_01,0.01996887451494032
8096_01,0.9858819711780017
8099_01,0.7645567114514561
8100_01,0.9346689809050784
8101_01,0.986643623361368
8104_01,0.8590129533155857
8109_01,0.038990305046057674
8110_01,0.026504813115840253
8111_01,0.4341240902756462
8113_01,0.7521175242507849
8113_02,0.7191946413457077
8113_03,0.5197052513018054
8113_04,0.6170185750827222
8114_01,0.8881579961267924
8125_01,0.9982977221156537
8125_02,0.9757946981324609
8126_01,0.02329305107362242
8127_01,0.10535630341935144
8132_01,0.004607318802257615
8134_01,0.7165398054452864
8142_01,0.9958050380256519
8145_01,0.28416854881981024
8146_01,0.7179909769901179
8151_01,0.10519796735782147
8154_01,0.37817437924066577
8155_01,0.907048550458559
8160_01,0.09139804635658243
8163_01,0.4953005783411405
8166_01,0.16478009488125842
8169_01,0.5129447896269069
8170_01,0.9812021409323234
8172_01,0.986643623361368
8174_01,0.02878202740535732
8179_01,0.9789517625148163
8180_01,0.01335681374621288
8181_01,0.040549958904713974
8181_02,0.03600679937472867
8181_03,0.9876490739529994
8183_01,0.03590246036850253
8184_01,0.010379621664099057
8185_01,0.03183202765906742
8187_01,0.013978333726016218
8188_01,0.21245493556257722
8193_01,0.6941300766462367
8195_01,0.9789517625148163
8196_01,0.045353435459973244
8196_02,0.5738399681792843
8198_01,0.4522880056651913
8201_01,0.9845327478740606
8206_01,0.0075731170834126265
8215_01,0.9941237449100683
8223_01,0.5738399681792843
8228_01,0.003353265608993268
8230_01,0.05279847284155089
8234_01,0.004511546533263277
8236_01,0.9967296833831343
8240_01,0.9985350808309785
8241_01,0.567784544059532
8245_01,0.5193483111949251
8245_02,0.44061997310777684
8246_01,0.2107308298186112
8249_01,0.20501645636143823
8250_01,0.4522880056651913
8253_01,0.01907624581733597
8256_01,0.3088496060375436
8258_01,0.004607441010891859
8262_01,0.0361126982411629
8263_01,0.09545023530740322
8269_01,0.73947112441091
8274_01,0.9234353468388393
8278_01,0.6350789295673539
8283_01,0.9908763362356493
8284_01,0.6603892506454456
8284_02,0.8396384552857044
8285_01,0.13994345849033085
8286_01,0.997319361360423
8290_01,0.9911417794053892
8293_01,0.005891801950037807
8296_01,0.9858819711780017
8299_01,0.008767838704881842
8304_01,0.02053737419808064
8304_02,0.9922506118651937
8304_03,0.8814322353512627
8305_01,0.9952820094442932
8305_02,0.9987742740780513
8305_03,0.9953312804417658
8308_01,0.0010736680113440245
8309_01,0.4972999289822767
8311_01,0.037937600772681726
8312_01,0.986643623361368
8325_01,0.567784544059532
8325_02,0.0942749566915087
8327_01,0.02695464257601222
8331_01,0.3000391935571592
8337_01,0.23154971932053264
8340_01,0.27788937564107474
8340_02,0.4212293458408314
8340_03,0.00239561432628045
8347_01,0.6455032790906393
8349_01,0.8067786293340904
8350_01,0.029156962691662257
8351_01,0.0007841631386427335
8352_01,0.07536775262548907
8353_01,0.005477729583812919
8355_01,0.998314720286797
8357_01,0.9992531674126846
8357_02,0.998314720286797
8358_01,0.007332032125154847
8359_01,0.008429971103218303
8361_01,0.0001351584130251299
8361_02,0.00019884852556109893
8361_03,0.9928292064929284
8361_04,0.9983339829974368
8361_05,0.9718969401326539
8364_01,0.6455032790906393
8367_01,0.5549313295156398
8370_01,0.9997748669007225
8370_02,0.0001406347762579497
8372_01,0.997319361360423
8385_01,0.9885165169448078
8385_02,0.0025383990208168662
8385_03,0.9863159365552736
8387_01,0.8461114508969062
8389_01,0.6768877754473015
8391_01,0.38264593270785485
8396_01,0.072115548969637
8399_01,0.025060809017889107
8400_01,0.3591371373062937
8400_02,0.5738399681792843
8400_03,9.99366741298894e-05
8402_01,0.9821808989096801
8402_02,0.9891153000218836
8402_03,0.9891153000218836
8408_01,0.9392350669315953
8408_02,0.5002522781416251
8412_01,0.9183717298822327
8413_01,0.6350789295673539
8415_01,0.007473101582647535
8417_01,0.3179724452823557
8422_01,0.03426525126995556
8424_01,0.06115617039766242
8425_01,0.8105426277732088
8425_02,0.5161435247835577
8426_01,0.3957041077050694
8426_02,0.0008087140938076462
8428_01,0.5137953556274839
8434_01,0.9898129278221244
8435_01,0.2993355058472953
8436_01,0.04571253960655752
8439_01,0.5428604962575764
8440_01,0.038771705149845716
8440_02,0.9922506118651937
8440_03,0.99386814932187
8443_01,0.9854929086616413
8443_02,0.045619037921422294
8445_01,0.6565590629899598
8445_02,0.4310339255263549
8445_03,0.7191946413457077
8446_01,0.10656936385649068
8450_01,0.9900333551170224
8450_02,0.3768874620010248
8450_03,0.99386814932187
8453_01,0.5990625770462054
8455_01,0.12721456319676266
8461_01,0.6785331056372839
8464_01,0.004953576519260101
8464_02,0.9908521423406632
8473_01,0.44174602156563314
8473_02,0.02349311818267176
8478_01,0.5791431599811692
8478_02,0.007339211545806696
8484_01,0.9908521423406632
8485_01,0.4989144054776212
8488_01,0.622708400290216
8490_01,0.003342989189093859
8496_01,0.05893837241903283
8497_01,0.39532318066799166
8498_01,0.25346708864502093
8499_01,0.6565590629899598
8501_01,0.6603892506454456
8505_01,0.018277080079722265
8507_01,0.4231663685725777
8510_01,0.0650484472357545
8510_02,0.9929162078452525
8513_01,0.0034834003992934718
8515_01,0.08304726984862765
8517_01,0.497551757811003
8517_02,0.9135075237959546
8518_01,0.567784544059532
8519_01,0.4931900876981648
8520_01,0.0683345807891303
8520_02,0.5197052513018054
8525_01,0.9932908471249846
8525_02,0.9967742305849225
8526_01,0.009324547201230424
8526_02,0.7589114868971502
8527_01,0.7645567114514561
8529_01,0.058924786446996245
8531_01,0.5428604962575764
8532_01,0.20573427886670004
8533_01,0.4485338890382507
8534_01,0.5197052513018054
8534_02,0.7521175242507849
8534_03,0.567784544059532
8534_04,0.16672893517599272
8538_01,0.009363926578345108
8543_01,0.8768579611360506
8543_02,0.6565590629899598
8543_03,0.5451901449019981
8543_04,0.019241945985724904
8543_05,0.14277044079829856
8543_06,0.051735368500255945
8543_07,0.6603892506454456
8543_08,0.024296737359920457
8546_01,0.7962507897969321
8547_01,0.0499835462662499
8550_01,0.010476072634117439
8553_01,0.0313746347152857
8555_01,0.6112180788956143
8555_02,0.4190450750720682
8555_03,0.7066258208170016
8558_01,0.5738399681792843
8562_01,0.06256123916740308
8563_01,0.004954673315251119
8564_01,0.3297916016739745
8565_01,0.5738399681792843
8565_02,0.7191946413457077
8565_03,0.057546583565513974
8567_01,9.755056575933176e-05
8567_02,0.00015289959845337395
8567_03,0.003998415911896042
8568_01,0.9885943045480232
8568_02,0.9868406383373824
8575_01,0.3337339291804219
8576_01,0.9816964196698957
8578_01,0.026110541607965727
8579_01,0.998069644858755
8582_01,0.6350789295673539
8583_01,0.9885165169448078
8583_02,0.9922506118651937
8590_01,0.0003453001925057498
8591_01,0.7525803421176739
8593_01,0.0025625372794652775
8600_01,0.6350789295673539
8601_01,0.0490304834424387
8608_01,0.6941300766462367
8621_01,0.9536880440570427
8622_01,0.00735921320488444
8625_01,0.08206320766629487
8627_01,0.045315716469796465
8630_01,0.04315094680414465
8632_01,0.5428604962575764
8632_02,0.5193483111949251
8647_01,0.986643623361368
8648_01,0.6746010213073559
8648_02,0.109127329093776
8648_03,0.4522880056651913
8649_01,0.03345031064172865
8651_01,0.18349428028080988
8652_01,0.054486281567980424
8655_01,0.0038492376184780215
8660_01,0.7897462850054763
8662_01,0.5190402799982088
8665_01,0.5428604962575764
8666_01,0.567784544059532
8676_01,0.8623986123348655
8677_01,0.0905289656452149
8677_02,0.8252376418729729
8677_03,0.9881269505597873
8678_01,0.7947935463010091
8678_02,0.4154132616449665
8679_01,0.4522880056651913
8682_01,0.0006786202088423793
8686_01,0.9648451842874135
8689_01,0.5193483111949251
8690_01,0.001726822017343396
8690_02,0.9131930521263834
8692_01,0.9966418057202231
8692_02,0.0002915575853932863
8692_03,0.9891153000218836
8697_01,0.6565590629899598
8698_01,0.7862793890412472
8699_01,0.4989144054776212
8702_01,0.10857220617439577
8705_01,0.9336954288231654
8706_01,0.061995942955174244
8707_01,0.01106244913145459
8711_01,0.7144084483552907
8713_01,0.0181647300398812
8713_02,0.9967853520138719
8715_01,0.5428604962575764
8718_01,0.22666695702719225
8724_01,9.183211264966283e-05
8725_01,0.5791431599811692
8726_01,0.9858819711780017
8730_01,0.008335374660867525
8731_01,0.008113108553532561
8737_01,0.9962111776961194
8738_01,0.44061997310777684
8739_01,5.584499958598029e-05
8740_01,0.24153300732812188
8742_01,0.022125751552567866
8745_01,0.011203886572858842
8746_01,0.6768877754473015
8747_01,0.9908521423406632
8747_02,0.01704000527346373
8748_01,0.5423508511153451
8748_02,0.11761346857630675
8756_01,0.00039997310967692176
8758_01,0.02231513341623927
8758_02,0.7851863483037871
8761_01,0.03938672925774353
8763_01,0.008751802313184105
8763_02,0.11536241529000847
8763_03,0.6746010213073559
8765_01,0.004967847796564495
8767_01,0.00013787887657077066
8767_02,7.82182928947482e-05
8768_01,0.13935340936375923
8768_02,0.9165285696752468
8768_03,0.04674756238938465
8775_01,0.8592293798057266
8777_01,0.0016023640083569692
8778_01,0.9889980099279063
8778_02,0.9956173630046188
8784_01,0.2488416662285045
8788_01,0.048749157340270896
8792_01,0.11680914806059968
8793_01,0.016722711932344616
8793_02,0.9909360315820289
8793_03,0.9966418057202231
8793_04,0.00018564813340028486
8793_05,0.9789517625148163
8795_01,0.610145815763118
8800_01,0.5193483111949251
8800_02,0.44174602156563314
8800_03,0.44174602156563314
8800_04,0.9407853501864707
8800_05,0.5989557398983282
8803_01,0.7645567114514561
8804_01,0.9945620051899845
8804_02,0.9958109205732399
8804_03,0.9983046737131592
8804_04,0.29649991632316514
8804_05,0.0030080035449648566
8810_01,0.02493755728937851
8814_01,0.5428604962575764
8829_01,0.9894264464696474
8832_01,0.03239748271454078
8837_01,0.047792196689361036
8839_01,0.9503105632794091
8839_02,0.10285038054324307
8846_01,0.0008300673137280949
8846_02,0.5009814230223848
8847_01,0.5428604962575764
8851_01,0.8105426277732088
8855_01,0.00865721709680741
8857_01,0.7962507897969321
8859_01,0.026098276937409792
8866_01,0.5642577434390443
8870_01,0.9929162078452525
8870_02,0.01885036886711612
8873_01,0.3697354438525511
8873_02,0.0005352034700986752
8873_03,0.9831204799784904
8875_01,0.9849555164548319
8875_02,0.0011427246766379992
8875_03,0.997319361360423
8877_01,0.9891153000218836
8877_02,0.9925506208266417
8879_01,0.4522880056651913
8882_01,0.019558338249501605
8887_01,0.749868977084805
8888_01,0.10927735473339505
8893_01,0.9966418057202231
8893_02,0.9967082674506991
8895_01,0.9821808989096801
8895_02,0.0006860307520615371
8898_01,0.5166544029892879
8908_01,0.6768877754473015
8909_01,0.38152932329312134
8911_01,0.8032448437909054
8912_01,0.6112180788956143
8913_01,0.44061997310777684
8913_02,0.5193483111949251
8913_03,0.7066258208170016
8914_01,0.51387524443181
8915_01,0.06841293380854399
8916_01,0.44061997310777684
8917_01,0.567784544059532
8921_01,0.9808366001830368
8924_01,0.9982977221156537
8925_01,0.9835513314601483
8925_02,0.9264358612135691
8925_03,0.9967082674506991
8925_04,0.9990667109451181
8925_05,0.9821808989096801
8925_06,0.025342727182797266
8927_01,0.9808741362648218
8929_01,0.2880794466718992
8931_01,0.00492158971767741
8933_01,0.1416321667894739
8934_01,0.00022378777823174993
8935_01,0.9004879015239698
8936_01,0.003846825510888999
8943_01,0.04404549410217695
8946_01,0.997645869621875
8949_01,0.12296495647227917
8950_01,0.006063233550631235
8951_01,0.00010059909881736558
8952_01,0.12867616308002827
8953_01,0.2016312060888491
8957_01,0.019601472679219092
8958_01,0.4522880056651913
8960_01,0.5197052513018054
8960_02,0.024857652739410464
8960_03,0.5791431599811692
8962_01,0.19962488930394903
8963_01,0.966977420528998
8965_01,0.08915176662933487
8971_01,0.665843330119184
8974_01,0.9962581178932394
8979_01,0.08083181132743167
8980_01,0.013191899921770138
8980_02,0.0010259657869333596
8980_03,0.9754151678140911
8980_04,0.0007176758433616691
8980_05,0.0024458125359516814
8980_06,0.9855256706724557
8980_07,0.9754151678140911
8984_01,0.00669371046478639
8990_01,0.356437043952302
8991_01,0.6512874826809023
8994_01,0.018693633062636675
8994_02,0.9956173630046188
8995_01,0.00424050186425884
9000_01,0.04800157357810397
9002_01,0.005438315659188448
9005_01,0.567784544059532
9016_01,0.04744702652336134
9016_02,0.000598593394684739
9016_03,0.0003189832775356847
9016_04,0.998069644858755
9016_05,0.0014630187985268765
9017_01,0.5738399681792843
9022_01,0.019131155257046784
9022_02,0.7314575392531167
9022_03,0.7001735615477139
9025_01,0.03571386125979634
9025_02,0.5791431599811692
9027_01,0.003501090837769572
9033_01,0.5161435247835577
9039_01,0.4522880056651913
9040_01,0.0005039718708640303
9044_01,0.10971501526997583
9045_01,0.1936175087732827
9045_02,0.23904471651571887
9047_01,0.7936936155285484
9050_01,0.5428604962575764
9051_01,0.038381439610357594
9053_01,0.9961569843209811
9053_02,0.9978558662676382
9054_01,0.7947935463010091
9055_01,0.1718906821112645
9056_01,0.09795274449213083
9058_01,0.0036188131507043546
9062_01,0.0017364075702299446
9062_02,0.6851138338380837
9063_01,0.9976662887281464
9065_01,0.986643623361368
9067_01,0.010854902736885327
9067_02,0.5791431599811692
9070_01,0.054882758498956866
9070_02,0.46647416182643153
9082_01,0.018894746290823505
9083_01,0.9889980099279063
9083_02,0.38785933321595956
9086_01,0.567784544059532
9086_02,0.49817072892037045
9087_01,0.2867563255200661
9088_01,0.9995734673250863
9090_01,0.008707572878598658
9091_01,0.9889980099279063
9092_01,0.08728260329808589
9093_01,0.0001103177947829465
9095_01,0.013875892293680941
9096_01,0.567784544059532
9096_02,0.6565590629899598
9100_01,0.0032482476873266913
9102_01,0.9908521423406632
9105_01,0.4522880056651913
9109_01,0.44061997310777684
9113_01,0.9929162078452525
9117_01,0.025009109664269672
9121_01,0.9945620051899845
9123_01,0.9911115585682797
9133_01,0.4522880056651913
9135_01,0.06936124420230629
9138_01,0.598003476263273
9143_01,0.0016263495854398043
9143_02,0.5118949717342538
9143_03,0.04631804679635263
9146_01,0.013624243595840795
9146_02,0.011894223907510543
9146_03,0.9985588937874404
9147_01,0.4522880056651913
9153_01,0.03350565715668572
9154_01,0.6350789295673539
9155_01,0.017077451400179272
9155_02,0.016020333872976657
9155_03,0.988735159202624
9155_04,0.9825468845930689
9162_01,0.9845327478740606
9162_02,0.0005239094974540515
9162_03,0.0002024406289829726
9166_01,0.9706623922126792
9171_01,0.10228521409955114
9177_01,0.9961323698292117
9177_02,0.9962581178932394
9182_01,0.09101442006717336
9187_01,0.6901418869689323
9187_02,0.023345963237352357
9191_01,0.5161435247835577
9198_01,0.020969215401100992
9200_01,0.38117873145272785
9204_01,0.16053720869373925
9206_01,0.9995234443000333
9206_02,0.0013988773997763524
9206_03,0.9638200319480453
9207_01,0.9910667826143186
9209_01,0.4218728907986224
9210_01,0.11754829262904222
9212_01,0.002507729417857845
9212_02,0.4341240902756462
9214_01,0.0009843477982398065
9215_01,0.943710024168446
9216_01,0.039758606476041715
9223_01,0.9638870375478016
9223_02,0.9854929086616413
9228_01,0.2551433802225861
9229_01,0.3156687480177976
9232_01,0.06419821951488841
9236_01,0.3561141805883555
9238_01,0.41246250123540157
9238_02,0.7212624713672638
9238_03,0.6930996874744269
9238_04,0.009321492972986905
9238_05,0.6672821274109334
9238_06,0.5898206449453232
9238_07,0.7940050905628125
9240_01,0.8945793604202199
9243_01,0.9899236480131793
9245_01,0.018271161325003067
9249_01,0.37753915315910586
9255_01,0.8334656375454107
9258_01,0.9506907028618647
9260_01,0.7212624713672638
9262_01,0.4409687859177077
9263_01,0.5161435247835577
9265_01,0.9926500336196595
9266_01,0.37443942080390735
9266_02,0.5738399681792843
9269_01,0.24939900377232674
9271_01,0.9827175901625523
9273_01,0.7077503562440889
9277_01,0.5002522781416251
