CryoSleep,Cabin_Region,Age_Group,ShoppingMall,Spend_per_Age,Max_Spa_by_Destination,LuxurySpend,Deck,Mean_Age_by_Deck,RoomService,Spa,HomePlanet,TotalSpend,Max_Spa_by_Deck,Mean_Spend_by_HomePlanet,Mean_Spend_by_Deck,Side,Topology_Cluster
0.0,0.0,3.0,0.0,20.743589743589745,18572.0,68.0,6.0,24.07696376619942,55.0,0.0,0.0,809.0,5577.0,702.7964490423599,377.89394340121663,0.0,0.0
0.0,1.0,1.0,0.0,0.0,18572.0,0.0,6.0,24.07696376619942,0.0,0.0,0.0,0.0,5577.0,702.7964490423599,377.89394340121663,0.0,0.0
0.0,1.0,1.0,267.0,76.41176470588235,18572.0,1032.0,4.0,30.218442932728646,1032.0,0.0,2.0,1299.0,15586.0,1054.5402384500744,1347.9055177626606,1.0,1.0
1.0,0.0,3.0,0.0,0.0,22408.0,0.0,2.0,34.472776769509984,0.0,0.0,1.0,0.0,22408.0,3425.2754548356206,4009.0916515426497,1.0,1.0
0.0,4.0,1.0,0.0,17.68421052631579,13902.0,336.0,6.0,24.07696376619942,0.0,1.0,0.0,336.0,5577.0,702.7964490423599,377.89394340121663,1.0,1.0
0.0,0.0,2.0,0.0,284.46153846153845,13902.0,327.0,0.0,35.240112994350284,0.0,45.0,1.0,7396.0,11001.0,3425.2754548356206,3367.04802259887,1.0,1.0
0.0,0.0,4.0,27.0,17.954545454545453,18572.0,760.0,4.0,30.218442932728646,602.0,89.0,0.0,790.0,15586.0,702.7964490423599,1347.9055177626606,1.0,1.0
0.0,3.0,2.0,0.0,0.0,18572.0,0.0,6.0,24.07696376619942,0.0,0.0,0.0,0.0,5577.0,702.7964490423599,377.89394340121663,1.0,1.0
1.0,0.0,3.0,0.0,0.0,22408.0,0.0,3.0,33.37777777777778,0.0,0.0,1.0,0.0,13995.0,3425.2754548356206,2327.0472222222224,1.0,1.0
1.0,2.0,3.0,0.0,0.0,18572.0,0.0,5.0,28.379682679594534,0.0,0.0,2.0,0.0,13036.0,1054.5402384500744,1022.0041868664609,0.0,0.0
0.0,3.0,4.0,7.0,14.84,18572.0,735.0,5.0,28.379682679594534,552.0,0.0,2.0,742.0,13036.0,1054.5402384500744,1022.0041868664609,0.0,0.0
0.0,3.0,3.0,0.0,20.615384615384617,18572.0,766.0,5.0,28.379682679594534,766.0,0.0,0.0,804.0,13036.0,702.7964490423599,1022.0041868664609,0.0,0.0
1.0,-1.0,1.0,0.0,0.0,18572.0,0.0,5.0,28.379682679594534,0.0,0.0,0.0,0.0,13036.0,702.7964490423599,1022.0041868664609,1.0,1.0
1.0,4.0,0.0,0.0,0.0,22408.0,0.0,6.0,24.07696376619942,0.0,0.0,0.0,0.0,5577.0,702.7964490423599,377.89394340121663,1.0,1.0
0.0,2.0,3.0,1.0,25.942857142857143,22408.0,450.0,6.0,24.07696376619942,232.0,218.0,0.0,908.0,5577.0,702.7964490423599,377.89394340121663,1.0,1.0
0.0,4.0,1.0,18.0,50.111111111111114,18572.0,318.0,5.0,28.379682679594534,0.0,318.0,0.0,902.0,13036.0,702.7964490423599,1022.0041868664609,0.0,0.0
0.0,4.0,2.0,93.0,23.0,18572.0,548.0,5.0,28.379682679594534,2.0,6.0,0.0,644.0,13036.0,702.7964490423599,1022.0041868664609,1.0,1.0
0.0,0.0,4.0,0.0,45.84782608695652,18572.0,2103.0,4.0,30.218442932728646,2103.0,0.0,2.0,2109.0,15586.0,1054.5402384500744,1347.9055177626606,1.0,1.0
0.0,2.0,1.0,0.0,0.0,22408.0,0.0,6.0,24.07696376619942,0.0,0.0,0.0,0.0,5577.0,702.7964490423599,377.89394340121663,1.0,1.0
0.0,1.0,2.0,0.0,28.833333333333332,18572.0,865.0,5.0,28.379682679594534,0.0,0.0,0.0,865.0,13036.0,702.7964490423599,1022.0041868664609,0.0,0.0
0.0,5.0,1.0,416.0,40.2,18572.0,388.0,5.0,28.379682679594534,380.0,0.0,0.0,804.0,13036.0,702.7964490423599,1022.0041868664609,0.0,0.0
1.0,2.0,1.0,0.0,0.0,22408.0,0.0,6.0,24.07696376619942,0.0,0.0,0.0,0.0,5577.0,702.7964490423599,377.89394340121663,1.0,1.0
0.0,5.0,2.0,408.0,33.38461538461539,18572.0,336.0,5.0,28.379682679594534,131.0,196.0,0.0,868.0,13036.0,702.7964490423599,1022.0041868664609,0.0,0.0
1.0,0.0,4.0,0.0,0.0,22408.0,0.0,2.0,34.472776769509984,0.0,0.0,1.0,0.0,22408.0,3425.2754548356206,4009.0916515426497,1.0,1.0
0.0,0.0,4.0,0.0,0.0,18572.0,0.0,1.0,33.30937773882559,0.0,0.0,1.0,0.0,19844.0,3425.2754548356206,2969.692375109553,1.0,1.0
0.0,0.0,4.0,0.0,139.90697674418604,22408.0,580.0,1.0,33.30937773882559,0.0,471.0,1.0,6016.0,19844.0,3425.2754548356206,2969.692375109553,0.0,0.0
0.0,0.0,1.0,48.0,60.0625,22408.0,421.0,5.0,28.379682679594534,0.0,20.0,0.0,961.0,13036.0,702.7964490423599,1022.0041868664609,1.0,1.0
0.0,2.0,3.0,5.0,24.63888888888889,18572.0,778.0,6.0,24.07696376619942,702.0,76.0,0.0,887.0,5577.0,702.7964490423599,377.89394340121663,1.0,1.0
1.0,2.0,2.0,0.0,0.0,18572.0,0.0,6.0,24.07696376619942,0.0,0.0,0.0,0.0,5577.0,702.7964490423599,377.89394340121663,1.0,1.0
1.0,6.0,0.0,0.0,0.0,18572.0,0.0,5.0,28.379682679594534,0.0,0.0,0.0,0.0,13036.0,702.7964490423599,1022.0041868664609,0.0,0.0
1.0,0.0,2.0,0.0,0.0,18572.0,0.0,5.0,28.379682679594534,0.0,0.0,2.0,0.0,13036.0,1054.5402384500744,1022.0041868664609,0.0,0.0
0.0,5.0,5.0,638.0,14.20754716981132,22408.0,115.0,5.0,28.379682679594534,0.0,115.0,0.0,753.0,13036.0,702.7964490423599,1022.0041868664609,1.0,1.0
0.0,1.0,2.0,396.0,85.36,22408.0,1738.0,4.0,30.218442932728646,0.0,256.0,2.0,2134.0,15586.0,1054.5402384500744,1347.9055177626606,0.0,0.0
1.0,0.0,1.0,0.0,0.0,18572.0,0.0,6.0,24.07696376619942,0.0,0.0,0.0,0.0,5577.0,702.7964490423599,377.89394340121663,0.0,0.0
1.0,2.0,1.0,0.0,0.0,18572.0,0.0,6.0,24.07696376619942,0.0,0.0,0.0,0.0,5577.0,702.7964490423599,377.89394340121663,0.0,0.0
0.0,0.0,3.0,0.0,76.175,18572.0,471.0,1.0,33.30937773882559,0.0,234.0,1.0,3047.0,19844.0,3425.2754548356206,2969.692375109553,0.0,0.0
0.0,0.0,1.0,0.0,210.8421052631579,22408.0,514.0,2.0,34.472776769509984,0.0,506.0,1.0,4006.0,22408.0,3425.2754548356206,4009.0916515426497,0.0,0.0
1.0,0.0,2.0,0.0,0.0,22408.0,0.0,2.0,34.472776769509984,0.0,0.0,1.0,0.0,22408.0,3425.2754548356206,4009.0916515426497,1.0,1.0
1.0,-1.0,2.0,0.0,0.0,22408.0,0.0,5.0,28.379682679594534,0.0,0.0,1.0,0.0,13036.0,3425.2754548356206,1022.0041868664609,1.0,1.0
0.0,2.0,2.0,5.0,25.8,18572.0,52.0,5.0,28.379682679594534,45.0,7.0,0.0,645.0,13036.0,702.7964490423599,1022.0041868664609,1.0,1.0
0.0,2.0,5.0,85.0,26.703703703703702,18572.0,1276.0,5.0,28.379682679594534,19.0,768.0,0.0,1442.0,13036.0,702.7964490423599,1022.0041868664609,1.0,1.0
0.0,0.0,2.0,699.0,29.384615384615383,18572.0,65.0,6.0,24.07696376619942,0.0,43.0,0.0,764.0,5577.0,702.7964490423599,377.89394340121663,1.0,1.0
1.0,0.0,1.0,0.0,0.0,22408.0,0.0,1.0,33.30937773882559,0.0,0.0,1.0,0.0,19844.0,3425.2754548356206,2969.692375109553,0.0,0.0
1.0,-1.0,2.0,0.0,0.0,18572.0,0.0,5.0,28.379682679594534,0.0,0.0,2.0,0.0,13036.0,1054.5402384500744,1022.0041868664609,1.0,1.0
1.0,0.0,3.0,0.0,0.0,18572.0,0.0,5.0,28.379682679594534,0.0,0.0,2.0,0.0,13036.0,1054.5402384500744,1022.0041868664609,0.0,0.0
0.0,0.0,2.0,0.0,299.0869565217391,18572.0,3163.0,3.0,33.37777777777778,0.0,1098.0,1.0,6879.0,13995.0,3425.2754548356206,2327.0472222222224,1.0,1.0
1.0,4.0,2.0,0.0,0.0,18572.0,0.0,6.0,24.07696376619942,0.0,0.0,0.0,0.0,5577.0,702.7964490423599,377.89394340121663,1.0,1.0
1.0,4.0,2.0,0.0,0.0,22408.0,0.0,6.0,24.07696376619942,0.0,0.0,0.0,0.0,5577.0,702.7964490423599,377.89394340121663,0.0,0.0
1.0,0.0,3.0,0.0,0.0,22408.0,0.0,2.0,34.472776769509984,0.0,0.0,1.0,0.0,22408.0,3425.2754548356206,4009.0916515426497,1.0,1.0
0.0,3.0,2.0,1.0,29.375,18572.0,17.0,6.0,24.07696376619942,16.0,1.0,0.0,705.0,5577.0,702.7964490423599,377.89394340121663,1.0,1.0
0.0,1.0,2.0,910.0,44.57692307692308,18572.0,249.0,5.0,28.379682679594534,237.0,0.0,0.0,1159.0,13036.0,702.7964490423599,1022.0041868664609,0.0,0.0
0.0,0.0,4.0,0.0,73.52,18572.0,1821.0,4.0,30.218442932728646,0.0,166.0,1.0,3676.0,15586.0,3425.2754548356206,1347.9055177626606,1.0,1.0
0.0,0.0,4.0,0.0,177.95348837209303,18572.0,7636.0,0.0,35.240112994350284,0.0,144.0,1.0,7652.0,11001.0,3425.2754548356206,3367.04802259887,0.0,0.0
0.0,3.0,1.0,0.0,48.5,18572.0,8.0,6.0,24.07696376619942,0.0,8.0,0.0,679.0,5577.0,702.7964490423599,377.89394340121663,0.0,0.0
0.0,1.0,3.0,0.0,534.2941176470588,18572.0,16059.0,4.0,30.218442932728646,0.0,15586.0,1.0,18166.0,15586.0,3425.2754548356206,1347.9055177626606,0.0,0.0
0.0,0.0,4.0,1.0,263.3170731707317,18572.0,10785.0,0.0,35.240112994350284,19.0,4759.0,1.0,10796.0,11001.0,3425.2754548356206,3367.04802259887,0.0,0.0
1.0,0.0,1.0,0.0,0.0,13902.0,0.0,6.0,24.07696376619942,0.0,0.0,0.0,0.0,5577.0,702.7964490423599,377.89394340121663,1.0,1.0
0.0,4.0,2.0,690.0,33.08695652173913,22408.0,71.0,5.0,28.379682679594534,30.0,41.0,0.0,761.0,13036.0,702.7964490423599,1022.0041868664609,1.0,1.0
0.0,4.0,2.0,715.0,34.142857142857146,22408.0,2.0,5.0,28.379682679594534,0.0,2.0,0.0,717.0,13036.0,702.7964490423599,1022.0041868664609,1.0,1.0
0.0,0.0,1.0,1973.0,144.0,22408.0,43.0,5.0,28.379682679594534,4.0,0.0,2.0,2016.0,13036.0,1054.5402384500744,1022.0041868664609,0.0,0.0
0.0,3.0,3.0,545.0,17.43243243243243,22408.0,100.0,5.0,28.379682679594534,85.0,15.0,0.0,645.0,13036.0,702.7964490423599,1022.0041868664609,1.0,1.0
0.0,2.0,2.0,0.0,35.59090909090909,18572.0,783.0,6.0,24.07696376619942,582.0,148.0,0.0,783.0,5577.0,702.7964490423599,377.89394340121663,0.0,0.0
1.0,4.0,5.0,0.0,0.0,18572.0,0.0,5.0,28.379682679594534,0.0,0.0,2.0,0.0,13036.0,1054.5402384500744,1022.0041868664609,1.0,1.0
0.0,4.0,2.0,0.0,126.39285714285714,22408.0,2256.0,6.0,24.07696376619942,0.0,2256.0,0.0,3539.0,5577.0,702.7964490423599,377.89394340121663,0.0,0.0
1.0,0.0,4.0,0.0,0.0,22408.0,0.0,2.0,34.472776769509984,0.0,0.0,1.0,0.0,22408.0,3425.2754548356206,4009.0916515426497,0.0,0.0
0.0,2.0,1.0,0.0,0.0,18572.0,0.0,6.0,24.07696376619942,0.0,0.0,0.0,0.0,5577.0,702.7964490423599,377.89394340121663,1.0,1.0
0.0,0.0,4.0,315.0,61.54545454545455,18572.0,274.0,3.0,33.37777777777778,13.0,0.0,2.0,2708.0,13995.0,1054.5402384500744,2327.0472222222224,1.0,1.0
0.0,2.0,1.0,0.0,61.266666666666666,22408.0,875.0,6.0,24.07696376619942,363.0,0.0,0.0,919.0,5577.0,702.7964490423599,377.89394340121663,0.0,0.0
0.0,3.0,3.0,751.0,19.82051282051282,18572.0,22.0,6.0,24.07696376619942,20.0,0.0,0.0,773.0,5577.0,702.7964490423599,377.89394340121663,1.0,1.0
1.0,3.0,3.0,0.0,0.0,18572.0,0.0,6.0,24.07696376619942,0.0,0.0,0.0,0.0,5577.0,702.7964490423599,377.89394340121663,0.0,0.0
0.0,1.0,2.0,0.0,54.714285714285715,18572.0,1149.0,5.0,28.379682679594534,1146.0,0.0,2.0,1149.0,13036.0,1054.5402384500744,1022.0041868664609,0.0,0.0
0.0,2.0,2.0,0.0,39.11538461538461,18572.0,0.0,6.0,24.07696376619942,0.0,0.0,0.0,1017.0,5577.0,702.7964490423599,377.89394340121663,0.0,0.0
1.0,0.0,2.0,0.0,0.0,22408.0,0.0,2.0,34.472776769509984,0.0,0.0,1.0,0.0,22408.0,3425.2754548356206,4009.0916515426497,1.0,1.0
0.0,4.0,2.0,0.0,31.09090909090909,18572.0,143.0,5.0,28.379682679594534,0.0,143.0,0.0,684.0,13036.0,702.7964490423599,1022.0041868664609,1.0,1.0
0.0,1.0,3.0,26.0,23.36842105263158,18572.0,837.0,6.0,24.07696376619942,28.0,806.0,0.0,888.0,5577.0,702.7964490423599,377.89394340121663,0.0,0.0
0.0,0.0,3.0,124.0,198.9090909090909,18572.0,3072.0,2.0,34.472776769509984,2973.0,57.0,1.0,6564.0,22408.0,3425.2754548356206,4009.0916515426497,1.0,1.0
1.0,3.0,1.0,0.0,0.0,18572.0,0.0,6.0,24.07696376619942,0.0,0.0,0.0,0.0,5577.0,702.7964490423599,377.89394340121663,1.0,1.0
0.0,4.0,3.0,1.0,18.075,18572.0,718.0,6.0,24.07696376619942,266.0,0.0,0.0,723.0,5577.0,702.7964490423599,377.89394340121663,0.0,0.0
1.0,0.0,2.0,0.0,0.0,18572.0,0.0,1.0,33.30937773882559,0.0,0.0,1.0,0.0,19844.0,3425.2754548356206,2969.692375109553,0.0,0.0
0.0,0.0,2.0,16.0,26.954545454545453,22408.0,577.0,5.0,28.379682679594534,287.0,115.0,0.0,593.0,13036.0,702.7964490423599,1022.0041868664609,0.0,0.0
0.0,1.0,6.0,16.0,13.96923076923077,18572.0,892.0,6.0,24.07696376619942,0.0,733.0,0.0,908.0,5577.0,702.7964490423599,377.89394340121663,0.0,0.0
0.0,4.0,2.0,311.0,58.333333333333336,18572.0,0.0,5.0,28.379682679594534,0.0,0.0,0.0,1400.0,13036.0,702.7964490423599,1022.0041868664609,1.0,1.0
0.0,0.0,4.0,0.0,159.53191489361703,18572.0,6934.0,1.0,33.30937773882559,3616.0,15.0,1.0,7498.0,19844.0,3425.2754548356206,2969.692375109553,1.0,1.0
0.0,3.0,3.0,3.0,110.87096774193549,18572.0,3434.0,5.0,28.379682679594534,0.0,3434.0,0.0,3437.0,13036.0,702.7964490423599,1022.0041868664609,0.0,0.0
1.0,1.0,1.0,0.0,0.0,18572.0,0.0,1.0,33.30937773882559,0.0,0.0,1.0,0.0,19844.0,3425.2754548356206,2969.692375109553,1.0,1.0
0.0,5.0,2.0,441.0,37.56521739130435,18572.0,423.0,5.0,28.379682679594534,0.0,0.0,0.0,864.0,13036.0,702.7964490423599,1022.0041868664609,0.0,0.0
1.0,4.0,2.0,0.0,0.0,13902.0,0.0,6.0,24.07696376619942,0.0,0.0,0.0,0.0,5577.0,702.7964490423599,377.89394340121663,1.0,1.0
1.0,4.0,3.0,0.0,0.0,18572.0,0.0,6.0,24.07696376619942,0.0,0.0,0.0,0.0,5577.0,702.7964490423599,377.89394340121663,0.0,0.0
0.0,0.0,2.0,2695.0,123.27272727272727,13902.0,17.0,5.0,28.379682679594534,15.0,2.0,0.0,2712.0,13036.0,702.7964490423599,1022.0041868664609,0.0,0.0
0.0,0.0,3.0,130.0,80.84210526315789,22408.0,1563.0,0.0,35.240112994350284,0.0,1488.0,1.0,3072.0,11001.0,3425.2754548356206,3367.04802259887,0.0,0.0
0.0,0.0,3.0,0.0,104.375,18572.0,1775.0,2.0,34.472776769509984,0.0,97.0,1.0,3340.0,22408.0,3425.2754548356206,4009.0916515426497,1.0,1.0
0.0,0.0,2.0,0.0,0.0,18572.0,0.0,3.0,33.37777777777778,0.0,0.0,2.0,0.0,13995.0,1054.5402384500744,2327.0472222222224,0.0,0.0
0.0,3.0,2.0,1320.0,48.142857142857146,18572.0,28.0,5.0,28.379682679594534,2.0,0.0,2.0,1348.0,13036.0,1054.5402384500744,1022.0041868664609,0.0,0.0
0.0,0.0,2.0,1.0,45.357142857142854,18572.0,1227.0,5.0,28.379682679594534,1227.0,0.0,2.0,1270.0,13036.0,1054.5402384500744,1022.0041868664609,1.0,1.0
1.0,0.0,3.0,0.0,0.0,22408.0,0.0,2.0,34.472776769509984,0.0,0.0,1.0,0.0,22408.0,3425.2754548356206,4009.0916515426497,1.0,1.0
0.0,4.0,4.0,0.0,22.463414634146343,18572.0,921.0,5.0,28.379682679594534,862.0,0.0,0.0,921.0,13036.0,702.7964490423599,1022.0041868664609,1.0,1.0
0.0,0.0,3.0,0.0,194.8,22408.0,6796.0,2.0,34.472776769509984,0.0,3028.0,1.0,6818.0,22408.0,3425.2754548356206,4009.0916515426497,0.0,0.0
0.0,0.0,3.0,0.0,82.625,18572.0,797.0,2.0,34.472776769509984,0.0,103.0,1.0,2644.0,22408.0,3425.2754548356206,4009.0916515426497,1.0,1.0
0.0,0.0,0.0,0.0,0.0,18572.0,0.0,5.0,28.379682679594534,0.0,0.0,2.0,0.0,13036.0,1054.5402384500744,1022.0041868664609,0.0,0.0
1.0,3.0,1.0,0.0,0.0,18572.0,0.0,5.0,28.379682679594534,0.0,0.0,2.0,0.0,13036.0,1054.5402384500744,1022.0041868664609,0.0,0.0
0.0,5.0,1.0,7.0,38.73684210526316,18572.0,595.0,5.0,28.379682679594534,595.0,0.0,0.0,736.0,13036.0,702.7964490423599,1022.0041868664609,0.0,0.0
0.0,4.0,4.0,35.0,21.38095238095238,18572.0,863.0,5.0,28.379682679594534,18.0,0.0,0.0,898.0,13036.0,702.7964490423599,1022.0041868664609,0.0,0.0
0.0,1.0,1.0,0.0,33.473684210526315,13902.0,217.0,5.0,28.379682679594534,9.0,201.0,0.0,636.0,13036.0,702.7964490423599,1022.0041868664609,1.0,1.0
0.0,3.0,4.0,0.0,18.183673469387756,18572.0,781.0,5.0,28.379682679594534,83.0,690.0,0.0,891.0,13036.0,702.7964490423599,1022.0041868664609,1.0,1.0
0.0,4.0,3.0,0.0,30.0,18572.0,201.0,6.0,24.07696376619942,201.0,0.0,0.0,1020.0,5577.0,702.7964490423599,377.89394340121663,1.0,1.0
1.0,0.0,4.0,0.0,0.0,22408.0,0.0,1.0,33.30937773882559,0.0,0.0,1.0,0.0,19844.0,3425.2754548356206,2969.692375109553,1.0,1.0
1.0,2.0,0.0,0.0,0.0,18572.0,0.0,6.0,24.07696376619942,0.0,0.0,0.0,0.0,5577.0,702.7964490423599,377.89394340121663,0.0,0.0
0.0,1.0,2.0,1.0,35.77272727272727,18572.0,180.0,4.0,30.218442932728646,42.0,38.0,0.0,787.0,15586.0,702.7964490423599,1347.9055177626606,1.0,1.0
0.0,1.0,5.0,117.0,16.254901960784313,22408.0,712.0,4.0,30.218442932728646,0.0,712.0,0.0,829.0,15586.0,702.7964490423599,1347.9055177626606,1.0,1.0
0.0,4.0,3.0,0.0,0.0,18572.0,0.0,6.0,24.07696376619942,0.0,0.0,0.0,0.0,5577.0,702.7964490423599,377.89394340121663,1.0,1.0
1.0,3.0,0.0,0.0,0.0,18572.0,0.0,6.0,24.07696376619942,0.0,0.0,0.0,0.0,5577.0,702.7964490423599,377.89394340121663,0.0,0.0
0.0,5.0,2.0,977.0,94.6,18572.0,749.0,5.0,28.379682679594534,745.0,4.0,2.0,2365.0,13036.0,1054.5402384500744,1022.0041868664609,1.0,1.0
0.0,0.0,5.0,0.0,82.16363636363636,18572.0,1666.0,1.0,33.30937773882559,0.0,0.0,1.0,4519.0,19844.0,3425.2754548356206,2969.692375109553,1.0,1.0
0.0,1.0,1.0,158.0,203.6315789473684,18572.0,3711.0,4.0,30.218442932728646,3591.0,0.0,2.0,3869.0,15586.0,1054.5402384500744,1347.9055177626606,0.0,0.0
1.0,2.0,3.0,0.0,0.0,18572.0,0.0,5.0,28.379682679594534,0.0,0.0,2.0,0.0,13036.0,1054.5402384500744,1022.0041868664609,1.0,1.0
0.0,1.0,2.0,0.0,52.61538461538461,13902.0,1357.0,5.0,28.379682679594534,0.0,13.0,0.0,1368.0,13036.0,702.7964490423599,1022.0041868664609,1.0,1.0
1.0,-1.0,3.0,0.0,0.0,22408.0,0.0,5.0,28.379682679594534,0.0,0.0,1.0,0.0,13036.0,3425.2754548356206,1022.0041868664609,1.0,1.0
1.0,0.0,2.0,0.0,0.0,18572.0,0.0,2.0,34.472776769509984,0.0,0.0,1.0,0.0,22408.0,3425.2754548356206,4009.0916515426497,0.0,0.0
1.0,0.0,4.0,0.0,0.0,18572.0,0.0,1.0,33.30937773882559,0.0,0.0,1.0,0.0,19844.0,3425.2754548356206,2969.692375109553,1.0,1.0
0.0,1.0,4.0,12.0,18.674418604651162,18572.0,488.0,5.0,28.379682679594534,10.0,0.0,0.0,803.0,13036.0,702.7964490423599,1022.0041868664609,1.0,1.0
0.0,0.0,3.0,448.0,25.03030303030303,22408.0,61.0,4.0,30.218442932728646,58.0,3.0,0.0,826.0,15586.0,702.7964490423599,1347.9055177626606,0.0,0.0
0.0,2.0,2.0,7.0,45.833333333333336,18572.0,339.0,5.0,28.379682679594534,339.0,0.0,0.0,1100.0,13036.0,702.7964490423599,1022.0041868664609,1.0,1.0
1.0,2.0,0.0,0.0,0.0,18572.0,0.0,6.0,24.07696376619942,0.0,0.0,0.0,0.0,5577.0,702.7964490423599,377.89394340121663,1.0,1.0
0.0,0.0,3.0,0.0,165.51612903225808,22408.0,2580.0,1.0,33.30937773882559,728.0,48.0,1.0,5131.0,19844.0,3425.2754548356206,2969.692375109553,0.0,0.0
0.0,2.0,3.0,0.0,26.774193548387096,18572.0,830.0,5.0,28.379682679594534,513.0,0.0,0.0,830.0,13036.0,702.7964490423599,1022.0041868664609,0.0,0.0
0.0,0.0,2.0,0.0,29.434782608695652,18572.0,672.0,6.0,24.07696376619942,0.0,320.0,0.0,677.0,5577.0,702.7964490423599,377.89394340121663,0.0,0.0
0.0,0.0,5.0,0.0,55.94642857142857,18572.0,2287.0,0.0,35.240112994350284,0.0,263.0,1.0,3133.0,11001.0,3425.2754548356206,3367.04802259887,0.0,0.0
0.0,5.0,2.0,0.0,87.71428571428571,22408.0,1842.0,5.0,28.379682679594534,1842.0,0.0,0.0,1842.0,13036.0,702.7964490423599,1022.0041868664609,0.0,0.0
0.0,0.0,2.0,0.0,192.75,18572.0,4283.0,4.0,30.218442932728646,3.0,4280.0,1.0,4626.0,15586.0,3425.2754548356206,1347.9055177626606,0.0,0.0
0.0,1.0,1.0,367.0,56.5,18572.0,28.0,4.0,30.218442932728646,28.0,0.0,0.0,791.0,15586.0,702.7964490423599,1347.9055177626606,1.0,1.0
0.0,0.0,3.0,870.0,148.32258064516128,18572.0,3586.0,0.0,35.240112994350284,0.0,89.0,1.0,4598.0,11001.0,3425.2754548356206,3367.04802259887,1.0,1.0
0.0,5.0,0.0,0.0,0.0,18572.0,0.0,5.0,28.379682679594534,0.0,0.0,2.0,0.0,13036.0,1054.5402384500744,1022.0041868664609,0.0,0.0
1.0,0.0,3.0,0.0,0.0,18572.0,0.0,2.0,34.472776769509984,0.0,0.0,1.0,0.0,22408.0,3425.2754548356206,4009.0916515426497,1.0,1.0
0.0,0.0,2.0,0.0,949.6521739130435,18572.0,10248.0,1.0,33.30937773882559,0.0,10247.0,1.0,21842.0,19844.0,3425.2754548356206,2969.692375109553,1.0,1.0
1.0,3.0,3.0,0.0,0.0,13902.0,0.0,6.0,24.07696376619942,0.0,0.0,0.0,0.0,5577.0,702.7964490423599,377.89394340121663,0.0,0.0
0.0,3.0,6.0,555.0,15.348484848484848,18572.0,458.0,6.0,24.07696376619942,458.0,0.0,0.0,1013.0,5577.0,702.7964490423599,377.89394340121663,0.0,0.0
0.0,0.0,5.0,0.0,48.54237288135593,18572.0,1791.0,2.0,34.472776769509984,0.0,803.0,1.0,2864.0,22408.0,3425.2754548356206,4009.0916515426497,1.0,1.0
0.0,3.0,3.0,655.0,39.666666666666664,18572.0,654.0,5.0,28.379682679594534,654.0,0.0,2.0,1309.0,13036.0,1054.5402384500744,1022.0041868664609,1.0,1.0
0.0,5.0,3.0,0.0,46.67741935483871,18572.0,695.0,5.0,28.379682679594534,8.0,0.0,0.0,1447.0,13036.0,702.7964490423599,1022.0041868664609,1.0,1.0
0.0,3.0,3.0,0.0,30.87878787878788,18572.0,776.0,6.0,24.07696376619942,0.0,0.0,0.0,1019.0,5577.0,702.7964490423599,377.89394340121663,1.0,1.0
0.0,1.0,0.0,0.0,0.0,18572.0,0.0,6.0,24.07696376619942,0.0,0.0,0.0,0.0,5577.0,702.7964490423599,377.89394340121663,0.0,0.0
1.0,0.0,5.0,0.0,0.0,22408.0,0.0,2.0,34.472776769509984,0.0,0.0,1.0,0.0,22408.0,3425.2754548356206,4009.0916515426497,1.0,1.0
0.0,1.0,3.0,0.0,19.41176470588235,22408.0,660.0,4.0,30.218442932728646,0.0,436.0,0.0,660.0,15586.0,702.7964490423599,1347.9055177626606,1.0,1.0
1.0,1.0,1.0,0.0,0.0,18572.0,0.0,6.0,24.07696376619942,0.0,0.0,0.0,0.0,5577.0,702.7964490423599,377.89394340121663,1.0,1.0
0.0,4.0,2.0,0.0,40.666666666666664,18572.0,854.0,6.0,24.07696376619942,11.0,843.0,0.0,854.0,5577.0,702.7964490423599,377.89394340121663,1.0,1.0
1.0,0.0,2.0,0.0,0.0,22408.0,0.0,1.0,33.30937773882559,0.0,0.0,1.0,0.0,19844.0,3425.2754548356206,2969.692375109553,1.0,1.0
0.0,0.0,1.0,0.0,398.25,22408.0,3471.0,2.0,34.472776769509984,0.0,11.0,1.0,7965.0,22408.0,3425.2754548356206,4009.0916515426497,1.0,1.0
0.0,5.0,2.0,72.0,30.304347826086957,18572.0,625.0,5.0,28.379682679594534,4.0,21.0,0.0,697.0,13036.0,702.7964490423599,1022.0041868664609,1.0,1.0
0.0,0.0,0.0,0.0,0.0,22408.0,0.0,5.0,28.379682679594534,0.0,0.0,2.0,0.0,13036.0,1054.5402384500744,1022.0041868664609,1.0,1.0
0.0,4.0,2.0,0.0,26.814814814814813,18572.0,58.0,5.0,28.379682679594534,0.0,0.0,0.0,724.0,13036.0,702.7964490423599,1022.0041868664609,0.0,0.0
0.0,0.0,3.0,0.0,800.2162162162163,22408.0,17428.0,1.0,33.30937773882559,29.0,93.0,1.0,29608.0,19844.0,3425.2754548356206,2969.692375109553,0.0,0.0
0.0,-1.0,2.0,0.0,30.0,22408.0,739.0,5.0,28.379682679594534,12.0,103.0,0.0,810.0,13036.0,702.7964490423599,1022.0041868664609,1.0,1.0
0.0,0.0,3.0,0.0,132.45714285714286,18572.0,4349.0,1.0,33.30937773882559,47.0,4302.0,1.0,4636.0,19844.0,3425.2754548356206,2969.692375109553,1.0,1.0
0.0,3.0,2.0,1.0,25.833333333333332,18572.0,619.0,5.0,28.379682679594534,1.0,0.0,0.0,620.0,13036.0,702.7964490423599,1022.0041868664609,0.0,0.0
1.0,-1.0,5.0,0.0,0.0,18572.0,0.0,5.0,28.379682679594534,0.0,0.0,0.0,0.0,13036.0,702.7964490423599,1022.0041868664609,1.0,1.0
1.0,1.0,4.0,0.0,0.0,22408.0,0.0,4.0,30.218442932728646,0.0,0.0,1.0,0.0,15586.0,3425.2754548356206,1347.9055177626606,0.0,0.0
0.0,0.0,2.0,202.0,140.1304347826087,18572.0,145.0,3.0,33.37777777777778,142.0,3.0,2.0,3223.0,13995.0,1054.5402384500744,2327.0472222222224,0.0,0.0
1.0,0.0,2.0,0.0,0.0,22408.0,0.0,2.0,34.472776769509984,0.0,0.0,1.0,0.0,22408.0,3425.2754548356206,4009.0916515426497,0.0,0.0
0.0,0.0,2.0,0.0,0.0,18572.0,0.0,4.0,30.218442932728646,0.0,0.0,2.0,0.0,15586.0,1054.5402384500744,1347.9055177626606,0.0,0.0
1.0,3.0,1.0,0.0,0.0,18572.0,0.0,5.0,28.379682679594534,0.0,0.0,2.0,0.0,13036.0,1054.5402384500744,1022.0041868664609,0.0,0.0
0.0,2.0,4.0,1129.0,24.56,18572.0,99.0,5.0,28.379682679594534,22.0,0.0,2.0,1228.0,13036.0,1054.5402384500744,1022.0041868664609,1.0,1.0
0.0,1.0,4.0,0.0,15.488372093023257,22408.0,666.0,4.0,30.218442932728646,31.0,635.0,0.0,666.0,15586.0,702.7964490423599,1347.9055177626606,1.0,1.0
1.0,1.0,3.0,0.0,0.0,22408.0,0.0,1.0,33.30937773882559,0.0,0.0,1.0,0.0,19844.0,3425.2754548356206,2969.692375109553,1.0,1.0
1.0,4.0,2.0,0.0,0.0,22408.0,0.0,6.0,24.07696376619942,0.0,0.0,0.0,0.0,5577.0,702.7964490423599,377.89394340121663,1.0,1.0
0.0,2.0,2.0,0.0,44.148148148148145,18572.0,1185.0,5.0,28.379682679594534,1178.0,7.0,2.0,1192.0,13036.0,1054.5402384500744,1022.0041868664609,0.0,0.0
1.0,4.0,1.0,0.0,0.0,18572.0,0.0,6.0,24.07696376619942,0.0,0.0,0.0,0.0,5577.0,702.7964490423599,377.89394340121663,0.0,0.0
0.0,1.0,3.0,301.0,23.806451612903224,18572.0,437.0,5.0,28.379682679594534,0.0,0.0,0.0,738.0,13036.0,702.7964490423599,1022.0041868664609,1.0,1.0
0.0,3.0,5.0,0.0,13.75438596491228,18572.0,179.0,6.0,24.07696376619942,0.0,179.0,0.0,784.0,5577.0,702.7964490423599,377.89394340121663,0.0,0.0
0.0,0.0,3.0,0.0,112.56756756756756,18572.0,2979.0,3.0,33.37777777777778,83.0,2160.0,1.0,4165.0,13995.0,3425.2754548356206,2327.0472222222224,0.0,0.0
1.0,4.0,1.0,0.0,0.0,18572.0,0.0,6.0,24.07696376619942,0.0,0.0,0.0,0.0,5577.0,702.7964490423599,377.89394340121663,1.0,1.0
0.0,2.0,2.0,1.0,143.13636363636363,18572.0,3148.0,5.0,28.379682679594534,3148.0,0.0,2.0,3149.0,13036.0,1054.5402384500744,1022.0041868664609,1.0,1.0
0.0,0.0,1.0,2116.0,165.66666666666666,18572.0,369.0,5.0,28.379682679594534,360.0,1.0,0.0,2485.0,13036.0,702.7964490423599,1022.0041868664609,0.0,0.0
0.0,4.0,2.0,0.0,49.916666666666664,22408.0,1066.0,5.0,28.379682679594534,94.0,967.0,0.0,1198.0,13036.0,702.7964490423599,1022.0041868664609,0.0,0.0
0.0,0.0,2.0,782.0,35.0,18572.0,268.0,3.0,33.37777777777778,257.0,8.0,2.0,1050.0,13995.0,1054.5402384500744,2327.0472222222224,0.0,0.0
0.0,2.0,2.0,3.0,58.51724137931034,18572.0,569.0,6.0,24.07696376619942,0.0,562.0,0.0,1697.0,5577.0,702.7964490423599,377.89394340121663,0.0,0.0
0.0,0.0,4.0,0.0,105.76190476190476,18572.0,4030.0,2.0,34.472776769509984,0.0,4030.0,1.0,4442.0,22408.0,3425.2754548356206,4009.0916515426497,1.0,1.0
1.0,0.0,2.0,0.0,0.0,22408.0,0.0,2.0,34.472776769509984,0.0,0.0,1.0,0.0,22408.0,3425.2754548356206,4009.0916515426497,0.0,0.0
0.0,0.0,3.0,0.0,34.5,18572.0,423.0,1.0,33.30937773882559,0.0,22.0,1.0,1380.0,19844.0,3425.2754548356206,2969.692375109553,1.0,1.0
1.0,0.0,3.0,0.0,0.0,22408.0,0.0,0.0,35.240112994350284,0.0,0.0,1.0,0.0,11001.0,3425.2754548356206,3367.04802259887,1.0,1.0
0.0,5.0,2.0,0.0,25.115384615384617,13902.0,650.0,5.0,28.379682679594534,15.0,635.0,0.0,653.0,13036.0,702.7964490423599,1022.0041868664609,0.0,0.0
1.0,4.0,3.0,0.0,0.0,18572.0,0.0,5.0,28.379682679594534,0.0,0.0,2.0,0.0,13036.0,1054.5402384500744,1022.0041868664609,0.0,0.0
1.0,0.0,1.0,0.0,0.0,18572.0,0.0,4.0,30.218442932728646,0.0,0.0,2.0,0.0,15586.0,1054.5402384500744,1347.9055177626606,1.0,1.0
0.0,5.0,2.0,0.0,26.434782608695652,18572.0,560.0,5.0,28.379682679594534,60.0,0.0,0.0,608.0,13036.0,702.7964490423599,1022.0041868664609,0.0,0.0
0.0,4.0,4.0,61.0,19.658536585365855,18572.0,745.0,5.0,28.379682679594534,3.0,0.0,0.0,806.0,13036.0,702.7964490423599,1022.0041868664609,0.0,0.0
1.0,0.0,5.0,0.0,0.0,22408.0,0.0,2.0,34.472776769509984,0.0,0.0,1.0,0.0,22408.0,3425.2754548356206,4009.0916515426497,1.0,1.0
0.0,0.0,2.0,0.0,27.275862068965516,18572.0,738.0,4.0,30.218442932728646,0.0,732.0,0.0,791.0,15586.0,702.7964490423599,1347.9055177626606,0.0,0.0
0.0,3.0,5.0,388.0,34.19230769230769,18572.0,1380.0,6.0,24.07696376619942,0.0,1380.0,0.0,1778.0,5577.0,702.7964490423599,377.89394340121663,1.0,1.0
1.0,2.0,1.0,0.0,0.0,18572.0,0.0,5.0,28.379682679594534,0.0,0.0,2.0,0.0,13036.0,1054.5402384500744,1022.0041868664609,1.0,1.0
0.0,-1.0,3.0,33.0,20.676470588235293,13902.0,400.0,5.0,28.379682679594534,400.0,0.0,0.0,703.0,13036.0,702.7964490423599,1022.0041868664609,1.0,1.0
0.0,2.0,3.0,1.0,32.84375,22408.0,1030.0,5.0,28.379682679594534,2.0,1026.0,0.0,1051.0,13036.0,702.7964490423599,1022.0041868664609,1.0,1.0
1.0,0.0,4.0,0.0,0.0,18572.0,0.0,2.0,34.472776769509984,0.0,0.0,1.0,0.0,22408.0,3425.2754548356206,4009.0916515426497,0.0,0.0
1.0,1.0,3.0,0.0,0.0,18572.0,0.0,5.0,28.379682679594534,0.0,0.0,2.0,0.0,13036.0,1054.5402384500744,1022.0041868664609,0.0,0.0
1.0,2.0,2.0,0.0,0.0,18572.0,0.0,6.0,24.07696376619942,0.0,0.0,0.0,0.0,5577.0,702.7964490423599,377.89394340121663,0.0,0.0
0.0,3.0,3.0,5.0,81.45161290322581,18572.0,195.0,5.0,28.379682679594534,77.0,117.0,0.0,2525.0,13036.0,702.7964490423599,1022.0041868664609,0.0,0.0
1.0,4.0,1.0,0.0,0.0,18572.0,0.0,6.0,24.07696376619942,0.0,0.0,0.0,0.0,5577.0,702.7964490423599,377.89394340121663,0.0,0.0
0.0,0.0,3.0,82.0,193.0,22408.0,2092.0,2.0,34.472776769509984,0.0,1517.0,1.0,7141.0,22408.0,3425.2754548356206,4009.0916515426497,1.0,1.0
0.0,3.0,5.0,109.0,2.018181818181818,18572.0,2.0,6.0,24.07696376619942,1.0,0.0,0.0,111.0,5577.0,702.7964490423599,377.89394340121663,1.0,1.0
0.0,1.0,2.0,0.0,31.88,18572.0,604.0,5.0,28.379682679594534,13.0,0.0,0.0,797.0,13036.0,702.7964490423599,1022.0041868664609,0.0,0.0
0.0,1.0,1.0,139.0,41.888888888888886,13902.0,615.0,6.0,24.07696376619942,414.0,28.0,0.0,754.0,5577.0,702.7964490423599,377.89394340121663,0.0,0.0
0.0,2.0,3.0,0.0,27.875,18572.0,213.0,6.0,24.07696376619942,0.0,0.0,0.0,892.0,5577.0,702.7964490423599,377.89394340121663,1.0,1.0
0.0,0.0,4.0,1411.0,59.458333333333336,18572.0,1443.0,5.0,28.379682679594534,214.0,0.0,2.0,2854.0,13036.0,1054.5402384500744,1022.0041868664609,0.0,0.0
0.0,4.0,1.0,11.0,42.26315789473684,18572.0,792.0,5.0,28.379682679594534,457.0,335.0,0.0,803.0,13036.0,702.7964490423599,1022.0041868664609,1.0,1.0
0.0,0.0,1.0,0.0,0.0,18572.0,0.0,6.0,24.07696376619942,0.0,0.0,0.0,0.0,5577.0,702.7964490423599,377.89394340121663,0.0,0.0
0.0,4.0,1.0,855.0,45.4,18572.0,53.0,6.0,24.07696376619942,0.0,11.0,0.0,908.0,5577.0,702.7964490423599,377.89394340121663,1.0,1.0
0.0,0.0,3.0,180.0,25.903225806451612,18572.0,48.0,5.0,28.379682679594534,0.0,4.0,0.0,803.0,13036.0,702.7964490423599,1022.0041868664609,1.0,1.0
0.0,6.0,2.0,182.0,41.18518518518518,18572.0,930.0,5.0,28.379682679594534,903.0,0.0,0.0,1112.0,13036.0,702.7964490423599,1022.0041868664609,0.0,0.0
0.0,4.0,2.0,0.0,36.77272727272727,18572.0,808.0,6.0,24.07696376619942,0.0,808.0,0.0,809.0,5577.0,702.7964490423599,377.89394340121663,0.0,0.0
0.0,1.0,2.0,1.0,89.57142857142857,18572.0,1880.0,6.0,24.07696376619942,508.0,1372.0,0.0,1881.0,5577.0,702.7964490423599,377.89394340121663,0.0,0.0
0.0,3.0,2.0,571.0,31.75862068965517,18572.0,347.0,5.0,28.379682679594534,89.0,258.0,0.0,921.0,13036.0,702.7964490423599,1022.0041868664609,0.0,0.0
0.0,4.0,2.0,24.0,33.42857142857143,18572.0,672.0,5.0,28.379682679594534,0.0,0.0,0.0,702.0,13036.0,702.7964490423599,1022.0041868664609,1.0,1.0
0.0,0.0,6.0,4.0,69.16666666666667,22408.0,3217.0,0.0,35.240112994350284,19.0,3190.0,1.0,4565.0,11001.0,3425.2754548356206,3367.04802259887,0.0,0.0
0.0,2.0,2.0,0.0,60.666666666666664,22408.0,1820.0,5.0,28.379682679594534,0.0,1819.0,0.0,1820.0,13036.0,702.7964490423599,1022.0041868664609,1.0,1.0
1.0,0.0,2.0,0.0,0.0,22408.0,0.0,2.0,34.472776769509984,0.0,0.0,1.0,0.0,22408.0,3425.2754548356206,4009.0916515426497,0.0,0.0
0.0,3.0,3.0,1742.0,102.80555555555556,18572.0,1959.0,5.0,28.379682679594534,1219.0,740.0,2.0,3701.0,13036.0,1054.5402384500744,1022.0041868664609,0.0,0.0
1.0,1.0,4.0,0.0,0.0,22408.0,0.0,1.0,33.30937773882559,0.0,0.0,1.0,0.0,19844.0,3425.2754548356206,2969.692375109553,1.0,1.0
1.0,5.0,0.0,0.0,0.0,18572.0,0.0,5.0,28.379682679594534,0.0,0.0,2.0,0.0,13036.0,1054.5402384500744,1022.0041868664609,1.0,1.0
0.0,1.0,2.0,499.0,40.2962962962963,18572.0,589.0,5.0,28.379682679594534,21.0,568.0,0.0,1088.0,13036.0,702.7964490423599,1022.0041868664609,0.0,0.0
0.0,0.0,5.0,5.0,10.666666666666666,22408.0,258.0,4.0,30.218442932728646,258.0,0.0,0.0,640.0,15586.0,702.7964490423599,1347.9055177626606,0.0,0.0
1.0,0.0,5.0,0.0,0.0,18572.0,0.0,1.0,33.30937773882559,0.0,0.0,1.0,0.0,19844.0,3425.2754548356206,2969.692375109553,0.0,0.0
0.0,4.0,2.0,845.0,59.95454545454545,18572.0,474.0,5.0,28.379682679594534,0.0,4.0,0.0,1319.0,13036.0,702.7964490423599,1022.0041868664609,1.0,1.0
0.0,0.0,4.0,1487.0,79.70833333333333,22408.0,212.0,2.0,34.472776769509984,16.0,0.0,1.0,3826.0,22408.0,3425.2754548356206,4009.0916515426497,1.0,1.0
0.0,1.0,5.0,277.0,14.107142857142858,13902.0,48.0,4.0,30.218442932728646,0.0,48.0,0.0,790.0,15586.0,702.7964490423599,1347.9055177626606,1.0,1.0
1.0,2.0,1.0,0.0,0.0,18572.0,0.0,6.0,24.07696376619942,0.0,0.0,0.0,0.0,5577.0,702.7964490423599,377.89394340121663,0.0,0.0
0.0,0.0,2.0,0.0,174.89655172413794,22408.0,692.0,1.0,33.30937773882559,0.0,692.0,1.0,5072.0,19844.0,3425.2754548356206,2969.692375109553,0.0,0.0
0.0,0.0,1.0,0.0,0.0,18572.0,0.0,0.0,35.240112994350284,0.0,0.0,1.0,0.0,11001.0,3425.2754548356206,3367.04802259887,1.0,1.0
0.0,-1.0,2.0,0.0,240.76666666666668,18572.0,59.0,5.0,28.379682679594534,0.0,58.0,1.0,7223.0,13036.0,3425.2754548356206,1022.0041868664609,1.0,1.0
0.0,5.0,3.0,0.0,22.942857142857143,18572.0,55.0,5.0,28.379682679594534,14.0,41.0,0.0,803.0,13036.0,702.7964490423599,1022.0041868664609,1.0,1.0
0.0,3.0,4.0,317.0,19.186046511627907,18572.0,479.0,6.0,24.07696376619942,0.0,434.0,0.0,825.0,5577.0,702.7964490423599,377.89394340121663,0.0,0.0
0.0,0.0,2.0,0.0,67.04166666666667,18572.0,36.0,4.0,30.218442932728646,0.0,36.0,0.0,1609.0,15586.0,702.7964490423599,1347.9055177626606,1.0,1.0
0.0,0.0,2.0,1.0,177.53333333333333,18572.0,168.0,0.0,35.240112994350284,0.0,136.0,1.0,5326.0,11001.0,3425.2754548356206,3367.04802259887,1.0,1.0
1.0,0.0,2.0,0.0,0.0,18572.0,0.0,6.0,24.07696376619942,0.0,0.0,0.0,0.0,5577.0,702.7964490423599,377.89394340121663,1.0,1.0
1.0,2.0,4.0,0.0,0.0,18572.0,0.0,5.0,28.379682679594534,0.0,0.0,2.0,0.0,13036.0,1054.5402384500744,1022.0041868664609,1.0,1.0
0.0,1.0,1.0,967.0,72.11111111111111,18572.0,330.0,4.0,30.218442932728646,330.0,0.0,2.0,1298.0,15586.0,1054.5402384500744,1347.9055177626606,0.0,0.0
0.0,0.0,2.0,0.0,181.7391304347826,18572.0,4180.0,6.0,24.07696376619942,4119.0,0.0,0.0,4180.0,5577.0,702.7964490423599,377.89394340121663,0.0,0.0
0.0,4.0,2.0,0.0,33.32142857142857,18572.0,933.0,5.0,28.379682679594534,17.0,49.0,0.0,933.0,13036.0,702.7964490423599,1022.0041868664609,0.0,0.0
0.0,0.0,4.0,0.0,193.6595744680851,22408.0,159.0,2.0,34.472776769509984,0.0,0.0,1.0,9102.0,22408.0,3425.2754548356206,4009.0916515426497,0.0,0.0
0.0,4.0,2.0,1.0,26.142857142857142,22408.0,492.0,5.0,28.379682679594534,24.0,0.0,0.0,549.0,13036.0,702.7964490423599,1022.0041868664609,0.0,0.0
0.0,2.0,3.0,2310.0,80.19354838709677,18572.0,176.0,5.0,28.379682679594534,176.0,0.0,2.0,2486.0,13036.0,1054.5402384500744,1022.0041868664609,0.0,0.0
0.0,0.0,6.0,0.0,145.95081967213116,18572.0,5468.0,2.0,34.472776769509984,0.0,5458.0,1.0,8903.0,22408.0,3425.2754548356206,4009.0916515426497,1.0,1.0
0.0,1.0,0.0,0.0,0.0,18572.0,0.0,5.0,28.379682679594534,0.0,0.0,2.0,0.0,13036.0,1054.5402384500744,1022.0041868664609,0.0,0.0
0.0,-1.0,1.0,0.0,44.0,13902.0,704.0,5.0,28.379682679594534,64.0,0.0,0.0,704.0,13036.0,702.7964490423599,1022.0041868664609,1.0,1.0
1.0,3.0,2.0,0.0,0.0,18572.0,0.0,5.0,28.379682679594534,0.0,0.0,2.0,0.0,13036.0,1054.5402384500744,1022.0041868664609,0.0,0.0
0.0,0.0,2.0,0.0,36.41379310344828,18572.0,995.0,3.0,33.37777777777778,938.0,53.0,2.0,1056.0,13995.0,1054.5402384500744,2327.0472222222224,0.0,0.0
1.0,4.0,6.0,0.0,0.0,22408.0,0.0,5.0,28.379682679594534,0.0,0.0,2.0,0.0,13036.0,1054.5402384500744,1022.0041868664609,0.0,0.0
1.0,1.0,2.0,0.0,0.0,18572.0,0.0,2.0,34.472776769509984,0.0,0.0,0.0,0.0,22408.0,702.7964490423599,4009.0916515426497,1.0,1.0
1.0,0.0,1.0,0.0,0.0,18572.0,0.0,1.0,33.30937773882559,0.0,0.0,1.0,0.0,19844.0,3425.2754548356206,2969.692375109553,1.0,1.0
0.0,-1.0,3.0,23.0,30.333333333333332,18572.0,1160.0,5.0,28.379682679594534,1126.0,34.0,2.0,1183.0,13036.0,1054.5402384500744,1022.0041868664609,1.0,1.0
0.0,0.0,4.0,0.0,233.9,22408.0,4528.0,2.0,34.472776769509984,2025.0,2456.0,1.0,11695.0,22408.0,3425.2754548356206,4009.0916515426497,1.0,1.0
0.0,1.0,3.0,0.0,20.205128205128204,18572.0,785.0,4.0,30.218442932728646,161.0,624.0,0.0,788.0,15586.0,702.7964490423599,1347.9055177626606,1.0,1.0
0.0,0.0,5.0,106.0,70.71153846153847,18572.0,0.0,1.0,33.30937773882559,0.0,0.0,1.0,3677.0,19844.0,3425.2754548356206,2969.692375109553,0.0,0.0
0.0,0.0,5.0,269.0,23.15686274509804,18572.0,748.0,3.0,33.37777777777778,748.0,0.0,2.0,1181.0,13995.0,1054.5402384500744,2327.0472222222224,1.0,1.0
0.0,4.0,1.0,1164.0,155.23529411764707,18572.0,501.0,5.0,28.379682679594534,501.0,0.0,2.0,2639.0,13036.0,1054.5402384500744,1022.0041868664609,1.0,1.0
0.0,0.0,2.0,10424.0,705.0370370370371,18572.0,8591.0,2.0,34.472776769509984,0.0,1373.0,1.0,19036.0,22408.0,3425.2754548356206,4009.0916515426497,1.0,1.0
1.0,0.0,4.0,0.0,0.0,18572.0,0.0,2.0,34.472776769509984,0.0,0.0,1.0,0.0,22408.0,3425.2754548356206,4009.0916515426497,0.0,0.0
1.0,0.0,2.0,0.0,0.0,18572.0,0.0,2.0,34.472776769509984,0.0,0.0,1.0,0.0,22408.0,3425.2754548356206,4009.0916515426497,1.0,1.0
1.0,2.0,0.0,0.0,0.0,18572.0,0.0,5.0,28.379682679594534,0.0,0.0,2.0,0.0,13036.0,1054.5402384500744,1022.0041868664609,1.0,1.0
0.0,1.0,3.0,0.0,115.25,18572.0,2761.0,2.0,34.472776769509984,0.0,2760.0,1.0,3688.0,22408.0,3425.2754548356206,4009.0916515426497,1.0,1.0
0.0,3.0,2.0,0.0,14.708333333333334,18572.0,71.0,5.0,28.379682679594534,0.0,0.0,0.0,353.0,13036.0,702.7964490423599,1022.0041868664609,0.0,0.0
1.0,1.0,7.0,0.0,0.0,18572.0,0.0,5.0,28.379682679594534,0.0,0.0,2.0,0.0,13036.0,1054.5402384500744,1022.0041868664609,1.0,1.0
1.0,4.0,1.0,0.0,0.0,18572.0,0.0,6.0,24.07696376619942,0.0,0.0,0.0,0.0,5577.0,702.7964490423599,377.89394340121663,1.0,1.0
0.0,0.0,3.0,0.0,178.59459459459458,13902.0,104.0,1.0,33.30937773882559,2.0,98.0,1.0,6608.0,19844.0,3425.2754548356206,2969.692375109553,0.0,0.0
1.0,2.0,1.0,0.0,0.0,18572.0,0.0,6.0,24.07696376619942,0.0,0.0,0.0,0.0,5577.0,702.7964490423599,377.89394340121663,1.0,1.0
1.0,1.0,0.0,0.0,0.0,18572.0,0.0,5.0,28.379682679594534,0.0,0.0,2.0,0.0,13036.0,1054.5402384500744,1022.0041868664609,0.0,0.0
1.0,2.0,0.0,0.0,0.0,18572.0,0.0,5.0,28.379682679594534,0.0,0.0,2.0,0.0,13036.0,1054.5402384500744,1022.0041868664609,0.0,0.0
0.0,2.0,2.0,169.0,77.54166666666667,18572.0,1199.0,5.0,28.379682679594534,176.0,0.0,2.0,1861.0,13036.0,1054.5402384500744,1022.0041868664609,1.0,1.0
0.0,4.0,2.0,1028.0,76.91304347826087,18572.0,741.0,5.0,28.379682679594534,741.0,0.0,2.0,1769.0,13036.0,1054.5402384500744,1022.0041868664609,0.0,0.0
0.0,0.0,3.0,0.0,26.72972972972973,18572.0,205.0,4.0,30.218442932728646,1.0,55.0,0.0,989.0,15586.0,702.7964490423599,1347.9055177626606,1.0,1.0
0.0,1.0,2.0,665.0,32.766666666666666,18572.0,311.0,4.0,30.218442932728646,311.0,0.0,0.0,983.0,15586.0,702.7964490423599,1347.9055177626606,1.0,1.0
0.0,0.0,3.0,0.0,21.944444444444443,22408.0,790.0,4.0,30.218442932728646,790.0,0.0,0.0,790.0,15586.0,702.7964490423599,1347.9055177626606,1.0,1.0
1.0,0.0,2.0,0.0,0.0,13902.0,0.0,6.0,24.07696376619942,0.0,0.0,0.0,0.0,5577.0,702.7964490423599,377.89394340121663,1.0,1.0
0.0,4.0,2.0,1.0,32.851851851851855,18572.0,886.0,6.0,24.07696376619942,0.0,886.0,0.0,887.0,5577.0,702.7964490423599,377.89394340121663,0.0,0.0
0.0,0.0,2.0,279.0,32.958333333333336,18572.0,512.0,4.0,30.218442932728646,0.0,0.0,0.0,791.0,15586.0,702.7964490423599,1347.9055177626606,1.0,1.0
0.0,2.0,2.0,792.0,65.61904761904762,18572.0,585.0,4.0,30.218442932728646,574.0,11.0,2.0,1378.0,15586.0,1054.5402384500744,1347.9055177626606,1.0,1.0
0.0,0.0,2.0,1.0,147.92592592592592,18572.0,3303.0,0.0,35.240112994350284,0.0,1030.0,1.0,3994.0,11001.0,3425.2754548356206,3367.04802259887,1.0,1.0
0.0,0.0,1.0,224.0,129.95,18572.0,2375.0,5.0,28.379682679594534,2058.0,298.0,2.0,2599.0,13036.0,1054.5402384500744,1022.0041868664609,1.0,1.0
0.0,2.0,2.0,30.0,30.083333333333332,13902.0,677.0,5.0,28.379682679594534,40.0,0.0,0.0,722.0,13036.0,702.7964490423599,1022.0041868664609,0.0,0.0
0.0,0.0,2.0,0.0,136.55555555555554,18572.0,1777.0,2.0,34.472776769509984,0.0,1777.0,1.0,3687.0,22408.0,3425.2754548356206,4009.0916515426497,1.0,1.0
0.0,0.0,3.0,32.0,43.3125,18572.0,1354.0,5.0,28.379682679594534,183.0,0.0,0.0,1386.0,13036.0,702.7964490423599,1022.0041868664609,1.0,1.0
0.0,0.0,2.0,0.0,425.22222222222223,18572.0,2956.0,0.0,35.240112994350284,2050.0,270.0,1.0,11481.0,11001.0,3425.2754548356206,3367.04802259887,1.0,1.0
1.0,0.0,2.0,0.0,0.0,18572.0,0.0,3.0,33.37777777777778,0.0,0.0,1.0,0.0,13995.0,3425.2754548356206,2327.0472222222224,1.0,1.0
0.0,1.0,1.0,0.0,0.0,22408.0,0.0,6.0,24.07696376619942,0.0,0.0,0.0,0.0,5577.0,702.7964490423599,377.89394340121663,1.0,1.0
0.0,1.0,2.0,119.0,37.5,18572.0,651.0,5.0,28.379682679594534,0.0,646.0,0.0,1050.0,13036.0,702.7964490423599,1022.0041868664609,0.0,0.0
1.0,1.0,6.0,0.0,0.0,18572.0,0.0,6.0,24.07696376619942,0.0,0.0,0.0,0.0,5577.0,702.7964490423599,377.89394340121663,1.0,1.0
1.0,1.0,5.0,0.0,0.0,18572.0,0.0,4.0,30.218442932728646,0.0,0.0,2.0,0.0,15586.0,1054.5402384500744,1347.9055177626606,0.0,0.0
1.0,4.0,1.0,0.0,0.0,18572.0,0.0,6.0,24.07696376619942,0.0,0.0,0.0,0.0,5577.0,702.7964490423599,377.89394340121663,0.0,0.0
0.0,1.0,2.0,0.0,7.041666666666667,18572.0,0.0,5.0,28.379682679594534,0.0,0.0,0.0,169.0,13036.0,702.7964490423599,1022.0041868664609,0.0,0.0
0.0,0.0,2.0,526.0,54.208333333333336,13902.0,348.0,5.0,28.379682679594534,311.0,37.0,0.0,1301.0,13036.0,702.7964490423599,1022.0041868664609,0.0,0.0
0.0,5.0,3.0,492.0,19.857142857142858,18572.0,203.0,5.0,28.379682679594534,81.0,122.0,2.0,695.0,13036.0,1054.5402384500744,1022.0041868664609,0.0,0.0
0.0,0.0,2.0,12.0,34.58620689655172,18572.0,17.0,5.0,28.379682679594534,8.0,2.0,0.0,1003.0,13036.0,702.7964490423599,1022.0041868664609,0.0,0.0
0.0,5.0,3.0,18.0,23.657894736842106,18572.0,881.0,5.0,28.379682679594534,72.0,0.0,0.0,899.0,13036.0,702.7964490423599,1022.0041868664609,1.0,1.0
0.0,1.0,2.0,611.0,47.7,18572.0,810.0,5.0,28.379682679594534,216.0,594.0,2.0,1431.0,13036.0,1054.5402384500744,1022.0041868664609,1.0,1.0
0.0,1.0,2.0,1.0,361.69565217391306,22408.0,8282.0,1.0,33.30937773882559,0.0,3761.0,1.0,8319.0,19844.0,3425.2754548356206,2969.692375109553,1.0,1.0
0.0,1.0,2.0,648.0,25.92,13902.0,0.0,5.0,28.379682679594534,0.0,0.0,0.0,648.0,13036.0,702.7964490423599,1022.0041868664609,1.0,1.0
0.0,0.0,3.0,7.0,169.18421052631578,22408.0,4187.0,1.0,33.30937773882559,0.0,4098.0,1.0,6429.0,19844.0,3425.2754548356206,2969.692375109553,0.0,0.0
0.0,0.0,5.0,0.0,419.6896551724138,22408.0,24333.0,1.0,33.30937773882559,200.0,0.0,1.0,24342.0,19844.0,3425.2754548356206,2969.692375109553,1.0,1.0
0.0,0.0,3.0,0.0,16.21875,18572.0,519.0,5.0,28.379682679594534,231.0,279.0,2.0,519.0,13036.0,1054.5402384500744,1022.0041868664609,0.0,0.0
0.0,2.0,2.0,0.0,35.13793103448276,18572.0,1019.0,6.0,24.07696376619942,5.0,1014.0,0.0,1019.0,5577.0,702.7964490423599,377.89394340121663,0.0,0.0
0.0,0.0,4.0,0.0,66.76744186046511,22408.0,1662.0,1.0,33.30937773882559,0.0,1026.0,1.0,2871.0,19844.0,3425.2754548356206,2969.692375109553,0.0,0.0
0.0,0.0,4.0,0.0,58.5,18572.0,167.0,1.0,33.30937773882559,0.0,166.0,1.0,2691.0,19844.0,3425.2754548356206,2969.692375109553,0.0,0.0
1.0,4.0,1.0,0.0,0.0,18572.0,0.0,5.0,28.379682679594534,0.0,0.0,2.0,0.0,13036.0,1054.5402384500744,1022.0041868664609,0.0,0.0
1.0,4.0,3.0,0.0,0.0,22408.0,0.0,6.0,24.07696376619942,0.0,0.0,0.0,0.0,5577.0,702.7964490423599,377.89394340121663,0.0,0.0
0.0,1.0,3.0,0.0,19.775,18572.0,791.0,4.0,30.218442932728646,2.0,2.0,0.0,791.0,15586.0,702.7964490423599,1347.9055177626606,1.0,1.0
0.0,2.0,5.0,1.0,30.125,22408.0,1686.0,5.0,28.379682679594534,1680.0,0.0,2.0,1687.0,13036.0,1054.5402384500744,1022.0041868664609,1.0,1.0
0.0,0.0,5.0,273.0,85.51923076923077,18572.0,3194.0,1.0,33.30937773882559,0.0,2775.0,1.0,4447.0,19844.0,3425.2754548356206,2969.692375109553,0.0,0.0
1.0,0.0,3.0,0.0,0.0,22408.0,0.0,2.0,34.472776769509984,0.0,0.0,1.0,0.0,22408.0,3425.2754548356206,4009.0916515426497,0.0,0.0
1.0,0.0,1.0,0.0,0.0,18572.0,0.0,6.0,24.07696376619942,0.0,0.0,0.0,0.0,5577.0,702.7964490423599,377.89394340121663,0.0,0.0
0.0,0.0,4.0,88.0,21.341463414634145,18572.0,787.0,3.0,33.37777777777778,787.0,0.0,2.0,875.0,13995.0,1054.5402384500744,2327.0472222222224,0.0,0.0
1.0,0.0,5.0,0.0,0.0,22408.0,0.0,3.0,33.37777777777778,0.0,0.0,1.0,0.0,13995.0,3425.2754548356206,2327.0472222222224,1.0,1.0
0.0,0.0,0.0,0.0,0.0,18572.0,0.0,0.0,35.240112994350284,0.0,0.0,1.0,0.0,11001.0,3425.2754548356206,3367.04802259887,1.0,1.0
0.0,0.0,1.0,25.0,41.21052631578947,18572.0,758.0,3.0,33.37777777777778,697.0,0.0,2.0,783.0,13995.0,1054.5402384500744,2327.0472222222224,0.0,0.0
0.0,5.0,7.0,722.0,11.202702702702704,18572.0,107.0,5.0,28.379682679594534,16.0,2.0,0.0,829.0,13036.0,702.7964490423599,1022.0041868664609,1.0,1.0
0.0,4.0,1.0,0.0,29.95,13902.0,575.0,5.0,28.379682679594534,10.0,0.0,0.0,599.0,13036.0,702.7964490423599,1022.0041868664609,1.0,1.0
0.0,0.0,2.0,0.0,38.523809523809526,22408.0,1.0,6.0,24.07696376619942,1.0,0.0,0.0,809.0,5577.0,702.7964490423599,377.89394340121663,0.0,0.0
0.0,1.0,2.0,0.0,22.366666666666667,13902.0,671.0,5.0,28.379682679594534,631.0,40.0,0.0,671.0,13036.0,702.7964490423599,1022.0041868664609,1.0,1.0
0.0,4.0,2.0,876.0,42.285714285714285,18572.0,10.0,6.0,24.07696376619942,2.0,8.0,0.0,888.0,5577.0,702.7964490423599,377.89394340121663,1.0,1.0
0.0,4.0,0.0,0.0,0.0,18572.0,0.0,6.0,24.07696376619942,0.0,0.0,0.0,0.0,5577.0,702.7964490423599,377.89394340121663,0.0,0.0
1.0,0.0,1.0,0.0,0.0,22408.0,0.0,1.0,33.30937773882559,0.0,0.0,1.0,0.0,19844.0,3425.2754548356206,2969.692375109553,1.0,1.0
0.0,2.0,2.0,422.0,20.095238095238095,18572.0,0.0,5.0,28.379682679594534,0.0,0.0,0.0,422.0,13036.0,702.7964490423599,1022.0041868664609,0.0,0.0
1.0,1.0,2.0,0.0,0.0,22408.0,0.0,2.0,34.472776769509984,0.0,0.0,1.0,0.0,22408.0,3425.2754548356206,4009.0916515426497,1.0,1.0
0.0,4.0,3.0,631.0,19.5,22408.0,0.0,5.0,28.379682679594534,0.0,0.0,0.0,702.0,13036.0,702.7964490423599,1022.0041868664609,0.0,0.0
1.0,0.0,1.0,0.0,0.0,18572.0,0.0,1.0,33.30937773882559,0.0,0.0,1.0,0.0,19844.0,3425.2754548356206,2969.692375109553,1.0,1.0
0.0,0.0,3.0,31.0,136.40540540540542,18572.0,1431.0,3.0,33.37777777777778,31.0,1400.0,1.0,5047.0,13995.0,3425.2754548356206,2327.0472222222224,0.0,0.0
0.0,-1.0,2.0,0.0,30.636363636363637,13902.0,652.0,5.0,28.379682679594534,1.0,649.0,0.0,674.0,13036.0,702.7964490423599,1022.0041868664609,1.0,1.0
1.0,0.0,4.0,0.0,0.0,18572.0,0.0,4.0,30.218442932728646,0.0,0.0,2.0,0.0,15586.0,1054.5402384500744,1347.9055177626606,0.0,0.0
0.0,5.0,2.0,193.0,31.545454545454547,22408.0,501.0,5.0,28.379682679594534,499.0,1.0,0.0,694.0,13036.0,702.7964490423599,1022.0041868664609,1.0,1.0
0.0,1.0,7.0,71.0,17.675675675675677,18572.0,1235.0,5.0,28.379682679594534,27.0,1208.0,2.0,1308.0,13036.0,1054.5402384500744,1022.0041868664609,0.0,0.0
0.0,3.0,4.0,11.0,16.020833333333332,13902.0,756.0,6.0,24.07696376619942,163.0,593.0,0.0,769.0,5577.0,702.7964490423599,377.89394340121663,1.0,1.0
1.0,2.0,2.0,0.0,0.0,22408.0,0.0,6.0,24.07696376619942,0.0,0.0,0.0,0.0,5577.0,702.7964490423599,377.89394340121663,0.0,0.0
0.0,4.0,2.0,0.0,40.142857142857146,18572.0,721.0,6.0,24.07696376619942,721.0,0.0,0.0,843.0,5577.0,702.7964490423599,377.89394340121663,0.0,0.0
0.0,4.0,1.0,896.0,409.1333333333333,18572.0,450.0,6.0,24.07696376619942,450.0,0.0,0.0,6137.0,5577.0,702.7964490423599,377.89394340121663,1.0,1.0
0.0,-1.0,2.0,0.0,77.16666666666667,18572.0,1474.0,5.0,28.379682679594534,4.0,363.0,1.0,2315.0,13036.0,3425.2754548356206,1022.0041868664609,1.0,1.0
0.0,0.0,2.0,757.0,39.75,18572.0,1.0,4.0,30.218442932728646,1.0,0.0,0.0,1113.0,15586.0,702.7964490423599,1347.9055177626606,0.0,0.0
0.0,3.0,2.0,892.0,34.30769230769231,18572.0,0.0,6.0,24.07696376619942,0.0,0.0,0.0,892.0,5577.0,702.7964490423599,377.89394340121663,1.0,1.0
0.0,0.0,4.0,1217.0,27.704545454545453,18572.0,2.0,5.0,28.379682679594534,0.0,2.0,0.0,1219.0,13036.0,702.7964490423599,1022.0041868664609,1.0,1.0
0.0,2.0,3.0,341.0,17.555555555555557,22408.0,291.0,5.0,28.379682679594534,256.0,35.0,0.0,632.0,13036.0,702.7964490423599,1022.0041868664609,1.0,1.0
1.0,0.0,2.0,0.0,0.0,18572.0,0.0,4.0,30.218442932728646,0.0,0.0,2.0,0.0,15586.0,1054.5402384500744,1347.9055177626606,0.0,0.0
1.0,0.0,4.0,0.0,0.0,18572.0,0.0,2.0,34.472776769509984,0.0,0.0,1.0,0.0,22408.0,3425.2754548356206,4009.0916515426497,1.0,1.0
1.0,4.0,0.0,0.0,0.0,18572.0,0.0,6.0,24.07696376619942,0.0,0.0,0.0,0.0,5577.0,702.7964490423599,377.89394340121663,1.0,1.0
1.0,3.0,4.0,0.0,0.0,18572.0,0.0,5.0,28.379682679594534,0.0,0.0,2.0,0.0,13036.0,1054.5402384500744,1022.0041868664609,0.0,0.0
0.0,1.0,2.0,0.0,30.423076923076923,18572.0,11.0,4.0,30.218442932728646,11.0,0.0,0.0,791.0,15586.0,702.7964490423599,1347.9055177626606,0.0,0.0
0.0,0.0,3.0,170.0,29.235294117647058,18572.0,824.0,4.0,30.218442932728646,0.0,14.0,0.0,994.0,15586.0,702.7964490423599,1347.9055177626606,0.0,0.0
0.0,1.0,2.0,64.0,144.14285714285714,18572.0,3970.0,4.0,30.218442932728646,0.0,139.0,1.0,4036.0,15586.0,3425.2754548356206,1347.9055177626606,1.0,1.0
1.0,4.0,1.0,0.0,0.0,22408.0,0.0,6.0,24.07696376619942,0.0,0.0,0.0,0.0,5577.0,702.7964490423599,377.89394340121663,1.0,1.0
1.0,5.0,1.0,0.0,0.0,22408.0,0.0,5.0,28.379682679594534,0.0,0.0,0.0,0.0,13036.0,702.7964490423599,1022.0041868664609,1.0,1.0
0.0,1.0,4.0,0.0,0.0,18572.0,0.0,5.0,28.379682679594534,0.0,0.0,2.0,0.0,13036.0,1054.5402384500744,1022.0041868664609,1.0,1.0
0.0,0.0,5.0,3627.0,68.77966101694915,22408.0,152.0,1.0,33.30937773882559,0.0,122.0,1.0,4058.0,19844.0,3425.2754548356206,2969.692375109553,0.0,0.0
0.0,4.0,2.0,0.0,27.0,18572.0,558.0,6.0,24.07696376619942,558.0,0.0,0.0,621.0,5577.0,702.7964490423599,377.89394340121663,1.0,1.0
0.0,0.0,1.0,0.0,80.15789473684211,18572.0,186.0,1.0,33.30937773882559,4.0,0.0,1.0,1523.0,19844.0,3425.2754548356206,2969.692375109553,0.0,0.0
0.0,0.0,3.0,13.0,297.775,18572.0,42.0,2.0,34.472776769509984,0.0,39.0,1.0,11911.0,22408.0,3425.2754548356206,4009.0916515426497,1.0,1.0
0.0,0.0,2.0,0.0,186.7037037037037,18572.0,147.0,0.0,35.240112994350284,0.0,62.0,1.0,5041.0,11001.0,3425.2754548356206,3367.04802259887,1.0,1.0
1.0,4.0,0.0,0.0,0.0,18572.0,0.0,6.0,24.07696376619942,0.0,0.0,0.0,0.0,5577.0,702.7964490423599,377.89394340121663,0.0,0.0
0.0,5.0,2.0,0.0,97.17857142857143,13902.0,2721.0,5.0,28.379682679594534,2647.0,42.0,0.0,2721.0,13036.0,702.7964490423599,1022.0041868664609,0.0,0.0
0.0,0.0,2.0,4509.0,212.0,18572.0,1444.0,2.0,34.472776769509984,2.0,1433.0,1.0,6360.0,22408.0,3425.2754548356206,4009.0916515426497,1.0,1.0
0.0,0.0,0.0,0.0,0.0,22408.0,0.0,1.0,33.30937773882559,0.0,0.0,1.0,0.0,19844.0,3425.2754548356206,2969.692375109553,1.0,1.0
1.0,0.0,2.0,0.0,0.0,22408.0,0.0,1.0,33.30937773882559,0.0,0.0,1.0,0.0,19844.0,3425.2754548356206,2969.692375109553,1.0,1.0
0.0,0.0,5.0,155.0,34.88235294117647,18572.0,1624.0,3.0,33.37777777777778,1598.0,26.0,2.0,1779.0,13995.0,1054.5402384500744,2327.0472222222224,0.0,0.0
0.0,3.0,1.0,10.0,123.11764705882354,18572.0,2083.0,5.0,28.379682679594534,2083.0,0.0,0.0,2093.0,13036.0,702.7964490423599,1022.0041868664609,1.0,1.0
1.0,0.0,4.0,0.0,0.0,22408.0,0.0,2.0,34.472776769509984,0.0,0.0,1.0,0.0,22408.0,3425.2754548356206,4009.0916515426497,0.0,0.0
1.0,0.0,3.0,0.0,0.0,22408.0,0.0,1.0,33.30937773882559,0.0,0.0,1.0,0.0,19844.0,3425.2754548356206,2969.692375109553,1.0,1.0
0.0,4.0,1.0,32.0,37.10526315789474,18572.0,673.0,6.0,24.07696376619942,0.0,0.0,0.0,705.0,5577.0,702.7964490423599,377.89394340121663,0.0,0.0
0.0,2.0,2.0,0.0,24.166666666666668,22408.0,715.0,5.0,28.379682679594534,0.0,0.0,0.0,725.0,13036.0,702.7964490423599,1022.0041868664609,0.0,0.0
1.0,0.0,2.0,0.0,0.0,22408.0,0.0,1.0,33.30937773882559,0.0,0.0,1.0,0.0,19844.0,3425.2754548356206,2969.692375109553,1.0,1.0
0.0,2.0,4.0,101.0,16.4,22408.0,637.0,5.0,28.379682679594534,632.0,5.0,0.0,738.0,13036.0,702.7964490423599,1022.0041868664609,1.0,1.0
0.0,3.0,1.0,725.0,69.58823529411765,18572.0,0.0,5.0,28.379682679594534,0.0,0.0,0.0,1183.0,13036.0,702.7964490423599,1022.0041868664609,1.0,1.0
0.0,5.0,3.0,1363.0,43.75757575757576,18572.0,81.0,5.0,28.379682679594534,81.0,0.0,2.0,1444.0,13036.0,1054.5402384500744,1022.0041868664609,1.0,1.0
0.0,0.0,4.0,4874.0,263.9756097560976,22408.0,5949.0,2.0,34.472776769509984,2320.0,3131.0,1.0,10823.0,22408.0,3425.2754548356206,4009.0916515426497,1.0,1.0
0.0,0.0,2.0,340.0,36.24,18572.0,406.0,4.0,30.218442932728646,70.0,0.0,0.0,906.0,15586.0,702.7964490423599,1347.9055177626606,1.0,1.0
0.0,0.0,2.0,0.0,25.52,22408.0,637.0,5.0,28.379682679594534,0.0,0.0,0.0,638.0,13036.0,702.7964490423599,1022.0041868664609,0.0,0.0
0.0,1.0,4.0,0.0,47.48780487804878,18572.0,273.0,2.0,34.472776769509984,0.0,269.0,1.0,1947.0,22408.0,3425.2754548356206,4009.0916515426497,1.0,1.0
0.0,1.0,2.0,243.0,144.08333333333334,18572.0,3211.0,4.0,30.218442932728646,3211.0,0.0,2.0,3458.0,15586.0,1054.5402384500744,1347.9055177626606,0.0,0.0
1.0,4.0,0.0,0.0,0.0,18572.0,0.0,6.0,24.07696376619942,0.0,0.0,0.0,0.0,5577.0,702.7964490423599,377.89394340121663,1.0,1.0
0.0,0.0,2.0,1750.0,130.47619047619048,18572.0,990.0,5.0,28.379682679594534,0.0,990.0,2.0,2740.0,13036.0,1054.5402384500744,1022.0041868664609,0.0,0.0
0.0,4.0,2.0,0.0,65.17391304347827,18572.0,1499.0,5.0,28.379682679594534,769.0,1.0,0.0,1499.0,13036.0,702.7964490423599,1022.0041868664609,1.0,1.0
0.0,4.0,1.0,9.0,88.85,18572.0,29.0,6.0,24.07696376619942,16.0,5.0,0.0,1777.0,5577.0,702.7964490423599,377.89394340121663,1.0,1.0
1.0,3.0,0.0,0.0,0.0,18572.0,0.0,6.0,24.07696376619942,0.0,0.0,0.0,0.0,5577.0,702.7964490423599,377.89394340121663,0.0,0.0
0.0,2.0,2.0,46.0,42.84,22408.0,699.0,5.0,28.379682679594534,612.0,87.0,2.0,1071.0,13036.0,1054.5402384500744,1022.0041868664609,0.0,0.0
0.0,2.0,2.0,0.0,61.608695652173914,18572.0,1417.0,5.0,28.379682679594534,1417.0,0.0,0.0,1417.0,13036.0,702.7964490423599,1022.0041868664609,0.0,0.0
1.0,0.0,3.0,0.0,0.0,18572.0,0.0,1.0,33.30937773882559,0.0,0.0,1.0,0.0,19844.0,3425.2754548356206,2969.692375109553,1.0,1.0
0.0,1.0,1.0,0.0,43.578947368421055,18572.0,828.0,4.0,30.218442932728646,0.0,1.0,0.0,828.0,15586.0,702.7964490423599,1347.9055177626606,0.0,0.0
0.0,0.0,2.0,0.0,144.92857142857142,18572.0,2167.0,2.0,34.472776769509984,0.0,2167.0,1.0,4058.0,22408.0,3425.2754548356206,4009.0916515426497,0.0,0.0
1.0,0.0,3.0,0.0,0.0,18572.0,0.0,1.0,33.30937773882559,0.0,0.0,1.0,0.0,19844.0,3425.2754548356206,2969.692375109553,0.0,0.0
0.0,0.0,2.0,0.0,38.34615384615385,18572.0,0.0,4.0,30.218442932728646,0.0,0.0,0.0,997.0,15586.0,702.7964490423599,1347.9055177626606,1.0,1.0
1.0,1.0,1.0,0.0,0.0,22408.0,0.0,6.0,24.07696376619942,0.0,0.0,0.0,0.0,5577.0,702.7964490423599,377.89394340121663,0.0,0.0
0.0,0.0,2.0,0.0,434.0,22408.0,75.0,2.0,34.472776769509984,0.0,75.0,1.0,12152.0,22408.0,3425.2754548356206,4009.0916515426497,0.0,0.0
0.0,1.0,2.0,0.0,34.041666666666664,18572.0,696.0,6.0,24.07696376619942,0.0,568.0,0.0,817.0,5577.0,702.7964490423599,377.89394340121663,1.0,1.0
0.0,0.0,2.0,323.0,134.38095238095238,22408.0,953.0,1.0,33.30937773882559,354.0,284.0,1.0,2822.0,19844.0,3425.2754548356206,2969.692375109553,1.0,1.0
0.0,0.0,3.0,884.0,38.77777777777778,18572.0,512.0,5.0,28.379682679594534,482.0,0.0,0.0,1396.0,13036.0,702.7964490423599,1022.0041868664609,1.0,1.0
1.0,1.0,5.0,0.0,0.0,22408.0,0.0,6.0,24.07696376619942,0.0,0.0,0.0,0.0,5577.0,702.7964490423599,377.89394340121663,0.0,0.0
0.0,1.0,6.0,0.0,29.536231884057973,18572.0,1752.0,5.0,28.379682679594534,0.0,1739.0,0.0,2038.0,13036.0,702.7964490423599,1022.0041868664609,0.0,0.0
1.0,4.0,3.0,0.0,0.0,18572.0,0.0,5.0,28.379682679594534,0.0,0.0,2.0,0.0,13036.0,1054.5402384500744,1022.0041868664609,1.0,1.0
0.0,0.0,3.0,9.0,24.59375,18572.0,554.0,4.0,30.218442932728646,553.0,1.0,0.0,787.0,15586.0,702.7964490423599,1347.9055177626606,0.0,0.0
0.0,3.0,4.0,790.0,90.81632653061224,18572.0,3660.0,6.0,24.07696376619942,0.0,2368.0,0.0,4450.0,5577.0,702.7964490423599,377.89394340121663,0.0,0.0
0.0,0.0,6.0,0.0,14.174603174603174,18572.0,878.0,6.0,24.07696376619942,877.0,0.0,0.0,893.0,5577.0,702.7964490423599,377.89394340121663,0.0,0.0
1.0,2.0,3.0,0.0,0.0,18572.0,0.0,6.0,24.07696376619942,0.0,0.0,0.0,0.0,5577.0,702.7964490423599,377.89394340121663,0.0,0.0
0.0,0.0,3.0,0.0,103.05263157894737,22408.0,1247.0,0.0,35.240112994350284,18.0,1229.0,1.0,3916.0,11001.0,3425.2754548356206,3367.04802259887,0.0,0.0
0.0,2.0,0.0,0.0,0.0,22408.0,0.0,6.0,24.07696376619942,0.0,0.0,0.0,0.0,5577.0,702.7964490423599,377.89394340121663,1.0,1.0
1.0,0.0,1.0,0.0,0.0,18572.0,0.0,0.0,35.240112994350284,0.0,0.0,1.0,0.0,11001.0,3425.2754548356206,3367.04802259887,0.0,0.0
0.0,2.0,3.0,454.0,35.24324324324324,18572.0,850.0,5.0,28.379682679594534,850.0,0.0,2.0,1304.0,13036.0,1054.5402384500744,1022.0041868664609,1.0,1.0
0.0,2.0,3.0,0.0,29.657894736842106,18572.0,1127.0,5.0,28.379682679594534,1086.0,41.0,0.0,1127.0,13036.0,702.7964490423599,1022.0041868664609,0.0,0.0
0.0,4.0,1.0,0.0,42.421052631578945,18572.0,794.0,5.0,28.379682679594534,711.0,83.0,0.0,806.0,13036.0,702.7964490423599,1022.0041868664609,1.0,1.0
0.0,4.0,1.0,2885.0,154.47368421052633,18572.0,50.0,5.0,28.379682679594534,49.0,1.0,2.0,2935.0,13036.0,1054.5402384500744,1022.0041868664609,1.0,1.0
1.0,1.0,2.0,0.0,0.0,22408.0,0.0,4.0,30.218442932728646,0.0,0.0,1.0,0.0,15586.0,3425.2754548356206,1347.9055177626606,1.0,1.0
1.0,-1.0,1.0,0.0,0.0,18572.0,0.0,5.0,28.379682679594534,0.0,0.0,1.0,0.0,13036.0,3425.2754548356206,1022.0041868664609,1.0,1.0
0.0,1.0,1.0,10.0,27.75,22408.0,434.0,6.0,24.07696376619942,254.0,180.0,0.0,444.0,5577.0,702.7964490423599,377.89394340121663,1.0,1.0
1.0,-1.0,4.0,0.0,0.0,18572.0,0.0,5.0,28.379682679594534,0.0,0.0,1.0,0.0,13036.0,3425.2754548356206,1022.0041868664609,1.0,1.0
1.0,2.0,4.0,0.0,0.0,18572.0,0.0,5.0,28.379682679594534,0.0,0.0,2.0,0.0,13036.0,1054.5402384500744,1022.0041868664609,1.0,1.0
0.0,1.0,3.0,0.0,60.5,22408.0,879.0,1.0,33.30937773882559,258.0,0.0,1.0,2420.0,19844.0,3425.2754548356206,2969.692375109553,1.0,1.0
0.0,0.0,5.0,0.0,40.96551724137931,18572.0,2314.0,0.0,35.240112994350284,0.0,2136.0,1.0,2376.0,11001.0,3425.2754548356206,3367.04802259887,1.0,1.0
0.0,0.0,3.0,6.0,139.08823529411765,18572.0,2232.0,1.0,33.30937773882559,0.0,1173.0,1.0,4729.0,19844.0,3425.2754548356206,2969.692375109553,1.0,1.0
0.0,0.0,2.0,0.0,89.72727272727273,22408.0,1918.0,5.0,28.379682679594534,0.0,0.0,0.0,1974.0,13036.0,702.7964490423599,1022.0041868664609,1.0,1.0
0.0,0.0,3.0,0.0,117.65625,18572.0,2383.0,0.0,35.240112994350284,0.0,1795.0,1.0,3765.0,11001.0,3425.2754548356206,3367.04802259887,1.0,1.0
1.0,5.0,0.0,0.0,0.0,18572.0,0.0,5.0,28.379682679594534,0.0,0.0,2.0,0.0,13036.0,1054.5402384500744,1022.0041868664609,0.0,0.0
1.0,0.0,1.0,0.0,0.0,22408.0,0.0,4.0,30.218442932728646,0.0,0.0,1.0,0.0,15586.0,3425.2754548356206,1347.9055177626606,1.0,1.0
0.0,3.0,3.0,586.0,40.35897435897436,18572.0,988.0,5.0,28.379682679594534,218.0,770.0,2.0,1574.0,13036.0,1054.5402384500744,1022.0041868664609,1.0,1.0
0.0,0.0,4.0,537.0,80.0909090909091,18572.0,186.0,2.0,34.472776769509984,0.0,42.0,1.0,3524.0,22408.0,3425.2754548356206,4009.0916515426497,0.0,0.0
1.0,1.0,2.0,0.0,0.0,13902.0,0.0,6.0,24.07696376619942,0.0,0.0,0.0,0.0,5577.0,702.7964490423599,377.89394340121663,1.0,1.0
0.0,3.0,1.0,0.0,51.0,13902.0,898.0,5.0,28.379682679594534,0.0,14.0,0.0,918.0,13036.0,702.7964490423599,1022.0041868664609,1.0,1.0
1.0,0.0,1.0,0.0,0.0,22408.0,0.0,1.0,33.30937773882559,0.0,0.0,1.0,0.0,19844.0,3425.2754548356206,2969.692375109553,1.0,1.0
1.0,0.0,2.0,0.0,0.0,22408.0,0.0,1.0,33.30937773882559,0.0,0.0,1.0,0.0,19844.0,3425.2754548356206,2969.692375109553,0.0,0.0
0.0,0.0,2.0,484.0,28.0,18572.0,188.0,5.0,28.379682679594534,0.0,188.0,0.0,672.0,13036.0,702.7964490423599,1022.0041868664609,0.0,0.0
0.0,4.0,2.0,0.0,35.130434782608695,18572.0,594.0,6.0,24.07696376619942,3.0,0.0,0.0,808.0,5577.0,702.7964490423599,377.89394340121663,0.0,0.0
0.0,3.0,1.0,0.0,123.4375,18572.0,348.0,5.0,28.379682679594534,348.0,0.0,0.0,1975.0,13036.0,702.7964490423599,1022.0041868664609,0.0,0.0
1.0,-1.0,2.0,0.0,0.0,13902.0,0.0,5.0,28.379682679594534,0.0,0.0,0.0,0.0,13036.0,702.7964490423599,1022.0041868664609,1.0,1.0
1.0,3.0,4.0,0.0,0.0,18572.0,0.0,5.0,28.379682679594534,0.0,0.0,2.0,0.0,13036.0,1054.5402384500744,1022.0041868664609,0.0,0.0
1.0,0.0,3.0,0.0,0.0,18572.0,0.0,1.0,33.30937773882559,0.0,0.0,1.0,0.0,19844.0,3425.2754548356206,2969.692375109553,1.0,1.0
0.0,2.0,2.0,222.0,37.92,18572.0,9.0,6.0,24.07696376619942,0.0,8.0,0.0,948.0,5577.0,702.7964490423599,377.89394340121663,1.0,1.0
0.0,3.0,3.0,97.0,62.51428571428571,18572.0,1606.0,5.0,28.379682679594534,1547.0,59.0,2.0,2188.0,13036.0,1054.5402384500744,1022.0041868664609,1.0,1.0
1.0,1.0,1.0,0.0,0.0,18572.0,0.0,6.0,24.07696376619942,0.0,0.0,0.0,0.0,5577.0,702.7964490423599,377.89394340121663,1.0,1.0
0.0,4.0,6.0,0.0,13.953846153846154,18572.0,907.0,6.0,24.07696376619942,0.0,563.0,0.0,907.0,5577.0,702.7964490423599,377.89394340121663,0.0,0.0
0.0,0.0,2.0,0.0,269.76666666666665,22408.0,8093.0,2.0,34.472776769509984,2686.0,2854.0,1.0,8093.0,22408.0,3425.2754548356206,4009.0916515426497,0.0,0.0
0.0,0.0,3.0,0.0,98.84375,18572.0,3117.0,3.0,33.37777777777778,0.0,209.0,1.0,3163.0,13995.0,3425.2754548356206,2327.0472222222224,1.0,1.0
0.0,0.0,2.0,3.0,252.34615384615384,22408.0,6248.0,2.0,34.472776769509984,1369.0,4502.0,1.0,6561.0,22408.0,3425.2754548356206,4009.0916515426497,0.0,0.0
0.0,2.0,4.0,669.0,35.53658536585366,18572.0,777.0,5.0,28.379682679594534,4.0,0.0,0.0,1457.0,13036.0,702.7964490423599,1022.0041868664609,0.0,0.0
0.0,1.0,2.0,88.0,30.103448275862068,18572.0,759.0,5.0,28.379682679594534,0.0,5.0,0.0,873.0,13036.0,702.7964490423599,1022.0041868664609,0.0,0.0
0.0,0.0,3.0,984.0,29.323529411764707,18572.0,13.0,4.0,30.218442932728646,13.0,0.0,0.0,997.0,15586.0,702.7964490423599,1347.9055177626606,1.0,1.0
1.0,0.0,3.0,0.0,0.0,22408.0,0.0,1.0,33.30937773882559,0.0,0.0,1.0,0.0,19844.0,3425.2754548356206,2969.692375109553,0.0,0.0
0.0,2.0,2.0,36.0,80.0,18572.0,1377.0,5.0,28.379682679594534,1377.0,0.0,2.0,1680.0,13036.0,1054.5402384500744,1022.0041868664609,0.0,0.0
0.0,0.0,4.0,0.0,49.21739130434783,22408.0,1538.0,2.0,34.472776769509984,0.0,281.0,1.0,2264.0,22408.0,3425.2754548356206,4009.0916515426497,1.0,1.0
0.0,0.0,2.0,1359.0,84.65384615384616,22408.0,697.0,0.0,35.240112994350284,0.0,492.0,1.0,2201.0,11001.0,3425.2754548356206,3367.04802259887,0.0,0.0
1.0,5.0,2.0,0.0,0.0,18572.0,0.0,5.0,28.379682679594534,0.0,0.0,0.0,0.0,13036.0,702.7964490423599,1022.0041868664609,1.0,1.0
0.0,1.0,2.0,0.0,37.666666666666664,18572.0,292.0,4.0,30.218442932728646,98.0,142.0,0.0,791.0,15586.0,702.7964490423599,1347.9055177626606,0.0,0.0
0.0,5.0,4.0,115.0,19.040816326530614,22408.0,646.0,5.0,28.379682679594534,0.0,1.0,0.0,933.0,13036.0,702.7964490423599,1022.0041868664609,0.0,0.0
0.0,1.0,5.0,908.0,46.42307692307692,18572.0,1262.0,5.0,28.379682679594534,437.0,825.0,0.0,2414.0,13036.0,702.7964490423599,1022.0041868664609,1.0,1.0
0.0,0.0,6.0,1.0,52.984375,18572.0,2900.0,0.0,35.240112994350284,0.0,2882.0,1.0,3391.0,11001.0,3425.2754548356206,3367.04802259887,0.0,0.0
0.0,3.0,4.0,617.0,32.59090909090909,13902.0,817.0,5.0,28.379682679594534,817.0,0.0,2.0,1434.0,13036.0,1054.5402384500744,1022.0041868664609,0.0,0.0
0.0,3.0,3.0,4.0,45.26315789473684,18572.0,526.0,6.0,24.07696376619942,0.0,455.0,0.0,1720.0,5577.0,702.7964490423599,377.89394340121663,1.0,1.0
0.0,1.0,2.0,0.0,38.523809523809526,18572.0,19.0,6.0,24.07696376619942,4.0,15.0,0.0,809.0,5577.0,702.7964490423599,377.89394340121663,0.0,0.0
0.0,5.0,3.0,0.0,77.725,18572.0,3030.0,5.0,28.379682679594534,3030.0,0.0,0.0,3109.0,13036.0,702.7964490423599,1022.0041868664609,1.0,1.0
1.0,4.0,2.0,0.0,0.0,22408.0,0.0,6.0,24.07696376619942,0.0,0.0,0.0,0.0,5577.0,702.7964490423599,377.89394340121663,0.0,0.0
1.0,2.0,2.0,0.0,0.0,22408.0,0.0,6.0,24.07696376619942,0.0,0.0,0.0,0.0,5577.0,702.7964490423599,377.89394340121663,0.0,0.0
0.0,0.0,3.0,0.0,0.0,18572.0,0.0,4.0,30.218442932728646,0.0,0.0,2.0,0.0,15586.0,1054.5402384500744,1347.9055177626606,1.0,1.0
0.0,1.0,3.0,661.0,22.205882352941178,18572.0,94.0,5.0,28.379682679594534,0.0,0.0,0.0,755.0,13036.0,702.7964490423599,1022.0041868664609,0.0,0.0
0.0,0.0,4.0,660.0,246.79545454545453,22408.0,276.0,1.0,33.30937773882559,0.0,10.0,1.0,10859.0,19844.0,3425.2754548356206,2969.692375109553,0.0,0.0
0.0,0.0,2.0,0.0,32.12,18572.0,796.0,5.0,28.379682679594534,4.0,713.0,0.0,803.0,13036.0,702.7964490423599,1022.0041868664609,1.0,1.0
0.0,0.0,3.0,1795.0,289.2352941176471,22408.0,7753.0,1.0,33.30937773882559,0.0,712.0,1.0,9834.0,19844.0,3425.2754548356206,2969.692375109553,0.0,0.0
0.0,4.0,3.0,3.0,26.21875,18572.0,836.0,6.0,24.07696376619942,779.0,57.0,0.0,839.0,5577.0,702.7964490423599,377.89394340121663,1.0,1.0
0.0,0.0,2.0,0.0,36.0,18572.0,541.0,6.0,24.07696376619942,0.0,541.0,0.0,756.0,5577.0,702.7964490423599,377.89394340121663,1.0,1.0
1.0,1.0,2.0,0.0,0.0,18572.0,0.0,6.0,24.07696376619942,0.0,0.0,0.0,0.0,5577.0,702.7964490423599,377.89394340121663,1.0,1.0
1.0,1.0,2.0,0.0,0.0,18572.0,0.0,6.0,24.07696376619942,0.0,0.0,0.0,0.0,5577.0,702.7964490423599,377.89394340121663,0.0,0.0
0.0,1.0,2.0,0.0,0.0,18572.0,0.0,6.0,24.07696376619942,0.0,0.0,0.0,0.0,5577.0,702.7964490423599,377.89394340121663,1.0,1.0
0.0,1.0,2.0,745.0,46.0,18572.0,543.0,5.0,28.379682679594534,311.0,232.0,2.0,1288.0,13036.0,1054.5402384500744,1022.0041868664609,0.0,0.0
0.0,0.0,3.0,234.0,123.74193548387096,18572.0,2842.0,1.0,33.30937773882559,0.0,2761.0,1.0,3836.0,19844.0,3425.2754548356206,2969.692375109553,1.0,1.0
1.0,3.0,1.0,0.0,0.0,18572.0,0.0,6.0,24.07696376619942,0.0,0.0,0.0,0.0,5577.0,702.7964490423599,377.89394340121663,0.0,0.0
1.0,1.0,5.0,0.0,0.0,18572.0,0.0,6.0,24.07696376619942,0.0,0.0,0.0,0.0,5577.0,702.7964490423599,377.89394340121663,0.0,0.0
0.0,0.0,3.0,339.0,187.8421052631579,18572.0,2183.0,2.0,34.472776769509984,0.0,2008.0,1.0,7138.0,22408.0,3425.2754548356206,4009.0916515426497,1.0,1.0
0.0,5.0,5.0,1907.0,51.21153846153846,22408.0,40.0,5.0,28.379682679594534,40.0,0.0,2.0,2663.0,13036.0,1054.5402384500744,1022.0041868664609,0.0,0.0
1.0,4.0,2.0,0.0,0.0,18572.0,0.0,5.0,28.379682679594534,0.0,0.0,2.0,0.0,13036.0,1054.5402384500744,1022.0041868664609,1.0,1.0
0.0,4.0,1.0,181.0,100.89473684210526,13902.0,1736.0,5.0,28.379682679594534,103.0,1611.0,0.0,1917.0,13036.0,702.7964490423599,1022.0041868664609,1.0,1.0
0.0,0.0,2.0,0.0,21.689655172413794,18572.0,615.0,5.0,28.379682679594534,0.0,0.0,0.0,629.0,13036.0,702.7964490423599,1022.0041868664609,1.0,1.0
1.0,5.0,3.0,0.0,0.0,18572.0,0.0,5.0,28.379682679594534,0.0,0.0,2.0,0.0,13036.0,1054.5402384500744,1022.0041868664609,1.0,1.0
0.0,4.0,2.0,285.0,26.137931034482758,18572.0,473.0,5.0,28.379682679594534,0.0,136.0,0.0,758.0,13036.0,702.7964490423599,1022.0041868664609,0.0,0.0
1.0,0.0,2.0,0.0,0.0,13902.0,0.0,6.0,24.07696376619942,0.0,0.0,0.0,0.0,5577.0,702.7964490423599,377.89394340121663,0.0,0.0
0.0,0.0,3.0,0.0,119.79411764705883,18572.0,997.0,0.0,35.240112994350284,0.0,3.0,1.0,4073.0,11001.0,3425.2754548356206,3367.04802259887,1.0,1.0
1.0,2.0,5.0,0.0,0.0,13902.0,0.0,6.0,24.07696376619942,0.0,0.0,0.0,0.0,5577.0,702.7964490423599,377.89394340121663,0.0,0.0
0.0,1.0,1.0,717.0,35.9,22408.0,1.0,4.0,30.218442932728646,0.0,1.0,0.0,718.0,15586.0,702.7964490423599,1347.9055177626606,1.0,1.0
0.0,0.0,2.0,1432.0,90.28571428571429,18572.0,464.0,4.0,30.218442932728646,464.0,0.0,2.0,1896.0,15586.0,1054.5402384500744,1347.9055177626606,1.0,1.0
1.0,1.0,3.0,0.0,0.0,18572.0,0.0,4.0,30.218442932728646,0.0,0.0,2.0,0.0,15586.0,1054.5402384500744,1347.9055177626606,0.0,0.0
1.0,2.0,0.0,0.0,0.0,13902.0,0.0,6.0,24.07696376619942,0.0,0.0,0.0,0.0,5577.0,702.7964490423599,377.89394340121663,1.0,1.0
0.0,0.0,2.0,3374.0,162.39285714285714,18572.0,568.0,0.0,35.240112994350284,279.0,286.0,1.0,4547.0,11001.0,3425.2754548356206,3367.04802259887,1.0,1.0
0.0,0.0,2.0,46.0,25.444444444444443,13902.0,100.0,5.0,28.379682679594534,0.0,4.0,0.0,687.0,13036.0,702.7964490423599,1022.0041868664609,1.0,1.0
1.0,1.0,4.0,0.0,0.0,18572.0,0.0,1.0,33.30937773882559,0.0,0.0,1.0,0.0,19844.0,3425.2754548356206,2969.692375109553,1.0,1.0
0.0,2.0,0.0,0.0,0.0,18572.0,0.0,6.0,24.07696376619942,0.0,0.0,0.0,0.0,5577.0,702.7964490423599,377.89394340121663,1.0,1.0
0.0,3.0,3.0,0.0,36.361111111111114,18572.0,1309.0,5.0,28.379682679594534,1307.0,2.0,2.0,1309.0,13036.0,1054.5402384500744,1022.0041868664609,1.0,1.0
0.0,0.0,5.0,598.0,106.88135593220339,18572.0,3733.0,1.0,33.30937773882559,0.0,7.0,1.0,6306.0,19844.0,3425.2754548356206,2969.692375109553,1.0,1.0
1.0,2.0,3.0,0.0,0.0,18572.0,0.0,5.0,28.379682679594534,0.0,0.0,2.0,0.0,13036.0,1054.5402384500744,1022.0041868664609,1.0,1.0
0.0,0.0,2.0,3.0,120.28,18572.0,3004.0,4.0,30.218442932728646,2997.0,0.0,2.0,3007.0,15586.0,1054.5402384500744,1347.9055177626606,0.0,0.0
0.0,0.0,2.0,0.0,31.48,18572.0,783.0,4.0,30.218442932728646,0.0,670.0,0.0,787.0,15586.0,702.7964490423599,1347.9055177626606,1.0,1.0
0.0,1.0,2.0,981.0,45.92,18572.0,167.0,5.0,28.379682679594534,165.0,2.0,2.0,1148.0,13036.0,1054.5402384500744,1022.0041868664609,0.0,0.0
1.0,1.0,5.0,0.0,0.0,18572.0,0.0,2.0,34.472776769509984,0.0,0.0,1.0,0.0,22408.0,3425.2754548356206,4009.0916515426497,1.0,1.0
0.0,0.0,2.0,0.0,282.6666666666667,18572.0,1582.0,2.0,34.472776769509984,0.0,662.0,1.0,7632.0,22408.0,3425.2754548356206,4009.0916515426497,0.0,0.0
1.0,0.0,2.0,0.0,0.0,18572.0,0.0,5.0,28.379682679594534,0.0,0.0,2.0,0.0,13036.0,1054.5402384500744,1022.0041868664609,0.0,0.0
0.0,0.0,2.0,48.0,35.925925925925924,18572.0,149.0,5.0,28.379682679594534,0.0,0.0,0.0,970.0,13036.0,702.7964490423599,1022.0041868664609,0.0,0.0
0.0,0.0,7.0,840.0,75.52702702702703,22408.0,4748.0,0.0,35.240112994350284,181.0,2618.0,1.0,5589.0,11001.0,3425.2754548356206,3367.04802259887,1.0,1.0
0.0,3.0,3.0,0.0,18.526315789473685,22408.0,6.0,5.0,28.379682679594534,0.0,0.0,0.0,704.0,13036.0,702.7964490423599,1022.0041868664609,1.0,1.0
0.0,0.0,3.0,0.0,91.72972972972973,18572.0,415.0,1.0,33.30937773882559,0.0,68.0,1.0,3394.0,19844.0,3425.2754548356206,2969.692375109553,0.0,0.0
0.0,1.0,2.0,73.0,38.57692307692308,18572.0,78.0,5.0,28.379682679594534,9.0,12.0,0.0,1003.0,13036.0,702.7964490423599,1022.0041868664609,0.0,0.0
1.0,0.0,2.0,0.0,0.0,18572.0,0.0,2.0,34.472776769509984,0.0,0.0,1.0,0.0,22408.0,3425.2754548356206,4009.0916515426497,0.0,0.0
0.0,0.0,2.0,0.0,139.1153846153846,18572.0,27.0,2.0,34.472776769509984,0.0,27.0,1.0,3617.0,22408.0,3425.2754548356206,4009.0916515426497,0.0,0.0
0.0,2.0,5.0,970.0,16.440677966101696,18572.0,0.0,5.0,28.379682679594534,0.0,0.0,0.0,970.0,13036.0,702.7964490423599,1022.0041868664609,1.0,1.0
0.0,6.0,1.0,40.0,53.85,18572.0,1037.0,5.0,28.379682679594534,1037.0,0.0,0.0,1077.0,13036.0,702.7964490423599,1022.0041868664609,0.0,0.0
1.0,0.0,1.0,0.0,0.0,22408.0,0.0,1.0,33.30937773882559,0.0,0.0,1.0,0.0,19844.0,3425.2754548356206,2969.692375109553,0.0,0.0
0.0,1.0,4.0,135.0,19.609756097560975,18572.0,669.0,5.0,28.379682679594534,596.0,73.0,0.0,804.0,13036.0,702.7964490423599,1022.0041868664609,1.0,1.0
0.0,0.0,4.0,17.0,63.1063829787234,22408.0,1213.0,3.0,33.37777777777778,1192.0,21.0,1.0,2966.0,13995.0,3425.2754548356206,2327.0472222222224,1.0,1.0
0.0,5.0,3.0,584.0,52.63157894736842,18572.0,1416.0,5.0,28.379682679594534,1413.0,3.0,2.0,2000.0,13036.0,1054.5402384500744,1022.0041868664609,0.0,0.0
0.0,0.0,2.0,267.0,41.47826086956522,18572.0,687.0,4.0,30.218442932728646,579.0,0.0,2.0,954.0,15586.0,1054.5402384500744,1347.9055177626606,0.0,0.0
1.0,1.0,3.0,0.0,0.0,18572.0,0.0,4.0,30.218442932728646,0.0,0.0,2.0,0.0,15586.0,1054.5402384500744,1347.9055177626606,0.0,0.0
0.0,0.0,2.0,0.0,45.333333333333336,18572.0,1088.0,5.0,28.379682679594534,1081.0,0.0,0.0,1088.0,13036.0,702.7964490423599,1022.0041868664609,0.0,0.0
0.0,4.0,2.0,859.0,40.04347826086956,18572.0,62.0,5.0,28.379682679594534,0.0,62.0,0.0,921.0,13036.0,702.7964490423599,1022.0041868664609,0.0,0.0
0.0,0.0,3.0,0.0,126.03125,18572.0,3980.0,1.0,33.30937773882559,0.0,2963.0,1.0,4033.0,19844.0,3425.2754548356206,2969.692375109553,1.0,1.0
0.0,2.0,4.0,1677.0,41.95348837209303,18572.0,127.0,6.0,24.07696376619942,0.0,65.0,0.0,1804.0,5577.0,702.7964490423599,377.89394340121663,0.0,0.0
0.0,1.0,3.0,0.0,25.970588235294116,18572.0,123.0,6.0,24.07696376619942,123.0,0.0,0.0,883.0,5577.0,702.7964490423599,377.89394340121663,0.0,0.0
0.0,0.0,4.0,21.0,93.4390243902439,18572.0,3810.0,3.0,33.37777777777778,3809.0,0.0,2.0,3831.0,13995.0,1054.5402384500744,2327.0472222222224,0.0,0.0
0.0,4.0,1.0,73.0,118.42105263157895,18572.0,2159.0,5.0,28.379682679594534,0.0,2134.0,0.0,2250.0,13036.0,702.7964490423599,1022.0041868664609,0.0,0.0
0.0,0.0,2.0,38.0,87.9047619047619,18572.0,539.0,5.0,28.379682679594534,539.0,0.0,2.0,1846.0,13036.0,1054.5402384500744,1022.0041868664609,0.0,0.0
0.0,3.0,2.0,0.0,27.347826086956523,22408.0,629.0,5.0,28.379682679594534,256.0,0.0,0.0,629.0,13036.0,702.7964490423599,1022.0041868664609,0.0,0.0
1.0,4.0,1.0,0.0,0.0,18572.0,0.0,5.0,28.379682679594534,0.0,0.0,2.0,0.0,13036.0,1054.5402384500744,1022.0041868664609,0.0,0.0
0.0,2.0,1.0,101.0,34.31578947368421,22408.0,551.0,5.0,28.379682679594534,235.0,0.0,0.0,652.0,13036.0,702.7964490423599,1022.0041868664609,0.0,0.0
1.0,5.0,2.0,0.0,0.0,18572.0,0.0,5.0,28.379682679594534,0.0,0.0,2.0,0.0,13036.0,1054.5402384500744,1022.0041868664609,0.0,0.0
1.0,4.0,4.0,0.0,0.0,18572.0,0.0,5.0,28.379682679594534,0.0,0.0,2.0,0.0,13036.0,1054.5402384500744,1022.0041868664609,0.0,0.0
0.0,0.0,4.0,0.0,85.19047619047619,18572.0,3033.0,2.0,34.472776769509984,0.0,2740.0,1.0,3578.0,22408.0,3425.2754548356206,4009.0916515426497,1.0,1.0
1.0,0.0,6.0,0.0,0.0,18572.0,0.0,1.0,33.30937773882559,0.0,0.0,1.0,0.0,19844.0,3425.2754548356206,2969.692375109553,1.0,1.0
1.0,1.0,6.0,0.0,0.0,18572.0,0.0,4.0,30.218442932728646,0.0,0.0,1.0,0.0,15586.0,3425.2754548356206,1347.9055177626606,1.0,1.0
0.0,1.0,3.0,0.0,22.7,18572.0,454.0,6.0,24.07696376619942,0.0,454.0,0.0,908.0,5577.0,702.7964490423599,377.89394340121663,1.0,1.0
0.0,4.0,2.0,356.0,27.88,18572.0,332.0,5.0,28.379682679594534,332.0,0.0,0.0,697.0,13036.0,702.7964490423599,1022.0041868664609,0.0,0.0
1.0,4.0,0.0,0.0,0.0,18572.0,0.0,6.0,24.07696376619942,0.0,0.0,0.0,0.0,5577.0,702.7964490423599,377.89394340121663,0.0,0.0
0.0,-1.0,0.0,0.0,0.0,18572.0,0.0,5.0,28.379682679594534,0.0,0.0,0.0,0.0,13036.0,702.7964490423599,1022.0041868664609,1.0,1.0
0.0,0.0,0.0,0.0,0.0,18572.0,0.0,6.0,24.07696376619942,0.0,0.0,0.0,0.0,5577.0,702.7964490423599,377.89394340121663,1.0,1.0
0.0,0.0,3.0,19.0,63.26315789473684,13902.0,810.0,3.0,33.37777777777778,295.0,515.0,2.0,2404.0,13995.0,1054.5402384500744,2327.0472222222224,0.0,0.0
1.0,1.0,2.0,0.0,0.0,22408.0,0.0,1.0,33.30937773882559,0.0,0.0,1.0,0.0,19844.0,3425.2754548356206,2969.692375109553,1.0,1.0
1.0,2.0,0.0,0.0,0.0,18572.0,0.0,6.0,24.07696376619942,0.0,0.0,0.0,0.0,5577.0,702.7964490423599,377.89394340121663,1.0,1.0
0.0,0.0,5.0,0.0,69.92592592592592,22408.0,1170.0,1.0,33.30937773882559,0.0,1170.0,1.0,3776.0,19844.0,3425.2754548356206,2969.692375109553,1.0,1.0
0.0,0.0,3.0,7.0,117.75757575757575,18572.0,3879.0,1.0,33.30937773882559,0.0,3653.0,1.0,3886.0,19844.0,3425.2754548356206,2969.692375109553,1.0,1.0
1.0,3.0,2.0,0.0,0.0,18572.0,0.0,5.0,28.379682679594534,0.0,0.0,2.0,0.0,13036.0,1054.5402384500744,1022.0041868664609,0.0,0.0
1.0,1.0,4.0,0.0,0.0,18572.0,0.0,6.0,24.07696376619942,0.0,0.0,0.0,0.0,5577.0,702.7964490423599,377.89394340121663,0.0,0.0
0.0,4.0,4.0,56.0,14.717391304347826,13902.0,614.0,6.0,24.07696376619942,1.0,613.0,0.0,677.0,5577.0,702.7964490423599,377.89394340121663,1.0,1.0
1.0,1.0,2.0,0.0,0.0,18572.0,0.0,6.0,24.07696376619942,0.0,0.0,0.0,0.0,5577.0,702.7964490423599,377.89394340121663,1.0,1.0
0.0,1.0,3.0,1559.0,51.885714285714286,18572.0,34.0,6.0,24.07696376619942,34.0,0.0,0.0,1816.0,5577.0,702.7964490423599,377.89394340121663,1.0,1.0
0.0,0.0,0.0,0.0,0.0,18572.0,0.0,6.0,24.07696376619942,0.0,0.0,0.0,0.0,5577.0,702.7964490423599,377.89394340121663,1.0,1.0
0.0,1.0,1.0,0.0,0.0,13902.0,0.0,6.0,24.07696376619942,0.0,0.0,0.0,0.0,5577.0,702.7964490423599,377.89394340121663,1.0,1.0
1.0,0.0,1.0,0.0,0.0,18572.0,0.0,1.0,33.30937773882559,0.0,0.0,1.0,0.0,19844.0,3425.2754548356206,2969.692375109553,0.0,0.0
1.0,4.0,3.0,0.0,0.0,22408.0,0.0,5.0,28.379682679594534,0.0,0.0,2.0,0.0,13036.0,1054.5402384500744,1022.0041868664609,0.0,0.0
0.0,3.0,1.0,0.0,0.0,18572.0,0.0,6.0,24.07696376619942,0.0,0.0,0.0,0.0,5577.0,702.7964490423599,377.89394340121663,1.0,1.0
0.0,0.0,2.0,18.0,88.79166666666667,18572.0,2054.0,3.0,33.37777777777778,1862.0,192.0,2.0,2131.0,13995.0,1054.5402384500744,2327.0472222222224,0.0,0.0
0.0,1.0,1.0,0.0,348.77777777777777,22408.0,6278.0,4.0,30.218442932728646,6256.0,1.0,0.0,6278.0,15586.0,702.7964490423599,1347.9055177626606,1.0,1.0
0.0,2.0,2.0,0.0,26.892857142857142,18572.0,500.0,6.0,24.07696376619942,0.0,79.0,0.0,753.0,5577.0,702.7964490423599,377.89394340121663,0.0,0.0
0.0,0.0,4.0,0.0,8.547619047619047,18572.0,357.0,5.0,28.379682679594534,324.0,7.0,0.0,359.0,13036.0,702.7964490423599,1022.0041868664609,1.0,1.0
0.0,1.0,2.0,0.0,21.896551724137932,22408.0,613.0,5.0,28.379682679594534,613.0,0.0,0.0,635.0,13036.0,702.7964490423599,1022.0041868664609,0.0,0.0
0.0,0.0,3.0,23.0,536.2647058823529,22408.0,8809.0,1.0,33.30937773882559,5493.0,3013.0,1.0,18233.0,19844.0,3425.2754548356206,2969.692375109553,0.0,0.0
0.0,5.0,2.0,612.0,40.266666666666666,22408.0,596.0,5.0,28.379682679594534,52.0,465.0,0.0,1208.0,13036.0,702.7964490423599,1022.0041868664609,0.0,0.0
0.0,0.0,2.0,0.0,707.8461538461538,22408.0,13475.0,1.0,33.30937773882559,2026.0,1179.0,1.0,18404.0,19844.0,3425.2754548356206,2969.692375109553,1.0,1.0
1.0,0.0,3.0,0.0,0.0,22408.0,0.0,3.0,33.37777777777778,0.0,0.0,0.0,0.0,13995.0,702.7964490423599,2327.0472222222224,1.0,1.0
0.0,4.0,1.0,0.0,115.0,18572.0,1365.0,6.0,24.07696376619942,0.0,25.0,0.0,1725.0,5577.0,702.7964490423599,377.89394340121663,0.0,0.0
0.0,1.0,2.0,30.0,28.703703703703702,18572.0,553.0,5.0,28.379682679594534,552.0,0.0,0.0,775.0,13036.0,702.7964490423599,1022.0041868664609,0.0,0.0
1.0,4.0,0.0,0.0,0.0,13902.0,0.0,6.0,24.07696376619942,0.0,0.0,0.0,0.0,5577.0,702.7964490423599,377.89394340121663,0.0,0.0
0.0,0.0,6.0,0.0,147.375,22408.0,8364.0,2.0,34.472776769509984,0.0,176.0,1.0,9432.0,22408.0,3425.2754548356206,4009.0916515426497,1.0,1.0
0.0,0.0,2.0,0.0,34.733333333333334,18572.0,16.0,5.0,28.379682679594534,0.0,16.0,0.0,1042.0,13036.0,702.7964490423599,1022.0041868664609,1.0,1.0
0.0,2.0,3.0,0.0,1.25,22408.0,40.0,6.0,24.07696376619942,23.0,0.0,0.0,40.0,5577.0,702.7964490423599,377.89394340121663,1.0,1.0
1.0,0.0,2.0,0.0,0.0,13902.0,0.0,1.0,33.30937773882559,0.0,0.0,1.0,0.0,19844.0,3425.2754548356206,2969.692375109553,1.0,1.0
0.0,0.0,3.0,50.0,26.157894736842106,18572.0,944.0,4.0,30.218442932728646,614.0,11.0,0.0,994.0,15586.0,702.7964490423599,1347.9055177626606,1.0,1.0
0.0,0.0,3.0,0.0,50.47222222222222,18572.0,489.0,7.0,35.54545454545455,415.0,14.0,0.0,1817.0,6841.0,702.7964490423599,5916.272727272727,0.0,0.0
1.0,0.0,3.0,0.0,0.0,22408.0,0.0,2.0,34.472776769509984,0.0,0.0,1.0,0.0,22408.0,3425.2754548356206,4009.0916515426497,1.0,1.0
1.0,2.0,2.0,0.0,0.0,18572.0,0.0,6.0,24.07696376619942,0.0,0.0,0.0,0.0,5577.0,702.7964490423599,377.89394340121663,0.0,0.0
1.0,0.0,5.0,0.0,0.0,22408.0,0.0,1.0,33.30937773882559,0.0,0.0,1.0,0.0,19844.0,3425.2754548356206,2969.692375109553,1.0,1.0
0.0,0.0,3.0,34.0,31.105263157894736,18572.0,1144.0,3.0,33.37777777777778,1144.0,0.0,2.0,1182.0,13995.0,1054.5402384500744,2327.0472222222224,0.0,0.0
1.0,0.0,2.0,0.0,0.0,22408.0,0.0,2.0,34.472776769509984,0.0,0.0,1.0,0.0,22408.0,3425.2754548356206,4009.0916515426497,1.0,1.0
0.0,0.0,3.0,0.0,284.8235294117647,18572.0,9683.0,2.0,34.472776769509984,0.0,8620.0,1.0,9684.0,22408.0,3425.2754548356206,4009.0916515426497,1.0,1.0
0.0,1.0,5.0,16.0,15.423076923076923,18572.0,783.0,5.0,28.379682679594534,214.0,569.0,0.0,802.0,13036.0,702.7964490423599,1022.0041868664609,1.0,1.0
1.0,2.0,0.0,0.0,0.0,18572.0,0.0,6.0,24.07696376619942,0.0,0.0,0.0,0.0,5577.0,702.7964490423599,377.89394340121663,1.0,1.0
0.0,0.0,1.0,0.0,0.10526315789473684,18572.0,0.0,6.0,24.07696376619942,0.0,0.0,0.0,2.0,5577.0,702.7964490423599,377.89394340121663,1.0,1.0
0.0,2.0,1.0,709.0,64.66666666666667,18572.0,261.0,5.0,28.379682679594534,0.0,258.0,0.0,970.0,13036.0,702.7964490423599,1022.0041868664609,0.0,0.0
1.0,0.0,4.0,0.0,0.0,22408.0,0.0,1.0,33.30937773882559,0.0,0.0,1.0,0.0,19844.0,3425.2754548356206,2969.692375109553,1.0,1.0
0.0,0.0,3.0,0.0,245.91666666666666,22408.0,3353.0,3.0,33.37777777777778,0.0,180.0,1.0,8853.0,13995.0,3425.2754548356206,2327.0472222222224,1.0,1.0
1.0,0.0,2.0,0.0,0.0,13902.0,0.0,6.0,24.07696376619942,0.0,0.0,0.0,0.0,5577.0,702.7964490423599,377.89394340121663,1.0,1.0
0.0,0.0,6.0,0.0,149.44262295081967,18572.0,1800.0,2.0,34.472776769509984,19.0,0.0,1.0,9116.0,22408.0,3425.2754548356206,4009.0916515426497,0.0,0.0
0.0,-1.0,3.0,98.0,259.38709677419354,22408.0,5385.0,5.0,28.379682679594534,24.0,0.0,1.0,8041.0,13036.0,3425.2754548356206,1022.0041868664609,1.0,1.0
0.0,4.0,1.0,766.0,51.06666666666667,18572.0,0.0,5.0,28.379682679594534,0.0,0.0,0.0,766.0,13036.0,702.7964490423599,1022.0041868664609,0.0,0.0
0.0,3.0,1.0,4.0,38.73684210526316,18572.0,731.0,5.0,28.379682679594534,8.0,419.0,0.0,736.0,13036.0,702.7964490423599,1022.0041868664609,0.0,0.0
0.0,4.0,4.0,47.0,14.4375,18572.0,646.0,5.0,28.379682679594534,590.0,3.0,0.0,693.0,13036.0,702.7964490423599,1022.0041868664609,0.0,0.0
0.0,0.0,2.0,0.0,121.70370370370371,18572.0,3286.0,3.0,33.37777777777778,782.0,2503.0,2.0,3286.0,13995.0,1054.5402384500744,2327.0472222222224,1.0,1.0
1.0,2.0,4.0,0.0,0.0,18572.0,0.0,6.0,24.07696376619942,0.0,0.0,0.0,0.0,5577.0,702.7964490423599,377.89394340121663,1.0,1.0
0.0,2.0,2.0,712.0,42.80952380952381,18572.0,0.0,5.0,28.379682679594534,0.0,0.0,0.0,899.0,13036.0,702.7964490423599,1022.0041868664609,1.0,1.0
0.0,0.0,2.0,13.0,98.3103448275862,22408.0,162.0,2.0,34.472776769509984,5.0,0.0,1.0,2851.0,22408.0,3425.2754548356206,4009.0916515426497,1.0,1.0
1.0,0.0,0.0,0.0,0.0,13902.0,0.0,6.0,24.07696376619942,0.0,0.0,0.0,0.0,5577.0,702.7964490423599,377.89394340121663,0.0,0.0
0.0,0.0,2.0,46.0,55.13636363636363,18572.0,1088.0,5.0,28.379682679594534,1072.0,16.0,2.0,1213.0,13036.0,1054.5402384500744,1022.0041868664609,0.0,0.0
1.0,3.0,4.0,0.0,0.0,18572.0,0.0,5.0,28.379682679594534,0.0,0.0,2.0,0.0,13036.0,1054.5402384500744,1022.0041868664609,1.0,1.0
0.0,4.0,2.0,0.0,28.925925925925927,18572.0,743.0,5.0,28.379682679594534,113.0,0.0,0.0,781.0,13036.0,702.7964490423599,1022.0041868664609,0.0,0.0
1.0,4.0,1.0,0.0,0.0,18572.0,0.0,6.0,24.07696376619942,0.0,0.0,0.0,0.0,5577.0,702.7964490423599,377.89394340121663,1.0,1.0
1.0,1.0,3.0,0.0,0.0,22408.0,0.0,4.0,30.218442932728646,0.0,0.0,1.0,0.0,15586.0,3425.2754548356206,1347.9055177626606,0.0,0.0
1.0,4.0,2.0,0.0,0.0,13902.0,0.0,6.0,24.07696376619942,0.0,0.0,0.0,0.0,5577.0,702.7964490423599,377.89394340121663,1.0,1.0
1.0,0.0,0.0,0.0,0.0,18572.0,0.0,5.0,28.379682679594534,0.0,0.0,2.0,0.0,13036.0,1054.5402384500744,1022.0041868664609,1.0,1.0
0.0,2.0,3.0,896.0,24.37837837837838,18572.0,6.0,5.0,28.379682679594534,5.0,0.0,0.0,902.0,13036.0,702.7964490423599,1022.0041868664609,1.0,1.0
0.0,4.0,0.0,0.0,0.0,18572.0,0.0,6.0,24.07696376619942,0.0,0.0,0.0,0.0,5577.0,702.7964490423599,377.89394340121663,0.0,0.0
0.0,2.0,1.0,0.0,57.357142857142854,18572.0,556.0,5.0,28.379682679594534,552.0,4.0,0.0,803.0,13036.0,702.7964490423599,1022.0041868664609,0.0,0.0
0.0,0.0,1.0,0.0,41.63157894736842,18572.0,761.0,4.0,30.218442932728646,0.0,756.0,0.0,791.0,15586.0,702.7964490423599,1347.9055177626606,0.0,0.0
0.0,1.0,1.0,0.0,47.8421052631579,18572.0,5.0,6.0,24.07696376619942,4.0,0.0,0.0,909.0,5577.0,702.7964490423599,377.89394340121663,1.0,1.0
0.0,1.0,2.0,0.0,109.57142857142857,18572.0,2301.0,5.0,28.379682679594534,2215.0,86.0,0.0,2301.0,13036.0,702.7964490423599,1022.0041868664609,0.0,0.0
0.0,3.0,1.0,36.0,67.375,18572.0,1042.0,5.0,28.379682679594534,1042.0,0.0,0.0,1078.0,13036.0,702.7964490423599,1022.0041868664609,1.0,1.0
1.0,0.0,2.0,0.0,0.0,18572.0,0.0,1.0,33.30937773882559,0.0,0.0,1.0,0.0,19844.0,3425.2754548356206,2969.692375109553,0.0,0.0
0.0,0.0,2.0,0.0,112.57692307692308,22408.0,1254.0,0.0,35.240112994350284,0.0,642.0,1.0,2927.0,11001.0,3425.2754548356206,3367.04802259887,1.0,1.0
1.0,1.0,0.0,0.0,0.0,18572.0,0.0,6.0,24.07696376619942,0.0,0.0,0.0,0.0,5577.0,702.7964490423599,377.89394340121663,0.0,0.0
1.0,1.0,1.0,0.0,0.0,18572.0,0.0,4.0,30.218442932728646,0.0,0.0,2.0,0.0,15586.0,1054.5402384500744,1347.9055177626606,0.0,0.0
0.0,2.0,0.0,0.0,0.0,18572.0,0.0,6.0,24.07696376619942,0.0,0.0,0.0,0.0,5577.0,702.7964490423599,377.89394340121663,0.0,0.0
0.0,0.0,2.0,82.0,141.0909090909091,22408.0,2144.0,2.0,34.472776769509984,0.0,360.0,1.0,3104.0,22408.0,3425.2754548356206,4009.0916515426497,0.0,0.0
1.0,1.0,4.0,0.0,0.0,18572.0,0.0,1.0,33.30937773882559,0.0,0.0,1.0,0.0,19844.0,3425.2754548356206,2969.692375109553,1.0,1.0
1.0,0.0,2.0,0.0,0.0,22408.0,0.0,2.0,34.472776769509984,0.0,0.0,1.0,0.0,22408.0,3425.2754548356206,4009.0916515426497,0.0,0.0
1.0,0.0,4.0,0.0,0.0,18572.0,0.0,1.0,33.30937773882559,0.0,0.0,1.0,0.0,19844.0,3425.2754548356206,2969.692375109553,0.0,0.0
1.0,2.0,3.0,0.0,0.0,18572.0,0.0,6.0,24.07696376619942,0.0,0.0,0.0,0.0,5577.0,702.7964490423599,377.89394340121663,0.0,0.0
0.0,4.0,4.0,623.0,20.65909090909091,18572.0,286.0,6.0,24.07696376619942,224.0,0.0,0.0,909.0,5577.0,702.7964490423599,377.89394340121663,0.0,0.0
0.0,0.0,3.0,0.0,0.0,18572.0,0.0,6.0,24.07696376619942,0.0,0.0,0.0,0.0,5577.0,702.7964490423599,377.89394340121663,1.0,1.0
1.0,0.0,2.0,0.0,0.0,13902.0,0.0,6.0,24.07696376619942,0.0,0.0,0.0,0.0,5577.0,702.7964490423599,377.89394340121663,0.0,0.0
0.0,0.0,3.0,0.0,189.64102564102564,18572.0,7303.0,3.0,33.37777777777778,0.0,0.0,1.0,7396.0,13995.0,3425.2754548356206,2327.0472222222224,1.0,1.0
0.0,5.0,2.0,139.0,28.307692307692307,18572.0,597.0,5.0,28.379682679594534,520.0,0.0,2.0,736.0,13036.0,1054.5402384500744,1022.0041868664609,1.0,1.0
0.0,0.0,3.0,0.0,131.45454545454547,22408.0,4113.0,2.0,34.472776769509984,0.0,3873.0,1.0,4338.0,22408.0,3425.2754548356206,4009.0916515426497,1.0,1.0
0.0,0.0,3.0,0.0,23.774193548387096,18572.0,733.0,5.0,28.379682679594534,558.0,175.0,0.0,737.0,13036.0,702.7964490423599,1022.0041868664609,1.0,1.0
1.0,0.0,1.0,0.0,0.0,18572.0,0.0,1.0,33.30937773882559,0.0,0.0,1.0,0.0,19844.0,3425.2754548356206,2969.692375109553,1.0,1.0
0.0,1.0,3.0,285.0,29.794117647058822,18572.0,728.0,4.0,30.218442932728646,728.0,0.0,2.0,1013.0,15586.0,1054.5402384500744,1347.9055177626606,1.0,1.0
0.0,0.0,1.0,0.0,0.0,18572.0,0.0,6.0,24.07696376619942,0.0,0.0,0.0,0.0,5577.0,702.7964490423599,377.89394340121663,1.0,1.0
0.0,0.0,2.0,2975.0,207.33333333333334,18572.0,2001.0,5.0,28.379682679594534,2001.0,0.0,2.0,4976.0,13036.0,1054.5402384500744,1022.0041868664609,0.0,0.0
0.0,1.0,1.0,4.0,56.4,18572.0,0.0,5.0,28.379682679594534,0.0,0.0,0.0,1128.0,13036.0,702.7964490423599,1022.0041868664609,1.0,1.0
0.0,0.0,3.0,867.0,31.825,18572.0,406.0,5.0,28.379682679594534,406.0,0.0,2.0,1273.0,13036.0,1054.5402384500744,1022.0041868664609,0.0,0.0
0.0,6.0,2.0,338.0,30.03448275862069,18572.0,525.0,5.0,28.379682679594534,0.0,135.0,0.0,871.0,13036.0,702.7964490423599,1022.0041868664609,0.0,0.0
0.0,3.0,3.0,885.0,24.583333333333332,18572.0,0.0,6.0,24.07696376619942,0.0,0.0,0.0,885.0,5577.0,702.7964490423599,377.89394340121663,1.0,1.0
0.0,1.0,2.0,885.0,29.5,18572.0,0.0,5.0,28.379682679594534,0.0,0.0,0.0,885.0,13036.0,702.7964490423599,1022.0041868664609,1.0,1.0
0.0,4.0,0.0,0.0,0.0,18572.0,0.0,6.0,24.07696376619942,0.0,0.0,0.0,0.0,5577.0,702.7964490423599,377.89394340121663,0.0,0.0
1.0,1.0,0.0,0.0,0.0,13902.0,0.0,6.0,24.07696376619942,0.0,0.0,0.0,0.0,5577.0,702.7964490423599,377.89394340121663,0.0,0.0
0.0,2.0,1.0,882.0,72.1,18572.0,295.0,5.0,28.379682679594534,0.0,2.0,0.0,1442.0,13036.0,702.7964490423599,1022.0041868664609,0.0,0.0
0.0,1.0,5.0,31.0,195.27586206896552,22408.0,6994.0,2.0,34.472776769509984,0.0,665.0,1.0,11326.0,22408.0,3425.2754548356206,4009.0916515426497,1.0,1.0
0.0,2.0,3.0,1.0,58.275,13902.0,2330.0,6.0,24.07696376619942,0.0,0.0,0.0,2331.0,5577.0,702.7964490423599,377.89394340121663,1.0,1.0
0.0,0.0,1.0,675.0,36.05,18572.0,46.0,4.0,30.218442932728646,46.0,0.0,0.0,721.0,15586.0,702.7964490423599,1347.9055177626606,0.0,0.0
1.0,0.0,1.0,0.0,0.0,18572.0,0.0,6.0,24.07696376619942,0.0,0.0,0.0,0.0,5577.0,702.7964490423599,377.89394340121663,0.0,0.0
0.0,4.0,2.0,26.0,31.130434782608695,18572.0,684.0,5.0,28.379682679594534,151.0,0.0,0.0,716.0,13036.0,702.7964490423599,1022.0041868664609,0.0,0.0
1.0,1.0,0.0,0.0,0.0,18572.0,0.0,6.0,24.07696376619942,0.0,0.0,0.0,0.0,5577.0,702.7964490423599,377.89394340121663,1.0,1.0
0.0,4.0,4.0,0.0,33.15217391304348,18572.0,1525.0,5.0,28.379682679594534,0.0,1501.0,0.0,1525.0,13036.0,702.7964490423599,1022.0041868664609,0.0,0.0
0.0,0.0,3.0,9.0,78.23684210526316,18572.0,66.0,3.0,33.37777777777778,26.0,0.0,1.0,2973.0,13995.0,3425.2754548356206,2327.0472222222224,0.0,0.0
1.0,4.0,1.0,0.0,0.0,18572.0,0.0,6.0,24.07696376619942,0.0,0.0,0.0,0.0,5577.0,702.7964490423599,377.89394340121663,0.0,0.0
0.0,0.0,2.0,1828.0,366.3636363636364,18572.0,42.0,2.0,34.472776769509984,0.0,7.0,1.0,8060.0,22408.0,3425.2754548356206,4009.0916515426497,1.0,1.0
1.0,3.0,2.0,0.0,0.0,18572.0,0.0,5.0,28.379682679594534,0.0,0.0,2.0,0.0,13036.0,1054.5402384500744,1022.0041868664609,1.0,1.0
1.0,0.0,5.0,0.0,0.0,18572.0,0.0,1.0,33.30937773882559,0.0,0.0,1.0,0.0,19844.0,3425.2754548356206,2969.692375109553,1.0,1.0
0.0,0.0,2.0,0.0,334.9655172413793,18572.0,702.0,2.0,34.472776769509984,40.0,111.0,1.0,9714.0,22408.0,3425.2754548356206,4009.0916515426497,0.0,0.0
0.0,0.0,3.0,116.0,91.25806451612904,22408.0,1926.0,3.0,33.37777777777778,0.0,1924.0,1.0,2829.0,13995.0,3425.2754548356206,2327.0472222222224,1.0,1.0
0.0,1.0,3.0,0.0,31.757575757575758,18572.0,890.0,4.0,30.218442932728646,857.0,33.0,2.0,1048.0,15586.0,1054.5402384500744,1347.9055177626606,0.0,0.0
1.0,4.0,3.0,0.0,0.0,13902.0,0.0,6.0,24.07696376619942,0.0,0.0,0.0,0.0,5577.0,702.7964490423599,377.89394340121663,0.0,0.0
0.0,0.0,3.0,21.0,1.2571428571428571,13902.0,23.0,2.0,34.472776769509984,0.0,7.0,1.0,44.0,22408.0,3425.2754548356206,4009.0916515426497,0.0,0.0
0.0,5.0,2.0,546.0,29.0,18572.0,324.0,5.0,28.379682679594534,324.0,0.0,0.0,870.0,13036.0,702.7964490423599,1022.0041868664609,1.0,1.0
0.0,4.0,3.0,0.0,43.94871794871795,18572.0,1714.0,6.0,24.07696376619942,0.0,1714.0,0.0,1714.0,5577.0,702.7964490423599,377.89394340121663,0.0,0.0
1.0,6.0,0.0,0.0,0.0,18572.0,0.0,5.0,28.379682679594534,0.0,0.0,2.0,0.0,13036.0,1054.5402384500744,1022.0041868664609,0.0,0.0
1.0,1.0,4.0,0.0,0.0,18572.0,0.0,6.0,24.07696376619942,0.0,0.0,0.0,0.0,5577.0,702.7964490423599,377.89394340121663,0.0,0.0
0.0,0.0,1.0,298.0,73.05263157894737,18572.0,735.0,5.0,28.379682679594534,490.0,245.0,2.0,1388.0,13036.0,1054.5402384500744,1022.0041868664609,0.0,0.0
1.0,0.0,4.0,0.0,0.0,18572.0,0.0,6.0,24.07696376619942,0.0,0.0,0.0,0.0,5577.0,702.7964490423599,377.89394340121663,0.0,0.0
0.0,0.0,1.0,3.0,35.22222222222222,13902.0,409.0,5.0,28.379682679594534,8.0,401.0,0.0,634.0,13036.0,702.7964490423599,1022.0041868664609,0.0,0.0
0.0,4.0,3.0,8.0,30.42105263157895,18572.0,189.0,5.0,28.379682679594534,0.0,20.0,0.0,1156.0,13036.0,702.7964490423599,1022.0041868664609,0.0,0.0
0.0,1.0,1.0,0.0,108.63157894736842,22408.0,1370.0,1.0,33.30937773882559,0.0,0.0,1.0,2064.0,19844.0,3425.2754548356206,2969.692375109553,1.0,1.0
0.0,5.0,2.0,13.0,30.47826086956522,18572.0,688.0,5.0,28.379682679594534,676.0,0.0,0.0,701.0,13036.0,702.7964490423599,1022.0041868664609,1.0,1.0
1.0,1.0,2.0,0.0,0.0,18572.0,0.0,6.0,24.07696376619942,0.0,0.0,0.0,0.0,5577.0,702.7964490423599,377.89394340121663,0.0,0.0
0.0,4.0,3.0,0.0,24.1875,18572.0,774.0,6.0,24.07696376619942,773.0,0.0,0.0,774.0,5577.0,702.7964490423599,377.89394340121663,0.0,0.0
0.0,4.0,0.0,0.0,0.0,18572.0,0.0,6.0,24.07696376619942,0.0,0.0,0.0,0.0,5577.0,702.7964490423599,377.89394340121663,0.0,0.0
1.0,2.0,3.0,0.0,0.0,18572.0,0.0,5.0,28.379682679594534,0.0,0.0,2.0,0.0,13036.0,1054.5402384500744,1022.0041868664609,1.0,1.0
0.0,4.0,3.0,2.0,22.47222222222222,18572.0,571.0,6.0,24.07696376619942,503.0,0.0,0.0,809.0,5577.0,702.7964490423599,377.89394340121663,0.0,0.0
0.0,2.0,2.0,50.0,56.52,22408.0,1363.0,5.0,28.379682679594534,1363.0,0.0,2.0,1413.0,13036.0,1054.5402384500744,1022.0041868664609,0.0,0.0
1.0,3.0,2.0,0.0,0.0,18572.0,0.0,6.0,24.07696376619942,0.0,0.0,0.0,0.0,5577.0,702.7964490423599,377.89394340121663,0.0,0.0
1.0,1.0,2.0,0.0,0.0,13902.0,0.0,6.0,24.07696376619942,0.0,0.0,0.0,0.0,5577.0,702.7964490423599,377.89394340121663,0.0,0.0
1.0,0.0,2.0,0.0,0.0,18572.0,0.0,1.0,33.30937773882559,0.0,0.0,1.0,0.0,19844.0,3425.2754548356206,2969.692375109553,0.0,0.0
1.0,0.0,2.0,0.0,0.0,18572.0,0.0,4.0,30.218442932728646,0.0,0.0,2.0,0.0,15586.0,1054.5402384500744,1347.9055177626606,1.0,1.0
1.0,3.0,2.0,0.0,0.0,13902.0,0.0,6.0,24.07696376619942,0.0,0.0,0.0,0.0,5577.0,702.7964490423599,377.89394340121663,0.0,0.0
1.0,0.0,2.0,0.0,0.0,22408.0,0.0,4.0,30.218442932728646,0.0,0.0,0.0,0.0,15586.0,702.7964490423599,1347.9055177626606,1.0,1.0
1.0,0.0,3.0,0.0,0.0,22408.0,0.0,1.0,33.30937773882559,0.0,0.0,1.0,0.0,19844.0,3425.2754548356206,2969.692375109553,1.0,1.0
0.0,0.0,3.0,0.0,24.419354838709676,18572.0,565.0,6.0,24.07696376619942,0.0,565.0,0.0,757.0,5577.0,702.7964490423599,377.89394340121663,0.0,0.0
0.0,-1.0,5.0,0.0,222.41509433962264,22408.0,11786.0,5.0,28.379682679594534,0.0,10976.0,1.0,11788.0,13036.0,3425.2754548356206,1022.0041868664609,1.0,1.0
1.0,0.0,3.0,0.0,0.0,18572.0,0.0,3.0,33.37777777777778,0.0,0.0,1.0,0.0,13995.0,3425.2754548356206,2327.0472222222224,1.0,1.0
1.0,2.0,4.0,0.0,0.0,13902.0,0.0,6.0,24.07696376619942,0.0,0.0,0.0,0.0,5577.0,702.7964490423599,377.89394340121663,0.0,0.0
0.0,2.0,5.0,0.0,13.509803921568627,13902.0,131.0,5.0,28.379682679594534,121.0,10.0,0.0,689.0,13036.0,702.7964490423599,1022.0041868664609,1.0,1.0
1.0,0.0,2.0,0.0,0.0,22408.0,0.0,1.0,33.30937773882559,0.0,0.0,1.0,0.0,19844.0,3425.2754548356206,2969.692375109553,0.0,0.0
0.0,0.0,4.0,0.0,88.34693877551021,18572.0,4329.0,2.0,34.472776769509984,0.0,2851.0,1.0,4329.0,22408.0,3425.2754548356206,4009.0916515426497,0.0,0.0
1.0,0.0,2.0,0.0,0.0,18572.0,0.0,2.0,34.472776769509984,0.0,0.0,1.0,0.0,22408.0,3425.2754548356206,4009.0916515426497,1.0,1.0
0.0,0.0,1.0,0.0,0.0,22408.0,0.0,6.0,24.07696376619942,0.0,0.0,0.0,0.0,5577.0,702.7964490423599,377.89394340121663,1.0,1.0
1.0,0.0,2.0,0.0,0.0,22408.0,0.0,2.0,34.472776769509984,0.0,0.0,1.0,0.0,22408.0,3425.2754548356206,4009.0916515426497,1.0,1.0
1.0,3.0,1.0,0.0,0.0,18572.0,0.0,6.0,24.07696376619942,0.0,0.0,0.0,0.0,5577.0,702.7964490423599,377.89394340121663,1.0,1.0
0.0,3.0,2.0,10.0,59.1,18572.0,1763.0,5.0,28.379682679594534,518.0,1245.0,2.0,1773.0,13036.0,1054.5402384500744,1022.0041868664609,1.0,1.0
0.0,0.0,5.0,0.0,175.98305084745763,18572.0,6807.0,0.0,35.240112994350284,43.0,6715.0,1.0,10383.0,11001.0,3425.2754548356206,3367.04802259887,1.0,1.0
0.0,0.0,2.0,0.0,273.92857142857144,18572.0,7661.0,2.0,34.472776769509984,0.0,40.0,1.0,7670.0,22408.0,3425.2754548356206,4009.0916515426497,1.0,1.0
0.0,0.0,2.0,0.0,219.06666666666666,22408.0,2865.0,1.0,33.30937773882559,80.0,1465.0,1.0,6572.0,19844.0,3425.2754548356206,2969.692375109553,0.0,0.0
1.0,0.0,2.0,0.0,0.0,22408.0,0.0,1.0,33.30937773882559,0.0,0.0,1.0,0.0,19844.0,3425.2754548356206,2969.692375109553,0.0,0.0
0.0,0.0,4.0,22.0,23.466666666666665,18572.0,815.0,3.0,33.37777777777778,815.0,0.0,2.0,1056.0,13995.0,1054.5402384500744,2327.0472222222224,1.0,1.0
1.0,0.0,1.0,0.0,0.0,13902.0,0.0,6.0,24.07696376619942,0.0,0.0,0.0,0.0,5577.0,702.7964490423599,377.89394340121663,1.0,1.0
1.0,1.0,3.0,0.0,0.0,18572.0,0.0,6.0,24.07696376619942,0.0,0.0,0.0,0.0,5577.0,702.7964490423599,377.89394340121663,0.0,0.0
0.0,3.0,1.0,801.0,44.3,18572.0,7.0,6.0,24.07696376619942,0.0,0.0,0.0,886.0,5577.0,702.7964490423599,377.89394340121663,0.0,0.0
1.0,0.0,1.0,0.0,0.0,22408.0,0.0,6.0,24.07696376619942,0.0,0.0,0.0,0.0,5577.0,702.7964490423599,377.89394340121663,0.0,0.0
0.0,0.0,4.0,830.0,39.87755102040816,22408.0,1122.0,3.0,33.37777777777778,824.0,298.0,2.0,1954.0,13995.0,1054.5402384500744,2327.0472222222224,1.0,1.0
0.0,0.0,2.0,0.0,78.03333333333333,18572.0,1408.0,1.0,33.30937773882559,3.0,674.0,1.0,2341.0,19844.0,3425.2754548356206,2969.692375109553,0.0,0.0
0.0,0.0,3.0,0.0,156.74358974358975,22408.0,5941.0,4.0,30.218442932728646,0.0,5907.0,1.0,6113.0,15586.0,3425.2754548356206,1347.9055177626606,0.0,0.0
0.0,0.0,2.0,23.0,161.08333333333334,18572.0,859.0,3.0,33.37777777777778,0.0,686.0,1.0,3866.0,13995.0,3425.2754548356206,2327.0472222222224,0.0,0.0
0.0,2.0,1.0,0.0,0.0,22408.0,0.0,6.0,24.07696376619942,0.0,0.0,0.0,0.0,5577.0,702.7964490423599,377.89394340121663,0.0,0.0
1.0,0.0,5.0,0.0,0.0,18572.0,0.0,3.0,33.37777777777778,0.0,0.0,1.0,0.0,13995.0,3425.2754548356206,2327.0472222222224,0.0,0.0
0.0,3.0,1.0,0.0,111.75,18572.0,1685.0,6.0,24.07696376619942,1682.0,0.0,0.0,1788.0,5577.0,702.7964490423599,377.89394340121663,1.0,1.0
0.0,0.0,2.0,1.0,98.70833333333333,18572.0,131.0,3.0,33.37777777777778,30.0,49.0,1.0,2369.0,13995.0,3425.2754548356206,2327.0472222222224,0.0,0.0
1.0,3.0,1.0,0.0,0.0,18572.0,0.0,6.0,24.07696376619942,0.0,0.0,0.0,0.0,5577.0,702.7964490423599,377.89394340121663,0.0,0.0
1.0,4.0,4.0,0.0,0.0,18572.0,0.0,6.0,24.07696376619942,0.0,0.0,0.0,0.0,5577.0,702.7964490423599,377.89394340121663,0.0,0.0
1.0,4.0,2.0,0.0,0.0,18572.0,0.0,6.0,24.07696376619942,0.0,0.0,0.0,0.0,5577.0,702.7964490423599,377.89394340121663,0.0,0.0
0.0,3.0,2.0,0.0,39.43478260869565,18572.0,907.0,6.0,24.07696376619942,245.0,661.0,0.0,907.0,5577.0,702.7964490423599,377.89394340121663,0.0,0.0
1.0,-1.0,6.0,0.0,0.0,18572.0,0.0,5.0,28.379682679594534,0.0,0.0,0.0,0.0,13036.0,702.7964490423599,1022.0041868664609,1.0,1.0
1.0,3.0,1.0,0.0,0.0,18572.0,0.0,6.0,24.07696376619942,0.0,0.0,0.0,0.0,5577.0,702.7964490423599,377.89394340121663,1.0,1.0
1.0,4.0,1.0,0.0,0.0,22408.0,0.0,6.0,24.07696376619942,0.0,0.0,0.0,0.0,5577.0,702.7964490423599,377.89394340121663,0.0,0.0
1.0,1.0,0.0,0.0,0.0,18572.0,0.0,6.0,24.07696376619942,0.0,0.0,0.0,0.0,5577.0,702.7964490423599,377.89394340121663,0.0,0.0
1.0,0.0,3.0,0.0,0.0,18572.0,0.0,1.0,33.30937773882559,0.0,0.0,1.0,0.0,19844.0,3425.2754548356206,2969.692375109553,0.0,0.0
0.0,0.0,6.0,0.0,86.6,18572.0,3205.0,2.0,34.472776769509984,77.0,3001.0,1.0,5629.0,22408.0,3425.2754548356206,4009.0916515426497,0.0,0.0
0.0,0.0,3.0,733.0,36.325,13902.0,701.0,5.0,28.379682679594534,0.0,0.0,0.0,1453.0,13036.0,702.7964490423599,1022.0041868664609,0.0,0.0
1.0,5.0,2.0,0.0,0.0,18572.0,0.0,5.0,28.379682679594534,0.0,0.0,2.0,0.0,13036.0,1054.5402384500744,1022.0041868664609,0.0,0.0
0.0,0.0,0.0,0.0,0.0,18572.0,0.0,2.0,34.472776769509984,0.0,0.0,1.0,0.0,22408.0,3425.2754548356206,4009.0916515426497,0.0,0.0
1.0,1.0,0.0,0.0,0.0,18572.0,0.0,6.0,24.07696376619942,0.0,0.0,0.0,0.0,5577.0,702.7964490423599,377.89394340121663,1.0,1.0
1.0,0.0,5.0,0.0,0.0,22408.0,0.0,1.0,33.30937773882559,0.0,0.0,1.0,0.0,19844.0,3425.2754548356206,2969.692375109553,1.0,1.0
0.0,3.0,2.0,0.0,41.285714285714285,18572.0,365.0,5.0,28.379682679594534,3.0,362.0,0.0,1156.0,13036.0,702.7964490423599,1022.0041868664609,1.0,1.0
0.0,0.0,3.0,0.0,38.16216216216216,18572.0,2.0,5.0,28.379682679594534,1.0,1.0,0.0,1412.0,13036.0,702.7964490423599,1022.0041868664609,1.0,1.0
1.0,1.0,2.0,0.0,0.0,18572.0,0.0,5.0,28.379682679594534,0.0,0.0,2.0,0.0,13036.0,1054.5402384500744,1022.0041868664609,0.0,0.0
0.0,3.0,4.0,834.0,18.51063829787234,18572.0,32.0,5.0,28.379682679594534,0.0,0.0,0.0,870.0,13036.0,702.7964490423599,1022.0041868664609,1.0,1.0
0.0,0.0,5.0,0.0,0.0,18572.0,0.0,1.0,33.30937773882559,0.0,0.0,1.0,0.0,19844.0,3425.2754548356206,2969.692375109553,1.0,1.0
0.0,0.0,2.0,8.0,112.85714285714286,18572.0,3089.0,2.0,34.472776769509984,0.0,129.0,0.0,3160.0,22408.0,702.7964490423599,4009.0916515426497,1.0,1.0
1.0,2.0,4.0,0.0,0.0,18572.0,0.0,6.0,24.07696376619942,0.0,0.0,0.0,0.0,5577.0,702.7964490423599,377.89394340121663,0.0,0.0
0.0,2.0,3.0,0.0,19.151515151515152,18572.0,0.0,5.0,28.379682679594534,0.0,0.0,0.0,632.0,13036.0,702.7964490423599,1022.0041868664609,0.0,0.0
0.0,3.0,1.0,2.0,71.6842105263158,18572.0,766.0,5.0,28.379682679594534,211.0,493.0,0.0,1362.0,13036.0,702.7964490423599,1022.0041868664609,1.0,1.0
0.0,1.0,0.0,0.0,0.0,18572.0,0.0,4.0,30.218442932728646,0.0,0.0,2.0,0.0,15586.0,1054.5402384500744,1347.9055177626606,1.0,1.0
1.0,0.0,2.0,0.0,0.0,18572.0,0.0,5.0,28.379682679594534,0.0,0.0,2.0,0.0,13036.0,1054.5402384500744,1022.0041868664609,1.0,1.0
0.0,2.0,0.0,0.0,0.0,18572.0,0.0,6.0,24.07696376619942,0.0,0.0,0.0,0.0,5577.0,702.7964490423599,377.89394340121663,0.0,0.0
0.0,5.0,2.0,0.0,27.72,18572.0,597.0,5.0,28.379682679594534,0.0,597.0,0.0,693.0,13036.0,702.7964490423599,1022.0041868664609,0.0,0.0
1.0,0.0,4.0,0.0,0.0,18572.0,0.0,1.0,33.30937773882559,0.0,0.0,1.0,0.0,19844.0,3425.2754548356206,2969.692375109553,1.0,1.0
0.0,0.0,3.0,701.0,30.625,18572.0,169.0,4.0,30.218442932728646,159.0,0.0,0.0,980.0,15586.0,702.7964490423599,1347.9055177626606,1.0,1.0
1.0,4.0,2.0,0.0,0.0,13902.0,0.0,6.0,24.07696376619942,0.0,0.0,0.0,0.0,5577.0,702.7964490423599,377.89394340121663,0.0,0.0
0.0,0.0,0.0,0.0,0.0,18572.0,0.0,6.0,24.07696376619942,0.0,0.0,0.0,0.0,5577.0,702.7964490423599,377.89394340121663,0.0,0.0
1.0,1.0,0.0,0.0,0.0,13902.0,0.0,6.0,24.07696376619942,0.0,0.0,0.0,0.0,5577.0,702.7964490423599,377.89394340121663,0.0,0.0
0.0,5.0,3.0,973.0,61.94871794871795,22408.0,235.0,5.0,28.379682679594534,28.0,207.0,0.0,2416.0,13036.0,702.7964490423599,1022.0041868664609,1.0,1.0
0.0,1.0,2.0,0.0,121.22727272727273,18572.0,1234.0,5.0,28.379682679594534,0.0,1234.0,0.0,2667.0,13036.0,702.7964490423599,1022.0041868664609,1.0,1.0
0.0,0.0,3.0,3.0,97.42424242424242,18572.0,629.0,2.0,34.472776769509984,0.0,500.0,1.0,3215.0,22408.0,3425.2754548356206,4009.0916515426497,0.0,0.0
0.0,0.0,3.0,0.0,121.25,22408.0,926.0,0.0,35.240112994350284,0.0,170.0,1.0,3880.0,11001.0,3425.2754548356206,3367.04802259887,1.0,1.0
0.0,0.0,2.0,80.0,63.666666666666664,18572.0,1639.0,3.0,33.37777777777778,1632.0,7.0,2.0,1719.0,13995.0,1054.5402384500744,2327.0472222222224,0.0,0.0
1.0,1.0,1.0,0.0,0.0,22408.0,0.0,5.0,28.379682679594534,0.0,0.0,2.0,0.0,13036.0,1054.5402384500744,1022.0041868664609,0.0,0.0
0.0,0.0,0.0,0.0,0.0,18572.0,0.0,6.0,24.07696376619942,0.0,0.0,0.0,0.0,5577.0,702.7964490423599,377.89394340121663,1.0,1.0
0.0,5.0,5.0,456.0,17.178571428571427,18572.0,506.0,5.0,28.379682679594534,506.0,0.0,0.0,962.0,13036.0,702.7964490423599,1022.0041868664609,1.0,1.0
1.0,0.0,4.0,0.0,0.0,18572.0,0.0,6.0,24.07696376619942,0.0,0.0,0.0,0.0,5577.0,702.7964490423599,377.89394340121663,0.0,0.0
0.0,2.0,3.0,0.0,25.742857142857144,18572.0,901.0,5.0,28.379682679594534,578.0,0.0,0.0,901.0,13036.0,702.7964490423599,1022.0041868664609,0.0,0.0
0.0,3.0,2.0,0.0,32.90909090909091,18572.0,724.0,5.0,28.379682679594534,724.0,0.0,0.0,724.0,13036.0,702.7964490423599,1022.0041868664609,1.0,1.0
0.0,0.0,4.0,133.0,18.357142857142858,22408.0,638.0,6.0,24.07696376619942,638.0,0.0,0.0,771.0,5577.0,702.7964490423599,377.89394340121663,0.0,0.0
0.0,5.0,2.0,1081.0,94.75,18572.0,1403.0,5.0,28.379682679594534,1403.0,0.0,0.0,2653.0,13036.0,702.7964490423599,1022.0041868664609,0.0,0.0
0.0,1.0,7.0,0.0,11.306666666666667,18572.0,848.0,6.0,24.07696376619942,571.0,277.0,0.0,848.0,5577.0,702.7964490423599,377.89394340121663,1.0,1.0
0.0,3.0,4.0,0.0,19.355555555555554,18572.0,871.0,5.0,28.379682679594534,248.0,0.0,0.0,871.0,13036.0,702.7964490423599,1022.0041868664609,0.0,0.0
1.0,0.0,1.0,0.0,0.0,18572.0,0.0,2.0,34.472776769509984,0.0,0.0,1.0,0.0,22408.0,3425.2754548356206,4009.0916515426497,1.0,1.0
0.0,4.0,2.0,0.0,93.89285714285714,18572.0,1267.0,5.0,28.379682679594534,0.0,1267.0,0.0,2629.0,13036.0,702.7964490423599,1022.0041868664609,1.0,1.0
0.0,0.0,4.0,85.0,35.5,13902.0,1690.0,3.0,33.37777777777778,1690.0,0.0,2.0,1775.0,13995.0,1054.5402384500744,2327.0472222222224,1.0,1.0
1.0,2.0,2.0,0.0,0.0,18572.0,0.0,6.0,24.07696376619942,0.0,0.0,0.0,0.0,5577.0,702.7964490423599,377.89394340121663,1.0,1.0
0.0,2.0,3.0,15.0,18.842105263157894,22408.0,612.0,5.0,28.379682679594534,0.0,20.0,0.0,716.0,13036.0,702.7964490423599,1022.0041868664609,0.0,0.0
0.0,1.0,0.0,0.0,0.0,22408.0,0.0,6.0,24.07696376619942,0.0,0.0,0.0,0.0,5577.0,702.7964490423599,377.89394340121663,0.0,0.0
0.0,0.0,3.0,1.0,327.6764705882353,18572.0,9128.0,3.0,33.37777777777778,0.0,9124.0,1.0,11141.0,13995.0,3425.2754548356206,2327.0472222222224,1.0,1.0
0.0,2.0,1.0,8.0,40.473684210526315,18572.0,708.0,6.0,24.07696376619942,622.0,47.0,0.0,769.0,5577.0,702.7964490423599,377.89394340121663,1.0,1.0
0.0,4.0,3.0,3.0,22.666666666666668,18572.0,34.0,6.0,24.07696376619942,0.0,34.0,0.0,884.0,5577.0,702.7964490423599,377.89394340121663,0.0,0.0
0.0,4.0,1.0,0.0,123.0,22408.0,1580.0,5.0,28.379682679594534,2.0,0.0,0.0,2091.0,13036.0,702.7964490423599,1022.0041868664609,0.0,0.0
1.0,4.0,2.0,0.0,0.0,13902.0,0.0,6.0,24.07696376619942,0.0,0.0,0.0,0.0,5577.0,702.7964490423599,377.89394340121663,1.0,1.0
0.0,2.0,5.0,1215.0,22.571428571428573,18572.0,45.0,5.0,28.379682679594534,42.0,0.0,0.0,1264.0,13036.0,702.7964490423599,1022.0041868664609,1.0,1.0
1.0,3.0,3.0,0.0,0.0,18572.0,0.0,5.0,28.379682679594534,0.0,0.0,2.0,0.0,13036.0,1054.5402384500744,1022.0041868664609,0.0,0.0
0.0,3.0,2.0,0.0,27.40909090909091,22408.0,594.0,5.0,28.379682679594534,564.0,0.0,0.0,603.0,13036.0,702.7964490423599,1022.0041868664609,1.0,1.0
1.0,1.0,3.0,0.0,0.0,18572.0,0.0,6.0,24.07696376619942,0.0,0.0,0.0,0.0,5577.0,702.7964490423599,377.89394340121663,1.0,1.0
0.0,1.0,2.0,61.0,103.96,18572.0,2538.0,5.0,28.379682679594534,2538.0,0.0,2.0,2599.0,13036.0,1054.5402384500744,1022.0041868664609,0.0,0.0
0.0,1.0,1.0,0.0,170.4375,18572.0,380.0,5.0,28.379682679594534,0.0,380.0,0.0,2727.0,13036.0,702.7964490423599,1022.0041868664609,1.0,1.0
0.0,0.0,2.0,0.0,51.391304347826086,18572.0,1182.0,3.0,33.37777777777778,1173.0,9.0,2.0,1182.0,13995.0,1054.5402384500744,2327.0472222222224,0.0,0.0
0.0,4.0,0.0,0.0,0.0,22408.0,0.0,6.0,24.07696376619942,0.0,0.0,0.0,0.0,5577.0,702.7964490423599,377.89394340121663,1.0,1.0
0.0,0.0,0.0,0.0,0.0,18572.0,0.0,6.0,24.07696376619942,0.0,0.0,0.0,0.0,5577.0,702.7964490423599,377.89394340121663,0.0,0.0
1.0,0.0,1.0,0.0,0.0,13902.0,0.0,6.0,24.07696376619942,0.0,0.0,0.0,0.0,5577.0,702.7964490423599,377.89394340121663,1.0,1.0
0.0,4.0,4.0,2383.0,61.857142857142854,18572.0,215.0,5.0,28.379682679594534,145.0,30.0,2.0,2598.0,13036.0,1054.5402384500744,1022.0041868664609,0.0,0.0
1.0,0.0,3.0,0.0,0.0,22408.0,0.0,0.0,35.240112994350284,0.0,0.0,1.0,0.0,11001.0,3425.2754548356206,3367.04802259887,0.0,0.0
0.0,0.0,3.0,429.0,44.69444444444444,18572.0,55.0,4.0,30.218442932728646,0.0,0.0,0.0,1609.0,15586.0,702.7964490423599,1347.9055177626606,1.0,1.0
0.0,4.0,3.0,5.0,18.13157894736842,18572.0,630.0,5.0,28.379682679594534,21.0,178.0,0.0,689.0,13036.0,702.7964490423599,1022.0041868664609,1.0,1.0
0.0,3.0,3.0,621.0,34.193548387096776,18572.0,433.0,5.0,28.379682679594534,0.0,0.0,0.0,1060.0,13036.0,702.7964490423599,1022.0041868664609,0.0,0.0
0.0,0.0,4.0,10.0,26.930232558139537,18572.0,1148.0,5.0,28.379682679594534,1072.0,0.0,2.0,1158.0,13036.0,1054.5402384500744,1022.0041868664609,0.0,0.0
0.0,2.0,1.0,0.0,33.8421052631579,22408.0,540.0,5.0,28.379682679594534,42.0,498.0,0.0,643.0,13036.0,702.7964490423599,1022.0041868664609,0.0,0.0
0.0,0.0,6.0,525.0,78.68571428571428,18572.0,4983.0,3.0,33.37777777777778,4483.0,0.0,2.0,5508.0,13995.0,1054.5402384500744,2327.0472222222224,1.0,1.0
1.0,1.0,0.0,0.0,0.0,18572.0,0.0,6.0,24.07696376619942,0.0,0.0,0.0,0.0,5577.0,702.7964490423599,377.89394340121663,0.0,0.0
1.0,0.0,1.0,0.0,0.0,13902.0,0.0,6.0,24.07696376619942,0.0,0.0,0.0,0.0,5577.0,702.7964490423599,377.89394340121663,1.0,1.0
1.0,1.0,2.0,0.0,0.0,18572.0,0.0,6.0,24.07696376619942,0.0,0.0,0.0,0.0,5577.0,702.7964490423599,377.89394340121663,1.0,1.0
0.0,1.0,2.0,991.0,57.904761904761905,18572.0,225.0,5.0,28.379682679594534,212.0,0.0,2.0,1216.0,13036.0,1054.5402384500744,1022.0041868664609,1.0,1.0
1.0,5.0,1.0,0.0,0.0,18572.0,0.0,5.0,28.379682679594534,0.0,0.0,2.0,0.0,13036.0,1054.5402384500744,1022.0041868664609,0.0,0.0
0.0,1.0,2.0,0.0,45.42857142857143,18572.0,954.0,4.0,30.218442932728646,949.0,5.0,0.0,954.0,15586.0,702.7964490423599,1347.9055177626606,0.0,0.0
1.0,0.0,3.0,0.0,0.0,22408.0,0.0,4.0,30.218442932728646,0.0,0.0,1.0,0.0,15586.0,3425.2754548356206,1347.9055177626606,0.0,0.0
0.0,3.0,2.0,2.0,53.391304347826086,18572.0,1226.0,5.0,28.379682679594534,514.0,129.0,0.0,1228.0,13036.0,702.7964490423599,1022.0041868664609,1.0,1.0
0.0,1.0,3.0,0.0,24.151515151515152,18572.0,744.0,5.0,28.379682679594534,0.0,744.0,0.0,797.0,13036.0,702.7964490423599,1022.0041868664609,1.0,1.0
0.0,3.0,4.0,0.0,0.0,22408.0,0.0,6.0,24.07696376619942,0.0,0.0,0.0,0.0,5577.0,702.7964490423599,377.89394340121663,1.0,1.0
0.0,2.0,5.0,1.0,16.0,18572.0,10.0,6.0,24.07696376619942,0.0,2.0,0.0,848.0,5577.0,702.7964490423599,377.89394340121663,0.0,0.0
1.0,0.0,4.0,0.0,0.0,18572.0,0.0,6.0,24.07696376619942,0.0,0.0,0.0,0.0,5577.0,702.7964490423599,377.89394340121663,1.0,1.0
0.0,3.0,2.0,2.0,22.8,13902.0,682.0,5.0,28.379682679594534,25.0,0.0,0.0,684.0,13036.0,702.7964490423599,1022.0041868664609,1.0,1.0
0.0,3.0,2.0,0.0,35.56,18572.0,889.0,6.0,24.07696376619942,821.0,68.0,0.0,889.0,5577.0,702.7964490423599,377.89394340121663,0.0,0.0
0.0,4.0,1.0,20.0,33.8421052631579,13902.0,623.0,5.0,28.379682679594534,22.0,596.0,0.0,643.0,13036.0,702.7964490423599,1022.0041868664609,0.0,0.0
1.0,0.0,0.0,0.0,0.0,18572.0,0.0,3.0,33.37777777777778,0.0,0.0,2.0,0.0,13995.0,1054.5402384500744,2327.0472222222224,1.0,1.0
0.0,1.0,1.0,19.0,58.23529411764706,18572.0,971.0,4.0,30.218442932728646,0.0,971.0,0.0,990.0,15586.0,702.7964490423599,1347.9055177626606,1.0,1.0
0.0,4.0,1.0,927.0,61.68421052631579,22408.0,114.0,5.0,28.379682679594534,114.0,0.0,2.0,1172.0,13036.0,1054.5402384500744,1022.0041868664609,1.0,1.0
1.0,1.0,5.0,0.0,0.0,22408.0,0.0,2.0,34.472776769509984,0.0,0.0,0.0,0.0,22408.0,702.7964490423599,4009.0916515426497,1.0,1.0
0.0,5.0,4.0,4.0,19.585365853658537,18572.0,759.0,5.0,28.379682679594534,757.0,2.0,0.0,803.0,13036.0,702.7964490423599,1022.0041868664609,1.0,1.0
0.0,0.0,5.0,0.0,112.3103448275862,18572.0,2099.0,2.0,34.472776769509984,205.0,1589.0,1.0,6514.0,22408.0,3425.2754548356206,4009.0916515426497,0.0,0.0
0.0,2.0,1.0,1752.0,96.95,18572.0,187.0,5.0,28.379682679594534,0.0,187.0,0.0,1939.0,13036.0,702.7964490423599,1022.0041868664609,0.0,0.0
1.0,2.0,1.0,0.0,0.0,13902.0,0.0,6.0,24.07696376619942,0.0,0.0,0.0,0.0,5577.0,702.7964490423599,377.89394340121663,0.0,0.0
0.0,0.0,6.0,1610.0,24.029850746268657,22408.0,0.0,4.0,30.218442932728646,0.0,0.0,0.0,1610.0,15586.0,702.7964490423599,1347.9055177626606,0.0,0.0
1.0,4.0,1.0,0.0,0.0,18572.0,0.0,6.0,24.07696376619942,0.0,0.0,0.0,0.0,5577.0,702.7964490423599,377.89394340121663,1.0,1.0
1.0,4.0,1.0,0.0,0.0,13902.0,0.0,6.0,24.07696376619942,0.0,0.0,0.0,0.0,5577.0,702.7964490423599,377.89394340121663,0.0,0.0
0.0,4.0,1.0,37.0,56.0,18572.0,847.0,6.0,24.07696376619942,527.0,290.0,0.0,1008.0,5577.0,702.7964490423599,377.89394340121663,1.0,1.0
0.0,3.0,1.0,0.0,68.875,18572.0,702.0,5.0,28.379682679594534,0.0,0.0,0.0,1102.0,13036.0,702.7964490423599,1022.0041868664609,0.0,0.0
1.0,0.0,3.0,0.0,0.0,18572.0,0.0,3.0,33.37777777777778,0.0,0.0,2.0,0.0,13995.0,1054.5402384500744,2327.0472222222224,1.0,1.0
0.0,4.0,1.0,0.0,47.78947368421053,18572.0,864.0,6.0,24.07696376619942,0.0,795.0,0.0,908.0,5577.0,702.7964490423599,377.89394340121663,1.0,1.0
0.0,0.0,3.0,0.0,237.36363636363637,18572.0,6848.0,2.0,34.472776769509984,45.0,0.0,1.0,7833.0,22408.0,3425.2754548356206,4009.0916515426497,0.0,0.0
1.0,1.0,4.0,0.0,0.0,22408.0,0.0,1.0,33.30937773882559,0.0,0.0,1.0,0.0,19844.0,3425.2754548356206,2969.692375109553,1.0,1.0
1.0,0.0,3.0,0.0,0.0,18572.0,0.0,2.0,34.472776769509984,0.0,0.0,1.0,0.0,22408.0,3425.2754548356206,4009.0916515426497,0.0,0.0
1.0,3.0,2.0,0.0,0.0,18572.0,0.0,5.0,28.379682679594534,0.0,0.0,2.0,0.0,13036.0,1054.5402384500744,1022.0041868664609,0.0,0.0
0.0,0.0,4.0,0.0,286.8333333333333,22408.0,2584.0,2.0,34.472776769509984,0.0,1022.0,1.0,12047.0,22408.0,3425.2754548356206,4009.0916515426497,0.0,0.0
0.0,4.0,3.0,0.0,25.060606060606062,13902.0,827.0,5.0,28.379682679594534,388.0,439.0,0.0,827.0,13036.0,702.7964490423599,1022.0041868664609,0.0,0.0
1.0,0.0,3.0,0.0,0.0,18572.0,0.0,6.0,24.07696376619942,0.0,0.0,0.0,0.0,5577.0,702.7964490423599,377.89394340121663,1.0,1.0
0.0,5.0,2.0,57.0,64.44827586206897,18572.0,1811.0,5.0,28.379682679594534,1811.0,0.0,2.0,1869.0,13036.0,1054.5402384500744,1022.0041868664609,0.0,0.0
0.0,0.0,1.0,34.0,66.0,18572.0,956.0,4.0,30.218442932728646,148.0,808.0,0.0,990.0,15586.0,702.7964490423599,1347.9055177626606,1.0,1.0
0.0,1.0,3.0,0.0,24.18918918918919,13902.0,86.0,5.0,28.379682679594534,0.0,86.0,0.0,895.0,13036.0,702.7964490423599,1022.0041868664609,1.0,1.0
0.0,1.0,2.0,0.0,234.66666666666666,22408.0,4928.0,6.0,24.07696376619942,1.0,4926.0,0.0,4928.0,5577.0,702.7964490423599,377.89394340121663,1.0,1.0
0.0,0.0,3.0,0.0,22.675,13902.0,907.0,4.0,30.218442932728646,0.0,0.0,0.0,907.0,15586.0,702.7964490423599,1347.9055177626606,1.0,1.0
0.0,0.0,2.0,599.0,146.17391304347825,18572.0,2763.0,3.0,33.37777777777778,2646.0,117.0,2.0,3362.0,13995.0,1054.5402384500744,2327.0472222222224,0.0,0.0
0.0,4.0,1.0,0.0,54.785714285714285,22408.0,45.0,5.0,28.379682679594534,0.0,37.0,0.0,767.0,13036.0,702.7964490423599,1022.0041868664609,1.0,1.0
0.0,4.0,7.0,47.0,25.04054054054054,13902.0,1806.0,6.0,24.07696376619942,1806.0,0.0,0.0,1853.0,5577.0,702.7964490423599,377.89394340121663,0.0,0.0
1.0,1.0,4.0,0.0,0.0,13902.0,0.0,6.0,24.07696376619942,0.0,0.0,0.0,0.0,5577.0,702.7964490423599,377.89394340121663,1.0,1.0
0.0,0.0,2.0,0.0,110.92,13902.0,2750.0,5.0,28.379682679594534,0.0,184.0,0.0,2773.0,13036.0,702.7964490423599,1022.0041868664609,1.0,1.0
0.0,5.0,2.0,739.0,28.678571428571427,18572.0,34.0,5.0,28.379682679594534,1.0,0.0,0.0,803.0,13036.0,702.7964490423599,1022.0041868664609,1.0,1.0
1.0,0.0,2.0,0.0,0.0,22408.0,0.0,4.0,30.218442932728646,0.0,0.0,1.0,0.0,15586.0,3425.2754548356206,1347.9055177626606,1.0,1.0
1.0,4.0,5.0,0.0,0.0,18572.0,0.0,6.0,24.07696376619942,0.0,0.0,0.0,0.0,5577.0,702.7964490423599,377.89394340121663,1.0,1.0
0.0,4.0,2.0,0.0,24.724137931034484,18572.0,115.0,5.0,28.379682679594534,0.0,115.0,0.0,717.0,13036.0,702.7964490423599,1022.0041868664609,1.0,1.0
0.0,2.0,1.0,0.0,0.0,22408.0,0.0,6.0,24.07696376619942,0.0,0.0,0.0,0.0,5577.0,702.7964490423599,377.89394340121663,1.0,1.0
1.0,2.0,0.0,0.0,0.0,18572.0,0.0,5.0,28.379682679594534,0.0,0.0,2.0,0.0,13036.0,1054.5402384500744,1022.0041868664609,0.0,0.0
1.0,0.0,3.0,0.0,0.0,18572.0,0.0,6.0,24.07696376619942,0.0,0.0,0.0,0.0,5577.0,702.7964490423599,377.89394340121663,0.0,0.0
0.0,0.0,4.0,840.0,21.29268292682927,13902.0,33.0,5.0,28.379682679594534,7.0,26.0,0.0,873.0,13036.0,702.7964490423599,1022.0041868664609,1.0,1.0
1.0,0.0,2.0,0.0,0.0,18572.0,0.0,1.0,33.30937773882559,0.0,0.0,1.0,0.0,19844.0,3425.2754548356206,2969.692375109553,0.0,0.0
1.0,2.0,3.0,0.0,0.0,18572.0,0.0,5.0,28.379682679594534,0.0,0.0,2.0,0.0,13036.0,1054.5402384500744,1022.0041868664609,1.0,1.0
0.0,1.0,3.0,0.0,123.25806451612904,22408.0,3821.0,2.0,34.472776769509984,1569.0,0.0,1.0,3821.0,22408.0,3425.2754548356206,4009.0916515426497,0.0,0.0
0.0,2.0,4.0,0.0,19.148936170212767,18572.0,565.0,5.0,28.379682679594534,105.0,72.0,0.0,900.0,13036.0,702.7964490423599,1022.0041868664609,0.0,0.0
1.0,2.0,2.0,0.0,0.0,22408.0,0.0,6.0,24.07696376619942,0.0,0.0,0.0,0.0,5577.0,702.7964490423599,377.89394340121663,0.0,0.0
0.0,0.0,3.0,13.0,32.282051282051285,13902.0,1246.0,3.0,33.37777777777778,1208.0,38.0,2.0,1259.0,13995.0,1054.5402384500744,2327.0472222222224,0.0,0.0
0.0,3.0,2.0,209.0,32.90909090909091,18572.0,387.0,5.0,28.379682679594534,0.0,4.0,0.0,724.0,13036.0,702.7964490423599,1022.0041868664609,1.0,1.0
0.0,3.0,2.0,827.0,30.666666666666668,18572.0,1.0,5.0,28.379682679594534,0.0,1.0,0.0,828.0,13036.0,702.7964490423599,1022.0041868664609,0.0,0.0
0.0,1.0,0.0,0.0,0.0,22408.0,0.0,6.0,24.07696376619942,0.0,0.0,0.0,0.0,5577.0,702.7964490423599,377.89394340121663,1.0,1.0
0.0,0.0,3.0,0.0,0.0,18572.0,0.0,1.0,33.30937773882559,0.0,0.0,1.0,0.0,19844.0,3425.2754548356206,2969.692375109553,1.0,1.0
0.0,1.0,1.0,0.0,0.0,18572.0,0.0,4.0,30.218442932728646,0.0,0.0,2.0,0.0,15586.0,1054.5402384500744,1347.9055177626606,0.0,0.0
1.0,0.0,1.0,0.0,0.0,13902.0,0.0,4.0,30.218442932728646,0.0,0.0,0.0,0.0,15586.0,702.7964490423599,1347.9055177626606,1.0,1.0
1.0,5.0,0.0,0.0,0.0,18572.0,0.0,5.0,28.379682679594534,0.0,0.0,2.0,0.0,13036.0,1054.5402384500744,1022.0041868664609,0.0,0.0
1.0,2.0,0.0,0.0,0.0,18572.0,0.0,6.0,24.07696376619942,0.0,0.0,0.0,0.0,5577.0,702.7964490423599,377.89394340121663,0.0,0.0
1.0,0.0,0.0,0.0,0.0,18572.0,0.0,4.0,30.218442932728646,0.0,0.0,0.0,0.0,15586.0,702.7964490423599,1347.9055177626606,1.0,1.0
0.0,0.0,5.0,0.0,153.0909090909091,18572.0,174.0,2.0,34.472776769509984,0.0,56.0,1.0,8420.0,22408.0,3425.2754548356206,4009.0916515426497,1.0,1.0
1.0,0.0,2.0,0.0,0.0,22408.0,0.0,2.0,34.472776769509984,0.0,0.0,1.0,0.0,22408.0,3425.2754548356206,4009.0916515426497,1.0,1.0
0.0,3.0,0.0,0.0,0.0,18572.0,0.0,6.0,24.07696376619942,0.0,0.0,0.0,0.0,5577.0,702.7964490423599,377.89394340121663,0.0,0.0
1.0,0.0,3.0,0.0,0.0,18572.0,0.0,5.0,28.379682679594534,0.0,0.0,2.0,0.0,13036.0,1054.5402384500744,1022.0041868664609,0.0,0.0
0.0,0.0,1.0,0.0,39.526315789473685,18572.0,751.0,6.0,24.07696376619942,751.0,0.0,0.0,751.0,5577.0,702.7964490423599,377.89394340121663,1.0,1.0
0.0,3.0,6.0,84.0,22.78787878787879,18572.0,1420.0,5.0,28.379682679594534,1420.0,0.0,2.0,1504.0,13036.0,1054.5402384500744,1022.0041868664609,0.0,0.0
1.0,2.0,1.0,0.0,0.0,18572.0,0.0,6.0,24.07696376619942,0.0,0.0,0.0,0.0,5577.0,702.7964490423599,377.89394340121663,0.0,0.0
0.0,0.0,3.0,0.0,87.58974358974359,18572.0,1373.0,0.0,35.240112994350284,34.0,1339.0,1.0,3416.0,11001.0,3425.2754548356206,3367.04802259887,1.0,1.0
1.0,4.0,2.0,0.0,0.0,18572.0,0.0,5.0,28.379682679594534,0.0,0.0,2.0,0.0,13036.0,1054.5402384500744,1022.0041868664609,1.0,1.0
0.0,0.0,3.0,12.0,70.26470588235294,22408.0,2361.0,0.0,35.240112994350284,0.0,2349.0,1.0,2389.0,11001.0,3425.2754548356206,3367.04802259887,0.0,0.0
0.0,2.0,2.0,945.0,41.26086956521739,18572.0,4.0,5.0,28.379682679594534,0.0,0.0,0.0,949.0,13036.0,702.7964490423599,1022.0041868664609,1.0,1.0
0.0,1.0,4.0,164.0,16.081632653061224,22408.0,624.0,4.0,30.218442932728646,304.0,320.0,0.0,788.0,15586.0,702.7964490423599,1347.9055177626606,1.0,1.0
1.0,0.0,2.0,0.0,0.0,22408.0,0.0,2.0,34.472776769509984,0.0,0.0,1.0,0.0,22408.0,3425.2754548356206,4009.0916515426497,0.0,0.0
1.0,0.0,2.0,0.0,0.0,18572.0,0.0,0.0,35.240112994350284,0.0,0.0,1.0,0.0,11001.0,3425.2754548356206,3367.04802259887,1.0,1.0
1.0,2.0,2.0,0.0,0.0,18572.0,0.0,5.0,28.379682679594534,0.0,0.0,2.0,0.0,13036.0,1054.5402384500744,1022.0041868664609,0.0,0.0
0.0,0.0,3.0,0.0,92.37837837837837,18572.0,1241.0,0.0,35.240112994350284,0.0,1097.0,1.0,3418.0,11001.0,3425.2754548356206,3367.04802259887,1.0,1.0
0.0,-1.0,2.0,0.0,31.363636363636363,18572.0,690.0,5.0,28.379682679594534,28.0,662.0,0.0,690.0,13036.0,702.7964490423599,1022.0041868664609,1.0,1.0
0.0,6.0,2.0,82.0,31.095238095238095,13902.0,0.0,5.0,28.379682679594534,0.0,0.0,0.0,653.0,13036.0,702.7964490423599,1022.0041868664609,0.0,0.0
1.0,2.0,1.0,0.0,0.0,18572.0,0.0,5.0,28.379682679594534,0.0,0.0,2.0,0.0,13036.0,1054.5402384500744,1022.0041868664609,0.0,0.0
1.0,1.0,2.0,0.0,0.0,18572.0,0.0,4.0,30.218442932728646,0.0,0.0,2.0,0.0,15586.0,1054.5402384500744,1347.9055177626606,0.0,0.0
1.0,1.0,1.0,0.0,0.0,13902.0,0.0,6.0,24.07696376619942,0.0,0.0,0.0,0.0,5577.0,702.7964490423599,377.89394340121663,0.0,0.0
0.0,2.0,1.0,0.0,0.0,18572.0,0.0,5.0,28.379682679594534,0.0,0.0,2.0,0.0,13036.0,1054.5402384500744,1022.0041868664609,1.0,1.0
1.0,2.0,1.0,0.0,0.0,18572.0,0.0,6.0,24.07696376619942,0.0,0.0,0.0,0.0,5577.0,702.7964490423599,377.89394340121663,1.0,1.0
1.0,0.0,3.0,0.0,0.0,13902.0,0.0,5.0,28.379682679594534,0.0,0.0,2.0,0.0,13036.0,1054.5402384500744,1022.0041868664609,1.0,1.0
0.0,-1.0,2.0,490.0,158.57142857142858,22408.0,164.0,5.0,28.379682679594534,146.0,0.0,1.0,4440.0,13036.0,3425.2754548356206,1022.0041868664609,1.0,1.0
0.0,0.0,3.0,2366.0,190.35294117647058,18572.0,3749.0,2.0,34.472776769509984,0.0,1612.0,1.0,6472.0,22408.0,3425.2754548356206,4009.0916515426497,1.0,1.0
0.0,0.0,3.0,459.0,86.86111111111111,18572.0,2232.0,0.0,35.240112994350284,247.0,1.0,1.0,3127.0,11001.0,3425.2754548356206,3367.04802259887,0.0,0.0
1.0,3.0,0.0,0.0,0.0,18572.0,0.0,6.0,24.07696376619942,0.0,0.0,0.0,0.0,5577.0,702.7964490423599,377.89394340121663,0.0,0.0
0.0,4.0,2.0,20.0,28.48148148148148,13902.0,0.0,6.0,24.07696376619942,0.0,0.0,0.0,769.0,5577.0,702.7964490423599,377.89394340121663,1.0,1.0
0.0,2.0,1.0,827.0,55.4,22408.0,4.0,5.0,28.379682679594534,1.0,0.0,0.0,831.0,13036.0,702.7964490423599,1022.0041868664609,1.0,1.0
1.0,-1.0,1.0,0.0,0.0,22408.0,0.0,5.0,28.379682679594534,0.0,0.0,1.0,0.0,13036.0,3425.2754548356206,1022.0041868664609,1.0,1.0
1.0,3.0,0.0,0.0,0.0,18572.0,0.0,5.0,28.379682679594534,0.0,0.0,2.0,0.0,13036.0,1054.5402384500744,1022.0041868664609,0.0,0.0
0.0,2.0,2.0,4940.0,244.9,18572.0,2407.0,5.0,28.379682679594534,574.0,1831.0,2.0,7347.0,13036.0,1054.5402384500744,1022.0041868664609,1.0,1.0
1.0,0.0,4.0,0.0,0.0,18572.0,0.0,6.0,24.07696376619942,0.0,0.0,0.0,0.0,5577.0,702.7964490423599,377.89394340121663,1.0,1.0
1.0,0.0,6.0,0.0,0.0,18572.0,0.0,1.0,33.30937773882559,0.0,0.0,1.0,0.0,19844.0,3425.2754548356206,2969.692375109553,1.0,1.0
0.0,5.0,4.0,307.0,15.456521739130435,18572.0,66.0,5.0,28.379682679594534,2.0,64.0,0.0,711.0,13036.0,702.7964490423599,1022.0041868664609,1.0,1.0
1.0,0.0,3.0,0.0,0.0,22408.0,0.0,3.0,33.37777777777778,0.0,0.0,1.0,0.0,13995.0,3425.2754548356206,2327.0472222222224,1.0,1.0
1.0,1.0,2.0,0.0,0.0,18572.0,0.0,5.0,28.379682679594534,0.0,0.0,2.0,0.0,13036.0,1054.5402384500744,1022.0041868664609,0.0,0.0
0.0,0.0,0.0,0.0,0.0,18572.0,0.0,5.0,28.379682679594534,0.0,0.0,2.0,0.0,13036.0,1054.5402384500744,1022.0041868664609,0.0,0.0
0.0,0.0,3.0,0.0,85.08823529411765,18572.0,783.0,0.0,35.240112994350284,0.0,773.0,1.0,2893.0,11001.0,3425.2754548356206,3367.04802259887,0.0,0.0
0.0,2.0,5.0,195.0,15.862745098039216,22408.0,482.0,6.0,24.07696376619942,451.0,31.0,0.0,809.0,5577.0,702.7964490423599,377.89394340121663,0.0,0.0
1.0,0.0,3.0,0.0,0.0,18572.0,0.0,5.0,28.379682679594534,0.0,0.0,2.0,0.0,13036.0,1054.5402384500744,1022.0041868664609,1.0,1.0
0.0,1.0,3.0,469.0,16.0,13902.0,59.0,6.0,24.07696376619942,59.0,0.0,0.0,528.0,5577.0,702.7964490423599,377.89394340121663,0.0,0.0
1.0,0.0,3.0,0.0,0.0,18572.0,0.0,5.0,28.379682679594534,0.0,0.0,2.0,0.0,13036.0,1054.5402384500744,1022.0041868664609,1.0,1.0
0.0,0.0,6.0,1.0,9.049180327868852,13902.0,11.0,5.0,28.379682679594534,7.0,0.0,0.0,552.0,13036.0,702.7964490423599,1022.0041868664609,0.0,0.0
0.0,0.0,3.0,0.0,67.15,18572.0,2645.0,3.0,33.37777777777778,2101.0,525.0,1.0,2686.0,13995.0,3425.2754548356206,2327.0472222222224,0.0,0.0
1.0,0.0,0.0,0.0,0.0,18572.0,0.0,4.0,30.218442932728646,0.0,0.0,0.0,0.0,15586.0,702.7964490423599,1347.9055177626606,1.0,1.0
0.0,3.0,2.0,1594.0,70.12,18572.0,159.0,5.0,28.379682679594534,158.0,1.0,2.0,1753.0,13036.0,1054.5402384500744,1022.0041868664609,1.0,1.0
0.0,0.0,3.0,0.0,22.394736842105264,18572.0,738.0,6.0,24.07696376619942,0.0,283.0,0.0,851.0,5577.0,702.7964490423599,377.89394340121663,0.0,0.0
1.0,4.0,1.0,0.0,0.0,13902.0,0.0,6.0,24.07696376619942,0.0,0.0,0.0,0.0,5577.0,702.7964490423599,377.89394340121663,0.0,0.0
1.0,0.0,0.0,0.0,0.0,22408.0,0.0,5.0,28.379682679594534,0.0,0.0,2.0,0.0,13036.0,1054.5402384500744,1022.0041868664609,1.0,1.0
0.0,1.0,2.0,1.0,120.91666666666667,22408.0,2867.0,5.0,28.379682679594534,29.0,2838.0,0.0,2902.0,13036.0,702.7964490423599,1022.0041868664609,1.0,1.0
0.0,3.0,2.0,0.0,60.56666666666667,18572.0,92.0,6.0,24.07696376619942,89.0,0.0,0.0,1817.0,5577.0,702.7964490423599,377.89394340121663,0.0,0.0
0.0,2.0,1.0,0.0,63.5,18572.0,515.0,5.0,28.379682679594534,0.0,66.0,0.0,1143.0,13036.0,702.7964490423599,1022.0041868664609,1.0,1.0
0.0,2.0,2.0,499.0,42.23809523809524,18572.0,388.0,6.0,24.07696376619942,0.0,285.0,0.0,887.0,5577.0,702.7964490423599,377.89394340121663,1.0,1.0
0.0,0.0,2.0,908.0,43.5,22408.0,49.0,6.0,24.07696376619942,0.0,49.0,0.0,957.0,5577.0,702.7964490423599,377.89394340121663,0.0,0.0
0.0,3.0,2.0,848.0,88.68,22408.0,0.0,5.0,28.379682679594534,0.0,0.0,0.0,2217.0,13036.0,702.7964490423599,1022.0041868664609,1.0,1.0
0.0,2.0,1.0,3.0,99.27777777777777,22408.0,1784.0,6.0,24.07696376619942,558.0,0.0,0.0,1787.0,5577.0,702.7964490423599,377.89394340121663,1.0,1.0
1.0,3.0,3.0,0.0,0.0,13902.0,0.0,6.0,24.07696376619942,0.0,0.0,0.0,0.0,5577.0,702.7964490423599,377.89394340121663,1.0,1.0
0.0,0.0,3.0,2067.0,60.68571428571428,18572.0,9.0,2.0,34.472776769509984,0.0,3.0,1.0,2124.0,22408.0,3425.2754548356206,4009.0916515426497,0.0,0.0
1.0,5.0,1.0,0.0,0.0,18572.0,0.0,5.0,28.379682679594534,0.0,0.0,2.0,0.0,13036.0,1054.5402384500744,1022.0041868664609,1.0,1.0
0.0,4.0,4.0,1.0,19.622222222222224,18572.0,882.0,6.0,24.07696376619942,857.0,8.0,0.0,883.0,5577.0,702.7964490423599,377.89394340121663,0.0,0.0
1.0,3.0,3.0,0.0,0.0,18572.0,0.0,5.0,28.379682679594534,0.0,0.0,2.0,0.0,13036.0,1054.5402384500744,1022.0041868664609,0.0,0.0
1.0,5.0,4.0,0.0,0.0,18572.0,0.0,5.0,28.379682679594534,0.0,0.0,2.0,0.0,13036.0,1054.5402384500744,1022.0041868664609,1.0,1.0
1.0,0.0,0.0,0.0,0.0,18572.0,0.0,4.0,30.218442932728646,0.0,0.0,0.0,0.0,15586.0,702.7964490423599,1347.9055177626606,1.0,1.0
0.0,1.0,2.0,0.0,0.0,18572.0,0.0,4.0,30.218442932728646,0.0,0.0,2.0,0.0,15586.0,1054.5402384500744,1347.9055177626606,0.0,0.0
1.0,0.0,1.0,0.0,0.0,18572.0,0.0,3.0,33.37777777777778,0.0,0.0,1.0,0.0,13995.0,3425.2754548356206,2327.0472222222224,0.0,0.0
0.0,2.0,2.0,0.0,34.73076923076923,18572.0,871.0,5.0,28.379682679594534,101.0,137.0,0.0,903.0,13036.0,702.7964490423599,1022.0041868664609,1.0,1.0
0.0,3.0,2.0,0.0,83.24137931034483,18572.0,2414.0,5.0,28.379682679594534,0.0,525.0,0.0,2414.0,13036.0,702.7964490423599,1022.0041868664609,1.0,1.0
0.0,1.0,6.0,0.0,62.28358208955224,18572.0,1534.0,4.0,30.218442932728646,354.0,1180.0,1.0,4173.0,15586.0,3425.2754548356206,1347.9055177626606,0.0,0.0
0.0,0.0,4.0,576.0,54.18181818181818,18572.0,1699.0,3.0,33.37777777777778,1054.0,645.0,2.0,2384.0,13995.0,1054.5402384500744,2327.0472222222224,0.0,0.0
0.0,0.0,2.0,121.0,36.5,18572.0,755.0,5.0,28.379682679594534,755.0,0.0,2.0,876.0,13036.0,1054.5402384500744,1022.0041868664609,1.0,1.0
0.0,0.0,2.0,28.0,34.0,18572.0,992.0,4.0,30.218442932728646,834.0,117.0,2.0,1020.0,15586.0,1054.5402384500744,1347.9055177626606,0.0,0.0
0.0,2.0,0.0,0.0,0.0,18572.0,0.0,6.0,24.07696376619942,0.0,0.0,0.0,0.0,5577.0,702.7964490423599,377.89394340121663,0.0,0.0
1.0,2.0,3.0,0.0,0.0,18572.0,0.0,6.0,24.07696376619942,0.0,0.0,0.0,0.0,5577.0,702.7964490423599,377.89394340121663,0.0,0.0
1.0,4.0,0.0,0.0,0.0,22408.0,0.0,6.0,24.07696376619942,0.0,0.0,0.0,0.0,5577.0,702.7964490423599,377.89394340121663,0.0,0.0
0.0,0.0,3.0,0.0,114.54054054054055,18572.0,815.0,2.0,34.472776769509984,0.0,466.0,1.0,4238.0,22408.0,3425.2754548356206,4009.0916515426497,0.0,0.0
0.0,1.0,2.0,48.0,43.266666666666666,18572.0,1250.0,4.0,30.218442932728646,304.0,946.0,2.0,1298.0,15586.0,1054.5402384500744,1347.9055177626606,0.0,0.0
0.0,1.0,3.0,6.0,200.0857142857143,22408.0,3573.0,1.0,33.30937773882559,0.0,2445.0,1.0,7003.0,19844.0,3425.2754548356206,2969.692375109553,1.0,1.0
0.0,0.0,2.0,0.0,33.142857142857146,18572.0,925.0,6.0,24.07696376619942,0.0,2.0,0.0,928.0,5577.0,702.7964490423599,377.89394340121663,0.0,0.0
0.0,4.0,1.0,0.0,37.65,13902.0,584.0,5.0,28.379682679594534,577.0,7.0,0.0,753.0,13036.0,702.7964490423599,1022.0041868664609,0.0,0.0
1.0,2.0,1.0,0.0,0.0,18572.0,0.0,6.0,24.07696376619942,0.0,0.0,0.0,0.0,5577.0,702.7964490423599,377.89394340121663,1.0,1.0
1.0,0.0,5.0,0.0,0.0,18572.0,0.0,1.0,33.30937773882559,0.0,0.0,1.0,0.0,19844.0,3425.2754548356206,2969.692375109553,1.0,1.0
0.0,0.0,2.0,0.0,28.043478260869566,18572.0,628.0,5.0,28.379682679594534,0.0,61.0,0.0,645.0,13036.0,702.7964490423599,1022.0041868664609,1.0,1.0
0.0,0.0,2.0,1018.0,41.607142857142854,18572.0,147.0,5.0,28.379682679594534,147.0,0.0,2.0,1165.0,13036.0,1054.5402384500744,1022.0041868664609,1.0,1.0
0.0,3.0,2.0,1.0,30.166666666666668,18572.0,0.0,5.0,28.379682679594534,0.0,0.0,0.0,724.0,13036.0,702.7964490423599,1022.0041868664609,1.0,1.0
1.0,0.0,3.0,0.0,0.0,18572.0,0.0,1.0,33.30937773882559,0.0,0.0,1.0,0.0,19844.0,3425.2754548356206,2969.692375109553,0.0,0.0
0.0,1.0,2.0,0.0,0.0,13902.0,0.0,6.0,24.07696376619942,0.0,0.0,0.0,0.0,5577.0,702.7964490423599,377.89394340121663,0.0,0.0
0.0,5.0,3.0,262.0,53.85,22408.0,1892.0,5.0,28.379682679594534,1663.0,229.0,0.0,2154.0,13036.0,702.7964490423599,1022.0041868664609,1.0,1.0
0.0,0.0,2.0,570.0,25.107142857142858,18572.0,133.0,5.0,28.379682679594534,0.0,2.0,0.0,703.0,13036.0,702.7964490423599,1022.0041868664609,0.0,0.0
1.0,0.0,4.0,0.0,0.0,18572.0,0.0,3.0,33.37777777777778,0.0,0.0,2.0,0.0,13995.0,1054.5402384500744,2327.0472222222224,1.0,1.0
1.0,0.0,2.0,0.0,0.0,18572.0,0.0,0.0,35.240112994350284,0.0,0.0,1.0,0.0,11001.0,3425.2754548356206,3367.04802259887,1.0,1.0
0.0,0.0,3.0,0.0,69.85714285714286,22408.0,1271.0,0.0,35.240112994350284,0.0,130.0,1.0,2445.0,11001.0,3425.2754548356206,3367.04802259887,0.0,0.0
0.0,0.0,2.0,0.0,0.0,13902.0,0.0,5.0,28.379682679594534,0.0,0.0,0.0,0.0,13036.0,702.7964490423599,1022.0041868664609,1.0,1.0
0.0,0.0,0.0,0.0,0.0,22408.0,0.0,5.0,28.379682679594534,0.0,0.0,2.0,0.0,13036.0,1054.5402384500744,1022.0041868664609,0.0,0.0
0.0,0.0,2.0,2003.0,71.79310344827586,18572.0,0.0,4.0,30.218442932728646,0.0,0.0,2.0,2082.0,15586.0,1054.5402384500744,1347.9055177626606,0.0,0.0
0.0,4.0,4.0,10.0,81.55555555555556,22408.0,3660.0,5.0,28.379682679594534,2956.0,12.0,2.0,3670.0,13036.0,1054.5402384500744,1022.0041868664609,0.0,0.0
1.0,2.0,6.0,0.0,0.0,18572.0,0.0,6.0,24.07696376619942,0.0,0.0,0.0,0.0,5577.0,702.7964490423599,377.89394340121663,1.0,1.0
0.0,5.0,3.0,0.0,20.774193548387096,18572.0,7.0,5.0,28.379682679594534,4.0,0.0,0.0,644.0,13036.0,702.7964490423599,1022.0041868664609,0.0,0.0
1.0,2.0,2.0,0.0,0.0,13902.0,0.0,6.0,24.07696376619942,0.0,0.0,0.0,0.0,5577.0,702.7964490423599,377.89394340121663,0.0,0.0
0.0,4.0,3.0,0.0,37.096774193548384,18572.0,1150.0,5.0,28.379682679594534,0.0,0.0,0.0,1150.0,13036.0,702.7964490423599,1022.0041868664609,1.0,1.0
0.0,2.0,5.0,126.0,11.4,13902.0,558.0,5.0,28.379682679594534,400.0,0.0,0.0,684.0,13036.0,702.7964490423599,1022.0041868664609,1.0,1.0
0.0,1.0,0.0,0.0,0.0,18572.0,0.0,6.0,24.07696376619942,0.0,0.0,0.0,0.0,5577.0,702.7964490423599,377.89394340121663,1.0,1.0
1.0,0.0,5.0,0.0,0.0,18572.0,0.0,2.0,34.472776769509984,0.0,0.0,1.0,0.0,22408.0,3425.2754548356206,4009.0916515426497,0.0,0.0
0.0,1.0,2.0,89.0,35.15384615384615,18572.0,12.0,6.0,24.07696376619942,0.0,12.0,0.0,914.0,5577.0,702.7964490423599,377.89394340121663,0.0,0.0
0.0,2.0,1.0,91.0,39.9375,22408.0,548.0,5.0,28.379682679594534,350.0,198.0,0.0,639.0,13036.0,702.7964490423599,1022.0041868664609,1.0,1.0
0.0,5.0,1.0,23.0,35.2,18572.0,125.0,5.0,28.379682679594534,125.0,0.0,0.0,704.0,13036.0,702.7964490423599,1022.0041868664609,0.0,0.0
1.0,1.0,4.0,0.0,0.0,13902.0,0.0,6.0,24.07696376619942,0.0,0.0,0.0,0.0,5577.0,702.7964490423599,377.89394340121663,1.0,1.0
0.0,0.0,2.0,0.0,59.592592592592595,18572.0,1607.0,4.0,30.218442932728646,1577.0,30.0,0.0,1609.0,15586.0,702.7964490423599,1347.9055177626606,1.0,1.0
1.0,4.0,0.0,0.0,0.0,13902.0,0.0,6.0,24.07696376619942,0.0,0.0,0.0,0.0,5577.0,702.7964490423599,377.89394340121663,1.0,1.0
0.0,0.0,6.0,947.0,26.491803278688526,18572.0,669.0,3.0,33.37777777777778,0.0,668.0,1.0,1616.0,13995.0,3425.2754548356206,2327.0472222222224,0.0,0.0
0.0,2.0,1.0,0.0,0.0,18572.0,0.0,6.0,24.07696376619942,0.0,0.0,0.0,0.0,5577.0,702.7964490423599,377.89394340121663,0.0,0.0
1.0,-1.0,3.0,0.0,0.0,22408.0,0.0,5.0,28.379682679594534,0.0,0.0,1.0,0.0,13036.0,3425.2754548356206,1022.0041868664609,1.0,1.0
0.0,1.0,2.0,18.0,1208.904761904762,18572.0,17610.0,4.0,30.218442932728646,0.0,4925.0,1.0,25387.0,15586.0,3425.2754548356206,1347.9055177626606,0.0,0.0
1.0,2.0,2.0,0.0,0.0,18572.0,0.0,6.0,24.07696376619942,0.0,0.0,0.0,0.0,5577.0,702.7964490423599,377.89394340121663,1.0,1.0
1.0,-1.0,1.0,0.0,0.0,18572.0,0.0,5.0,28.379682679594534,0.0,0.0,0.0,0.0,13036.0,702.7964490423599,1022.0041868664609,1.0,1.0
0.0,4.0,4.0,0.0,48.833333333333336,18572.0,2330.0,6.0,24.07696376619942,0.0,2330.0,0.0,2344.0,5577.0,702.7964490423599,377.89394340121663,1.0,1.0
0.0,0.0,6.0,5.0,17.33823529411765,22408.0,1174.0,3.0,33.37777777777778,1.0,1022.0,2.0,1179.0,13995.0,1054.5402384500744,2327.0472222222224,0.0,0.0
0.0,0.0,5.0,34.0,81.89285714285714,22408.0,1882.0,1.0,33.30937773882559,1.0,542.0,1.0,4586.0,19844.0,3425.2754548356206,2969.692375109553,1.0,1.0
0.0,0.0,2.0,408.0,58.63636363636363,18572.0,710.0,5.0,28.379682679594534,702.0,2.0,0.0,1290.0,13036.0,702.7964490423599,1022.0041868664609,0.0,0.0
0.0,0.0,3.0,0.0,140.52941176470588,18572.0,36.0,2.0,34.472776769509984,2.0,34.0,1.0,4778.0,22408.0,3425.2754548356206,4009.0916515426497,1.0,1.0
0.0,3.0,2.0,0.0,32.19230769230769,13902.0,837.0,6.0,24.07696376619942,60.0,0.0,0.0,837.0,5577.0,702.7964490423599,377.89394340121663,1.0,1.0
1.0,1.0,5.0,0.0,0.0,22408.0,0.0,6.0,24.07696376619942,0.0,0.0,0.0,0.0,5577.0,702.7964490423599,377.89394340121663,1.0,1.0
0.0,1.0,4.0,1.0,22.65909090909091,18572.0,996.0,4.0,30.218442932728646,957.0,0.0,0.0,997.0,15586.0,702.7964490423599,1347.9055177626606,0.0,0.0
0.0,0.0,4.0,0.0,37.95238095238095,18572.0,945.0,1.0,33.30937773882559,0.0,945.0,1.0,1594.0,19844.0,3425.2754548356206,2969.692375109553,1.0,1.0
1.0,3.0,1.0,0.0,0.0,18572.0,0.0,6.0,24.07696376619942,0.0,0.0,0.0,0.0,5577.0,702.7964490423599,377.89394340121663,1.0,1.0
0.0,2.0,1.0,0.0,33.55,13902.0,669.0,5.0,28.379682679594534,0.0,669.0,0.0,671.0,13036.0,702.7964490423599,1022.0041868664609,0.0,0.0
0.0,1.0,7.0,1698.0,36.09722222222222,18572.0,901.0,5.0,28.379682679594534,901.0,0.0,2.0,2599.0,13036.0,1054.5402384500744,1022.0041868664609,0.0,0.0
0.0,5.0,1.0,0.0,112.6842105263158,18572.0,2141.0,5.0,28.379682679594534,0.0,0.0,0.0,2141.0,13036.0,702.7964490423599,1022.0041868664609,0.0,0.0
0.0,0.0,4.0,0.0,159.5,22408.0,3778.0,2.0,34.472776769509984,0.0,3615.0,1.0,7337.0,22408.0,3425.2754548356206,4009.0916515426497,1.0,1.0
0.0,4.0,1.0,0.0,0.0,18572.0,0.0,6.0,24.07696376619942,0.0,0.0,0.0,0.0,5577.0,702.7964490423599,377.89394340121663,0.0,0.0
0.0,4.0,2.0,0.0,47.535714285714285,22408.0,1331.0,5.0,28.379682679594534,1331.0,0.0,2.0,1331.0,13036.0,1054.5402384500744,1022.0041868664609,0.0,0.0
1.0,0.0,3.0,0.0,0.0,18572.0,0.0,5.0,28.379682679594534,0.0,0.0,2.0,0.0,13036.0,1054.5402384500744,1022.0041868664609,0.0,0.0
1.0,0.0,3.0,0.0,0.0,22408.0,0.0,4.0,30.218442932728646,0.0,0.0,1.0,0.0,15586.0,3425.2754548356206,1347.9055177626606,0.0,0.0
1.0,0.0,2.0,0.0,0.0,22408.0,0.0,2.0,34.472776769509984,0.0,0.0,1.0,0.0,22408.0,3425.2754548356206,4009.0916515426497,0.0,0.0
1.0,2.0,0.0,0.0,0.0,18572.0,0.0,6.0,24.07696376619942,0.0,0.0,0.0,0.0,5577.0,702.7964490423599,377.89394340121663,1.0,1.0
1.0,0.0,1.0,0.0,0.0,18572.0,0.0,6.0,24.07696376619942,0.0,0.0,0.0,0.0,5577.0,702.7964490423599,377.89394340121663,1.0,1.0
0.0,3.0,3.0,0.0,41.22857142857143,18572.0,1443.0,5.0,28.379682679594534,233.0,1054.0,0.0,1443.0,13036.0,702.7964490423599,1022.0041868664609,0.0,0.0
1.0,0.0,3.0,0.0,0.0,22408.0,0.0,4.0,30.218442932728646,0.0,0.0,1.0,0.0,15586.0,3425.2754548356206,1347.9055177626606,1.0,1.0
1.0,0.0,5.0,0.0,0.0,18572.0,0.0,1.0,33.30937773882559,0.0,0.0,1.0,0.0,19844.0,3425.2754548356206,2969.692375109553,0.0,0.0
1.0,1.0,0.0,0.0,0.0,22408.0,0.0,6.0,24.07696376619942,0.0,0.0,0.0,0.0,5577.0,702.7964490423599,377.89394340121663,1.0,1.0
1.0,0.0,0.0,0.0,0.0,18572.0,0.0,6.0,24.07696376619942,0.0,0.0,0.0,0.0,5577.0,702.7964490423599,377.89394340121663,1.0,1.0
0.0,3.0,1.0,0.0,0.0,18572.0,0.0,6.0,24.07696376619942,0.0,0.0,0.0,0.0,5577.0,702.7964490423599,377.89394340121663,0.0,0.0
0.0,4.0,1.0,0.0,44.625,22408.0,0.0,6.0,24.07696376619942,0.0,0.0,0.0,714.0,5577.0,702.7964490423599,377.89394340121663,0.0,0.0
0.0,4.0,4.0,830.0,36.51219512195122,18572.0,667.0,5.0,28.379682679594534,661.0,0.0,0.0,1497.0,13036.0,702.7964490423599,1022.0041868664609,0.0,0.0
1.0,1.0,4.0,0.0,0.0,13902.0,0.0,6.0,24.07696376619942,0.0,0.0,0.0,0.0,5577.0,702.7964490423599,377.89394340121663,0.0,0.0
0.0,6.0,2.0,0.0,1.8148148148148149,18572.0,49.0,5.0,28.379682679594534,0.0,1.0,0.0,49.0,13036.0,702.7964490423599,1022.0041868664609,0.0,0.0
0.0,3.0,2.0,0.0,31.607142857142858,18572.0,885.0,6.0,24.07696376619942,12.0,873.0,0.0,885.0,5577.0,702.7964490423599,377.89394340121663,0.0,0.0
0.0,4.0,4.0,0.0,35.31818181818182,18572.0,346.0,5.0,28.379682679594534,142.0,0.0,0.0,1554.0,13036.0,702.7964490423599,1022.0041868664609,0.0,0.0
1.0,2.0,1.0,0.0,0.0,18572.0,0.0,6.0,24.07696376619942,0.0,0.0,0.0,0.0,5577.0,702.7964490423599,377.89394340121663,0.0,0.0
0.0,4.0,2.0,0.0,39.65384615384615,18572.0,1031.0,5.0,28.379682679594534,106.0,0.0,0.0,1031.0,13036.0,702.7964490423599,1022.0041868664609,1.0,1.0
0.0,0.0,3.0,0.0,236.28947368421052,18572.0,8763.0,1.0,33.30937773882559,0.0,5391.0,1.0,8979.0,19844.0,3425.2754548356206,2969.692375109553,1.0,1.0
1.0,0.0,3.0,0.0,0.0,18572.0,0.0,2.0,34.472776769509984,0.0,0.0,0.0,0.0,22408.0,702.7964490423599,4009.0916515426497,1.0,1.0
0.0,2.0,1.0,15.0,54.0,18572.0,847.0,5.0,28.379682679594534,0.0,5.0,0.0,864.0,13036.0,702.7964490423599,1022.0041868664609,1.0,1.0
0.0,0.0,2.0,292.0,28.541666666666668,13902.0,384.0,4.0,30.218442932728646,0.0,35.0,0.0,685.0,15586.0,702.7964490423599,1347.9055177626606,0.0,0.0
1.0,2.0,2.0,0.0,0.0,18572.0,0.0,6.0,24.07696376619942,0.0,0.0,0.0,0.0,5577.0,702.7964490423599,377.89394340121663,1.0,1.0
1.0,0.0,6.0,0.0,0.0,18572.0,0.0,1.0,33.30937773882559,0.0,0.0,1.0,0.0,19844.0,3425.2754548356206,2969.692375109553,0.0,0.0
0.0,0.0,1.0,730.0,37.2,18572.0,0.0,6.0,24.07696376619942,0.0,0.0,0.0,744.0,5577.0,702.7964490423599,377.89394340121663,0.0,0.0
1.0,1.0,2.0,0.0,0.0,22408.0,0.0,6.0,24.07696376619942,0.0,0.0,0.0,0.0,5577.0,702.7964490423599,377.89394340121663,0.0,0.0
0.0,1.0,3.0,381.0,69.52941176470588,18572.0,1983.0,5.0,28.379682679594534,361.0,1622.0,2.0,2364.0,13036.0,1054.5402384500744,1022.0041868664609,1.0,1.0
0.0,3.0,4.0,8.0,16.24,18572.0,355.0,6.0,24.07696376619942,355.0,0.0,0.0,812.0,5577.0,702.7964490423599,377.89394340121663,0.0,0.0
0.0,1.0,4.0,730.0,16.75,22408.0,1.0,5.0,28.379682679594534,0.0,1.0,0.0,737.0,13036.0,702.7964490423599,1022.0041868664609,0.0,0.0
0.0,4.0,1.0,0.0,36.526315789473685,18572.0,358.0,5.0,28.379682679594534,358.0,0.0,0.0,694.0,13036.0,702.7964490423599,1022.0041868664609,0.0,0.0
0.0,0.0,2.0,4.0,37.42857142857143,18572.0,782.0,6.0,24.07696376619942,0.0,9.0,0.0,786.0,5577.0,702.7964490423599,377.89394340121663,1.0,1.0
0.0,1.0,2.0,0.0,28.714285714285715,22408.0,44.0,5.0,28.379682679594534,0.0,21.0,0.0,804.0,13036.0,702.7964490423599,1022.0041868664609,1.0,1.0
0.0,3.0,2.0,25.0,38.523809523809526,18572.0,220.0,6.0,24.07696376619942,0.0,158.0,0.0,809.0,5577.0,702.7964490423599,377.89394340121663,0.0,0.0
0.0,1.0,2.0,92.0,63.36,13902.0,1492.0,4.0,30.218442932728646,0.0,1492.0,0.0,1584.0,15586.0,702.7964490423599,1347.9055177626606,0.0,0.0
1.0,4.0,3.0,0.0,0.0,18572.0,0.0,5.0,28.379682679594534,0.0,0.0,2.0,0.0,13036.0,1054.5402384500744,1022.0041868664609,1.0,1.0
0.0,2.0,4.0,0.0,6.1395348837209305,13902.0,264.0,6.0,24.07696376619942,0.0,214.0,0.0,264.0,5577.0,702.7964490423599,377.89394340121663,1.0,1.0
1.0,3.0,1.0,0.0,0.0,22408.0,0.0,5.0,28.379682679594534,0.0,0.0,2.0,0.0,13036.0,1054.5402384500744,1022.0041868664609,0.0,0.0
0.0,1.0,2.0,0.0,31.363636363636363,18572.0,10.0,5.0,28.379682679594534,0.0,10.0,0.0,690.0,13036.0,702.7964490423599,1022.0041868664609,1.0,1.0
1.0,0.0,3.0,0.0,0.0,18572.0,0.0,4.0,30.218442932728646,0.0,0.0,2.0,0.0,15586.0,1054.5402384500744,1347.9055177626606,0.0,0.0
1.0,0.0,4.0,0.0,0.0,22408.0,0.0,2.0,34.472776769509984,0.0,0.0,1.0,0.0,22408.0,3425.2754548356206,4009.0916515426497,0.0,0.0
1.0,3.0,1.0,0.0,0.0,18572.0,0.0,5.0,28.379682679594534,0.0,0.0,2.0,0.0,13036.0,1054.5402384500744,1022.0041868664609,0.0,0.0
1.0,1.0,2.0,0.0,0.0,18572.0,0.0,5.0,28.379682679594534,0.0,0.0,2.0,0.0,13036.0,1054.5402384500744,1022.0041868664609,1.0,1.0
0.0,4.0,2.0,0.0,29.136363636363637,22408.0,0.0,5.0,28.379682679594534,0.0,0.0,0.0,641.0,13036.0,702.7964490423599,1022.0041868664609,1.0,1.0
0.0,0.0,2.0,0.0,0.68,18572.0,17.0,5.0,28.379682679594534,0.0,0.0,0.0,17.0,13036.0,702.7964490423599,1022.0041868664609,1.0,1.0
0.0,6.0,2.0,0.0,23.96,13902.0,0.0,5.0,28.379682679594534,0.0,0.0,0.0,599.0,13036.0,702.7964490423599,1022.0041868664609,0.0,0.0
1.0,0.0,1.0,0.0,0.0,22408.0,0.0,1.0,33.30937773882559,0.0,0.0,1.0,0.0,19844.0,3425.2754548356206,2969.692375109553,0.0,0.0
0.0,1.0,2.0,33.0,43.875,18572.0,1020.0,5.0,28.379682679594534,1010.0,10.0,0.0,1053.0,13036.0,702.7964490423599,1022.0041868664609,1.0,1.0
1.0,4.0,0.0,0.0,0.0,18572.0,0.0,5.0,28.379682679594534,0.0,0.0,2.0,0.0,13036.0,1054.5402384500744,1022.0041868664609,1.0,1.0
0.0,0.0,2.0,187.0,78.18518518518519,22408.0,1924.0,5.0,28.379682679594534,620.0,0.0,0.0,2111.0,13036.0,702.7964490423599,1022.0041868664609,0.0,0.0
1.0,1.0,2.0,0.0,0.0,22408.0,0.0,5.0,28.379682679594534,0.0,0.0,2.0,0.0,13036.0,1054.5402384500744,1022.0041868664609,1.0,1.0
1.0,0.0,6.0,0.0,0.0,18572.0,0.0,1.0,33.30937773882559,0.0,0.0,1.0,0.0,19844.0,3425.2754548356206,2969.692375109553,1.0,1.0
1.0,4.0,1.0,0.0,0.0,18572.0,0.0,6.0,24.07696376619942,0.0,0.0,0.0,0.0,5577.0,702.7964490423599,377.89394340121663,0.0,0.0
1.0,0.0,3.0,0.0,0.0,18572.0,0.0,3.0,33.37777777777778,0.0,0.0,1.0,0.0,13995.0,3425.2754548356206,2327.0472222222224,1.0,1.0
0.0,0.0,3.0,270.0,182.3846153846154,18572.0,3512.0,2.0,34.472776769509984,0.0,2.0,1.0,7113.0,22408.0,3425.2754548356206,4009.0916515426497,0.0,0.0
1.0,0.0,3.0,0.0,0.0,13902.0,0.0,6.0,24.07696376619942,0.0,0.0,0.0,0.0,5577.0,702.7964490423599,377.89394340121663,1.0,1.0
0.0,1.0,3.0,802.0,60.46875,18572.0,1133.0,5.0,28.379682679594534,1062.0,71.0,0.0,1935.0,13036.0,702.7964490423599,1022.0041868664609,1.0,1.0
1.0,3.0,2.0,0.0,0.0,18572.0,0.0,6.0,24.07696376619942,0.0,0.0,0.0,0.0,5577.0,702.7964490423599,377.89394340121663,1.0,1.0
0.0,0.0,3.0,0.0,94.29411764705883,22408.0,3168.0,0.0,35.240112994350284,0.0,1.0,1.0,3206.0,11001.0,3425.2754548356206,3367.04802259887,0.0,0.0
0.0,2.0,2.0,0.0,27.72,18572.0,673.0,5.0,28.379682679594534,0.0,14.0,0.0,693.0,13036.0,702.7964490423599,1022.0041868664609,0.0,0.0
1.0,0.0,3.0,0.0,0.0,22408.0,0.0,1.0,33.30937773882559,0.0,0.0,1.0,0.0,19844.0,3425.2754548356206,2969.692375109553,0.0,0.0
0.0,0.0,4.0,0.0,196.4878048780488,22408.0,6666.0,2.0,34.472776769509984,82.0,347.0,1.0,8056.0,22408.0,3425.2754548356206,4009.0916515426497,1.0,1.0
1.0,1.0,1.0,0.0,0.0,13902.0,0.0,6.0,24.07696376619942,0.0,0.0,0.0,0.0,5577.0,702.7964490423599,377.89394340121663,1.0,1.0
0.0,2.0,4.0,9.0,38.77272727272727,18572.0,358.0,6.0,24.07696376619942,63.0,253.0,0.0,1706.0,5577.0,702.7964490423599,377.89394340121663,1.0,1.0
0.0,1.0,2.0,659.0,32.73913043478261,22408.0,94.0,6.0,24.07696376619942,0.0,94.0,0.0,753.0,5577.0,702.7964490423599,377.89394340121663,0.0,0.0
1.0,-1.0,1.0,0.0,0.0,22408.0,0.0,5.0,28.379682679594534,0.0,0.0,0.0,0.0,13036.0,702.7964490423599,1022.0041868664609,1.0,1.0
1.0,0.0,0.0,0.0,0.0,18572.0,0.0,6.0,24.07696376619942,0.0,0.0,0.0,0.0,5577.0,702.7964490423599,377.89394340121663,0.0,0.0
0.0,3.0,0.0,0.0,0.0,22408.0,0.0,6.0,24.07696376619942,0.0,0.0,0.0,0.0,5577.0,702.7964490423599,377.89394340121663,1.0,1.0
0.0,0.0,2.0,136.0,74.25925925925925,18572.0,1869.0,5.0,28.379682679594534,1869.0,0.0,0.0,2005.0,13036.0,702.7964490423599,1022.0041868664609,0.0,0.0
0.0,3.0,3.0,43.0,21.975,18572.0,660.0,5.0,28.379682679594534,0.0,660.0,0.0,879.0,13036.0,702.7964490423599,1022.0041868664609,1.0,1.0
0.0,0.0,0.0,0.0,0.0,18572.0,0.0,1.0,33.30937773882559,0.0,0.0,1.0,0.0,19844.0,3425.2754548356206,2969.692375109553,1.0,1.0
0.0,0.0,5.0,3.0,9.142857142857142,18572.0,412.0,6.0,24.07696376619942,412.0,0.0,0.0,512.0,5577.0,702.7964490423599,377.89394340121663,1.0,1.0
1.0,0.0,3.0,0.0,0.0,18572.0,0.0,6.0,24.07696376619942,0.0,0.0,0.0,0.0,5577.0,702.7964490423599,377.89394340121663,0.0,0.0
0.0,3.0,2.0,0.0,27.7,18572.0,286.0,5.0,28.379682679594534,286.0,0.0,0.0,831.0,13036.0,702.7964490423599,1022.0041868664609,1.0,1.0
0.0,4.0,2.0,2076.0,99.27272727272727,18572.0,77.0,5.0,28.379682679594534,0.0,77.0,0.0,2184.0,13036.0,702.7964490423599,1022.0041868664609,1.0,1.0
1.0,3.0,2.0,0.0,0.0,18572.0,0.0,6.0,24.07696376619942,0.0,0.0,0.0,0.0,5577.0,702.7964490423599,377.89394340121663,1.0,1.0
0.0,4.0,1.0,9.0,60.0625,13902.0,952.0,5.0,28.379682679594534,0.0,0.0,0.0,961.0,13036.0,702.7964490423599,1022.0041868664609,1.0,1.0
0.0,2.0,2.0,1.0,26.5,18572.0,542.0,5.0,28.379682679594534,0.0,0.0,0.0,636.0,13036.0,702.7964490423599,1022.0041868664609,1.0,1.0
0.0,-1.0,2.0,5.0,275.04,18572.0,3950.0,5.0,28.379682679594534,0.0,795.0,1.0,6876.0,13036.0,3425.2754548356206,1022.0041868664609,1.0,1.0
1.0,0.0,2.0,0.0,0.0,18572.0,0.0,2.0,34.472776769509984,0.0,0.0,1.0,0.0,22408.0,3425.2754548356206,4009.0916515426497,0.0,0.0
0.0,0.0,4.0,0.0,208.93617021276594,22408.0,2619.0,1.0,33.30937773882559,0.0,32.0,1.0,9820.0,19844.0,3425.2754548356206,2969.692375109553,0.0,0.0
0.0,-1.0,4.0,0.0,88.70212765957447,18572.0,313.0,5.0,28.379682679594534,0.0,1.0,1.0,4169.0,13036.0,3425.2754548356206,1022.0041868664609,1.0,1.0
1.0,0.0,1.0,0.0,0.0,22408.0,0.0,2.0,34.472776769509984,0.0,0.0,1.0,0.0,22408.0,3425.2754548356206,4009.0916515426497,1.0,1.0
1.0,0.0,2.0,0.0,0.0,18572.0,0.0,2.0,34.472776769509984,0.0,0.0,1.0,0.0,22408.0,3425.2754548356206,4009.0916515426497,1.0,1.0
0.0,0.0,3.0,0.0,132.27272727272728,22408.0,189.0,0.0,35.240112994350284,0.0,183.0,1.0,4365.0,11001.0,3425.2754548356206,3367.04802259887,1.0,1.0
1.0,0.0,6.0,0.0,0.0,18572.0,0.0,6.0,24.07696376619942,0.0,0.0,0.0,0.0,5577.0,702.7964490423599,377.89394340121663,0.0,0.0
0.0,0.0,2.0,0.0,395.3448275862069,22408.0,3213.0,0.0,35.240112994350284,5.0,181.0,1.0,11465.0,11001.0,3425.2754548356206,3367.04802259887,1.0,1.0
0.0,4.0,1.0,1.0,130.2,18572.0,2603.0,5.0,28.379682679594534,1962.0,641.0,2.0,2604.0,13036.0,1054.5402384500744,1022.0041868664609,0.0,0.0
0.0,-1.0,5.0,0.0,87.25,18572.0,2588.0,5.0,28.379682679594534,0.0,2549.0,1.0,4537.0,13036.0,3425.2754548356206,1022.0041868664609,1.0,1.0
1.0,3.0,0.0,0.0,0.0,18572.0,0.0,6.0,24.07696376619942,0.0,0.0,0.0,0.0,5577.0,702.7964490423599,377.89394340121663,0.0,0.0
0.0,1.0,2.0,851.0,37.88461538461539,22408.0,122.0,4.0,30.218442932728646,0.0,19.0,0.0,985.0,15586.0,702.7964490423599,1347.9055177626606,1.0,1.0
0.0,1.0,3.0,0.0,5.7894736842105265,18572.0,219.0,5.0,28.379682679594534,0.0,219.0,0.0,220.0,13036.0,702.7964490423599,1022.0041868664609,0.0,0.0
0.0,4.0,1.0,27.0,47.78947368421053,18572.0,59.0,6.0,24.07696376619942,13.0,0.0,0.0,908.0,5577.0,702.7964490423599,377.89394340121663,1.0,1.0
0.0,2.0,2.0,0.0,25.035714285714285,22408.0,71.0,5.0,28.379682679594534,0.0,71.0,0.0,701.0,13036.0,702.7964490423599,1022.0041868664609,1.0,1.0
1.0,0.0,0.0,0.0,0.0,18572.0,0.0,2.0,34.472776769509984,0.0,0.0,1.0,0.0,22408.0,3425.2754548356206,4009.0916515426497,0.0,0.0
0.0,1.0,2.0,40.0,37.42857142857143,18572.0,997.0,4.0,30.218442932728646,279.0,718.0,2.0,1048.0,15586.0,1054.5402384500744,1347.9055177626606,0.0,0.0
1.0,4.0,1.0,0.0,0.0,13902.0,0.0,6.0,24.07696376619942,0.0,0.0,0.0,0.0,5577.0,702.7964490423599,377.89394340121663,0.0,0.0
0.0,0.0,3.0,0.0,192.81578947368422,18572.0,1174.0,5.0,28.379682679594534,328.0,26.0,2.0,7327.0,13036.0,1054.5402384500744,1022.0041868664609,1.0,1.0
0.0,0.0,2.0,69.0,47.77272727272727,18572.0,980.0,3.0,33.37777777777778,980.0,0.0,2.0,1051.0,13995.0,1054.5402384500744,2327.0472222222224,0.0,0.0
0.0,0.0,4.0,2.0,408.57142857142856,22408.0,4349.0,0.0,35.240112994350284,0.0,2835.0,1.0,17160.0,11001.0,3425.2754548356206,3367.04802259887,0.0,0.0
1.0,2.0,0.0,0.0,0.0,22408.0,0.0,6.0,24.07696376619942,0.0,0.0,0.0,0.0,5577.0,702.7964490423599,377.89394340121663,1.0,1.0
0.0,0.0,2.0,398.0,32.833333333333336,18572.0,390.0,4.0,30.218442932728646,382.0,8.0,0.0,788.0,15586.0,702.7964490423599,1347.9055177626606,0.0,0.0
1.0,0.0,2.0,0.0,0.0,13902.0,0.0,6.0,24.07696376619942,0.0,0.0,0.0,0.0,5577.0,702.7964490423599,377.89394340121663,0.0,0.0
1.0,0.0,4.0,0.0,0.0,22408.0,0.0,1.0,33.30937773882559,0.0,0.0,1.0,0.0,19844.0,3425.2754548356206,2969.692375109553,0.0,0.0
1.0,5.0,1.0,0.0,0.0,18572.0,0.0,5.0,28.379682679594534,0.0,0.0,2.0,0.0,13036.0,1054.5402384500744,1022.0041868664609,0.0,0.0
1.0,0.0,2.0,0.0,0.0,22408.0,0.0,1.0,33.30937773882559,0.0,0.0,1.0,0.0,19844.0,3425.2754548356206,2969.692375109553,0.0,0.0
0.0,1.0,2.0,0.0,136.92592592592592,22408.0,2617.0,4.0,30.218442932728646,606.0,2011.0,1.0,3697.0,15586.0,3425.2754548356206,1347.9055177626606,1.0,1.0
1.0,5.0,1.0,0.0,0.0,18572.0,0.0,5.0,28.379682679594534,0.0,0.0,2.0,0.0,13036.0,1054.5402384500744,1022.0041868664609,0.0,0.0
0.0,2.0,1.0,1513.0,79.73684210526316,13902.0,0.0,5.0,28.379682679594534,0.0,0.0,0.0,1515.0,13036.0,702.7964490423599,1022.0041868664609,1.0,1.0
0.0,3.0,2.0,0.0,30.708333333333332,18572.0,716.0,5.0,28.379682679594534,0.0,0.0,0.0,737.0,13036.0,702.7964490423599,1022.0041868664609,1.0,1.0
1.0,1.0,2.0,0.0,0.0,18572.0,0.0,5.0,28.379682679594534,0.0,0.0,2.0,0.0,13036.0,1054.5402384500744,1022.0041868664609,0.0,0.0
1.0,1.0,3.0,0.0,0.0,18572.0,0.0,6.0,24.07696376619942,0.0,0.0,0.0,0.0,5577.0,702.7964490423599,377.89394340121663,1.0,1.0
0.0,1.0,2.0,148.0,29.185185185185187,18572.0,640.0,4.0,30.218442932728646,0.0,551.0,0.0,788.0,15586.0,702.7964490423599,1347.9055177626606,1.0,1.0
1.0,0.0,4.0,0.0,0.0,18572.0,0.0,5.0,28.379682679594534,0.0,0.0,2.0,0.0,13036.0,1054.5402384500744,1022.0041868664609,1.0,1.0
0.0,5.0,3.0,80.0,29.473684210526315,18572.0,1040.0,5.0,28.379682679594534,1000.0,40.0,2.0,1120.0,13036.0,1054.5402384500744,1022.0041868664609,0.0,0.0
0.0,0.0,5.0,0.0,88.91228070175438,18572.0,3942.0,1.0,33.30937773882559,679.0,33.0,1.0,5068.0,19844.0,3425.2754548356206,2969.692375109553,1.0,1.0
0.0,5.0,2.0,14.0,63.36,18572.0,1570.0,5.0,28.379682679594534,1405.0,2.0,0.0,1584.0,13036.0,702.7964490423599,1022.0041868664609,0.0,0.0
0.0,2.0,2.0,600.0,29.318181818181817,18572.0,11.0,5.0,28.379682679594534,3.0,0.0,0.0,645.0,13036.0,702.7964490423599,1022.0041868664609,0.0,0.0
1.0,0.0,6.0,0.0,0.0,22408.0,0.0,2.0,34.472776769509984,0.0,0.0,1.0,0.0,22408.0,3425.2754548356206,4009.0916515426497,1.0,1.0
0.0,0.0,4.0,1.0,55.41860465116279,18572.0,2378.0,3.0,33.37777777777778,913.0,1465.0,2.0,2383.0,13995.0,1054.5402384500744,2327.0472222222224,1.0,1.0
0.0,1.0,2.0,0.0,35.63636363636363,18572.0,784.0,6.0,24.07696376619942,0.0,646.0,0.0,784.0,5577.0,702.7964490423599,377.89394340121663,1.0,1.0
0.0,0.0,3.0,256.0,53.03030303030303,18572.0,1494.0,5.0,28.379682679594534,56.0,1438.0,2.0,1750.0,13036.0,1054.5402384500744,1022.0041868664609,1.0,1.0
1.0,1.0,2.0,0.0,0.0,18572.0,0.0,4.0,30.218442932728646,0.0,0.0,2.0,0.0,15586.0,1054.5402384500744,1347.9055177626606,1.0,1.0
0.0,0.0,2.0,677.0,30.954545454545453,13902.0,4.0,4.0,30.218442932728646,0.0,4.0,0.0,681.0,15586.0,702.7964490423599,1347.9055177626606,0.0,0.0
1.0,0.0,1.0,0.0,0.0,18572.0,0.0,1.0,33.30937773882559,0.0,0.0,1.0,0.0,19844.0,3425.2754548356206,2969.692375109553,1.0,1.0
0.0,4.0,4.0,0.0,21.61904761904762,18572.0,908.0,6.0,24.07696376619942,0.0,0.0,0.0,908.0,5577.0,702.7964490423599,377.89394340121663,0.0,0.0
1.0,2.0,1.0,0.0,0.0,13902.0,0.0,6.0,24.07696376619942,0.0,0.0,0.0,0.0,5577.0,702.7964490423599,377.89394340121663,1.0,1.0
0.0,2.0,1.0,1769.0,94.3157894736842,18572.0,21.0,6.0,24.07696376619942,18.0,1.0,0.0,1792.0,5577.0,702.7964490423599,377.89394340121663,0.0,0.0
1.0,0.0,1.0,0.0,0.0,18572.0,0.0,6.0,24.07696376619942,0.0,0.0,0.0,0.0,5577.0,702.7964490423599,377.89394340121663,0.0,0.0
1.0,5.0,2.0,0.0,0.0,18572.0,0.0,5.0,28.379682679594534,0.0,0.0,2.0,0.0,13036.0,1054.5402384500744,1022.0041868664609,1.0,1.0
0.0,1.0,3.0,68.0,48.84375,18572.0,6.0,4.0,30.218442932728646,0.0,6.0,0.0,1563.0,15586.0,702.7964490423599,1347.9055177626606,0.0,0.0
0.0,0.0,4.0,0.0,213.36363636363637,18572.0,580.0,1.0,33.30937773882559,0.0,580.0,1.0,9388.0,19844.0,3425.2754548356206,2969.692375109553,0.0,0.0
0.0,3.0,2.0,129.0,4.448275862068965,18572.0,0.0,5.0,28.379682679594534,0.0,0.0,2.0,129.0,13036.0,1054.5402384500744,1022.0041868664609,1.0,1.0
1.0,-1.0,3.0,0.0,0.0,22408.0,0.0,5.0,28.379682679594534,0.0,0.0,1.0,0.0,13036.0,3425.2754548356206,1022.0041868664609,1.0,1.0
0.0,4.0,3.0,0.0,0.0,18572.0,0.0,6.0,24.07696376619942,0.0,0.0,0.0,0.0,5577.0,702.7964490423599,377.89394340121663,1.0,1.0
1.0,0.0,3.0,0.0,0.0,18572.0,0.0,1.0,33.30937773882559,0.0,0.0,1.0,0.0,19844.0,3425.2754548356206,2969.692375109553,0.0,0.0
0.0,0.0,4.0,761.0,105.1951219512195,18572.0,44.0,2.0,34.472776769509984,0.0,12.0,1.0,4313.0,22408.0,3425.2754548356206,4009.0916515426497,0.0,0.0
0.0,4.0,3.0,0.0,26.322580645161292,13902.0,0.0,6.0,24.07696376619942,0.0,0.0,0.0,816.0,5577.0,702.7964490423599,377.89394340121663,1.0,1.0
1.0,0.0,3.0,0.0,0.0,18572.0,0.0,5.0,28.379682679594534,0.0,0.0,2.0,0.0,13036.0,1054.5402384500744,1022.0041868664609,0.0,0.0
0.0,1.0,1.0,128.0,67.4375,18572.0,0.0,5.0,28.379682679594534,0.0,0.0,0.0,1079.0,13036.0,702.7964490423599,1022.0041868664609,0.0,0.0
0.0,1.0,2.0,363.0,34.96666666666667,18572.0,456.0,4.0,30.218442932728646,456.0,0.0,2.0,1049.0,15586.0,1054.5402384500744,1347.9055177626606,1.0,1.0
1.0,0.0,3.0,0.0,0.0,13902.0,0.0,6.0,24.07696376619942,0.0,0.0,0.0,0.0,5577.0,702.7964490423599,377.89394340121663,1.0,1.0
1.0,4.0,0.0,0.0,0.0,18572.0,0.0,6.0,24.07696376619942,0.0,0.0,0.0,0.0,5577.0,702.7964490423599,377.89394340121663,1.0,1.0
1.0,0.0,2.0,0.0,0.0,22408.0,0.0,1.0,33.30937773882559,0.0,0.0,1.0,0.0,19844.0,3425.2754548356206,2969.692375109553,0.0,0.0
0.0,2.0,1.0,99.0,133.75,18572.0,2041.0,5.0,28.379682679594534,10.0,0.0,0.0,2140.0,13036.0,702.7964490423599,1022.0041868664609,1.0,1.0
0.0,0.0,1.0,27.0,37.85,18572.0,730.0,5.0,28.379682679594534,0.0,53.0,0.0,757.0,13036.0,702.7964490423599,1022.0041868664609,1.0,1.0
0.0,0.0,2.0,0.0,241.20689655172413,18572.0,74.0,0.0,35.240112994350284,0.0,29.0,1.0,6995.0,11001.0,3425.2754548356206,3367.04802259887,0.0,0.0
0.0,1.0,2.0,0.0,22.64,22408.0,566.0,5.0,28.379682679594534,1.0,318.0,0.0,566.0,13036.0,702.7964490423599,1022.0041868664609,1.0,1.0
0.0,6.0,2.0,381.0,69.72,18572.0,1362.0,5.0,28.379682679594534,1186.0,3.0,0.0,1743.0,13036.0,702.7964490423599,1022.0041868664609,0.0,0.0
1.0,0.0,4.0,0.0,0.0,22408.0,0.0,1.0,33.30937773882559,0.0,0.0,1.0,0.0,19844.0,3425.2754548356206,2969.692375109553,1.0,1.0
0.0,0.0,3.0,10.0,22.7,18572.0,898.0,6.0,24.07696376619942,0.0,898.0,0.0,908.0,5577.0,702.7964490423599,377.89394340121663,0.0,0.0
0.0,1.0,1.0,0.0,137.875,18572.0,2197.0,4.0,30.218442932728646,890.0,1250.0,2.0,2206.0,15586.0,1054.5402384500744,1347.9055177626606,0.0,0.0
1.0,2.0,1.0,0.0,0.0,18572.0,0.0,6.0,24.07696376619942,0.0,0.0,0.0,0.0,5577.0,702.7964490423599,377.89394340121663,0.0,0.0
1.0,5.0,2.0,0.0,0.0,18572.0,0.0,5.0,28.379682679594534,0.0,0.0,2.0,0.0,13036.0,1054.5402384500744,1022.0041868664609,0.0,0.0
0.0,5.0,2.0,1908.0,93.875,22408.0,319.0,5.0,28.379682679594534,1.0,318.0,0.0,2253.0,13036.0,702.7964490423599,1022.0041868664609,0.0,0.0
0.0,1.0,4.0,0.0,27.65909090909091,18572.0,1217.0,5.0,28.379682679594534,0.0,1200.0,0.0,1217.0,13036.0,702.7964490423599,1022.0041868664609,0.0,0.0
0.0,2.0,2.0,4.0,32.25,13902.0,632.0,6.0,24.07696376619942,0.0,412.0,0.0,774.0,5577.0,702.7964490423599,377.89394340121663,0.0,0.0
0.0,1.0,4.0,0.0,36.714285714285715,18572.0,5.0,6.0,24.07696376619942,0.0,0.0,0.0,1799.0,5577.0,702.7964490423599,377.89394340121663,0.0,0.0
0.0,0.0,0.0,0.0,0.0,18572.0,0.0,5.0,28.379682679594534,0.0,0.0,2.0,0.0,13036.0,1054.5402384500744,1022.0041868664609,0.0,0.0
1.0,-1.0,2.0,0.0,0.0,18572.0,0.0,5.0,28.379682679594534,0.0,0.0,2.0,0.0,13036.0,1054.5402384500744,1022.0041868664609,1.0,1.0
0.0,3.0,2.0,708.0,38.523809523809526,18572.0,101.0,5.0,28.379682679594534,0.0,101.0,0.0,809.0,13036.0,702.7964490423599,1022.0041868664609,0.0,0.0
1.0,4.0,3.0,0.0,0.0,13902.0,0.0,6.0,24.07696376619942,0.0,0.0,0.0,0.0,5577.0,702.7964490423599,377.89394340121663,0.0,0.0
0.0,0.0,3.0,183.0,46.645161290322584,18572.0,91.0,0.0,35.240112994350284,0.0,91.0,1.0,1446.0,11001.0,3425.2754548356206,3367.04802259887,1.0,1.0
0.0,0.0,1.0,0.0,143.33333333333334,18572.0,2150.0,5.0,28.379682679594534,0.0,2143.0,0.0,2150.0,13036.0,702.7964490423599,1022.0041868664609,0.0,0.0
1.0,1.0,1.0,0.0,0.0,18572.0,0.0,1.0,33.30937773882559,0.0,0.0,1.0,0.0,19844.0,3425.2754548356206,2969.692375109553,1.0,1.0
1.0,4.0,1.0,0.0,0.0,22408.0,0.0,6.0,24.07696376619942,0.0,0.0,0.0,0.0,5577.0,702.7964490423599,377.89394340121663,0.0,0.0
1.0,3.0,5.0,0.0,0.0,18572.0,0.0,6.0,24.07696376619942,0.0,0.0,0.0,0.0,5577.0,702.7964490423599,377.89394340121663,1.0,1.0
1.0,1.0,4.0,0.0,0.0,18572.0,0.0,2.0,34.472776769509984,0.0,0.0,1.0,0.0,22408.0,3425.2754548356206,4009.0916515426497,1.0,1.0
0.0,0.0,1.0,260.0,112.3157894736842,22408.0,1874.0,4.0,30.218442932728646,1874.0,0.0,2.0,2134.0,15586.0,1054.5402384500744,1347.9055177626606,1.0,1.0
0.0,0.0,2.0,2.0,37.42857142857143,18572.0,1046.0,4.0,30.218442932728646,793.0,253.0,2.0,1048.0,15586.0,1054.5402384500744,1347.9055177626606,1.0,1.0
0.0,1.0,5.0,0.0,0.0,18572.0,0.0,5.0,28.379682679594534,0.0,0.0,0.0,0.0,13036.0,702.7964490423599,1022.0041868664609,1.0,1.0
0.0,1.0,2.0,693.0,42.81481481481482,18572.0,463.0,5.0,28.379682679594534,401.0,62.0,0.0,1156.0,13036.0,702.7964490423599,1022.0041868664609,1.0,1.0
1.0,3.0,1.0,0.0,0.0,18572.0,0.0,6.0,24.07696376619942,0.0,0.0,0.0,0.0,5577.0,702.7964490423599,377.89394340121663,0.0,0.0
0.0,3.0,2.0,321.0,35.0,18572.0,90.0,5.0,28.379682679594534,0.0,0.0,0.0,875.0,13036.0,702.7964490423599,1022.0041868664609,1.0,1.0
0.0,3.0,2.0,159.0,12.25,18572.0,125.0,5.0,28.379682679594534,0.0,0.0,0.0,294.0,13036.0,702.7964490423599,1022.0041868664609,0.0,0.0
0.0,0.0,3.0,0.0,155.16129032258064,18572.0,3734.0,4.0,30.218442932728646,0.0,3725.0,1.0,4810.0,15586.0,3425.2754548356206,1347.9055177626606,0.0,0.0
1.0,0.0,5.0,0.0,0.0,18572.0,0.0,2.0,34.472776769509984,0.0,0.0,1.0,0.0,22408.0,3425.2754548356206,4009.0916515426497,1.0,1.0
0.0,0.0,4.0,118.0,70.11363636363636,18572.0,1856.0,2.0,34.472776769509984,4.0,1852.0,1.0,3085.0,22408.0,3425.2754548356206,4009.0916515426497,0.0,0.0
0.0,0.0,5.0,0.0,105.1,18572.0,4096.0,3.0,33.37777777777778,0.0,4085.0,1.0,6306.0,13995.0,3425.2754548356206,2327.0472222222224,0.0,0.0
1.0,0.0,3.0,0.0,0.0,18572.0,0.0,4.0,30.218442932728646,0.0,0.0,2.0,0.0,15586.0,1054.5402384500744,1347.9055177626606,1.0,1.0
0.0,0.0,2.0,0.0,60.56666666666667,18572.0,409.0,0.0,35.240112994350284,0.0,408.0,1.0,1817.0,11001.0,3425.2754548356206,3367.04802259887,1.0,1.0
0.0,6.0,2.0,0.0,69.10344827586206,18572.0,1961.0,5.0,28.379682679594534,1954.0,0.0,0.0,2004.0,13036.0,702.7964490423599,1022.0041868664609,0.0,0.0
1.0,3.0,2.0,0.0,0.0,22408.0,0.0,6.0,24.07696376619942,0.0,0.0,0.0,0.0,5577.0,702.7964490423599,377.89394340121663,1.0,1.0
0.0,0.0,5.0,0.0,89.96078431372548,18572.0,1904.0,2.0,34.472776769509984,0.0,153.0,1.0,4588.0,22408.0,3425.2754548356206,4009.0916515426497,0.0,0.0
0.0,2.0,4.0,39.0,10.204081632653061,18572.0,461.0,6.0,24.07696376619942,456.0,0.0,0.0,500.0,5577.0,702.7964490423599,377.89394340121663,0.0,0.0
0.0,-1.0,3.0,0.0,271.27777777777777,22408.0,9466.0,5.0,28.379682679594534,8030.0,0.0,1.0,9766.0,13036.0,3425.2754548356206,1022.0041868664609,1.0,1.0
1.0,4.0,4.0,0.0,0.0,18572.0,0.0,5.0,28.379682679594534,0.0,0.0,2.0,0.0,13036.0,1054.5402384500744,1022.0041868664609,0.0,0.0
1.0,3.0,2.0,0.0,0.0,22408.0,0.0,5.0,28.379682679594534,0.0,0.0,2.0,0.0,13036.0,1054.5402384500744,1022.0041868664609,0.0,0.0
0.0,0.0,4.0,298.0,146.36,18572.0,3029.0,1.0,33.30937773882559,0.0,289.0,1.0,7318.0,19844.0,3425.2754548356206,2969.692375109553,0.0,0.0
1.0,0.0,4.0,0.0,0.0,22408.0,0.0,6.0,24.07696376619942,0.0,0.0,0.0,0.0,5577.0,702.7964490423599,377.89394340121663,0.0,0.0
1.0,5.0,2.0,0.0,0.0,18572.0,0.0,5.0,28.379682679594534,0.0,0.0,2.0,0.0,13036.0,1054.5402384500744,1022.0041868664609,1.0,1.0
0.0,0.0,3.0,130.0,208.8918918918919,22408.0,2046.0,2.0,34.472776769509984,828.0,47.0,1.0,7729.0,22408.0,3425.2754548356206,4009.0916515426497,1.0,1.0
0.0,1.0,3.0,29.0,63.09090909090909,18572.0,684.0,4.0,30.218442932728646,0.0,662.0,1.0,2082.0,15586.0,3425.2754548356206,1347.9055177626606,0.0,0.0
0.0,0.0,3.0,0.0,73.26470588235294,18572.0,2094.0,1.0,33.30937773882559,0.0,1249.0,1.0,2491.0,19844.0,3425.2754548356206,2969.692375109553,1.0,1.0
1.0,1.0,2.0,0.0,0.0,18572.0,0.0,5.0,28.379682679594534,0.0,0.0,2.0,0.0,13036.0,1054.5402384500744,1022.0041868664609,0.0,0.0
0.0,0.0,2.0,170.0,83.76190476190476,18572.0,1589.0,5.0,28.379682679594534,457.0,1132.0,2.0,1759.0,13036.0,1054.5402384500744,1022.0041868664609,0.0,0.0
0.0,2.0,2.0,7.0,26.571428571428573,18572.0,551.0,5.0,28.379682679594534,2.0,2.0,0.0,558.0,13036.0,702.7964490423599,1022.0041868664609,0.0,0.0
1.0,0.0,5.0,0.0,0.0,22408.0,0.0,1.0,33.30937773882559,0.0,0.0,1.0,0.0,19844.0,3425.2754548356206,2969.692375109553,1.0,1.0
0.0,0.0,2.0,0.0,108.9047619047619,18572.0,1470.0,4.0,30.218442932728646,13.0,1435.0,1.0,2287.0,15586.0,3425.2754548356206,1347.9055177626606,1.0,1.0
0.0,0.0,3.0,0.0,226.47368421052633,18572.0,1334.0,1.0,33.30937773882559,2.0,50.0,1.0,8606.0,19844.0,3425.2754548356206,2969.692375109553,0.0,0.0
0.0,2.0,4.0,0.0,14.142857142857142,18572.0,693.0,6.0,24.07696376619942,396.0,0.0,0.0,693.0,5577.0,702.7964490423599,377.89394340121663,0.0,0.0
1.0,3.0,2.0,0.0,0.0,18572.0,0.0,6.0,24.07696376619942,0.0,0.0,0.0,0.0,5577.0,702.7964490423599,377.89394340121663,0.0,0.0
1.0,0.0,4.0,0.0,0.0,18572.0,0.0,5.0,28.379682679594534,0.0,0.0,2.0,0.0,13036.0,1054.5402384500744,1022.0041868664609,1.0,1.0
0.0,-1.0,4.0,668.0,15.976190476190476,18572.0,3.0,5.0,28.379682679594534,3.0,0.0,0.0,671.0,13036.0,702.7964490423599,1022.0041868664609,1.0,1.0
0.0,2.0,1.0,0.0,38.578947368421055,18572.0,0.0,5.0,28.379682679594534,0.0,0.0,0.0,733.0,13036.0,702.7964490423599,1022.0041868664609,0.0,0.0
1.0,0.0,3.0,0.0,0.0,22408.0,0.0,1.0,33.30937773882559,0.0,0.0,0.0,0.0,19844.0,702.7964490423599,2969.692375109553,0.0,0.0
0.0,0.0,4.0,87.0,54.16326530612245,22408.0,30.0,1.0,33.30937773882559,0.0,17.0,1.0,2654.0,19844.0,3425.2754548356206,2969.692375109553,1.0,1.0
0.0,0.0,3.0,2820.0,98.74358974358974,18572.0,244.0,3.0,33.37777777777778,158.0,0.0,1.0,3851.0,13995.0,3425.2754548356206,2327.0472222222224,1.0,1.0
1.0,0.0,1.0,0.0,0.0,22408.0,0.0,6.0,24.07696376619942,0.0,0.0,0.0,0.0,5577.0,702.7964490423599,377.89394340121663,0.0,0.0
0.0,0.0,0.0,0.0,0.0,18572.0,0.0,6.0,24.07696376619942,0.0,0.0,0.0,0.0,5577.0,702.7964490423599,377.89394340121663,0.0,0.0
1.0,4.0,2.0,0.0,0.0,13902.0,0.0,6.0,24.07696376619942,0.0,0.0,0.0,0.0,5577.0,702.7964490423599,377.89394340121663,0.0,0.0
1.0,0.0,0.0,0.0,0.0,22408.0,0.0,4.0,30.218442932728646,0.0,0.0,0.0,0.0,15586.0,702.7964490423599,1347.9055177626606,0.0,0.0
1.0,0.0,2.0,0.0,0.0,18572.0,0.0,6.0,24.07696376619942,0.0,0.0,0.0,0.0,5577.0,702.7964490423599,377.89394340121663,0.0,0.0
0.0,5.0,2.0,1.0,44.523809523809526,18572.0,934.0,5.0,28.379682679594534,227.0,0.0,0.0,935.0,13036.0,702.7964490423599,1022.0041868664609,0.0,0.0
0.0,0.0,3.0,23.0,53.75,22408.0,2127.0,4.0,30.218442932728646,2127.0,0.0,2.0,2150.0,15586.0,1054.5402384500744,1347.9055177626606,1.0,1.0
1.0,1.0,2.0,0.0,0.0,22408.0,0.0,1.0,33.30937773882559,0.0,0.0,1.0,0.0,19844.0,3425.2754548356206,2969.692375109553,1.0,1.0
1.0,4.0,0.0,0.0,0.0,18572.0,0.0,6.0,24.07696376619942,0.0,0.0,0.0,0.0,5577.0,702.7964490423599,377.89394340121663,1.0,1.0
1.0,1.0,3.0,0.0,0.0,18572.0,0.0,4.0,30.218442932728646,0.0,0.0,2.0,0.0,15586.0,1054.5402384500744,1347.9055177626606,0.0,0.0
0.0,0.0,2.0,575.0,185.5185185185185,22408.0,1047.0,1.0,33.30937773882559,286.0,213.0,1.0,5009.0,19844.0,3425.2754548356206,2969.692375109553,1.0,1.0
1.0,2.0,2.0,0.0,0.0,13902.0,0.0,6.0,24.07696376619942,0.0,0.0,0.0,0.0,5577.0,702.7964490423599,377.89394340121663,0.0,0.0
1.0,2.0,1.0,0.0,0.0,13902.0,0.0,6.0,24.07696376619942,0.0,0.0,0.0,0.0,5577.0,702.7964490423599,377.89394340121663,1.0,1.0
1.0,0.0,3.0,0.0,0.0,22408.0,0.0,2.0,34.472776769509984,0.0,0.0,1.0,0.0,22408.0,3425.2754548356206,4009.0916515426497,0.0,0.0
0.0,3.0,2.0,0.0,0.0,18572.0,0.0,6.0,24.07696376619942,0.0,0.0,0.0,0.0,5577.0,702.7964490423599,377.89394340121663,1.0,1.0
1.0,5.0,2.0,0.0,0.0,18572.0,0.0,5.0,28.379682679594534,0.0,0.0,2.0,0.0,13036.0,1054.5402384500744,1022.0041868664609,1.0,1.0
1.0,0.0,2.0,0.0,0.0,22408.0,0.0,2.0,34.472776769509984,0.0,0.0,1.0,0.0,22408.0,3425.2754548356206,4009.0916515426497,0.0,0.0
0.0,0.0,2.0,714.0,38.23076923076923,18572.0,0.0,3.0,33.37777777777778,0.0,0.0,2.0,994.0,13995.0,1054.5402384500744,2327.0472222222224,0.0,0.0
0.0,1.0,1.0,0.0,69.07142857142857,18572.0,963.0,5.0,28.379682679594534,412.0,0.0,0.0,967.0,13036.0,702.7964490423599,1022.0041868664609,0.0,0.0
0.0,4.0,3.0,0.0,38.13157894736842,18572.0,1445.0,5.0,28.379682679594534,1442.0,3.0,0.0,1449.0,13036.0,702.7964490423599,1022.0041868664609,1.0,1.0
0.0,0.0,5.0,0.0,18.814814814814813,18572.0,1016.0,6.0,24.07696376619942,1015.0,0.0,0.0,1016.0,5577.0,702.7964490423599,377.89394340121663,0.0,0.0
0.0,0.0,1.0,30.0,2.357142857142857,18572.0,2.0,4.0,30.218442932728646,2.0,0.0,0.0,33.0,15586.0,702.7964490423599,1347.9055177626606,1.0,1.0
1.0,2.0,1.0,0.0,0.0,22408.0,0.0,6.0,24.07696376619942,0.0,0.0,0.0,0.0,5577.0,702.7964490423599,377.89394340121663,0.0,0.0
0.0,0.0,1.0,12253.0,888.5,18572.0,86.0,1.0,33.30937773882559,0.0,6.0,1.0,12439.0,19844.0,3425.2754548356206,2969.692375109553,1.0,1.0
1.0,4.0,4.0,0.0,0.0,13902.0,0.0,6.0,24.07696376619942,0.0,0.0,0.0,0.0,5577.0,702.7964490423599,377.89394340121663,1.0,1.0
0.0,2.0,5.0,0.0,13.283018867924529,22408.0,0.0,5.0,28.379682679594534,0.0,0.0,0.0,704.0,13036.0,702.7964490423599,1022.0041868664609,1.0,1.0
1.0,3.0,3.0,0.0,0.0,13902.0,0.0,6.0,24.07696376619942,0.0,0.0,0.0,0.0,5577.0,702.7964490423599,377.89394340121663,0.0,0.0
1.0,5.0,5.0,0.0,0.0,22408.0,0.0,5.0,28.379682679594534,0.0,0.0,2.0,0.0,13036.0,1054.5402384500744,1022.0041868664609,1.0,1.0
1.0,3.0,1.0,0.0,0.0,13902.0,0.0,6.0,24.07696376619942,0.0,0.0,0.0,0.0,5577.0,702.7964490423599,377.89394340121663,0.0,0.0
0.0,0.0,5.0,0.0,350.6296296296296,18572.0,7382.0,2.0,34.472776769509984,50.0,2998.0,1.0,18934.0,22408.0,3425.2754548356206,4009.0916515426497,1.0,1.0
0.0,4.0,2.0,0.0,26.96153846153846,22408.0,101.0,5.0,28.379682679594534,76.0,0.0,0.0,701.0,13036.0,702.7964490423599,1022.0041868664609,0.0,0.0
0.0,3.0,1.0,0.0,111.38888888888889,18572.0,1182.0,5.0,28.379682679594534,0.0,1168.0,0.0,2005.0,13036.0,702.7964490423599,1022.0041868664609,0.0,0.0
0.0,1.0,3.0,70.0,18.31578947368421,18572.0,618.0,5.0,28.379682679594534,0.0,360.0,0.0,696.0,13036.0,702.7964490423599,1022.0041868664609,0.0,0.0
0.0,0.0,4.0,81.0,247.9047619047619,22408.0,3554.0,1.0,33.30937773882559,14.0,604.0,1.0,10412.0,19844.0,3425.2754548356206,2969.692375109553,0.0,0.0
1.0,2.0,0.0,0.0,0.0,22408.0,0.0,6.0,24.07696376619942,0.0,0.0,0.0,0.0,5577.0,702.7964490423599,377.89394340121663,1.0,1.0
0.0,0.0,4.0,473.0,37.1219512195122,18572.0,1049.0,4.0,30.218442932728646,813.0,236.0,0.0,1522.0,15586.0,702.7964490423599,1347.9055177626606,0.0,0.0
1.0,0.0,2.0,0.0,0.0,18572.0,0.0,6.0,24.07696376619942,0.0,0.0,0.0,0.0,5577.0,702.7964490423599,377.89394340121663,1.0,1.0
0.0,0.0,2.0,229.0,29.44,18572.0,507.0,5.0,28.379682679594534,0.0,502.0,0.0,736.0,13036.0,702.7964490423599,1022.0041868664609,0.0,0.0
0.0,4.0,3.0,291.0,21.5,18572.0,540.0,5.0,28.379682679594534,0.0,13.0,0.0,860.0,13036.0,702.7964490423599,1022.0041868664609,0.0,0.0
1.0,0.0,5.0,0.0,0.0,18572.0,0.0,1.0,33.30937773882559,0.0,0.0,1.0,0.0,19844.0,3425.2754548356206,2969.692375109553,0.0,0.0
0.0,0.0,3.0,0.0,156.3846153846154,22408.0,2643.0,2.0,34.472776769509984,0.0,1486.0,1.0,6099.0,22408.0,3425.2754548356206,4009.0916515426497,0.0,0.0
0.0,0.0,2.0,47.0,188.95454545454547,22408.0,4110.0,3.0,33.37777777777778,4027.0,83.0,2.0,4157.0,13995.0,1054.5402384500744,2327.0472222222224,0.0,0.0
1.0,3.0,0.0,0.0,0.0,13902.0,0.0,6.0,24.07696376619942,0.0,0.0,0.0,0.0,5577.0,702.7964490423599,377.89394340121663,1.0,1.0
0.0,1.0,1.0,875.0,54.875,18572.0,3.0,5.0,28.379682679594534,0.0,3.0,0.0,878.0,13036.0,702.7964490423599,1022.0041868664609,0.0,0.0
1.0,0.0,4.0,0.0,0.0,18572.0,0.0,3.0,33.37777777777778,0.0,0.0,2.0,0.0,13995.0,1054.5402384500744,2327.0472222222224,0.0,0.0
0.0,1.0,0.0,0.0,0.0,18572.0,0.0,5.0,28.379682679594534,0.0,0.0,2.0,0.0,13036.0,1054.5402384500744,1022.0041868664609,1.0,1.0
1.0,2.0,4.0,0.0,0.0,18572.0,0.0,6.0,24.07696376619942,0.0,0.0,0.0,0.0,5577.0,702.7964490423599,377.89394340121663,1.0,1.0
1.0,4.0,3.0,0.0,0.0,18572.0,0.0,6.0,24.07696376619942,0.0,0.0,0.0,0.0,5577.0,702.7964490423599,377.89394340121663,0.0,0.0
0.0,1.0,0.0,0.0,0.0,18572.0,0.0,6.0,24.07696376619942,0.0,0.0,0.0,0.0,5577.0,702.7964490423599,377.89394340121663,0.0,0.0
1.0,0.0,2.0,0.0,0.0,22408.0,0.0,2.0,34.472776769509984,0.0,0.0,1.0,0.0,22408.0,3425.2754548356206,4009.0916515426497,1.0,1.0
1.0,0.0,2.0,0.0,0.0,18572.0,0.0,1.0,33.30937773882559,0.0,0.0,1.0,0.0,19844.0,3425.2754548356206,2969.692375109553,1.0,1.0
0.0,4.0,3.0,5.0,31.29032258064516,18572.0,965.0,5.0,28.379682679594534,2.0,1.0,0.0,970.0,13036.0,702.7964490423599,1022.0041868664609,1.0,1.0
0.0,0.0,2.0,1.0,26.916666666666668,18572.0,645.0,5.0,28.379682679594534,139.0,152.0,0.0,646.0,13036.0,702.7964490423599,1022.0041868664609,1.0,1.0
0.0,2.0,5.0,796.0,22.11764705882353,18572.0,332.0,5.0,28.379682679594534,225.0,107.0,2.0,1128.0,13036.0,1054.5402384500744,1022.0041868664609,1.0,1.0
1.0,0.0,5.0,0.0,0.0,22408.0,0.0,2.0,34.472776769509984,0.0,0.0,1.0,0.0,22408.0,3425.2754548356206,4009.0916515426497,0.0,0.0
0.0,5.0,3.0,51.0,18.44736842105263,18572.0,93.0,5.0,28.379682679594534,10.0,83.0,0.0,701.0,13036.0,702.7964490423599,1022.0041868664609,1.0,1.0
1.0,4.0,3.0,0.0,0.0,22408.0,0.0,5.0,28.379682679594534,0.0,0.0,2.0,0.0,13036.0,1054.5402384500744,1022.0041868664609,1.0,1.0
0.0,0.0,3.0,0.0,545.975,18572.0,14723.0,1.0,33.30937773882559,0.0,13208.0,1.0,21839.0,19844.0,3425.2754548356206,2969.692375109553,0.0,0.0
0.0,4.0,2.0,0.0,32.09090909090909,18572.0,706.0,6.0,24.07696376619942,691.0,0.0,0.0,706.0,5577.0,702.7964490423599,377.89394340121663,1.0,1.0
0.0,0.0,1.0,0.0,111.66666666666667,18572.0,794.0,3.0,33.37777777777778,2.0,578.0,1.0,1675.0,13995.0,3425.2754548356206,2327.0472222222224,1.0,1.0
1.0,0.0,3.0,0.0,0.0,18572.0,0.0,1.0,33.30937773882559,0.0,0.0,1.0,0.0,19844.0,3425.2754548356206,2969.692375109553,0.0,0.0
1.0,0.0,2.0,0.0,0.0,18572.0,0.0,6.0,24.07696376619942,0.0,0.0,0.0,0.0,5577.0,702.7964490423599,377.89394340121663,0.0,0.0
0.0,1.0,3.0,1508.0,46.891891891891895,18572.0,227.0,5.0,28.379682679594534,0.0,110.0,0.0,1735.0,13036.0,702.7964490423599,1022.0041868664609,1.0,1.0
0.0,2.0,3.0,0.0,140.5151515151515,22408.0,3588.0,4.0,30.218442932728646,0.0,353.0,1.0,4637.0,15586.0,3425.2754548356206,1347.9055177626606,1.0,1.0
0.0,0.0,2.0,633.0,31.807692307692307,22408.0,193.0,3.0,33.37777777777778,5.0,0.0,2.0,827.0,13995.0,1054.5402384500744,2327.0472222222224,1.0,1.0
1.0,0.0,2.0,0.0,0.0,22408.0,0.0,3.0,33.37777777777778,0.0,0.0,1.0,0.0,13995.0,3425.2754548356206,2327.0472222222224,0.0,0.0
0.0,1.0,3.0,179.0,17.92105263157895,13902.0,502.0,4.0,30.218442932728646,501.0,1.0,0.0,681.0,15586.0,702.7964490423599,1347.9055177626606,0.0,0.0
1.0,0.0,1.0,0.0,0.0,18572.0,0.0,4.0,30.218442932728646,0.0,0.0,2.0,0.0,15586.0,1054.5402384500744,1347.9055177626606,1.0,1.0
0.0,0.0,2.0,0.0,229.96153846153845,18572.0,5864.0,0.0,35.240112994350284,0.0,1823.0,1.0,5979.0,11001.0,3425.2754548356206,3367.04802259887,1.0,1.0
0.0,1.0,4.0,653.0,24.976190476190474,18572.0,396.0,4.0,30.218442932728646,396.0,0.0,2.0,1049.0,15586.0,1054.5402384500744,1347.9055177626606,0.0,0.0
1.0,0.0,1.0,0.0,0.0,18572.0,0.0,6.0,24.07696376619942,0.0,0.0,0.0,0.0,5577.0,702.7964490423599,377.89394340121663,1.0,1.0
1.0,1.0,2.0,0.0,0.0,18572.0,0.0,6.0,24.07696376619942,0.0,0.0,0.0,0.0,5577.0,702.7964490423599,377.89394340121663,1.0,1.0
0.0,0.0,2.0,335.0,95.8,18572.0,7.0,4.0,30.218442932728646,3.0,0.0,0.0,2395.0,15586.0,702.7964490423599,1347.9055177626606,1.0,1.0
0.0,1.0,2.0,0.0,86.08,22408.0,2152.0,5.0,28.379682679594534,1030.0,0.0,0.0,2152.0,13036.0,702.7964490423599,1022.0041868664609,0.0,0.0
0.0,1.0,2.0,208.0,75.5,18572.0,954.0,4.0,30.218442932728646,3.0,951.0,2.0,2114.0,15586.0,1054.5402384500744,1347.9055177626606,0.0,0.0
0.0,0.0,1.0,19.0,25.57894736842105,18572.0,467.0,4.0,30.218442932728646,0.0,467.0,0.0,486.0,15586.0,702.7964490423599,1347.9055177626606,1.0,1.0
0.0,5.0,2.0,94.0,33.5,22408.0,590.0,5.0,28.379682679594534,39.0,33.0,0.0,737.0,13036.0,702.7964490423599,1022.0041868664609,1.0,1.0
1.0,0.0,1.0,0.0,0.0,18572.0,0.0,2.0,34.472776769509984,0.0,0.0,1.0,0.0,22408.0,3425.2754548356206,4009.0916515426497,1.0,1.0
1.0,4.0,1.0,0.0,0.0,18572.0,0.0,6.0,24.07696376619942,0.0,0.0,0.0,0.0,5577.0,702.7964490423599,377.89394340121663,1.0,1.0
0.0,4.0,2.0,144.0,40.36363636363637,18572.0,744.0,6.0,24.07696376619942,640.0,104.0,0.0,888.0,5577.0,702.7964490423599,377.89394340121663,0.0,0.0
0.0,0.0,1.0,646.0,216.3125,18572.0,2815.0,3.0,33.37777777777778,1554.0,20.0,2.0,3461.0,13995.0,1054.5402384500744,2327.0472222222224,1.0,1.0
0.0,2.0,3.0,2.0,19.91891891891892,13902.0,735.0,5.0,28.379682679594534,735.0,0.0,0.0,737.0,13036.0,702.7964490423599,1022.0041868664609,1.0,1.0
1.0,0.0,3.0,0.0,0.0,13902.0,0.0,2.0,34.472776769509984,0.0,0.0,1.0,0.0,22408.0,3425.2754548356206,4009.0916515426497,0.0,0.0
0.0,4.0,3.0,185.0,24.03125,18572.0,584.0,6.0,24.07696376619942,0.0,584.0,0.0,769.0,5577.0,702.7964490423599,377.89394340121663,1.0,1.0
0.0,4.0,3.0,617.0,25.914285714285715,18572.0,281.0,6.0,24.07696376619942,0.0,0.0,0.0,907.0,5577.0,702.7964490423599,377.89394340121663,0.0,0.0
0.0,5.0,2.0,0.0,34.95652173913044,18572.0,804.0,5.0,28.379682679594534,804.0,0.0,0.0,804.0,13036.0,702.7964490423599,1022.0041868664609,1.0,1.0
0.0,0.0,4.0,0.0,95.23255813953489,18572.0,3293.0,2.0,34.472776769509984,0.0,2622.0,1.0,4095.0,22408.0,3425.2754548356206,4009.0916515426497,1.0,1.0
0.0,0.0,5.0,0.0,35.867924528301884,18572.0,1896.0,3.0,33.37777777777778,0.0,108.0,1.0,1901.0,13995.0,3425.2754548356206,2327.0472222222224,1.0,1.0
0.0,4.0,1.0,50.0,156.21052631578948,22408.0,2913.0,5.0,28.379682679594534,2904.0,0.0,2.0,2968.0,13036.0,1054.5402384500744,1022.0041868664609,0.0,0.0
1.0,0.0,2.0,0.0,0.0,22408.0,0.0,1.0,33.30937773882559,0.0,0.0,1.0,0.0,19844.0,3425.2754548356206,2969.692375109553,1.0,1.0
1.0,1.0,2.0,0.0,0.0,18572.0,0.0,2.0,34.472776769509984,0.0,0.0,1.0,0.0,22408.0,3425.2754548356206,4009.0916515426497,1.0,1.0
0.0,0.0,1.0,8.0,51.57142857142857,18572.0,714.0,6.0,24.07696376619942,0.0,0.0,0.0,722.0,5577.0,702.7964490423599,377.89394340121663,1.0,1.0
0.0,1.0,3.0,13.0,22.6,18572.0,778.0,4.0,30.218442932728646,223.0,514.0,0.0,791.0,15586.0,702.7964490423599,1347.9055177626606,0.0,0.0
0.0,1.0,5.0,0.0,15.764705882352942,18572.0,804.0,5.0,28.379682679594534,0.0,785.0,0.0,804.0,13036.0,702.7964490423599,1022.0041868664609,1.0,1.0
0.0,3.0,1.0,0.0,0.0,18572.0,0.0,6.0,24.07696376619942,0.0,0.0,0.0,0.0,5577.0,702.7964490423599,377.89394340121663,0.0,0.0
0.0,0.0,2.0,313.0,30.608695652173914,18572.0,391.0,5.0,28.379682679594534,0.0,299.0,0.0,704.0,13036.0,702.7964490423599,1022.0041868664609,1.0,1.0
0.0,4.0,2.0,0.0,0.0,18572.0,0.0,6.0,24.07696376619942,0.0,0.0,0.0,0.0,5577.0,702.7964490423599,377.89394340121663,0.0,0.0
0.0,0.0,6.0,902.0,26.193548387096776,22408.0,68.0,4.0,30.218442932728646,0.0,0.0,0.0,1624.0,15586.0,702.7964490423599,1347.9055177626606,1.0,1.0
1.0,3.0,2.0,0.0,0.0,18572.0,0.0,6.0,24.07696376619942,0.0,0.0,0.0,0.0,5577.0,702.7964490423599,377.89394340121663,1.0,1.0
0.0,0.0,3.0,869.0,38.82857142857143,13902.0,0.0,4.0,30.218442932728646,0.0,0.0,2.0,1359.0,15586.0,1054.5402384500744,1347.9055177626606,1.0,1.0
1.0,4.0,2.0,0.0,0.0,18572.0,0.0,6.0,24.07696376619942,0.0,0.0,0.0,0.0,5577.0,702.7964490423599,377.89394340121663,0.0,0.0
1.0,3.0,3.0,0.0,0.0,13902.0,0.0,6.0,24.07696376619942,0.0,0.0,0.0,0.0,5577.0,702.7964490423599,377.89394340121663,1.0,1.0
0.0,0.0,5.0,9.0,18.649122807017545,22408.0,562.0,3.0,33.37777777777778,412.0,117.0,2.0,1063.0,13995.0,1054.5402384500744,2327.0472222222224,1.0,1.0
0.0,4.0,5.0,102.0,9.648148148148149,13902.0,390.0,6.0,24.07696376619942,90.0,244.0,0.0,521.0,5577.0,702.7964490423599,377.89394340121663,0.0,0.0
0.0,3.0,2.0,0.0,25.166666666666668,13902.0,510.0,5.0,28.379682679594534,65.0,0.0,0.0,604.0,13036.0,702.7964490423599,1022.0041868664609,0.0,0.0
0.0,0.0,1.0,889.0,52.45,18572.0,160.0,4.0,30.218442932728646,160.0,0.0,2.0,1049.0,15586.0,1054.5402384500744,1347.9055177626606,1.0,1.0
1.0,0.0,3.0,0.0,0.0,18572.0,0.0,6.0,24.07696376619942,0.0,0.0,0.0,0.0,5577.0,702.7964490423599,377.89394340121663,1.0,1.0
0.0,1.0,1.0,79.0,42.578947368421055,18572.0,0.0,6.0,24.07696376619942,0.0,0.0,0.0,809.0,5577.0,702.7964490423599,377.89394340121663,1.0,1.0
1.0,0.0,1.0,0.0,0.0,18572.0,0.0,6.0,24.07696376619942,0.0,0.0,0.0,0.0,5577.0,702.7964490423599,377.89394340121663,0.0,0.0
1.0,0.0,2.0,0.0,0.0,18572.0,0.0,6.0,24.07696376619942,0.0,0.0,0.0,0.0,5577.0,702.7964490423599,377.89394340121663,1.0,1.0
0.0,1.0,3.0,0.0,0.0,18572.0,0.0,6.0,24.07696376619942,0.0,0.0,0.0,0.0,5577.0,702.7964490423599,377.89394340121663,0.0,0.0
0.0,4.0,2.0,58.0,31.03448275862069,18572.0,25.0,5.0,28.379682679594534,0.0,0.0,0.0,900.0,13036.0,702.7964490423599,1022.0041868664609,1.0,1.0
0.0,0.0,1.0,0.0,159.5,18572.0,1956.0,2.0,34.472776769509984,0.0,1956.0,1.0,3190.0,22408.0,3425.2754548356206,4009.0916515426497,0.0,0.0
0.0,0.0,2.0,0.0,165.65384615384616,18572.0,4304.0,1.0,33.30937773882559,0.0,763.0,1.0,4307.0,19844.0,3425.2754548356206,2969.692375109553,0.0,0.0
1.0,0.0,2.0,0.0,0.0,22408.0,0.0,3.0,33.37777777777778,0.0,0.0,1.0,0.0,13995.0,3425.2754548356206,2327.0472222222224,0.0,0.0
1.0,0.0,1.0,0.0,0.0,18572.0,0.0,6.0,24.07696376619942,0.0,0.0,0.0,0.0,5577.0,702.7964490423599,377.89394340121663,1.0,1.0
1.0,0.0,5.0,0.0,0.0,22408.0,0.0,4.0,30.218442932728646,0.0,0.0,1.0,0.0,15586.0,3425.2754548356206,1347.9055177626606,1.0,1.0
1.0,0.0,0.0,0.0,0.0,18572.0,0.0,6.0,24.07696376619942,0.0,0.0,0.0,0.0,5577.0,702.7964490423599,377.89394340121663,0.0,0.0
0.0,5.0,2.0,0.0,73.0952380952381,18572.0,1535.0,5.0,28.379682679594534,0.0,1535.0,0.0,1535.0,13036.0,702.7964490423599,1022.0041868664609,0.0,0.0
0.0,0.0,1.0,0.0,72.4,18572.0,20.0,5.0,28.379682679594534,0.0,1.0,0.0,1448.0,13036.0,702.7964490423599,1022.0041868664609,1.0,1.0
1.0,2.0,0.0,0.0,0.0,22408.0,0.0,6.0,24.07696376619942,0.0,0.0,0.0,0.0,5577.0,702.7964490423599,377.89394340121663,0.0,0.0
1.0,0.0,1.0,0.0,0.0,13902.0,0.0,6.0,24.07696376619942,0.0,0.0,0.0,0.0,5577.0,702.7964490423599,377.89394340121663,1.0,1.0
1.0,0.0,2.0,0.0,0.0,18572.0,0.0,1.0,33.30937773882559,0.0,0.0,1.0,0.0,19844.0,3425.2754548356206,2969.692375109553,1.0,1.0
0.0,3.0,1.0,827.0,43.526315789473685,18572.0,0.0,6.0,24.07696376619942,0.0,0.0,0.0,827.0,5577.0,702.7964490423599,377.89394340121663,1.0,1.0
0.0,0.0,5.0,158.0,218.53571428571428,18572.0,6109.0,2.0,34.472776769509984,0.0,4125.0,1.0,12238.0,22408.0,3425.2754548356206,4009.0916515426497,0.0,0.0
0.0,0.0,6.0,0.0,13.227272727272727,22408.0,38.0,2.0,34.472776769509984,0.0,38.0,1.0,873.0,22408.0,3425.2754548356206,4009.0916515426497,1.0,1.0
1.0,4.0,2.0,0.0,0.0,18572.0,0.0,5.0,28.379682679594534,0.0,0.0,2.0,0.0,13036.0,1054.5402384500744,1022.0041868664609,1.0,1.0
0.0,1.0,4.0,0.0,13.375,22408.0,68.0,5.0,28.379682679594534,0.0,0.0,0.0,642.0,13036.0,702.7964490423599,1022.0041868664609,0.0,0.0
0.0,1.0,1.0,1.0,43.526315789473685,22408.0,487.0,4.0,30.218442932728646,51.0,0.0,0.0,827.0,15586.0,702.7964490423599,1347.9055177626606,1.0,1.0
0.0,0.0,1.0,446.0,37.10526315789474,18572.0,1.0,6.0,24.07696376619942,1.0,0.0,0.0,705.0,5577.0,702.7964490423599,377.89394340121663,1.0,1.0
0.0,1.0,4.0,68.0,33.84,18572.0,1624.0,5.0,28.379682679594534,1624.0,0.0,2.0,1692.0,13036.0,1054.5402384500744,1022.0041868664609,1.0,1.0
1.0,1.0,3.0,0.0,0.0,18572.0,0.0,5.0,28.379682679594534,0.0,0.0,2.0,0.0,13036.0,1054.5402384500744,1022.0041868664609,0.0,0.0
0.0,4.0,3.0,143.0,14.580645161290322,13902.0,275.0,6.0,24.07696376619942,0.0,275.0,0.0,452.0,5577.0,702.7964490423599,377.89394340121663,1.0,1.0
0.0,1.0,2.0,443.0,27.52,13902.0,245.0,5.0,28.379682679594534,0.0,244.0,0.0,688.0,13036.0,702.7964490423599,1022.0041868664609,0.0,0.0
1.0,3.0,1.0,0.0,0.0,18572.0,0.0,5.0,28.379682679594534,0.0,0.0,2.0,0.0,13036.0,1054.5402384500744,1022.0041868664609,1.0,1.0
0.0,0.0,2.0,880.0,41.32142857142857,18572.0,277.0,5.0,28.379682679594534,253.0,22.0,2.0,1157.0,13036.0,1054.5402384500744,1022.0041868664609,1.0,1.0
0.0,3.0,2.0,0.0,33.82608695652174,18572.0,778.0,5.0,28.379682679594534,0.0,778.0,0.0,778.0,13036.0,702.7964490423599,1022.0041868664609,1.0,1.0
1.0,0.0,4.0,0.0,0.0,22408.0,0.0,1.0,33.30937773882559,0.0,0.0,1.0,0.0,19844.0,3425.2754548356206,2969.692375109553,1.0,1.0
0.0,2.0,1.0,14.0,33.63157894736842,22408.0,625.0,5.0,28.379682679594534,0.0,625.0,0.0,639.0,13036.0,702.7964490423599,1022.0041868664609,1.0,1.0
1.0,2.0,2.0,0.0,0.0,18572.0,0.0,6.0,24.07696376619942,0.0,0.0,0.0,0.0,5577.0,702.7964490423599,377.89394340121663,0.0,0.0
0.0,3.0,4.0,687.0,17.904761904761905,13902.0,65.0,6.0,24.07696376619942,0.0,0.0,0.0,752.0,5577.0,702.7964490423599,377.89394340121663,0.0,0.0
1.0,0.0,3.0,0.0,0.0,18572.0,0.0,1.0,33.30937773882559,0.0,0.0,1.0,0.0,19844.0,3425.2754548356206,2969.692375109553,1.0,1.0
1.0,0.0,4.0,0.0,0.0,18572.0,0.0,3.0,33.37777777777778,0.0,0.0,2.0,0.0,13995.0,1054.5402384500744,2327.0472222222224,0.0,0.0
0.0,3.0,0.0,0.0,0.0,18572.0,0.0,6.0,24.07696376619942,0.0,0.0,0.0,0.0,5577.0,702.7964490423599,377.89394340121663,1.0,1.0
1.0,3.0,5.0,0.0,0.0,13902.0,0.0,6.0,24.07696376619942,0.0,0.0,0.0,0.0,5577.0,702.7964490423599,377.89394340121663,0.0,0.0
0.0,0.0,3.0,0.0,241.5,18572.0,1058.0,2.0,34.472776769509984,0.0,353.0,1.0,8694.0,22408.0,3425.2754548356206,4009.0916515426497,1.0,1.0
0.0,2.0,5.0,408.0,16.705882352941178,18572.0,444.0,6.0,24.07696376619942,444.0,0.0,0.0,852.0,5577.0,702.7964490423599,377.89394340121663,0.0,0.0
1.0,4.0,2.0,0.0,0.0,18572.0,0.0,6.0,24.07696376619942,0.0,0.0,0.0,0.0,5577.0,702.7964490423599,377.89394340121663,1.0,1.0
0.0,5.0,2.0,622.0,52.958333333333336,18572.0,649.0,5.0,28.379682679594534,649.0,0.0,2.0,1271.0,13036.0,1054.5402384500744,1022.0041868664609,0.0,0.0
0.0,5.0,1.0,15.0,35.21052631578947,13902.0,654.0,5.0,28.379682679594534,0.0,570.0,0.0,669.0,13036.0,702.7964490423599,1022.0041868664609,0.0,0.0
0.0,0.0,3.0,16.0,19.37837837837838,22408.0,286.0,5.0,28.379682679594534,286.0,0.0,0.0,717.0,13036.0,702.7964490423599,1022.0041868664609,0.0,0.0
0.0,0.0,1.0,555.0,60.473684210526315,18572.0,594.0,5.0,28.379682679594534,594.0,0.0,2.0,1149.0,13036.0,1054.5402384500744,1022.0041868664609,0.0,0.0
1.0,2.0,1.0,0.0,0.0,18572.0,0.0,6.0,24.07696376619942,0.0,0.0,0.0,0.0,5577.0,702.7964490423599,377.89394340121663,0.0,0.0
0.0,3.0,4.0,3.0,28.674418604651162,13902.0,1191.0,5.0,28.379682679594534,1188.0,3.0,0.0,1233.0,13036.0,702.7964490423599,1022.0041868664609,0.0,0.0
1.0,2.0,3.0,0.0,0.0,22408.0,0.0,5.0,28.379682679594534,0.0,0.0,2.0,0.0,13036.0,1054.5402384500744,1022.0041868664609,0.0,0.0
0.0,5.0,3.0,409.0,22.71875,18572.0,145.0,5.0,28.379682679594534,0.0,102.0,0.0,727.0,13036.0,702.7964490423599,1022.0041868664609,1.0,1.0
0.0,1.0,0.0,0.0,0.0,18572.0,0.0,6.0,24.07696376619942,0.0,0.0,0.0,0.0,5577.0,702.7964490423599,377.89394340121663,0.0,0.0
0.0,4.0,1.0,0.0,0.0,18572.0,0.0,5.0,28.379682679594534,0.0,0.0,2.0,0.0,13036.0,1054.5402384500744,1022.0041868664609,1.0,1.0
0.0,1.0,3.0,1.0,26.88235294117647,18572.0,150.0,6.0,24.07696376619942,0.0,66.0,0.0,914.0,5577.0,702.7964490423599,377.89394340121663,0.0,0.0
0.0,0.0,4.0,1243.0,61.02325581395349,18572.0,1381.0,5.0,28.379682679594534,1381.0,0.0,2.0,2624.0,13036.0,1054.5402384500744,1022.0041868664609,1.0,1.0
0.0,0.0,2.0,0.0,19.310344827586206,22408.0,2.0,5.0,28.379682679594534,2.0,0.0,0.0,560.0,13036.0,702.7964490423599,1022.0041868664609,0.0,0.0
0.0,0.0,6.0,0.0,105.01538461538462,18572.0,6822.0,1.0,33.30937773882559,0.0,6200.0,1.0,6826.0,19844.0,3425.2754548356206,2969.692375109553,1.0,1.0
0.0,0.0,3.0,71.0,38.36363636363637,13902.0,494.0,5.0,28.379682679594534,494.0,0.0,2.0,1266.0,13036.0,1054.5402384500744,1022.0041868664609,1.0,1.0
0.0,0.0,2.0,319.0,45.11538461538461,18572.0,854.0,4.0,30.218442932728646,854.0,0.0,2.0,1173.0,15586.0,1054.5402384500744,1347.9055177626606,1.0,1.0
1.0,0.0,3.0,0.0,0.0,18572.0,0.0,1.0,33.30937773882559,0.0,0.0,1.0,0.0,19844.0,3425.2754548356206,2969.692375109553,0.0,0.0
0.0,-1.0,2.0,0.0,564.8214285714286,18572.0,14328.0,5.0,28.379682679594534,14327.0,1.0,1.0,15815.0,13036.0,3425.2754548356206,1022.0041868664609,1.0,1.0
0.0,0.0,1.0,1.0,509.0625,18572.0,7340.0,3.0,33.37777777777778,31.0,4732.0,1.0,8145.0,13995.0,3425.2754548356206,2327.0472222222224,1.0,1.0
1.0,1.0,3.0,0.0,0.0,22408.0,0.0,6.0,24.07696376619942,0.0,0.0,0.0,0.0,5577.0,702.7964490423599,377.89394340121663,0.0,0.0
0.0,1.0,7.0,10.0,30.930555555555557,13902.0,933.0,5.0,28.379682679594534,924.0,9.0,2.0,2227.0,13036.0,1054.5402384500744,1022.0041868664609,1.0,1.0
0.0,-1.0,0.0,0.0,0.0,18572.0,0.0,5.0,28.379682679594534,0.0,0.0,0.0,0.0,13036.0,702.7964490423599,1022.0041868664609,1.0,1.0
0.0,2.0,2.0,2.0,28.928571428571427,22408.0,808.0,6.0,24.07696376619942,0.0,0.0,0.0,810.0,5577.0,702.7964490423599,377.89394340121663,0.0,0.0
0.0,1.0,3.0,75.0,23.058823529411764,18572.0,709.0,6.0,24.07696376619942,0.0,709.0,0.0,784.0,5577.0,702.7964490423599,377.89394340121663,0.0,0.0
1.0,3.0,2.0,0.0,0.0,22408.0,0.0,6.0,24.07696376619942,0.0,0.0,0.0,0.0,5577.0,702.7964490423599,377.89394340121663,1.0,1.0
1.0,3.0,1.0,0.0,0.0,22408.0,0.0,6.0,24.07696376619942,0.0,0.0,0.0,0.0,5577.0,702.7964490423599,377.89394340121663,1.0,1.0
0.0,3.0,2.0,800.0,28.571428571428573,18572.0,0.0,5.0,28.379682679594534,0.0,0.0,0.0,800.0,13036.0,702.7964490423599,1022.0041868664609,1.0,1.0
0.0,0.0,2.0,0.0,57.464285714285715,18572.0,1609.0,4.0,30.218442932728646,0.0,32.0,0.0,1609.0,15586.0,702.7964490423599,1347.9055177626606,0.0,0.0
1.0,0.0,3.0,0.0,0.0,22408.0,0.0,1.0,33.30937773882559,0.0,0.0,1.0,0.0,19844.0,3425.2754548356206,2969.692375109553,0.0,0.0
0.0,1.0,4.0,551.0,147.57142857142858,18572.0,5647.0,6.0,24.07696376619942,2.0,5577.0,0.0,6198.0,5577.0,702.7964490423599,377.89394340121663,0.0,0.0
0.0,0.0,0.0,0.0,0.0,18572.0,0.0,6.0,24.07696376619942,0.0,0.0,0.0,0.0,5577.0,702.7964490423599,377.89394340121663,0.0,0.0
0.0,3.0,3.0,0.0,16.314285714285713,13902.0,571.0,5.0,28.379682679594534,571.0,0.0,0.0,571.0,13036.0,702.7964490423599,1022.0041868664609,1.0,1.0
0.0,0.0,3.0,0.0,37.55882352941177,18572.0,624.0,0.0,35.240112994350284,20.0,121.0,1.0,1277.0,11001.0,3425.2754548356206,3367.04802259887,0.0,0.0
0.0,1.0,1.0,0.0,0.0,18572.0,0.0,6.0,24.07696376619942,0.0,0.0,0.0,0.0,5577.0,702.7964490423599,377.89394340121663,1.0,1.0
1.0,0.0,3.0,0.0,0.0,22408.0,0.0,3.0,33.37777777777778,0.0,0.0,1.0,0.0,13995.0,3425.2754548356206,2327.0472222222224,0.0,0.0
0.0,2.0,2.0,778.0,32.791666666666664,18572.0,9.0,5.0,28.379682679594534,1.0,8.0,0.0,787.0,13036.0,702.7964490423599,1022.0041868664609,1.0,1.0
1.0,2.0,0.0,0.0,0.0,22408.0,0.0,6.0,24.07696376619942,0.0,0.0,0.0,0.0,5577.0,702.7964490423599,377.89394340121663,0.0,0.0
1.0,0.0,2.0,0.0,0.0,18572.0,0.0,1.0,33.30937773882559,0.0,0.0,1.0,0.0,19844.0,3425.2754548356206,2969.692375109553,1.0,1.0
0.0,0.0,2.0,640.0,38.21739130434783,13902.0,238.0,3.0,33.37777777777778,193.0,15.0,2.0,879.0,13995.0,1054.5402384500744,2327.0472222222224,0.0,0.0
0.0,6.0,3.0,2.0,32.8235294117647,13902.0,426.0,5.0,28.379682679594534,0.0,0.0,0.0,1116.0,13036.0,702.7964490423599,1022.0041868664609,0.0,0.0
0.0,1.0,4.0,0.0,14.48,18572.0,724.0,5.0,28.379682679594534,0.0,724.0,0.0,724.0,13036.0,702.7964490423599,1022.0041868664609,0.0,0.0
0.0,0.0,1.0,0.0,32.05,18572.0,641.0,4.0,30.218442932728646,0.0,641.0,0.0,641.0,15586.0,702.7964490423599,1347.9055177626606,0.0,0.0
0.0,1.0,5.0,2661.0,129.9298245614035,18572.0,4745.0,5.0,28.379682679594534,4694.0,51.0,2.0,7406.0,13036.0,1054.5402384500744,1022.0041868664609,0.0,0.0
1.0,3.0,2.0,0.0,0.0,22408.0,0.0,6.0,24.07696376619942,0.0,0.0,0.0,0.0,5577.0,702.7964490423599,377.89394340121663,1.0,1.0
0.0,2.0,2.0,0.0,33.107142857142854,18572.0,921.0,6.0,24.07696376619942,0.0,814.0,0.0,927.0,5577.0,702.7964490423599,377.89394340121663,1.0,1.0
1.0,-1.0,4.0,0.0,0.0,22408.0,0.0,5.0,28.379682679594534,0.0,0.0,1.0,0.0,13036.0,3425.2754548356206,1022.0041868664609,1.0,1.0
0.0,1.0,0.0,0.0,0.0,22408.0,0.0,6.0,24.07696376619942,0.0,0.0,0.0,0.0,5577.0,702.7964490423599,377.89394340121663,1.0,1.0
1.0,1.0,2.0,0.0,0.0,18572.0,0.0,4.0,30.218442932728646,0.0,0.0,2.0,0.0,15586.0,1054.5402384500744,1347.9055177626606,1.0,1.0
0.0,3.0,1.0,699.0,40.15,18572.0,104.0,5.0,28.379682679594534,0.0,18.0,0.0,803.0,13036.0,702.7964490423599,1022.0041868664609,1.0,1.0
0.0,0.0,2.0,0.0,184.56666666666666,18572.0,5531.0,3.0,33.37777777777778,0.0,0.0,1.0,5537.0,13995.0,3425.2754548356206,2327.0472222222224,0.0,0.0
0.0,0.0,2.0,0.0,111.92,18572.0,170.0,1.0,33.30937773882559,0.0,170.0,1.0,2798.0,19844.0,3425.2754548356206,2969.692375109553,1.0,1.0
0.0,2.0,2.0,0.0,28.12,18572.0,419.0,5.0,28.379682679594534,25.0,330.0,0.0,703.0,13036.0,702.7964490423599,1022.0041868664609,1.0,1.0
0.0,1.0,5.0,0.0,44.85,18572.0,98.0,2.0,34.472776769509984,0.0,98.0,1.0,2691.0,22408.0,3425.2754548356206,4009.0916515426497,1.0,1.0
0.0,1.0,2.0,6.0,27.64,18572.0,685.0,5.0,28.379682679594534,0.0,685.0,0.0,691.0,13036.0,702.7964490423599,1022.0041868664609,0.0,0.0
0.0,2.0,2.0,81.0,27.076923076923077,18572.0,623.0,6.0,24.07696376619942,322.0,3.0,0.0,704.0,5577.0,702.7964490423599,377.89394340121663,0.0,0.0
1.0,4.0,3.0,0.0,0.0,18572.0,0.0,6.0,24.07696376619942,0.0,0.0,0.0,0.0,5577.0,702.7964490423599,377.89394340121663,1.0,1.0
0.0,0.0,3.0,0.0,231.16129032258064,18572.0,1941.0,2.0,34.472776769509984,0.0,8.0,1.0,7166.0,22408.0,3425.2754548356206,4009.0916515426497,0.0,0.0
0.0,0.0,0.0,0.0,0.0,18572.0,0.0,6.0,24.07696376619942,0.0,0.0,0.0,0.0,5577.0,702.7964490423599,377.89394340121663,1.0,1.0
1.0,3.0,3.0,0.0,0.0,18572.0,0.0,6.0,24.07696376619942,0.0,0.0,0.0,0.0,5577.0,702.7964490423599,377.89394340121663,0.0,0.0
1.0,0.0,1.0,0.0,0.0,18572.0,0.0,2.0,34.472776769509984,0.0,0.0,1.0,0.0,22408.0,3425.2754548356206,4009.0916515426497,1.0,1.0
0.0,0.0,4.0,78.0,87.95555555555555,22408.0,2657.0,3.0,33.37777777777778,0.0,1418.0,1.0,3958.0,13995.0,3425.2754548356206,2327.0472222222224,1.0,1.0
0.0,3.0,4.0,0.0,16.040816326530614,18572.0,786.0,5.0,28.379682679594534,383.0,393.0,0.0,786.0,13036.0,702.7964490423599,1022.0041868664609,0.0,0.0
0.0,0.0,0.0,0.0,0.0,18572.0,0.0,6.0,24.07696376619942,0.0,0.0,0.0,0.0,5577.0,702.7964490423599,377.89394340121663,1.0,1.0
0.0,3.0,3.0,512.0,24.513513513513512,18572.0,34.0,6.0,24.07696376619942,0.0,34.0,0.0,907.0,5577.0,702.7964490423599,377.89394340121663,0.0,0.0
0.0,0.0,2.0,89.0,95.79166666666667,18572.0,2210.0,3.0,33.37777777777778,2210.0,0.0,2.0,2299.0,13995.0,1054.5402384500744,2327.0472222222224,1.0,1.0
0.0,3.0,2.0,0.0,29.045454545454547,22408.0,639.0,5.0,28.379682679594534,639.0,0.0,0.0,639.0,13036.0,702.7964490423599,1022.0041868664609,0.0,0.0
0.0,0.0,2.0,0.0,376.92857142857144,18572.0,6534.0,0.0,35.240112994350284,0.0,1635.0,1.0,10554.0,11001.0,3425.2754548356206,3367.04802259887,0.0,0.0
1.0,0.0,4.0,0.0,0.0,22408.0,0.0,4.0,30.218442932728646,0.0,0.0,0.0,0.0,15586.0,702.7964490423599,1347.9055177626606,1.0,1.0
0.0,2.0,2.0,0.0,16.892857142857142,22408.0,473.0,6.0,24.07696376619942,0.0,36.0,0.0,473.0,5577.0,702.7964490423599,377.89394340121663,0.0,0.0
1.0,4.0,2.0,0.0,0.0,18572.0,0.0,6.0,24.07696376619942,0.0,0.0,0.0,0.0,5577.0,702.7964490423599,377.89394340121663,0.0,0.0
0.0,0.0,4.0,12.0,1.4285714285714286,18572.0,58.0,4.0,30.218442932728646,58.0,0.0,0.0,70.0,15586.0,702.7964490423599,1347.9055177626606,1.0,1.0
0.0,6.0,2.0,0.0,36.54545454545455,18572.0,8.0,5.0,28.379682679594534,8.0,0.0,0.0,804.0,13036.0,702.7964490423599,1022.0041868664609,0.0,0.0
1.0,0.0,3.0,0.0,0.0,13902.0,0.0,2.0,34.472776769509984,0.0,0.0,1.0,0.0,22408.0,3425.2754548356206,4009.0916515426497,0.0,0.0
0.0,3.0,4.0,17.0,52.6,18572.0,2350.0,6.0,24.07696376619942,69.0,176.0,0.0,2367.0,5577.0,702.7964490423599,377.89394340121663,1.0,1.0
0.0,1.0,2.0,1376.0,97.375,22408.0,961.0,4.0,30.218442932728646,71.0,0.0,2.0,2337.0,15586.0,1054.5402384500744,1347.9055177626606,1.0,1.0
0.0,5.0,1.0,5.0,38.63157894736842,18572.0,712.0,5.0,28.379682679594534,0.0,0.0,0.0,734.0,13036.0,702.7964490423599,1022.0041868664609,1.0,1.0
1.0,1.0,2.0,0.0,0.0,18572.0,0.0,4.0,30.218442932728646,0.0,0.0,2.0,0.0,15586.0,1054.5402384500744,1347.9055177626606,1.0,1.0
0.0,2.0,3.0,3.0,21.393939393939394,13902.0,13.0,6.0,24.07696376619942,8.0,5.0,0.0,706.0,5577.0,702.7964490423599,377.89394340121663,1.0,1.0
1.0,3.0,2.0,0.0,0.0,18572.0,0.0,6.0,24.07696376619942,0.0,0.0,0.0,0.0,5577.0,702.7964490423599,377.89394340121663,0.0,0.0
1.0,0.0,4.0,0.0,0.0,18572.0,0.0,2.0,34.472776769509984,0.0,0.0,1.0,0.0,22408.0,3425.2754548356206,4009.0916515426497,1.0,1.0
0.0,1.0,2.0,1.0,39.0,18572.0,1013.0,4.0,30.218442932728646,922.0,91.0,2.0,1014.0,15586.0,1054.5402384500744,1347.9055177626606,0.0,0.0
1.0,4.0,1.0,0.0,0.0,18572.0,0.0,6.0,24.07696376619942,0.0,0.0,0.0,0.0,5577.0,702.7964490423599,377.89394340121663,1.0,1.0
0.0,1.0,2.0,1.0,30.807692307692307,22408.0,800.0,5.0,28.379682679594534,553.0,239.0,0.0,801.0,13036.0,702.7964490423599,1022.0041868664609,1.0,1.0
1.0,0.0,0.0,0.0,0.0,18572.0,0.0,6.0,24.07696376619942,0.0,0.0,0.0,0.0,5577.0,702.7964490423599,377.89394340121663,1.0,1.0
0.0,0.0,2.0,11.0,29.11111111111111,18572.0,758.0,6.0,24.07696376619942,758.0,0.0,0.0,786.0,5577.0,702.7964490423599,377.89394340121663,0.0,0.0
1.0,1.0,2.0,0.0,0.0,18572.0,0.0,6.0,24.07696376619942,0.0,0.0,0.0,0.0,5577.0,702.7964490423599,377.89394340121663,0.0,0.0
1.0,0.0,1.0,0.0,0.0,22408.0,0.0,1.0,33.30937773882559,0.0,0.0,1.0,0.0,19844.0,3425.2754548356206,2969.692375109553,1.0,1.0
1.0,4.0,0.0,0.0,0.0,18572.0,0.0,6.0,24.07696376619942,0.0,0.0,0.0,0.0,5577.0,702.7964490423599,377.89394340121663,1.0,1.0
0.0,1.0,2.0,0.0,90.53571428571429,18572.0,1539.0,4.0,30.218442932728646,0.0,726.0,1.0,2535.0,15586.0,3425.2754548356206,1347.9055177626606,0.0,0.0
0.0,3.0,4.0,2.0,26.91304347826087,18572.0,944.0,5.0,28.379682679594534,944.0,0.0,2.0,1238.0,13036.0,1054.5402384500744,1022.0041868664609,0.0,0.0
0.0,0.0,1.0,1069.0,249.14285714285714,18572.0,1581.0,0.0,35.240112994350284,24.0,1376.0,1.0,3488.0,11001.0,3425.2754548356206,3367.04802259887,1.0,1.0
0.0,4.0,2.0,0.0,27.68,22408.0,692.0,5.0,28.379682679594534,1.0,691.0,0.0,692.0,13036.0,702.7964490423599,1022.0041868664609,0.0,0.0
0.0,5.0,1.0,0.0,30.45,18572.0,358.0,5.0,28.379682679594534,193.0,165.0,0.0,609.0,13036.0,702.7964490423599,1022.0041868664609,1.0,1.0
1.0,2.0,3.0,0.0,0.0,13902.0,0.0,6.0,24.07696376619942,0.0,0.0,0.0,0.0,5577.0,702.7964490423599,377.89394340121663,0.0,0.0
1.0,3.0,0.0,0.0,0.0,13902.0,0.0,6.0,24.07696376619942,0.0,0.0,0.0,0.0,5577.0,702.7964490423599,377.89394340121663,1.0,1.0
1.0,3.0,6.0,0.0,0.0,13902.0,0.0,6.0,24.07696376619942,0.0,0.0,0.0,0.0,5577.0,702.7964490423599,377.89394340121663,1.0,1.0
1.0,0.0,5.0,0.0,0.0,18572.0,0.0,0.0,35.240112994350284,0.0,0.0,1.0,0.0,11001.0,3425.2754548356206,3367.04802259887,0.0,0.0
0.0,4.0,4.0,0.0,22.170731707317074,18572.0,909.0,6.0,24.07696376619942,909.0,0.0,0.0,909.0,5577.0,702.7964490423599,377.89394340121663,1.0,1.0
0.0,0.0,3.0,18.0,75.43243243243244,18572.0,1718.0,2.0,34.472776769509984,0.0,1669.0,1.0,2791.0,22408.0,3425.2754548356206,4009.0916515426497,0.0,0.0
0.0,2.0,5.0,705.0,13.444444444444445,13902.0,3.0,5.0,28.379682679594534,2.0,0.0,0.0,726.0,13036.0,702.7964490423599,1022.0041868664609,0.0,0.0
1.0,0.0,1.0,0.0,0.0,18572.0,0.0,2.0,34.472776769509984,0.0,0.0,1.0,0.0,22408.0,3425.2754548356206,4009.0916515426497,0.0,0.0
1.0,3.0,4.0,0.0,0.0,22408.0,0.0,6.0,24.07696376619942,0.0,0.0,0.0,0.0,5577.0,702.7964490423599,377.89394340121663,1.0,1.0
1.0,2.0,0.0,0.0,0.0,22408.0,0.0,6.0,24.07696376619942,0.0,0.0,0.0,0.0,5577.0,702.7964490423599,377.89394340121663,0.0,0.0
1.0,6.0,0.0,0.0,0.0,22408.0,0.0,5.0,28.379682679594534,0.0,0.0,2.0,0.0,13036.0,1054.5402384500744,1022.0041868664609,0.0,0.0
0.0,5.0,4.0,0.0,14.83673469387755,22408.0,10.0,5.0,28.379682679594534,0.0,0.0,0.0,727.0,13036.0,702.7964490423599,1022.0041868664609,1.0,1.0
1.0,2.0,1.0,0.0,0.0,18572.0,0.0,6.0,24.07696376619942,0.0,0.0,0.0,0.0,5577.0,702.7964490423599,377.89394340121663,1.0,1.0
1.0,0.0,3.0,0.0,0.0,18572.0,0.0,0.0,35.240112994350284,0.0,0.0,1.0,0.0,11001.0,3425.2754548356206,3367.04802259887,0.0,0.0
0.0,0.0,2.0,0.0,0.0,18572.0,0.0,4.0,30.218442932728646,0.0,0.0,2.0,0.0,15586.0,1054.5402384500744,1347.9055177626606,0.0,0.0
0.0,4.0,2.0,3.0,32.2,18572.0,802.0,5.0,28.379682679594534,0.0,797.0,0.0,805.0,13036.0,702.7964490423599,1022.0041868664609,1.0,1.0
0.0,0.0,4.0,0.0,199.80851063829786,22408.0,1170.0,2.0,34.472776769509984,0.0,1010.0,1.0,9391.0,22408.0,3425.2754548356206,4009.0916515426497,1.0,1.0
0.0,0.0,2.0,137.0,101.63636363636364,18572.0,2099.0,1.0,33.30937773882559,4.0,1640.0,1.0,2236.0,19844.0,3425.2754548356206,2969.692375109553,1.0,1.0
0.0,0.0,0.0,0.0,0.0,22408.0,0.0,6.0,24.07696376619942,0.0,0.0,0.0,0.0,5577.0,702.7964490423599,377.89394340121663,1.0,1.0
0.0,0.0,3.0,805.0,23.885714285714286,22408.0,31.0,3.0,33.37777777777778,2.0,29.0,2.0,836.0,13995.0,1054.5402384500744,2327.0472222222224,1.0,1.0
1.0,0.0,3.0,0.0,0.0,22408.0,0.0,1.0,33.30937773882559,0.0,0.0,1.0,0.0,19844.0,3425.2754548356206,2969.692375109553,1.0,1.0
1.0,0.0,2.0,0.0,0.0,18572.0,0.0,2.0,34.472776769509984,0.0,0.0,1.0,0.0,22408.0,3425.2754548356206,4009.0916515426497,1.0,1.0
0.0,4.0,5.0,1.0,13.964285714285714,18572.0,781.0,6.0,24.07696376619942,694.0,87.0,0.0,782.0,5577.0,702.7964490423599,377.89394340121663,0.0,0.0
0.0,0.0,2.0,802.0,145.53333333333333,18572.0,3564.0,3.0,33.37777777777778,3564.0,0.0,2.0,4366.0,13995.0,1054.5402384500744,2327.0472222222224,0.0,0.0
1.0,0.0,4.0,0.0,0.0,22408.0,0.0,1.0,33.30937773882559,0.0,0.0,1.0,0.0,19844.0,3425.2754548356206,2969.692375109553,1.0,1.0
0.0,1.0,1.0,95.0,109.63157894736842,18572.0,1988.0,4.0,30.218442932728646,1988.0,0.0,2.0,2083.0,15586.0,1054.5402384500744,1347.9055177626606,1.0,1.0
0.0,0.0,5.0,828.0,15.661016949152541,18572.0,96.0,5.0,28.379682679594534,0.0,0.0,0.0,924.0,13036.0,702.7964490423599,1022.0041868664609,1.0,1.0
1.0,0.0,2.0,0.0,0.0,18572.0,0.0,4.0,30.218442932728646,0.0,0.0,2.0,0.0,15586.0,1054.5402384500744,1347.9055177626606,1.0,1.0
0.0,0.0,3.0,0.0,63.14705882352941,22408.0,2142.0,3.0,33.37777777777778,1914.0,0.0,2.0,2147.0,13995.0,1054.5402384500744,2327.0472222222224,0.0,0.0
0.0,0.0,5.0,0.0,218.3148148148148,18572.0,5155.0,1.0,33.30937773882559,0.0,5047.0,1.0,11789.0,19844.0,3425.2754548356206,2969.692375109553,0.0,0.0
0.0,1.0,4.0,2.0,177.04,22408.0,7742.0,2.0,34.472776769509984,3.0,5775.0,1.0,8852.0,22408.0,3425.2754548356206,4009.0916515426497,1.0,1.0
1.0,3.0,6.0,0.0,0.0,18572.0,0.0,6.0,24.07696376619942,0.0,0.0,0.0,0.0,5577.0,702.7964490423599,377.89394340121663,1.0,1.0
1.0,3.0,0.0,0.0,0.0,18572.0,0.0,5.0,28.379682679594534,0.0,0.0,2.0,0.0,13036.0,1054.5402384500744,1022.0041868664609,1.0,1.0
0.0,0.0,3.0,796.0,364.05882352941177,18572.0,11496.0,2.0,34.472776769509984,0.0,584.0,1.0,12378.0,22408.0,3425.2754548356206,4009.0916515426497,0.0,0.0
1.0,2.0,3.0,0.0,0.0,22408.0,0.0,6.0,24.07696376619942,0.0,0.0,0.0,0.0,5577.0,702.7964490423599,377.89394340121663,1.0,1.0
0.0,4.0,6.0,654.0,13.016129032258064,18572.0,153.0,6.0,24.07696376619942,67.0,0.0,0.0,807.0,5577.0,702.7964490423599,377.89394340121663,1.0,1.0
0.0,0.0,4.0,10.0,72.15217391304348,18572.0,3309.0,3.0,33.37777777777778,3309.0,0.0,2.0,3319.0,13995.0,1054.5402384500744,2327.0472222222224,1.0,1.0
1.0,2.0,1.0,0.0,0.0,18572.0,0.0,5.0,28.379682679594534,0.0,0.0,2.0,0.0,13036.0,1054.5402384500744,1022.0041868664609,0.0,0.0
1.0,0.0,4.0,0.0,0.0,18572.0,0.0,3.0,33.37777777777778,0.0,0.0,2.0,0.0,13995.0,1054.5402384500744,2327.0472222222224,0.0,0.0
0.0,0.0,2.0,0.0,59.0,18572.0,60.0,5.0,28.379682679594534,60.0,0.0,2.0,1416.0,13036.0,1054.5402384500744,1022.0041868664609,0.0,0.0
0.0,3.0,6.0,0.0,10.984375,18572.0,599.0,5.0,28.379682679594534,0.0,599.0,0.0,703.0,13036.0,702.7964490423599,1022.0041868664609,0.0,0.0
0.0,0.0,2.0,93.0,50.74074074074074,13902.0,1193.0,5.0,28.379682679594534,18.0,886.0,0.0,1370.0,13036.0,702.7964490423599,1022.0041868664609,0.0,0.0
0.0,0.0,3.0,0.0,191.31578947368422,18572.0,764.0,2.0,34.472776769509984,0.0,764.0,1.0,7270.0,22408.0,3425.2754548356206,4009.0916515426497,0.0,0.0
1.0,-1.0,3.0,0.0,0.0,22408.0,0.0,5.0,28.379682679594534,0.0,0.0,1.0,0.0,13036.0,3425.2754548356206,1022.0041868664609,1.0,1.0
0.0,4.0,1.0,239.0,42.266666666666666,18572.0,127.0,5.0,28.379682679594534,0.0,127.0,0.0,634.0,13036.0,702.7964490423599,1022.0041868664609,1.0,1.0
1.0,2.0,1.0,0.0,0.0,18572.0,0.0,6.0,24.07696376619942,0.0,0.0,0.0,0.0,5577.0,702.7964490423599,377.89394340121663,0.0,0.0
1.0,4.0,2.0,0.0,0.0,18572.0,0.0,6.0,24.07696376619942,0.0,0.0,0.0,0.0,5577.0,702.7964490423599,377.89394340121663,1.0,1.0
0.0,1.0,2.0,31.0,37.59090909090909,18572.0,796.0,4.0,30.218442932728646,37.0,696.0,0.0,827.0,15586.0,702.7964490423599,1347.9055177626606,0.0,0.0
1.0,0.0,6.0,0.0,0.0,22408.0,0.0,3.0,33.37777777777778,0.0,0.0,1.0,0.0,13995.0,3425.2754548356206,2327.0472222222224,1.0,1.0
0.0,0.0,2.0,145.0,10.535714285714286,13902.0,144.0,5.0,28.379682679594534,0.0,144.0,2.0,295.0,13036.0,1054.5402384500744,1022.0041868664609,0.0,0.0
1.0,0.0,2.0,0.0,0.0,13902.0,0.0,6.0,24.07696376619942,0.0,0.0,0.0,0.0,5577.0,702.7964490423599,377.89394340121663,1.0,1.0
1.0,0.0,5.0,0.0,0.0,18572.0,0.0,1.0,33.30937773882559,0.0,0.0,1.0,0.0,19844.0,3425.2754548356206,2969.692375109553,1.0,1.0
0.0,0.0,2.0,4.0,36.2,18572.0,901.0,4.0,30.218442932728646,58.0,789.0,0.0,905.0,15586.0,702.7964490423599,1347.9055177626606,0.0,0.0
0.0,2.0,2.0,0.0,0.0,13902.0,0.0,6.0,24.07696376619942,0.0,0.0,0.0,0.0,5577.0,702.7964490423599,377.89394340121663,1.0,1.0
0.0,3.0,1.0,14.0,157.94117647058823,18572.0,2671.0,5.0,28.379682679594534,1285.0,1386.0,2.0,2685.0,13036.0,1054.5402384500744,1022.0041868664609,1.0,1.0
0.0,0.0,3.0,1657.0,191.3783783783784,18572.0,2800.0,2.0,34.472776769509984,0.0,2799.0,1.0,7081.0,22408.0,3425.2754548356206,4009.0916515426497,0.0,0.0
0.0,2.0,5.0,0.0,10.692307692307692,18572.0,556.0,5.0,28.379682679594534,0.0,544.0,0.0,556.0,13036.0,702.7964490423599,1022.0041868664609,1.0,1.0
0.0,3.0,2.0,2454.0,113.0,18572.0,130.0,5.0,28.379682679594534,130.0,0.0,2.0,2599.0,13036.0,1054.5402384500744,1022.0041868664609,0.0,0.0
1.0,4.0,2.0,0.0,0.0,18572.0,0.0,6.0,24.07696376619942,0.0,0.0,0.0,0.0,5577.0,702.7964490423599,377.89394340121663,0.0,0.0
0.0,0.0,1.0,0.0,0.0,18572.0,0.0,6.0,24.07696376619942,0.0,0.0,0.0,0.0,5577.0,702.7964490423599,377.89394340121663,1.0,1.0
1.0,0.0,2.0,0.0,0.0,13902.0,0.0,6.0,24.07696376619942,0.0,0.0,0.0,0.0,5577.0,702.7964490423599,377.89394340121663,1.0,1.0
0.0,1.0,1.0,1435.0,75.52631578947368,18572.0,0.0,6.0,24.07696376619942,0.0,0.0,0.0,1435.0,5577.0,702.7964490423599,377.89394340121663,1.0,1.0
0.0,1.0,2.0,0.0,26.5,18572.0,203.0,5.0,28.379682679594534,203.0,0.0,0.0,742.0,13036.0,702.7964490423599,1022.0041868664609,0.0,0.0
1.0,1.0,6.0,0.0,0.0,22408.0,0.0,4.0,30.218442932728646,0.0,0.0,2.0,0.0,15586.0,1054.5402384500744,1347.9055177626606,1.0,1.0
1.0,0.0,4.0,0.0,0.0,18572.0,0.0,2.0,34.472776769509984,0.0,0.0,1.0,0.0,22408.0,3425.2754548356206,4009.0916515426497,1.0,1.0
1.0,2.0,4.0,0.0,0.0,18572.0,0.0,5.0,28.379682679594534,0.0,0.0,2.0,0.0,13036.0,1054.5402384500744,1022.0041868664609,1.0,1.0
1.0,3.0,2.0,0.0,0.0,13902.0,0.0,5.0,28.379682679594534,0.0,0.0,2.0,0.0,13036.0,1054.5402384500744,1022.0041868664609,1.0,1.0
1.0,3.0,3.0,0.0,0.0,18572.0,0.0,6.0,24.07696376619942,0.0,0.0,0.0,0.0,5577.0,702.7964490423599,377.89394340121663,0.0,0.0
1.0,0.0,0.0,0.0,0.0,22408.0,0.0,5.0,28.379682679594534,0.0,0.0,2.0,0.0,13036.0,1054.5402384500744,1022.0041868664609,0.0,0.0
0.0,2.0,3.0,54.0,20.236842105263158,13902.0,715.0,6.0,24.07696376619942,715.0,0.0,0.0,769.0,5577.0,702.7964490423599,377.89394340121663,1.0,1.0
0.0,4.0,0.0,0.0,0.0,18572.0,0.0,6.0,24.07696376619942,0.0,0.0,0.0,0.0,5577.0,702.7964490423599,377.89394340121663,0.0,0.0
1.0,0.0,3.0,0.0,0.0,18572.0,0.0,1.0,33.30937773882559,0.0,0.0,1.0,0.0,19844.0,3425.2754548356206,2969.692375109553,0.0,0.0
0.0,0.0,2.0,0.0,40.93103448275862,22408.0,1187.0,3.0,33.37777777777778,49.0,2.0,2.0,1187.0,13995.0,1054.5402384500744,2327.0472222222224,0.0,0.0
1.0,1.0,5.0,0.0,0.0,18572.0,0.0,6.0,24.07696376619942,0.0,0.0,0.0,0.0,5577.0,702.7964490423599,377.89394340121663,0.0,0.0
1.0,0.0,4.0,0.0,0.0,22408.0,0.0,2.0,34.472776769509984,0.0,0.0,1.0,0.0,22408.0,3425.2754548356206,4009.0916515426497,0.0,0.0
0.0,0.0,2.0,580.0,30.5,13902.0,79.0,5.0,28.379682679594534,0.0,0.0,0.0,671.0,13036.0,702.7964490423599,1022.0041868664609,1.0,1.0
1.0,2.0,4.0,0.0,0.0,18572.0,0.0,5.0,28.379682679594534,0.0,0.0,2.0,0.0,13036.0,1054.5402384500744,1022.0041868664609,1.0,1.0
0.0,1.0,2.0,469.0,20.814814814814813,13902.0,93.0,5.0,28.379682679594534,93.0,0.0,0.0,562.0,13036.0,702.7964490423599,1022.0041868664609,1.0,1.0
0.0,0.0,2.0,0.0,282.2083333333333,18572.0,25.0,1.0,33.30937773882559,2.0,23.0,1.0,6773.0,19844.0,3425.2754548356206,2969.692375109553,0.0,0.0
0.0,0.0,3.0,17.0,129.52631578947367,18572.0,1421.0,2.0,34.472776769509984,33.0,4.0,1.0,4922.0,22408.0,3425.2754548356206,4009.0916515426497,1.0,1.0
0.0,4.0,4.0,1232.0,29.75,18572.0,196.0,5.0,28.379682679594534,160.0,36.0,2.0,1428.0,13036.0,1054.5402384500744,1022.0041868664609,0.0,0.0
0.0,3.0,2.0,2102.0,87.58333333333333,18572.0,0.0,5.0,28.379682679594534,0.0,0.0,0.0,2102.0,13036.0,702.7964490423599,1022.0041868664609,1.0,1.0
0.0,1.0,0.0,0.0,0.0,18572.0,0.0,6.0,24.07696376619942,0.0,0.0,0.0,0.0,5577.0,702.7964490423599,377.89394340121663,1.0,1.0
0.0,1.0,1.0,0.0,102.2,13902.0,1403.0,4.0,30.218442932728646,80.0,1323.0,0.0,1533.0,15586.0,702.7964490423599,1347.9055177626606,1.0,1.0
0.0,0.0,4.0,266.0,19.74418604651163,18572.0,583.0,6.0,24.07696376619942,126.0,445.0,0.0,849.0,5577.0,702.7964490423599,377.89394340121663,1.0,1.0
0.0,5.0,1.0,2.0,41.78947368421053,18572.0,60.0,5.0,28.379682679594534,0.0,13.0,0.0,794.0,13036.0,702.7964490423599,1022.0041868664609,0.0,0.0
0.0,0.0,2.0,1.0,67.45833333333333,18572.0,1618.0,4.0,30.218442932728646,1616.0,0.0,0.0,1619.0,15586.0,702.7964490423599,1347.9055177626606,0.0,0.0
1.0,4.0,3.0,0.0,0.0,18572.0,0.0,5.0,28.379682679594534,0.0,0.0,2.0,0.0,13036.0,1054.5402384500744,1022.0041868664609,1.0,1.0
0.0,0.0,3.0,1339.0,58.05714285714286,22408.0,356.0,3.0,33.37777777777778,0.0,92.0,1.0,2032.0,13995.0,3425.2754548356206,2327.0472222222224,1.0,1.0
1.0,0.0,4.0,0.0,0.0,22408.0,0.0,2.0,34.472776769509984,0.0,0.0,1.0,0.0,22408.0,3425.2754548356206,4009.0916515426497,0.0,0.0
0.0,5.0,2.0,65.0,61.172413793103445,18572.0,1709.0,5.0,28.379682679594534,1708.0,1.0,2.0,1774.0,13036.0,1054.5402384500744,1022.0041868664609,1.0,1.0
0.0,2.0,3.0,0.0,41.18181818181818,22408.0,1158.0,5.0,28.379682679594534,1150.0,0.0,0.0,1359.0,13036.0,702.7964490423599,1022.0041868664609,0.0,0.0
0.0,2.0,0.0,0.0,0.0,18572.0,0.0,6.0,24.07696376619942,0.0,0.0,0.0,0.0,5577.0,702.7964490423599,377.89394340121663,1.0,1.0
0.0,1.0,7.0,1224.0,39.38157894736842,18572.0,1769.0,5.0,28.379682679594534,0.0,0.0,0.0,2993.0,13036.0,702.7964490423599,1022.0041868664609,0.0,0.0
1.0,4.0,2.0,0.0,0.0,18572.0,0.0,5.0,28.379682679594534,0.0,0.0,2.0,0.0,13036.0,1054.5402384500744,1022.0041868664609,0.0,0.0
1.0,2.0,2.0,0.0,0.0,18572.0,0.0,5.0,28.379682679594534,0.0,0.0,2.0,0.0,13036.0,1054.5402384500744,1022.0041868664609,1.0,1.0
1.0,4.0,0.0,0.0,0.0,18572.0,0.0,6.0,24.07696376619942,0.0,0.0,0.0,0.0,5577.0,702.7964490423599,377.89394340121663,1.0,1.0
1.0,0.0,3.0,0.0,0.0,18572.0,0.0,0.0,35.240112994350284,0.0,0.0,1.0,0.0,11001.0,3425.2754548356206,3367.04802259887,0.0,0.0
0.0,1.0,2.0,0.0,26.62962962962963,22408.0,719.0,4.0,30.218442932728646,1.0,0.0,0.0,719.0,15586.0,702.7964490423599,1347.9055177626606,0.0,0.0
0.0,0.0,6.0,0.0,95.7936507936508,13902.0,1522.0,2.0,34.472776769509984,0.0,85.0,1.0,6035.0,22408.0,3425.2754548356206,4009.0916515426497,1.0,1.0
1.0,0.0,2.0,0.0,0.0,18572.0,0.0,1.0,33.30937773882559,0.0,0.0,1.0,0.0,19844.0,3425.2754548356206,2969.692375109553,0.0,0.0
1.0,0.0,7.0,0.0,0.0,18572.0,0.0,2.0,34.472776769509984,0.0,0.0,1.0,0.0,22408.0,3425.2754548356206,4009.0916515426497,0.0,0.0
0.0,4.0,1.0,0.0,0.0,18572.0,0.0,6.0,24.07696376619942,0.0,0.0,0.0,0.0,5577.0,702.7964490423599,377.89394340121663,0.0,0.0
1.0,0.0,2.0,0.0,0.0,18572.0,0.0,6.0,24.07696376619942,0.0,0.0,0.0,0.0,5577.0,702.7964490423599,377.89394340121663,1.0,1.0
0.0,0.0,5.0,800.0,15.461538461538462,18572.0,4.0,5.0,28.379682679594534,0.0,0.0,0.0,804.0,13036.0,702.7964490423599,1022.0041868664609,0.0,0.0
1.0,1.0,0.0,0.0,0.0,18572.0,0.0,6.0,24.07696376619942,0.0,0.0,0.0,0.0,5577.0,702.7964490423599,377.89394340121663,0.0,0.0
0.0,2.0,0.0,0.0,0.0,22408.0,0.0,6.0,24.07696376619942,0.0,0.0,0.0,0.0,5577.0,702.7964490423599,377.89394340121663,0.0,0.0
1.0,3.0,3.0,0.0,0.0,22408.0,0.0,6.0,24.07696376619942,0.0,0.0,0.0,0.0,5577.0,702.7964490423599,377.89394340121663,1.0,1.0
1.0,1.0,2.0,0.0,0.0,22408.0,0.0,2.0,34.472776769509984,0.0,0.0,1.0,0.0,22408.0,3425.2754548356206,4009.0916515426497,1.0,1.0
0.0,0.0,2.0,2.0,188.31034482758622,18572.0,5049.0,1.0,33.30937773882559,0.0,1354.0,1.0,5461.0,19844.0,3425.2754548356206,2969.692375109553,0.0,0.0
0.0,0.0,3.0,1047.0,70.08823529411765,18572.0,1206.0,3.0,33.37777777777778,748.0,458.0,2.0,2383.0,13995.0,1054.5402384500744,2327.0472222222224,1.0,1.0
1.0,0.0,5.0,0.0,0.0,18572.0,0.0,3.0,33.37777777777778,0.0,0.0,1.0,0.0,13995.0,3425.2754548356206,2327.0472222222224,0.0,0.0
0.0,0.0,6.0,956.0,17.25,18572.0,25.0,5.0,28.379682679594534,0.0,25.0,0.0,1104.0,13036.0,702.7964490423599,1022.0041868664609,0.0,0.0
0.0,5.0,2.0,9.0,30.857142857142858,18572.0,855.0,5.0,28.379682679594534,4.0,20.0,0.0,864.0,13036.0,702.7964490423599,1022.0041868664609,1.0,1.0
0.0,0.0,1.0,0.0,647.3571428571429,18572.0,5383.0,1.0,33.30937773882559,0.0,1529.0,1.0,9063.0,19844.0,3425.2754548356206,2969.692375109553,0.0,0.0
1.0,0.0,2.0,0.0,0.0,13902.0,0.0,6.0,24.07696376619942,0.0,0.0,0.0,0.0,5577.0,702.7964490423599,377.89394340121663,1.0,1.0
0.0,1.0,2.0,798.0,86.04,18572.0,1160.0,5.0,28.379682679594534,1158.0,2.0,0.0,2151.0,13036.0,702.7964490423599,1022.0041868664609,0.0,0.0
0.0,0.0,2.0,0.0,90.78571428571429,18572.0,2542.0,2.0,34.472776769509984,0.0,1866.0,1.0,2542.0,22408.0,3425.2754548356206,4009.0916515426497,0.0,0.0
0.0,0.0,5.0,1061.0,50.924528301886795,22408.0,1638.0,3.0,33.37777777777778,1279.0,359.0,2.0,2699.0,13995.0,1054.5402384500744,2327.0472222222224,0.0,0.0
1.0,3.0,4.0,0.0,0.0,18572.0,0.0,6.0,24.07696376619942,0.0,0.0,0.0,0.0,5577.0,702.7964490423599,377.89394340121663,0.0,0.0
1.0,2.0,1.0,0.0,0.0,18572.0,0.0,6.0,24.07696376619942,0.0,0.0,0.0,0.0,5577.0,702.7964490423599,377.89394340121663,0.0,0.0
0.0,4.0,4.0,13.0,125.80851063829788,18572.0,5900.0,5.0,28.379682679594534,5888.0,12.0,2.0,5913.0,13036.0,1054.5402384500744,1022.0041868664609,1.0,1.0
1.0,3.0,4.0,0.0,0.0,22408.0,0.0,6.0,24.07696376619942,0.0,0.0,0.0,0.0,5577.0,702.7964490423599,377.89394340121663,0.0,0.0
0.0,3.0,3.0,150.0,11.257142857142858,18572.0,244.0,6.0,24.07696376619942,228.0,15.0,0.0,394.0,5577.0,702.7964490423599,377.89394340121663,0.0,0.0
0.0,0.0,3.0,0.0,126.33333333333333,18572.0,3682.0,2.0,34.472776769509984,25.0,3198.0,1.0,4548.0,22408.0,3425.2754548356206,4009.0916515426497,0.0,0.0
0.0,0.0,3.0,0.0,24.97142857142857,18572.0,874.0,5.0,28.379682679594534,0.0,874.0,0.0,874.0,13036.0,702.7964490423599,1022.0041868664609,1.0,1.0
0.0,5.0,3.0,63.0,19.025,18572.0,677.0,5.0,28.379682679594534,0.0,677.0,0.0,761.0,13036.0,702.7964490423599,1022.0041868664609,1.0,1.0
0.0,1.0,1.0,0.0,0.0,18572.0,0.0,4.0,30.218442932728646,0.0,0.0,2.0,0.0,15586.0,1054.5402384500744,1347.9055177626606,1.0,1.0
0.0,0.0,2.0,0.0,149.125,22408.0,3535.0,3.0,33.37777777777778,0.0,3452.0,1.0,3579.0,13995.0,3425.2754548356206,2327.0472222222224,1.0,1.0
0.0,2.0,4.0,0.0,18.72340425531915,18572.0,880.0,5.0,28.379682679594534,0.0,0.0,0.0,880.0,13036.0,702.7964490423599,1022.0041868664609,1.0,1.0
0.0,3.0,3.0,0.0,22.444444444444443,13902.0,808.0,6.0,24.07696376619942,508.0,57.0,0.0,808.0,5577.0,702.7964490423599,377.89394340121663,1.0,1.0
0.0,1.0,5.0,257.0,10.418181818181818,13902.0,0.0,5.0,28.379682679594534,0.0,0.0,0.0,573.0,13036.0,702.7964490423599,1022.0041868664609,1.0,1.0
1.0,0.0,4.0,0.0,0.0,18572.0,0.0,5.0,28.379682679594534,0.0,0.0,2.0,0.0,13036.0,1054.5402384500744,1022.0041868664609,0.0,0.0
0.0,2.0,2.0,0.0,30.2,22408.0,755.0,6.0,24.07696376619942,0.0,734.0,0.0,755.0,5577.0,702.7964490423599,377.89394340121663,0.0,0.0
0.0,3.0,2.0,287.0,30.714285714285715,18572.0,0.0,5.0,28.379682679594534,0.0,0.0,0.0,645.0,13036.0,702.7964490423599,1022.0041868664609,0.0,0.0
1.0,0.0,4.0,0.0,0.0,22408.0,0.0,2.0,34.472776769509984,0.0,0.0,1.0,0.0,22408.0,3425.2754548356206,4009.0916515426497,0.0,0.0
0.0,4.0,1.0,19.0,40.73684210526316,13902.0,755.0,6.0,24.07696376619942,0.0,751.0,0.0,774.0,5577.0,702.7964490423599,377.89394340121663,1.0,1.0
0.0,1.0,4.0,744.0,17.977777777777778,18572.0,65.0,6.0,24.07696376619942,0.0,62.0,0.0,809.0,5577.0,702.7964490423599,377.89394340121663,1.0,1.0
1.0,3.0,2.0,0.0,0.0,18572.0,0.0,6.0,24.07696376619942,0.0,0.0,0.0,0.0,5577.0,702.7964490423599,377.89394340121663,0.0,0.0
0.0,2.0,2.0,687.0,70.32,18572.0,53.0,6.0,24.07696376619942,3.0,50.0,0.0,1758.0,5577.0,702.7964490423599,377.89394340121663,1.0,1.0
0.0,1.0,2.0,0.0,26.40740740740741,18572.0,703.0,5.0,28.379682679594534,0.0,702.0,0.0,713.0,13036.0,702.7964490423599,1022.0041868664609,0.0,0.0
0.0,0.0,3.0,7.0,203.88235294117646,22408.0,5645.0,0.0,35.240112994350284,396.0,308.0,1.0,6932.0,11001.0,3425.2754548356206,3367.04802259887,1.0,1.0
0.0,0.0,4.0,5.0,17.488888888888887,13902.0,782.0,3.0,33.37777777777778,708.0,0.0,2.0,787.0,13995.0,1054.5402384500744,2327.0472222222224,1.0,1.0
0.0,5.0,2.0,1.0,32.25925925925926,18572.0,870.0,5.0,28.379682679594534,1.0,15.0,0.0,871.0,13036.0,702.7964490423599,1022.0041868664609,0.0,0.0
0.0,3.0,0.0,0.0,0.0,18572.0,0.0,6.0,24.07696376619942,0.0,0.0,0.0,0.0,5577.0,702.7964490423599,377.89394340121663,0.0,0.0
0.0,4.0,3.0,42.0,62.256410256410255,18572.0,1067.0,5.0,28.379682679594534,622.0,1.0,0.0,2428.0,13036.0,702.7964490423599,1022.0041868664609,1.0,1.0
0.0,1.0,1.0,642.0,47.35,18572.0,300.0,4.0,30.218442932728646,300.0,0.0,2.0,947.0,15586.0,1054.5402384500744,1347.9055177626606,1.0,1.0
1.0,4.0,3.0,0.0,0.0,18572.0,0.0,6.0,24.07696376619942,0.0,0.0,0.0,0.0,5577.0,702.7964490423599,377.89394340121663,1.0,1.0
0.0,4.0,1.0,508.0,58.578947368421055,18572.0,605.0,5.0,28.379682679594534,593.0,0.0,2.0,1113.0,13036.0,1054.5402384500744,1022.0041868664609,0.0,0.0
0.0,0.0,5.0,0.0,94.62745098039215,22408.0,268.0,1.0,33.30937773882559,0.0,1.0,1.0,4826.0,19844.0,3425.2754548356206,2969.692375109553,0.0,0.0
0.0,3.0,2.0,0.0,36.03846153846154,13902.0,697.0,5.0,28.379682679594534,458.0,239.0,0.0,937.0,13036.0,702.7964490423599,1022.0041868664609,1.0,1.0
0.0,5.0,0.0,0.0,0.0,18572.0,0.0,5.0,28.379682679594534,0.0,0.0,2.0,0.0,13036.0,1054.5402384500744,1022.0041868664609,0.0,0.0
0.0,1.0,2.0,265.0,66.76,18572.0,1404.0,4.0,30.218442932728646,718.0,302.0,0.0,1669.0,15586.0,702.7964490423599,1347.9055177626606,0.0,0.0
1.0,1.0,3.0,0.0,0.0,18572.0,0.0,4.0,30.218442932728646,0.0,0.0,2.0,0.0,15586.0,1054.5402384500744,1347.9055177626606,1.0,1.0
0.0,1.0,2.0,0.0,40.09090909090909,18572.0,882.0,6.0,24.07696376619942,882.0,0.0,0.0,882.0,5577.0,702.7964490423599,377.89394340121663,0.0,0.0
0.0,4.0,3.0,1373.0,46.096774193548384,13902.0,56.0,5.0,28.379682679594534,51.0,0.0,2.0,1429.0,13036.0,1054.5402384500744,1022.0041868664609,0.0,0.0
0.0,0.0,2.0,1.0,54.083333333333336,18572.0,1217.0,4.0,30.218442932728646,1215.0,2.0,2.0,1298.0,15586.0,1054.5402384500744,1347.9055177626606,1.0,1.0
0.0,4.0,3.0,700.0,18.91891891891892,22408.0,0.0,5.0,28.379682679594534,0.0,0.0,0.0,700.0,13036.0,702.7964490423599,1022.0041868664609,0.0,0.0
0.0,0.0,2.0,0.0,65.85185185185185,18572.0,1756.0,3.0,33.37777777777778,1752.0,4.0,2.0,1778.0,13995.0,1054.5402384500744,2327.0472222222224,1.0,1.0
1.0,3.0,1.0,0.0,0.0,18572.0,0.0,6.0,24.07696376619942,0.0,0.0,0.0,0.0,5577.0,702.7964490423599,377.89394340121663,1.0,1.0
0.0,0.0,4.0,99.0,145.04444444444445,22408.0,5932.0,2.0,34.472776769509984,0.0,317.0,1.0,6527.0,22408.0,3425.2754548356206,4009.0916515426497,0.0,0.0
0.0,1.0,5.0,0.0,31.87719298245614,18572.0,96.0,6.0,24.07696376619942,0.0,96.0,0.0,1817.0,5577.0,702.7964490423599,377.89394340121663,1.0,1.0
1.0,3.0,0.0,0.0,0.0,18572.0,0.0,5.0,28.379682679594534,0.0,0.0,2.0,0.0,13036.0,1054.5402384500744,1022.0041868664609,0.0,0.0
0.0,3.0,3.0,0.0,0.0,18572.0,0.0,6.0,24.07696376619942,0.0,0.0,0.0,0.0,5577.0,702.7964490423599,377.89394340121663,0.0,0.0
0.0,1.0,2.0,674.0,41.22727272727273,18572.0,228.0,6.0,24.07696376619942,196.0,12.0,0.0,907.0,5577.0,702.7964490423599,377.89394340121663,0.0,0.0
1.0,0.0,1.0,0.0,0.0,22408.0,0.0,1.0,33.30937773882559,0.0,0.0,1.0,0.0,19844.0,3425.2754548356206,2969.692375109553,0.0,0.0
0.0,5.0,4.0,50.0,16.0,18572.0,746.0,5.0,28.379682679594534,0.0,0.0,0.0,800.0,13036.0,702.7964490423599,1022.0041868664609,1.0,1.0
0.0,1.0,2.0,18.0,34.26086956521739,18572.0,18.0,4.0,30.218442932728646,0.0,0.0,0.0,788.0,15586.0,702.7964490423599,1347.9055177626606,1.0,1.0
0.0,0.0,3.0,6.0,160.88888888888889,18572.0,234.0,3.0,33.37777777777778,0.0,8.0,1.0,5792.0,13995.0,3425.2754548356206,2327.0472222222224,1.0,1.0
0.0,2.0,3.0,88.0,19.513513513513512,18572.0,11.0,5.0,28.379682679594534,5.0,5.0,0.0,722.0,13036.0,702.7964490423599,1022.0041868664609,1.0,1.0
1.0,1.0,3.0,0.0,0.0,18572.0,0.0,1.0,33.30937773882559,0.0,0.0,1.0,0.0,19844.0,3425.2754548356206,2969.692375109553,1.0,1.0
0.0,1.0,1.0,0.0,39.4,18572.0,174.0,4.0,30.218442932728646,14.0,160.0,0.0,788.0,15586.0,702.7964490423599,1347.9055177626606,1.0,1.0
1.0,0.0,0.0,0.0,0.0,18572.0,0.0,5.0,28.379682679594534,0.0,0.0,2.0,0.0,13036.0,1054.5402384500744,1022.0041868664609,0.0,0.0
0.0,4.0,0.0,0.0,0.0,18572.0,0.0,6.0,24.07696376619942,0.0,0.0,0.0,0.0,5577.0,702.7964490423599,377.89394340121663,1.0,1.0
0.0,0.0,2.0,0.0,0.0,22408.0,0.0,1.0,33.30937773882559,0.0,0.0,1.0,0.0,19844.0,3425.2754548356206,2969.692375109553,0.0,0.0
0.0,0.0,3.0,0.0,472.30555555555554,22408.0,12385.0,1.0,33.30937773882559,0.0,324.0,1.0,17003.0,19844.0,3425.2754548356206,2969.692375109553,0.0,0.0
1.0,0.0,1.0,0.0,0.0,18572.0,0.0,5.0,28.379682679594534,0.0,0.0,2.0,0.0,13036.0,1054.5402384500744,1022.0041868664609,1.0,1.0
0.0,0.0,5.0,0.0,32.293103448275865,18572.0,185.0,6.0,24.07696376619942,50.0,0.0,0.0,1873.0,5577.0,702.7964490423599,377.89394340121663,1.0,1.0
1.0,1.0,2.0,0.0,0.0,18572.0,0.0,6.0,24.07696376619942,0.0,0.0,0.0,0.0,5577.0,702.7964490423599,377.89394340121663,1.0,1.0
0.0,2.0,1.0,16.0,42.63157894736842,18572.0,0.0,6.0,24.07696376619942,0.0,0.0,0.0,810.0,5577.0,702.7964490423599,377.89394340121663,1.0,1.0
0.0,2.0,1.0,1080.0,84.85714285714286,18572.0,27.0,5.0,28.379682679594534,27.0,0.0,0.0,1188.0,13036.0,702.7964490423599,1022.0041868664609,0.0,0.0
0.0,3.0,2.0,0.0,33.666666666666664,22408.0,503.0,6.0,24.07696376619942,0.0,0.0,0.0,909.0,5577.0,702.7964490423599,377.89394340121663,1.0,1.0
0.0,0.0,3.0,0.0,342.43243243243245,18572.0,7914.0,3.0,33.37777777777778,0.0,7818.0,1.0,12670.0,13995.0,3425.2754548356206,2327.0472222222224,1.0,1.0
0.0,5.0,2.0,738.0,53.666666666666664,18572.0,550.0,5.0,28.379682679594534,550.0,0.0,0.0,1288.0,13036.0,702.7964490423599,1022.0041868664609,1.0,1.0
0.0,5.0,5.0,716.0,13.25925925925926,18572.0,0.0,5.0,28.379682679594534,0.0,0.0,0.0,716.0,13036.0,702.7964490423599,1022.0041868664609,1.0,1.0
1.0,-1.0,1.0,0.0,0.0,13902.0,0.0,5.0,28.379682679594534,0.0,0.0,0.0,0.0,13036.0,702.7964490423599,1022.0041868664609,1.0,1.0
1.0,0.0,2.0,0.0,0.0,22408.0,0.0,1.0,33.30937773882559,0.0,0.0,1.0,0.0,19844.0,3425.2754548356206,2969.692375109553,1.0,1.0
1.0,2.0,3.0,0.0,0.0,18572.0,0.0,6.0,24.07696376619942,0.0,0.0,0.0,0.0,5577.0,702.7964490423599,377.89394340121663,0.0,0.0
1.0,4.0,3.0,0.0,0.0,13902.0,0.0,6.0,24.07696376619942,0.0,0.0,0.0,0.0,5577.0,702.7964490423599,377.89394340121663,0.0,0.0
0.0,2.0,4.0,0.0,15.4375,13902.0,740.0,6.0,24.07696376619942,83.0,654.0,0.0,741.0,5577.0,702.7964490423599,377.89394340121663,1.0,1.0
1.0,0.0,4.0,0.0,0.0,18572.0,0.0,1.0,33.30937773882559,0.0,0.0,1.0,0.0,19844.0,3425.2754548356206,2969.692375109553,1.0,1.0
1.0,3.0,4.0,0.0,0.0,13902.0,0.0,6.0,24.07696376619942,0.0,0.0,0.0,0.0,5577.0,702.7964490423599,377.89394340121663,1.0,1.0
1.0,1.0,3.0,0.0,0.0,18572.0,0.0,6.0,24.07696376619942,0.0,0.0,0.0,0.0,5577.0,702.7964490423599,377.89394340121663,0.0,0.0
0.0,0.0,2.0,0.0,122.44,18572.0,151.0,3.0,33.37777777777778,3.0,112.0,1.0,3061.0,13995.0,3425.2754548356206,2327.0472222222224,1.0,1.0
0.0,5.0,3.0,442.0,93.12903225806451,18572.0,2445.0,5.0,28.379682679594534,4.0,2441.0,0.0,2887.0,13036.0,702.7964490423599,1022.0041868664609,0.0,0.0
0.0,2.0,4.0,0.0,28.044444444444444,18572.0,1259.0,5.0,28.379682679594534,1258.0,1.0,0.0,1262.0,13036.0,702.7964490423599,1022.0041868664609,0.0,0.0
0.0,2.0,3.0,0.0,26.06451612903226,18572.0,11.0,6.0,24.07696376619942,1.0,10.0,0.0,808.0,5577.0,702.7964490423599,377.89394340121663,1.0,1.0
1.0,1.0,2.0,0.0,0.0,22408.0,0.0,5.0,28.379682679594534,0.0,0.0,2.0,0.0,13036.0,1054.5402384500744,1022.0041868664609,0.0,0.0
1.0,0.0,3.0,0.0,0.0,18572.0,0.0,5.0,28.379682679594534,0.0,0.0,0.0,0.0,13036.0,702.7964490423599,1022.0041868664609,0.0,0.0
1.0,3.0,1.0,0.0,0.0,13902.0,0.0,6.0,24.07696376619942,0.0,0.0,0.0,0.0,5577.0,702.7964490423599,377.89394340121663,1.0,1.0
0.0,1.0,2.0,137.0,35.130434782608695,18572.0,671.0,6.0,24.07696376619942,0.0,671.0,0.0,808.0,5577.0,702.7964490423599,377.89394340121663,1.0,1.0
0.0,3.0,0.0,0.0,0.0,18572.0,0.0,6.0,24.07696376619942,0.0,0.0,0.0,0.0,5577.0,702.7964490423599,377.89394340121663,1.0,1.0
0.0,3.0,2.0,0.0,49.4,18572.0,1235.0,5.0,28.379682679594534,1231.0,1.0,0.0,1235.0,13036.0,702.7964490423599,1022.0041868664609,1.0,1.0
0.0,0.0,3.0,4.0,84.03125,18572.0,2519.0,0.0,35.240112994350284,0.0,2177.0,1.0,2689.0,11001.0,3425.2754548356206,3367.04802259887,1.0,1.0
1.0,0.0,4.0,0.0,0.0,13902.0,0.0,6.0,24.07696376619942,0.0,0.0,0.0,0.0,5577.0,702.7964490423599,377.89394340121663,0.0,0.0
0.0,0.0,2.0,128.0,59.0,18572.0,586.0,4.0,30.218442932728646,572.0,14.0,2.0,1298.0,15586.0,1054.5402384500744,1347.9055177626606,0.0,0.0
0.0,0.0,3.0,1.0,104.1891891891892,18572.0,2841.0,1.0,33.30937773882559,0.0,16.0,1.0,3855.0,19844.0,3425.2754548356206,2969.692375109553,0.0,0.0
0.0,4.0,0.0,0.0,0.0,18572.0,0.0,6.0,24.07696376619942,0.0,0.0,0.0,0.0,5577.0,702.7964490423599,377.89394340121663,1.0,1.0
0.0,4.0,4.0,0.0,13.86046511627907,18572.0,176.0,5.0,28.379682679594534,0.0,1.0,0.0,596.0,13036.0,702.7964490423599,1022.0041868664609,0.0,0.0
1.0,3.0,2.0,0.0,0.0,18572.0,0.0,6.0,24.07696376619942,0.0,0.0,0.0,0.0,5577.0,702.7964490423599,377.89394340121663,1.0,1.0
1.0,2.0,2.0,0.0,0.0,18572.0,0.0,6.0,24.07696376619942,0.0,0.0,0.0,0.0,5577.0,702.7964490423599,377.89394340121663,1.0,1.0
0.0,0.0,2.0,334.0,30.620689655172413,18572.0,46.0,6.0,24.07696376619942,0.0,0.0,0.0,888.0,5577.0,702.7964490423599,377.89394340121663,0.0,0.0
1.0,3.0,5.0,0.0,0.0,18572.0,0.0,6.0,24.07696376619942,0.0,0.0,0.0,0.0,5577.0,702.7964490423599,377.89394340121663,0.0,0.0
0.0,0.0,2.0,0.0,43.65217391304348,18572.0,1004.0,5.0,28.379682679594534,926.0,0.0,0.0,1004.0,13036.0,702.7964490423599,1022.0041868664609,0.0,0.0
0.0,-1.0,2.0,6.0,29.607142857142858,18572.0,741.0,5.0,28.379682679594534,740.0,0.0,0.0,829.0,13036.0,702.7964490423599,1022.0041868664609,1.0,1.0
1.0,0.0,1.0,0.0,0.0,22408.0,0.0,1.0,33.30937773882559,0.0,0.0,1.0,0.0,19844.0,3425.2754548356206,2969.692375109553,0.0,0.0
0.0,0.0,0.0,0.0,0.0,18572.0,0.0,1.0,33.30937773882559,0.0,0.0,1.0,0.0,19844.0,3425.2754548356206,2969.692375109553,0.0,0.0
0.0,1.0,2.0,1155.0,209.67857142857142,18572.0,3482.0,5.0,28.379682679594534,3482.0,0.0,2.0,5871.0,13036.0,1054.5402384500744,1022.0041868664609,1.0,1.0
1.0,3.0,4.0,0.0,0.0,18572.0,0.0,6.0,24.07696376619942,0.0,0.0,0.0,0.0,5577.0,702.7964490423599,377.89394340121663,1.0,1.0
1.0,3.0,2.0,0.0,0.0,18572.0,0.0,5.0,28.379682679594534,0.0,0.0,2.0,0.0,13036.0,1054.5402384500744,1022.0041868664609,0.0,0.0
0.0,0.0,1.0,345.0,90.9,18572.0,1473.0,6.0,24.07696376619942,42.0,1431.0,0.0,1818.0,5577.0,702.7964490423599,377.89394340121663,1.0,1.0
1.0,0.0,3.0,0.0,0.0,18572.0,0.0,2.0,34.472776769509984,0.0,0.0,1.0,0.0,22408.0,3425.2754548356206,4009.0916515426497,1.0,1.0
0.0,3.0,1.0,35.0,39.89473684210526,18572.0,435.0,5.0,28.379682679594534,0.0,0.0,0.0,758.0,13036.0,702.7964490423599,1022.0041868664609,0.0,0.0
1.0,2.0,1.0,0.0,0.0,13902.0,0.0,6.0,24.07696376619942,0.0,0.0,0.0,0.0,5577.0,702.7964490423599,377.89394340121663,1.0,1.0
0.0,3.0,3.0,8.0,26.06451612903226,18572.0,800.0,6.0,24.07696376619942,477.0,0.0,0.0,808.0,5577.0,702.7964490423599,377.89394340121663,1.0,1.0
0.0,4.0,2.0,8.0,34.95454545454545,18572.0,653.0,6.0,24.07696376619942,128.0,3.0,0.0,769.0,5577.0,702.7964490423599,377.89394340121663,0.0,0.0
1.0,1.0,4.0,0.0,0.0,22408.0,0.0,6.0,24.07696376619942,0.0,0.0,0.0,0.0,5577.0,702.7964490423599,377.89394340121663,1.0,1.0
1.0,0.0,1.0,0.0,0.0,18572.0,0.0,6.0,24.07696376619942,0.0,0.0,0.0,0.0,5577.0,702.7964490423599,377.89394340121663,1.0,1.0
0.0,5.0,2.0,0.0,29.56,18572.0,202.0,5.0,28.379682679594534,0.0,5.0,0.0,739.0,13036.0,702.7964490423599,1022.0041868664609,1.0,1.0
0.0,2.0,1.0,0.0,42.44444444444444,22408.0,502.0,5.0,28.379682679594534,0.0,0.0,0.0,764.0,13036.0,702.7964490423599,1022.0041868664609,1.0,1.0
1.0,0.0,2.0,0.0,0.0,18572.0,0.0,1.0,33.30937773882559,0.0,0.0,1.0,0.0,19844.0,3425.2754548356206,2969.692375109553,1.0,1.0
0.0,3.0,1.0,0.0,69.42105263157895,18572.0,1319.0,5.0,28.379682679594534,0.0,87.0,0.0,1319.0,13036.0,702.7964490423599,1022.0041868664609,0.0,0.0
1.0,4.0,5.0,0.0,0.0,18572.0,0.0,5.0,28.379682679594534,0.0,0.0,2.0,0.0,13036.0,1054.5402384500744,1022.0041868664609,1.0,1.0
0.0,0.0,5.0,0.0,15.839285714285714,13902.0,841.0,5.0,28.379682679594534,98.0,743.0,0.0,887.0,13036.0,702.7964490423599,1022.0041868664609,0.0,0.0
0.0,1.0,4.0,1.0,22.658536585365855,18572.0,928.0,6.0,24.07696376619942,51.0,368.0,0.0,929.0,5577.0,702.7964490423599,377.89394340121663,1.0,1.0
0.0,1.0,1.0,450.0,32.95,18572.0,206.0,4.0,30.218442932728646,2.0,204.0,0.0,659.0,15586.0,702.7964490423599,1347.9055177626606,1.0,1.0
0.0,0.0,5.0,0.0,0.0,18572.0,0.0,0.0,35.240112994350284,0.0,0.0,1.0,0.0,11001.0,3425.2754548356206,3367.04802259887,0.0,0.0
1.0,0.0,3.0,0.0,0.0,22408.0,0.0,1.0,33.30937773882559,0.0,0.0,1.0,0.0,19844.0,3425.2754548356206,2969.692375109553,1.0,1.0
0.0,3.0,4.0,129.0,19.644444444444446,18572.0,246.0,6.0,24.07696376619942,0.0,246.0,0.0,884.0,5577.0,702.7964490423599,377.89394340121663,1.0,1.0
1.0,4.0,2.0,0.0,0.0,18572.0,0.0,6.0,24.07696376619942,0.0,0.0,0.0,0.0,5577.0,702.7964490423599,377.89394340121663,1.0,1.0
0.0,1.0,3.0,1.0,25.09375,18572.0,559.0,5.0,28.379682679594534,0.0,559.0,0.0,803.0,13036.0,702.7964490423599,1022.0041868664609,0.0,0.0
0.0,0.0,1.0,249.0,43.94444444444444,18572.0,542.0,4.0,30.218442932728646,0.0,537.0,0.0,791.0,15586.0,702.7964490423599,1347.9055177626606,0.0,0.0
0.0,3.0,3.0,105.0,64.72222222222223,18572.0,2225.0,6.0,24.07696376619942,2224.0,1.0,0.0,2330.0,5577.0,702.7964490423599,377.89394340121663,1.0,1.0
1.0,0.0,4.0,0.0,0.0,18572.0,0.0,0.0,35.240112994350284,0.0,0.0,1.0,0.0,11001.0,3425.2754548356206,3367.04802259887,0.0,0.0
0.0,4.0,0.0,0.0,0.0,18572.0,0.0,6.0,24.07696376619942,0.0,0.0,0.0,0.0,5577.0,702.7964490423599,377.89394340121663,1.0,1.0
1.0,0.0,0.0,0.0,0.0,18572.0,0.0,6.0,24.07696376619942,0.0,0.0,0.0,0.0,5577.0,702.7964490423599,377.89394340121663,0.0,0.0
1.0,3.0,3.0,0.0,0.0,22408.0,0.0,5.0,28.379682679594534,0.0,0.0,2.0,0.0,13036.0,1054.5402384500744,1022.0041868664609,0.0,0.0
0.0,1.0,2.0,0.0,0.0,18572.0,0.0,4.0,30.218442932728646,0.0,0.0,2.0,0.0,15586.0,1054.5402384500744,1347.9055177626606,0.0,0.0
1.0,1.0,5.0,0.0,0.0,22408.0,0.0,5.0,28.379682679594534,0.0,0.0,2.0,0.0,13036.0,1054.5402384500744,1022.0041868664609,0.0,0.0
0.0,0.0,2.0,0.0,132.25,18572.0,986.0,2.0,34.472776769509984,0.0,0.0,1.0,3703.0,22408.0,3425.2754548356206,4009.0916515426497,1.0,1.0
0.0,4.0,2.0,0.0,52.21739130434783,18572.0,1201.0,5.0,28.379682679594534,0.0,0.0,0.0,1201.0,13036.0,702.7964490423599,1022.0041868664609,1.0,1.0
0.0,2.0,4.0,2.0,20.48,18572.0,1022.0,6.0,24.07696376619942,1020.0,2.0,0.0,1024.0,5577.0,702.7964490423599,377.89394340121663,1.0,1.0
0.0,1.0,4.0,0.0,16.0,18572.0,696.0,6.0,24.07696376619942,45.0,607.0,0.0,704.0,5577.0,702.7964490423599,377.89394340121663,1.0,1.0
1.0,3.0,2.0,0.0,0.0,18572.0,0.0,6.0,24.07696376619942,0.0,0.0,0.0,0.0,5577.0,702.7964490423599,377.89394340121663,1.0,1.0
0.0,1.0,1.0,0.0,69.0,18572.0,889.0,5.0,28.379682679594534,578.0,306.0,0.0,966.0,13036.0,702.7964490423599,1022.0041868664609,1.0,1.0
0.0,0.0,2.0,0.0,0.0,18572.0,0.0,4.0,30.218442932728646,0.0,0.0,2.0,0.0,15586.0,1054.5402384500744,1347.9055177626606,0.0,0.0
1.0,5.0,2.0,0.0,0.0,18572.0,0.0,5.0,28.379682679594534,0.0,0.0,2.0,0.0,13036.0,1054.5402384500744,1022.0041868664609,0.0,0.0
0.0,0.0,2.0,352.0,28.82608695652174,18572.0,226.0,4.0,30.218442932728646,213.0,12.0,0.0,663.0,15586.0,702.7964490423599,1347.9055177626606,1.0,1.0
1.0,3.0,2.0,0.0,0.0,18572.0,0.0,6.0,24.07696376619942,0.0,0.0,0.0,0.0,5577.0,702.7964490423599,377.89394340121663,0.0,0.0
0.0,3.0,1.0,1770.0,161.1578947368421,18572.0,1292.0,5.0,28.379682679594534,0.0,1284.0,0.0,3062.0,13036.0,702.7964490423599,1022.0041868664609,1.0,1.0
0.0,1.0,2.0,0.0,0.0,22408.0,0.0,4.0,30.218442932728646,0.0,0.0,1.0,0.0,15586.0,3425.2754548356206,1347.9055177626606,1.0,1.0
1.0,0.0,4.0,0.0,0.0,22408.0,0.0,1.0,33.30937773882559,0.0,0.0,1.0,0.0,19844.0,3425.2754548356206,2969.692375109553,1.0,1.0
0.0,5.0,1.0,0.0,31.95,22408.0,639.0,5.0,28.379682679594534,355.0,0.0,0.0,639.0,13036.0,702.7964490423599,1022.0041868664609,1.0,1.0
1.0,3.0,2.0,0.0,0.0,18572.0,0.0,6.0,24.07696376619942,0.0,0.0,0.0,0.0,5577.0,702.7964490423599,377.89394340121663,0.0,0.0
0.0,4.0,2.0,12.0,30.620689655172413,18572.0,875.0,6.0,24.07696376619942,0.0,875.0,0.0,888.0,5577.0,702.7964490423599,377.89394340121663,1.0,1.0
1.0,4.0,2.0,0.0,0.0,18572.0,0.0,6.0,24.07696376619942,0.0,0.0,0.0,0.0,5577.0,702.7964490423599,377.89394340121663,0.0,0.0
1.0,4.0,2.0,0.0,0.0,13902.0,0.0,6.0,24.07696376619942,0.0,0.0,0.0,0.0,5577.0,702.7964490423599,377.89394340121663,1.0,1.0
0.0,0.0,2.0,0.0,58.77777777777778,18572.0,691.0,3.0,33.37777777777778,0.0,690.0,1.0,1587.0,13995.0,3425.2754548356206,2327.0472222222224,0.0,0.0
0.0,0.0,3.0,708.0,24.92105263157895,18572.0,237.0,4.0,30.218442932728646,237.0,0.0,2.0,947.0,15586.0,1054.5402384500744,1347.9055177626606,0.0,0.0
0.0,3.0,0.0,0.0,0.0,18572.0,0.0,6.0,24.07696376619942,0.0,0.0,0.0,0.0,5577.0,702.7964490423599,377.89394340121663,0.0,0.0
0.0,0.0,3.0,95.0,169.27027027027026,22408.0,2110.0,0.0,35.240112994350284,1.0,0.0,1.0,6263.0,11001.0,3425.2754548356206,3367.04802259887,0.0,0.0
0.0,3.0,1.0,0.0,102.6,22408.0,1302.0,5.0,28.379682679594534,714.0,587.0,0.0,1539.0,13036.0,702.7964490423599,1022.0041868664609,0.0,0.0
0.0,3.0,6.0,649.0,12.869565217391305,18572.0,239.0,6.0,24.07696376619942,0.0,0.0,0.0,888.0,5577.0,702.7964490423599,377.89394340121663,1.0,1.0
0.0,1.0,2.0,5.0,31.6,22408.0,1.0,4.0,30.218442932728646,0.0,0.0,0.0,790.0,15586.0,702.7964490423599,1347.9055177626606,1.0,1.0
0.0,0.0,4.0,0.0,38.06818181818182,18572.0,235.0,1.0,33.30937773882559,0.0,85.0,1.0,1675.0,19844.0,3425.2754548356206,2969.692375109553,1.0,1.0
0.0,2.0,1.0,0.0,38.421052631578945,18572.0,730.0,5.0,28.379682679594534,95.0,13.0,0.0,730.0,13036.0,702.7964490423599,1022.0041868664609,0.0,0.0
0.0,3.0,1.0,0.0,42.578947368421055,18572.0,809.0,6.0,24.07696376619942,628.0,31.0,0.0,809.0,5577.0,702.7964490423599,377.89394340121663,0.0,0.0
0.0,0.0,2.0,88.0,28.791666666666668,22408.0,565.0,5.0,28.379682679594534,0.0,4.0,0.0,691.0,13036.0,702.7964490423599,1022.0041868664609,0.0,0.0
1.0,0.0,1.0,0.0,0.0,18572.0,0.0,2.0,34.472776769509984,0.0,0.0,1.0,0.0,22408.0,3425.2754548356206,4009.0916515426497,1.0,1.0
1.0,0.0,3.0,0.0,0.0,18572.0,0.0,6.0,24.07696376619942,0.0,0.0,0.0,0.0,5577.0,702.7964490423599,377.89394340121663,0.0,0.0
1.0,3.0,3.0,0.0,0.0,18572.0,0.0,6.0,24.07696376619942,0.0,0.0,0.0,0.0,5577.0,702.7964490423599,377.89394340121663,1.0,1.0
0.0,0.0,3.0,5.0,139.8181818181818,18572.0,885.0,2.0,34.472776769509984,401.0,422.0,1.0,4614.0,22408.0,3425.2754548356206,4009.0916515426497,1.0,1.0
0.0,2.0,2.0,16.0,32.95652173913044,18572.0,697.0,5.0,28.379682679594534,686.0,7.0,0.0,758.0,13036.0,702.7964490423599,1022.0041868664609,1.0,1.0
0.0,5.0,1.0,310.0,119.94736842105263,18572.0,1969.0,5.0,28.379682679594534,1969.0,0.0,0.0,2279.0,13036.0,702.7964490423599,1022.0041868664609,0.0,0.0
0.0,0.0,0.0,0.0,0.0,18572.0,0.0,5.0,28.379682679594534,0.0,0.0,2.0,0.0,13036.0,1054.5402384500744,1022.0041868664609,0.0,0.0
0.0,1.0,2.0,23.0,51.0,18572.0,1103.0,4.0,30.218442932728646,969.0,134.0,0.0,1173.0,15586.0,702.7964490423599,1347.9055177626606,0.0,0.0
0.0,0.0,0.0,0.0,0.0,18572.0,0.0,6.0,24.07696376619942,0.0,0.0,0.0,0.0,5577.0,702.7964490423599,377.89394340121663,1.0,1.0
0.0,4.0,3.0,7.0,17.90909090909091,13902.0,584.0,5.0,28.379682679594534,397.0,182.0,0.0,591.0,13036.0,702.7964490423599,1022.0041868664609,1.0,1.0
0.0,0.0,2.0,0.0,61.357142857142854,18572.0,1718.0,3.0,33.37777777777778,831.0,867.0,2.0,1718.0,13995.0,1054.5402384500744,2327.0472222222224,0.0,0.0
1.0,0.0,2.0,0.0,0.0,22408.0,0.0,1.0,33.30937773882559,0.0,0.0,1.0,0.0,19844.0,3425.2754548356206,2969.692375109553,1.0,1.0
0.0,1.0,5.0,1.0,15.366666666666667,18572.0,921.0,6.0,24.07696376619942,0.0,920.0,0.0,922.0,5577.0,702.7964490423599,377.89394340121663,1.0,1.0
0.0,1.0,1.0,493.0,48.666666666666664,22408.0,372.0,5.0,28.379682679594534,0.0,0.0,0.0,876.0,13036.0,702.7964490423599,1022.0041868664609,1.0,1.0
0.0,3.0,2.0,0.0,24.133333333333333,18572.0,714.0,5.0,28.379682679594534,0.0,594.0,0.0,724.0,13036.0,702.7964490423599,1022.0041868664609,1.0,1.0
0.0,1.0,3.0,2080.0,132.83783783783784,18572.0,357.0,4.0,30.218442932728646,10.0,19.0,1.0,4915.0,15586.0,3425.2754548356206,1347.9055177626606,0.0,0.0
0.0,1.0,7.0,5.0,18.02777777777778,18572.0,1293.0,4.0,30.218442932728646,1243.0,16.0,2.0,1298.0,15586.0,1054.5402384500744,1347.9055177626606,1.0,1.0
0.0,0.0,1.0,0.0,252.625,18572.0,3365.0,2.0,34.472776769509984,0.0,179.0,0.0,4042.0,22408.0,702.7964490423599,4009.0916515426497,1.0,1.0
1.0,1.0,3.0,0.0,0.0,22408.0,0.0,1.0,33.30937773882559,0.0,0.0,1.0,0.0,19844.0,3425.2754548356206,2969.692375109553,1.0,1.0
1.0,0.0,2.0,0.0,0.0,18572.0,0.0,1.0,33.30937773882559,0.0,0.0,1.0,0.0,19844.0,3425.2754548356206,2969.692375109553,0.0,0.0
1.0,0.0,2.0,0.0,0.0,18572.0,0.0,1.0,33.30937773882559,0.0,0.0,1.0,0.0,19844.0,3425.2754548356206,2969.692375109553,0.0,0.0
1.0,0.0,4.0,0.0,0.0,18572.0,0.0,4.0,30.218442932728646,0.0,0.0,2.0,0.0,15586.0,1054.5402384500744,1347.9055177626606,0.0,0.0
1.0,0.0,1.0,0.0,0.0,18572.0,0.0,5.0,28.379682679594534,0.0,0.0,2.0,0.0,13036.0,1054.5402384500744,1022.0041868664609,0.0,0.0
1.0,3.0,1.0,0.0,0.0,18572.0,0.0,6.0,24.07696376619942,0.0,0.0,0.0,0.0,5577.0,702.7964490423599,377.89394340121663,1.0,1.0
0.0,0.0,1.0,0.0,1604.1052631578948,18572.0,28600.0,1.0,33.30937773882559,0.0,18572.0,1.0,30478.0,19844.0,3425.2754548356206,2969.692375109553,0.0,0.0
0.0,4.0,3.0,0.0,0.0,18572.0,0.0,6.0,24.07696376619942,0.0,0.0,0.0,0.0,5577.0,702.7964490423599,377.89394340121663,0.0,0.0
1.0,0.0,2.0,0.0,0.0,18572.0,0.0,4.0,30.218442932728646,0.0,0.0,1.0,0.0,15586.0,3425.2754548356206,1347.9055177626606,1.0,1.0
1.0,3.0,0.0,0.0,0.0,18572.0,0.0,6.0,24.07696376619942,0.0,0.0,0.0,0.0,5577.0,702.7964490423599,377.89394340121663,0.0,0.0
1.0,4.0,0.0,0.0,0.0,18572.0,0.0,5.0,28.379682679594534,0.0,0.0,2.0,0.0,13036.0,1054.5402384500744,1022.0041868664609,0.0,0.0
1.0,1.0,3.0,0.0,0.0,18572.0,0.0,5.0,28.379682679594534,0.0,0.0,2.0,0.0,13036.0,1054.5402384500744,1022.0041868664609,0.0,0.0
0.0,6.0,1.0,1.0,118.47368421052632,18572.0,2085.0,5.0,28.379682679594534,83.0,0.0,0.0,2251.0,13036.0,702.7964490423599,1022.0041868664609,0.0,0.0
0.0,1.0,5.0,0.0,43.72222222222222,18572.0,110.0,4.0,30.218442932728646,3.0,95.0,0.0,2361.0,15586.0,702.7964490423599,1347.9055177626606,0.0,0.0
1.0,0.0,4.0,0.0,0.0,22408.0,0.0,1.0,33.30937773882559,0.0,0.0,1.0,0.0,19844.0,3425.2754548356206,2969.692375109553,1.0,1.0
0.0,1.0,3.0,0.0,41.75,18572.0,50.0,4.0,30.218442932728646,44.0,6.0,0.0,1670.0,15586.0,702.7964490423599,1347.9055177626606,0.0,0.0
0.0,1.0,2.0,0.0,707.4827586206897,22408.0,16766.0,2.0,34.472776769509984,0.0,5025.0,1.0,20517.0,22408.0,3425.2754548356206,4009.0916515426497,0.0,0.0
1.0,0.0,1.0,0.0,0.0,18572.0,0.0,6.0,24.07696376619942,0.0,0.0,0.0,0.0,5577.0,702.7964490423599,377.89394340121663,0.0,0.0
0.0,0.0,4.0,16.0,30.162790697674417,18572.0,1246.0,4.0,30.218442932728646,1246.0,0.0,2.0,1297.0,15586.0,1054.5402384500744,1347.9055177626606,1.0,1.0
0.0,0.0,2.0,0.0,76.25925925925925,18572.0,2050.0,1.0,33.30937773882559,0.0,3.0,1.0,2059.0,19844.0,3425.2754548356206,2969.692375109553,1.0,1.0
0.0,2.0,0.0,0.0,0.0,22408.0,0.0,5.0,28.379682679594534,0.0,0.0,2.0,0.0,13036.0,1054.5402384500744,1022.0041868664609,1.0,1.0
0.0,0.0,3.0,1.0,155.94285714285715,22408.0,2845.0,1.0,33.30937773882559,0.0,131.0,1.0,5458.0,19844.0,3425.2754548356206,2969.692375109553,0.0,0.0
1.0,0.0,2.0,0.0,0.0,18572.0,0.0,1.0,33.30937773882559,0.0,0.0,1.0,0.0,19844.0,3425.2754548356206,2969.692375109553,0.0,0.0
1.0,2.0,4.0,0.0,0.0,13902.0,0.0,6.0,24.07696376619942,0.0,0.0,0.0,0.0,5577.0,702.7964490423599,377.89394340121663,0.0,0.0
0.0,2.0,1.0,14.0,38.55,18572.0,755.0,6.0,24.07696376619942,0.0,755.0,0.0,771.0,5577.0,702.7964490423599,377.89394340121663,0.0,0.0
0.0,0.0,4.0,0.0,155.3181818181818,22408.0,3728.0,2.0,34.472776769509984,1365.0,50.0,1.0,6834.0,22408.0,3425.2754548356206,4009.0916515426497,0.0,0.0
0.0,2.0,6.0,0.0,10.228571428571428,18572.0,577.0,5.0,28.379682679594534,577.0,0.0,0.0,716.0,13036.0,702.7964490423599,1022.0041868664609,0.0,0.0
0.0,1.0,3.0,0.0,20.17948717948718,18572.0,786.0,4.0,30.218442932728646,0.0,786.0,0.0,787.0,15586.0,702.7964490423599,1347.9055177626606,0.0,0.0
0.0,4.0,3.0,0.0,24.46875,18572.0,589.0,6.0,24.07696376619942,459.0,5.0,0.0,783.0,5577.0,702.7964490423599,377.89394340121663,0.0,0.0
0.0,2.0,2.0,0.0,86.04,18572.0,1560.0,5.0,28.379682679594534,0.0,0.0,0.0,2151.0,13036.0,702.7964490423599,1022.0041868664609,1.0,1.0
0.0,4.0,2.0,817.0,41.22727272727273,18572.0,90.0,6.0,24.07696376619942,90.0,0.0,0.0,907.0,5577.0,702.7964490423599,377.89394340121663,0.0,0.0
1.0,0.0,2.0,0.0,0.0,22408.0,0.0,1.0,33.30937773882559,0.0,0.0,1.0,0.0,19844.0,3425.2754548356206,2969.692375109553,1.0,1.0
0.0,5.0,1.0,0.0,124.25,18572.0,2485.0,5.0,28.379682679594534,886.0,1587.0,0.0,2485.0,13036.0,702.7964490423599,1022.0041868664609,1.0,1.0
0.0,1.0,1.0,0.0,0.0,18572.0,0.0,5.0,28.379682679594534,0.0,0.0,2.0,0.0,13036.0,1054.5402384500744,1022.0041868664609,0.0,0.0
1.0,3.0,2.0,0.0,0.0,18572.0,0.0,6.0,24.07696376619942,0.0,0.0,0.0,0.0,5577.0,702.7964490423599,377.89394340121663,1.0,1.0
0.0,3.0,3.0,756.0,31.027027027027028,18572.0,392.0,5.0,28.379682679594534,386.0,6.0,2.0,1148.0,13036.0,1054.5402384500744,1022.0041868664609,0.0,0.0
1.0,1.0,3.0,0.0,0.0,18572.0,0.0,4.0,30.218442932728646,0.0,0.0,2.0,0.0,15586.0,1054.5402384500744,1347.9055177626606,1.0,1.0
0.0,0.0,2.0,0.0,672.2666666666667,18572.0,11724.0,0.0,35.240112994350284,0.0,2989.0,1.0,20168.0,11001.0,3425.2754548356206,3367.04802259887,1.0,1.0
0.0,0.0,0.0,0.0,0.0,18572.0,0.0,0.0,35.240112994350284,0.0,0.0,1.0,0.0,11001.0,3425.2754548356206,3367.04802259887,1.0,1.0
0.0,1.0,2.0,0.0,26.8,18572.0,804.0,5.0,28.379682679594534,7.0,797.0,0.0,804.0,13036.0,702.7964490423599,1022.0041868664609,1.0,1.0
0.0,2.0,0.0,0.0,0.0,18572.0,0.0,6.0,24.07696376619942,0.0,0.0,0.0,0.0,5577.0,702.7964490423599,377.89394340121663,1.0,1.0
0.0,0.0,4.0,401.0,15.76,22408.0,384.0,4.0,30.218442932728646,84.0,202.0,0.0,788.0,15586.0,702.7964490423599,1347.9055177626606,0.0,0.0
0.0,1.0,2.0,578.0,31.90909090909091,18572.0,31.0,5.0,28.379682679594534,31.0,0.0,0.0,702.0,13036.0,702.7964490423599,1022.0041868664609,0.0,0.0
0.0,0.0,2.0,26.0,36.464285714285715,18572.0,995.0,4.0,30.218442932728646,994.0,1.0,2.0,1021.0,15586.0,1054.5402384500744,1347.9055177626606,1.0,1.0
0.0,4.0,2.0,0.0,74.1,18572.0,2223.0,5.0,28.379682679594534,2223.0,0.0,2.0,2223.0,13036.0,1054.5402384500744,1022.0041868664609,1.0,1.0
0.0,0.0,2.0,719.0,68.38461538461539,13902.0,1059.0,3.0,33.37777777777778,1052.0,0.0,2.0,1778.0,13995.0,1054.5402384500744,2327.0472222222224,0.0,0.0
0.0,0.0,3.0,584.0,23.90909090909091,18572.0,180.0,4.0,30.218442932728646,180.0,0.0,0.0,789.0,15586.0,702.7964490423599,1347.9055177626606,1.0,1.0
0.0,5.0,1.0,2228.0,328.72222222222223,18572.0,3689.0,5.0,28.379682679594534,3651.0,38.0,2.0,5917.0,13036.0,1054.5402384500744,1022.0041868664609,0.0,0.0
0.0,2.0,1.0,0.0,0.0,13902.0,0.0,6.0,24.07696376619942,0.0,0.0,0.0,0.0,5577.0,702.7964490423599,377.89394340121663,0.0,0.0
0.0,0.0,3.0,0.0,179.87878787878788,22408.0,181.0,3.0,33.37777777777778,0.0,59.0,1.0,5936.0,13995.0,3425.2754548356206,2327.0472222222224,1.0,1.0
1.0,0.0,2.0,0.0,0.0,18572.0,0.0,4.0,30.218442932728646,0.0,0.0,2.0,0.0,15586.0,1054.5402384500744,1347.9055177626606,0.0,0.0
0.0,5.0,1.0,0.0,105.55,18572.0,2111.0,5.0,28.379682679594534,2110.0,0.0,0.0,2111.0,13036.0,702.7964490423599,1022.0041868664609,0.0,0.0
1.0,0.0,1.0,0.0,0.0,18572.0,0.0,1.0,33.30937773882559,0.0,0.0,1.0,0.0,19844.0,3425.2754548356206,2969.692375109553,1.0,1.0
0.0,2.0,0.0,0.0,0.0,18572.0,0.0,6.0,24.07696376619942,0.0,0.0,0.0,0.0,5577.0,702.7964490423599,377.89394340121663,0.0,0.0
1.0,-1.0,2.0,0.0,0.0,18572.0,0.0,5.0,28.379682679594534,0.0,0.0,0.0,0.0,13036.0,702.7964490423599,1022.0041868664609,1.0,1.0
1.0,1.0,1.0,0.0,0.0,18572.0,0.0,5.0,28.379682679594534,0.0,0.0,2.0,0.0,13036.0,1054.5402384500744,1022.0041868664609,0.0,0.0
1.0,1.0,2.0,0.0,0.0,18572.0,0.0,6.0,24.07696376619942,0.0,0.0,0.0,0.0,5577.0,702.7964490423599,377.89394340121663,0.0,0.0
0.0,2.0,2.0,0.0,33.666666666666664,18572.0,2.0,6.0,24.07696376619942,0.0,2.0,0.0,808.0,5577.0,702.7964490423599,377.89394340121663,0.0,0.0
0.0,1.0,1.0,0.0,37.9,18572.0,754.0,5.0,28.379682679594534,1.0,750.0,0.0,758.0,13036.0,702.7964490423599,1022.0041868664609,1.0,1.0
1.0,4.0,3.0,0.0,0.0,18572.0,0.0,6.0,24.07696376619942,0.0,0.0,0.0,0.0,5577.0,702.7964490423599,377.89394340121663,0.0,0.0
1.0,0.0,2.0,0.0,0.0,18572.0,0.0,4.0,30.218442932728646,0.0,0.0,1.0,0.0,15586.0,3425.2754548356206,1347.9055177626606,0.0,0.0
1.0,0.0,3.0,0.0,0.0,22408.0,0.0,1.0,33.30937773882559,0.0,0.0,1.0,0.0,19844.0,3425.2754548356206,2969.692375109553,0.0,0.0
1.0,1.0,6.0,0.0,0.0,13902.0,0.0,6.0,24.07696376619942,0.0,0.0,0.0,0.0,5577.0,702.7964490423599,377.89394340121663,0.0,0.0
0.0,2.0,4.0,1834.0,43.29545454545455,22408.0,71.0,5.0,28.379682679594534,4.0,1.0,2.0,1905.0,13036.0,1054.5402384500744,1022.0041868664609,0.0,0.0
0.0,4.0,2.0,664.0,46.13333333333333,18572.0,720.0,5.0,28.379682679594534,3.0,683.0,0.0,1384.0,13036.0,702.7964490423599,1022.0041868664609,1.0,1.0
0.0,3.0,2.0,109.0,47.19230769230769,18572.0,1118.0,5.0,28.379682679594534,750.0,368.0,2.0,1227.0,13036.0,1054.5402384500744,1022.0041868664609,1.0,1.0
1.0,0.0,2.0,0.0,0.0,13902.0,0.0,6.0,24.07696376619942,0.0,0.0,0.0,0.0,5577.0,702.7964490423599,377.89394340121663,1.0,1.0
1.0,3.0,2.0,0.0,0.0,18572.0,0.0,5.0,28.379682679594534,0.0,0.0,2.0,0.0,13036.0,1054.5402384500744,1022.0041868664609,1.0,1.0
0.0,0.0,5.0,0.0,264.77777777777777,22408.0,771.0,0.0,35.240112994350284,0.0,0.0,1.0,14298.0,11001.0,3425.2754548356206,3367.04802259887,1.0,1.0
1.0,1.0,3.0,0.0,0.0,18572.0,0.0,5.0,28.379682679594534,0.0,0.0,2.0,0.0,13036.0,1054.5402384500744,1022.0041868664609,1.0,1.0
0.0,0.0,3.0,0.0,274.96774193548384,22408.0,532.0,1.0,33.30937773882559,0.0,507.0,1.0,8524.0,19844.0,3425.2754548356206,2969.692375109553,1.0,1.0
1.0,0.0,1.0,0.0,0.0,22408.0,0.0,2.0,34.472776769509984,0.0,0.0,1.0,0.0,22408.0,3425.2754548356206,4009.0916515426497,1.0,1.0
0.0,1.0,1.0,0.0,0.5,18572.0,1.0,5.0,28.379682679594534,0.0,0.0,0.0,10.0,13036.0,702.7964490423599,1022.0041868664609,0.0,0.0
0.0,5.0,2.0,0.0,27.695652173913043,13902.0,620.0,5.0,28.379682679594534,0.0,620.0,0.0,637.0,13036.0,702.7964490423599,1022.0041868664609,1.0,1.0
0.0,2.0,2.0,21.0,27.857142857142858,18572.0,5.0,5.0,28.379682679594534,0.0,0.0,0.0,585.0,13036.0,702.7964490423599,1022.0041868664609,1.0,1.0
1.0,4.0,6.0,0.0,0.0,18572.0,0.0,6.0,24.07696376619942,0.0,0.0,0.0,0.0,5577.0,702.7964490423599,377.89394340121663,1.0,1.0
0.0,1.0,3.0,246.0,29.942857142857143,18572.0,802.0,4.0,30.218442932728646,801.0,1.0,2.0,1048.0,15586.0,1054.5402384500744,1347.9055177626606,0.0,0.0
1.0,1.0,2.0,0.0,0.0,18572.0,0.0,4.0,30.218442932728646,0.0,0.0,1.0,0.0,15586.0,3425.2754548356206,1347.9055177626606,0.0,0.0
0.0,0.0,4.0,0.0,397.0869565217391,22408.0,365.0,0.0,35.240112994350284,5.0,79.0,1.0,18266.0,11001.0,3425.2754548356206,3367.04802259887,1.0,1.0
0.0,3.0,1.0,0.0,45.64705882352941,18572.0,7.0,5.0,28.379682679594534,0.0,0.0,0.0,776.0,13036.0,702.7964490423599,1022.0041868664609,1.0,1.0
1.0,1.0,1.0,0.0,0.0,22408.0,0.0,6.0,24.07696376619942,0.0,0.0,0.0,0.0,5577.0,702.7964490423599,377.89394340121663,1.0,1.0
1.0,0.0,1.0,0.0,0.0,18572.0,0.0,6.0,24.07696376619942,0.0,0.0,0.0,0.0,5577.0,702.7964490423599,377.89394340121663,1.0,1.0
0.0,1.0,3.0,0.0,24.03030303030303,13902.0,793.0,4.0,30.218442932728646,793.0,0.0,0.0,793.0,15586.0,702.7964490423599,1347.9055177626606,0.0,0.0
0.0,-1.0,2.0,594.0,62.44,18572.0,693.0,5.0,28.379682679594534,0.0,35.0,0.0,1561.0,13036.0,702.7964490423599,1022.0041868664609,1.0,1.0
0.0,3.0,1.0,2728.0,143.57894736842104,18572.0,0.0,5.0,28.379682679594534,0.0,0.0,0.0,2728.0,13036.0,702.7964490423599,1022.0041868664609,1.0,1.0
1.0,0.0,2.0,0.0,0.0,22408.0,0.0,3.0,33.37777777777778,0.0,0.0,2.0,0.0,13995.0,1054.5402384500744,2327.0472222222224,1.0,1.0
0.0,1.0,3.0,7.0,21.7027027027027,18572.0,756.0,5.0,28.379682679594534,418.0,338.0,0.0,803.0,13036.0,702.7964490423599,1022.0041868664609,0.0,0.0
0.0,1.0,4.0,1.0,14.282608695652174,18572.0,202.0,4.0,30.218442932728646,198.0,0.0,0.0,657.0,15586.0,702.7964490423599,1347.9055177626606,0.0,0.0
0.0,0.0,4.0,43.0,111.09756097560975,18572.0,783.0,1.0,33.30937773882559,773.0,10.0,1.0,4555.0,19844.0,3425.2754548356206,2969.692375109553,0.0,0.0
0.0,0.0,3.0,0.0,184.61764705882354,18572.0,2260.0,1.0,33.30937773882559,0.0,0.0,1.0,6277.0,19844.0,3425.2754548356206,2969.692375109553,1.0,1.0
0.0,0.0,3.0,1355.0,34.743589743589745,18572.0,0.0,4.0,30.218442932728646,0.0,0.0,2.0,1355.0,15586.0,1054.5402384500744,1347.9055177626606,1.0,1.0
0.0,0.0,2.0,0.0,19.928571428571427,13902.0,558.0,5.0,28.379682679594534,182.0,0.0,0.0,558.0,13036.0,702.7964490423599,1022.0041868664609,1.0,1.0
0.0,3.0,4.0,743.0,16.02127659574468,13902.0,10.0,6.0,24.07696376619942,0.0,4.0,0.0,753.0,5577.0,702.7964490423599,377.89394340121663,0.0,0.0
0.0,0.0,2.0,8.0,224.14814814814815,18572.0,6044.0,1.0,33.30937773882559,0.0,21.0,1.0,6052.0,19844.0,3425.2754548356206,2969.692375109553,1.0,1.0
0.0,1.0,4.0,0.0,19.355555555555554,18572.0,871.0,5.0,28.379682679594534,0.0,0.0,0.0,871.0,13036.0,702.7964490423599,1022.0041868664609,1.0,1.0
0.0,0.0,4.0,2.0,172.34883720930233,18572.0,5580.0,7.0,35.54545454545455,0.0,3133.0,1.0,7411.0,6841.0,3425.2754548356206,5916.272727272727,0.0,0.0
0.0,3.0,2.0,0.0,47.81481481481482,18572.0,1291.0,5.0,28.379682679594534,0.0,213.0,0.0,1291.0,13036.0,702.7964490423599,1022.0041868664609,1.0,1.0
0.0,1.0,3.0,71.0,35.09090909090909,18572.0,1087.0,5.0,28.379682679594534,1087.0,0.0,2.0,1158.0,13036.0,1054.5402384500744,1022.0041868664609,1.0,1.0
0.0,1.0,2.0,670.0,30.52173913043478,18572.0,32.0,5.0,28.379682679594534,0.0,0.0,0.0,702.0,13036.0,702.7964490423599,1022.0041868664609,1.0,1.0
0.0,0.0,2.0,22.0,29.5,18572.0,150.0,4.0,30.218442932728646,0.0,146.0,0.0,826.0,15586.0,702.7964490423599,1347.9055177626606,0.0,0.0
1.0,0.0,2.0,0.0,0.0,18572.0,0.0,1.0,33.30937773882559,0.0,0.0,1.0,0.0,19844.0,3425.2754548356206,2969.692375109553,0.0,0.0
0.0,3.0,3.0,0.0,95.09375,13902.0,3043.0,5.0,28.379682679594534,11.0,1912.0,0.0,3043.0,13036.0,702.7964490423599,1022.0041868664609,0.0,0.0
0.0,0.0,3.0,29.0,242.17142857142858,18572.0,7732.0,1.0,33.30937773882559,98.0,5732.0,1.0,8476.0,19844.0,3425.2754548356206,2969.692375109553,0.0,0.0
1.0,5.0,1.0,0.0,0.0,18572.0,0.0,5.0,28.379682679594534,0.0,0.0,2.0,0.0,13036.0,1054.5402384500744,1022.0041868664609,0.0,0.0
0.0,2.0,2.0,11.0,33.75,18572.0,646.0,6.0,24.07696376619942,0.0,646.0,0.0,810.0,5577.0,702.7964490423599,377.89394340121663,1.0,1.0
0.0,0.0,3.0,840.0,42.578947368421055,18572.0,778.0,4.0,30.218442932728646,772.0,1.0,0.0,1618.0,15586.0,702.7964490423599,1347.9055177626606,0.0,0.0
0.0,0.0,2.0,4.0,35.77272727272727,18572.0,783.0,4.0,30.218442932728646,521.0,261.0,0.0,787.0,15586.0,702.7964490423599,1347.9055177626606,0.0,0.0
1.0,0.0,4.0,0.0,0.0,18572.0,0.0,1.0,33.30937773882559,0.0,0.0,1.0,0.0,19844.0,3425.2754548356206,2969.692375109553,0.0,0.0
0.0,0.0,2.0,0.0,208.44827586206895,22408.0,2992.0,2.0,34.472776769509984,0.0,839.0,1.0,6045.0,22408.0,3425.2754548356206,4009.0916515426497,1.0,1.0
0.0,5.0,5.0,0.0,28.77777777777778,18572.0,67.0,5.0,28.379682679594534,0.0,67.0,0.0,1554.0,13036.0,702.7964490423599,1022.0041868664609,1.0,1.0
0.0,0.0,1.0,1.0,36.05,18572.0,720.0,6.0,24.07696376619942,6.0,714.0,0.0,721.0,5577.0,702.7964490423599,377.89394340121663,1.0,1.0
0.0,5.0,2.0,0.0,55.333333333333336,22408.0,43.0,5.0,28.379682679594534,6.0,24.0,0.0,1162.0,13036.0,702.7964490423599,1022.0041868664609,1.0,1.0
0.0,0.0,1.0,10.0,64.85714285714286,18572.0,893.0,6.0,24.07696376619942,875.0,18.0,0.0,908.0,5577.0,702.7964490423599,377.89394340121663,0.0,0.0
1.0,0.0,2.0,0.0,0.0,18572.0,0.0,6.0,24.07696376619942,0.0,0.0,0.0,0.0,5577.0,702.7964490423599,377.89394340121663,1.0,1.0
0.0,5.0,1.0,0.0,37.68421052631579,18572.0,715.0,5.0,28.379682679594534,1.0,226.0,0.0,716.0,13036.0,702.7964490423599,1022.0041868664609,0.0,0.0
0.0,0.0,2.0,0.0,33.08,18572.0,827.0,5.0,28.379682679594534,711.0,59.0,0.0,827.0,13036.0,702.7964490423599,1022.0041868664609,0.0,0.0
0.0,2.0,2.0,671.0,32.76923076923077,18572.0,0.0,6.0,24.07696376619942,0.0,0.0,0.0,852.0,5577.0,702.7964490423599,377.89394340121663,0.0,0.0
0.0,0.0,1.0,23492.0,1345.388888888889,18572.0,359.0,1.0,33.30937773882559,0.0,356.0,1.0,24217.0,19844.0,3425.2754548356206,2969.692375109553,0.0,0.0
0.0,0.0,2.0,99.0,34.266666666666666,18572.0,658.0,4.0,30.218442932728646,528.0,0.0,2.0,1028.0,15586.0,1054.5402384500744,1347.9055177626606,0.0,0.0
0.0,1.0,2.0,74.0,23.48148148148148,18572.0,210.0,5.0,28.379682679594534,207.0,0.0,0.0,634.0,13036.0,702.7964490423599,1022.0041868664609,1.0,1.0
0.0,0.0,2.0,0.0,32.75,18572.0,773.0,6.0,24.07696376619942,0.0,773.0,0.0,786.0,5577.0,702.7964490423599,377.89394340121663,0.0,0.0
0.0,0.0,5.0,0.0,42.80392156862745,18572.0,373.0,3.0,33.37777777777778,0.0,126.0,1.0,2183.0,13995.0,3425.2754548356206,2327.0472222222224,0.0,0.0
1.0,0.0,1.0,0.0,0.0,18572.0,0.0,1.0,33.30937773882559,0.0,0.0,1.0,0.0,19844.0,3425.2754548356206,2969.692375109553,0.0,0.0
1.0,3.0,0.0,0.0,0.0,18572.0,0.0,6.0,24.07696376619942,0.0,0.0,0.0,0.0,5577.0,702.7964490423599,377.89394340121663,0.0,0.0
0.0,0.0,1.0,0.0,47.23529411764706,18572.0,773.0,5.0,28.379682679594534,0.0,769.0,0.0,803.0,13036.0,702.7964490423599,1022.0041868664609,1.0,1.0
0.0,3.0,2.0,0.0,53.96296296296296,18572.0,1457.0,5.0,28.379682679594534,1170.0,187.0,0.0,1457.0,13036.0,702.7964490423599,1022.0041868664609,0.0,0.0
0.0,2.0,0.0,0.0,0.0,18572.0,0.0,5.0,28.379682679594534,0.0,0.0,2.0,0.0,13036.0,1054.5402384500744,1022.0041868664609,1.0,1.0
1.0,2.0,0.0,0.0,0.0,18572.0,0.0,5.0,28.379682679594534,0.0,0.0,2.0,0.0,13036.0,1054.5402384500744,1022.0041868664609,1.0,1.0
0.0,4.0,0.0,0.0,0.0,18572.0,0.0,6.0,24.07696376619942,0.0,0.0,0.0,0.0,5577.0,702.7964490423599,377.89394340121663,1.0,1.0
0.0,2.0,6.0,0.0,47.40298507462686,18572.0,627.0,5.0,28.379682679594534,610.0,17.0,0.0,3176.0,13036.0,702.7964490423599,1022.0041868664609,1.0,1.0
0.0,4.0,3.0,497.0,26.06451612903226,18572.0,131.0,6.0,24.07696376619942,32.0,0.0,0.0,808.0,5577.0,702.7964490423599,377.89394340121663,1.0,1.0
0.0,2.0,2.0,111.0,59.23809523809524,18572.0,1133.0,5.0,28.379682679594534,0.0,39.0,0.0,1244.0,13036.0,702.7964490423599,1022.0041868664609,1.0,1.0
1.0,0.0,3.0,0.0,0.0,18572.0,0.0,6.0,24.07696376619942,0.0,0.0,0.0,0.0,5577.0,702.7964490423599,377.89394340121663,1.0,1.0
0.0,5.0,2.0,10.0,31.142857142857142,18572.0,862.0,5.0,28.379682679594534,3.0,4.0,0.0,872.0,13036.0,702.7964490423599,1022.0041868664609,0.0,0.0
0.0,4.0,4.0,17.0,39.58695652173913,18572.0,1804.0,5.0,28.379682679594534,1781.0,0.0,2.0,1821.0,13036.0,1054.5402384500744,1022.0041868664609,1.0,1.0
0.0,1.0,1.0,0.0,47.94444444444444,22408.0,863.0,5.0,28.379682679594534,0.0,863.0,0.0,863.0,13036.0,702.7964490423599,1022.0041868664609,1.0,1.0
1.0,1.0,5.0,0.0,0.0,22408.0,0.0,1.0,33.30937773882559,0.0,0.0,1.0,0.0,19844.0,3425.2754548356206,2969.692375109553,1.0,1.0
0.0,0.0,2.0,0.0,30.344827586206897,18572.0,17.0,5.0,28.379682679594534,0.0,17.0,0.0,880.0,13036.0,702.7964490423599,1022.0041868664609,1.0,1.0
0.0,0.0,2.0,513.0,45.04761904761905,18572.0,425.0,5.0,28.379682679594534,71.0,354.0,0.0,946.0,13036.0,702.7964490423599,1022.0041868664609,0.0,0.0
0.0,0.0,6.0,3.0,77.30645161290323,18572.0,4422.0,4.0,30.218442932728646,0.0,4422.0,0.0,4793.0,15586.0,702.7964490423599,1347.9055177626606,1.0,1.0
0.0,0.0,0.0,0.0,0.0,22408.0,0.0,5.0,28.379682679594534,0.0,0.0,2.0,0.0,13036.0,1054.5402384500744,1022.0041868664609,1.0,1.0
0.0,1.0,3.0,2.0,79.48484848484848,18572.0,2621.0,5.0,28.379682679594534,2616.0,5.0,2.0,2623.0,13036.0,1054.5402384500744,1022.0041868664609,1.0,1.0
0.0,3.0,5.0,0.0,15.816666666666666,18572.0,285.0,6.0,24.07696376619942,0.0,144.0,0.0,949.0,5577.0,702.7964490423599,377.89394340121663,0.0,0.0
0.0,0.0,2.0,0.0,245.14285714285714,18572.0,851.0,1.0,33.30937773882559,0.0,820.0,1.0,6864.0,19844.0,3425.2754548356206,2969.692375109553,1.0,1.0
1.0,2.0,2.0,0.0,0.0,18572.0,0.0,6.0,24.07696376619942,0.0,0.0,0.0,0.0,5577.0,702.7964490423599,377.89394340121663,0.0,0.0
0.0,5.0,1.0,0.0,38.9,18572.0,778.0,5.0,28.379682679594534,511.0,267.0,0.0,778.0,13036.0,702.7964490423599,1022.0041868664609,1.0,1.0
0.0,1.0,3.0,0.0,22.03125,18572.0,196.0,4.0,30.218442932728646,19.0,0.0,0.0,705.0,15586.0,702.7964490423599,1347.9055177626606,1.0,1.0
0.0,-1.0,5.0,0.0,316.4339622641509,22408.0,10697.0,5.0,28.379682679594534,13.0,10385.0,1.0,16771.0,13036.0,3425.2754548356206,1022.0041868664609,1.0,1.0
0.0,0.0,3.0,610.0,39.36363636363637,18572.0,689.0,4.0,30.218442932728646,689.0,0.0,2.0,1299.0,15586.0,1054.5402384500744,1347.9055177626606,1.0,1.0
0.0,4.0,5.0,0.0,11.793103448275861,13902.0,683.0,5.0,28.379682679594534,0.0,664.0,0.0,684.0,13036.0,702.7964490423599,1022.0041868664609,1.0,1.0
0.0,-1.0,3.0,0.0,84.02702702702703,18572.0,98.0,5.0,28.379682679594534,0.0,0.0,0.0,3109.0,13036.0,702.7964490423599,1022.0041868664609,1.0,1.0
1.0,0.0,2.0,0.0,0.0,22408.0,0.0,3.0,33.37777777777778,0.0,0.0,1.0,0.0,13995.0,3425.2754548356206,2327.0472222222224,0.0,0.0
1.0,0.0,2.0,0.0,0.0,22408.0,0.0,1.0,33.30937773882559,0.0,0.0,1.0,0.0,19844.0,3425.2754548356206,2969.692375109553,1.0,1.0
0.0,2.0,2.0,0.0,69.0,18572.0,0.0,6.0,24.07696376619942,0.0,0.0,0.0,1725.0,5577.0,702.7964490423599,377.89394340121663,0.0,0.0
1.0,4.0,3.0,0.0,0.0,18572.0,0.0,6.0,24.07696376619942,0.0,0.0,0.0,0.0,5577.0,702.7964490423599,377.89394340121663,0.0,0.0
0.0,1.0,2.0,1128.0,51.0,18572.0,45.0,4.0,30.218442932728646,0.0,0.0,2.0,1173.0,15586.0,1054.5402384500744,1347.9055177626606,1.0,1.0
1.0,0.0,3.0,0.0,0.0,22408.0,0.0,1.0,33.30937773882559,0.0,0.0,1.0,0.0,19844.0,3425.2754548356206,2969.692375109553,1.0,1.0
1.0,3.0,3.0,0.0,0.0,22408.0,0.0,6.0,24.07696376619942,0.0,0.0,0.0,0.0,5577.0,702.7964490423599,377.89394340121663,0.0,0.0
0.0,0.0,3.0,0.0,30.114285714285714,18572.0,1054.0,3.0,33.37777777777778,470.0,45.0,2.0,1054.0,13995.0,1054.5402384500744,2327.0472222222224,1.0,1.0
0.0,0.0,2.0,4.0,40.375,18572.0,965.0,6.0,24.07696376619942,0.0,0.0,0.0,969.0,5577.0,702.7964490423599,377.89394340121663,0.0,0.0
0.0,4.0,3.0,175.0,19.97142857142857,22408.0,82.0,5.0,28.379682679594534,0.0,79.0,0.0,699.0,13036.0,702.7964490423599,1022.0041868664609,0.0,0.0
0.0,1.0,4.0,340.0,18.78723404255319,18572.0,543.0,6.0,24.07696376619942,430.0,52.0,0.0,883.0,5577.0,702.7964490423599,377.89394340121663,0.0,0.0
1.0,0.0,1.0,0.0,0.0,22408.0,0.0,6.0,24.07696376619942,0.0,0.0,0.0,0.0,5577.0,702.7964490423599,377.89394340121663,1.0,1.0
1.0,5.0,3.0,0.0,0.0,18572.0,0.0,5.0,28.379682679594534,0.0,0.0,2.0,0.0,13036.0,1054.5402384500744,1022.0041868664609,0.0,0.0
1.0,0.0,2.0,0.0,0.0,18572.0,0.0,1.0,33.30937773882559,0.0,0.0,1.0,0.0,19844.0,3425.2754548356206,2969.692375109553,0.0,0.0
1.0,-1.0,2.0,0.0,0.0,18572.0,0.0,5.0,28.379682679594534,0.0,0.0,2.0,0.0,13036.0,1054.5402384500744,1022.0041868664609,1.0,1.0
0.0,-1.0,6.0,0.0,72.75,18572.0,4717.0,5.0,28.379682679594534,0.0,4476.0,1.0,4947.0,13036.0,3425.2754548356206,1022.0041868664609,1.0,1.0
1.0,4.0,2.0,0.0,0.0,22408.0,0.0,6.0,24.07696376619942,0.0,0.0,0.0,0.0,5577.0,702.7964490423599,377.89394340121663,0.0,0.0
0.0,5.0,3.0,0.0,22.333333333333332,18572.0,804.0,5.0,28.379682679594534,1.0,0.0,0.0,804.0,13036.0,702.7964490423599,1022.0041868664609,1.0,1.0
0.0,1.0,1.0,0.0,141.07142857142858,18572.0,1975.0,5.0,28.379682679594534,12.0,0.0,0.0,1975.0,13036.0,702.7964490423599,1022.0041868664609,0.0,0.0
1.0,-1.0,1.0,0.0,0.0,18572.0,0.0,5.0,28.379682679594534,0.0,0.0,0.0,0.0,13036.0,702.7964490423599,1022.0041868664609,1.0,1.0
1.0,2.0,2.0,0.0,0.0,18572.0,0.0,5.0,28.379682679594534,0.0,0.0,2.0,0.0,13036.0,1054.5402384500744,1022.0041868664609,0.0,0.0
1.0,2.0,1.0,0.0,0.0,18572.0,0.0,6.0,24.07696376619942,0.0,0.0,0.0,0.0,5577.0,702.7964490423599,377.89394340121663,1.0,1.0
1.0,4.0,1.0,0.0,0.0,22408.0,0.0,6.0,24.07696376619942,0.0,0.0,0.0,0.0,5577.0,702.7964490423599,377.89394340121663,1.0,1.0
1.0,2.0,1.0,0.0,0.0,13902.0,0.0,6.0,24.07696376619942,0.0,0.0,0.0,0.0,5577.0,702.7964490423599,377.89394340121663,1.0,1.0
0.0,4.0,3.0,0.0,21.775,18572.0,130.0,5.0,28.379682679594534,130.0,0.0,0.0,871.0,13036.0,702.7964490423599,1022.0041868664609,1.0,1.0
1.0,3.0,1.0,0.0,0.0,18572.0,0.0,6.0,24.07696376619942,0.0,0.0,0.0,0.0,5577.0,702.7964490423599,377.89394340121663,0.0,0.0
0.0,0.0,4.0,0.0,95.38636363636364,18572.0,351.0,3.0,33.37777777777778,2.0,3.0,1.0,4197.0,13995.0,3425.2754548356206,2327.0472222222224,1.0,1.0
1.0,4.0,1.0,0.0,0.0,18572.0,0.0,6.0,24.07696376619942,0.0,0.0,0.0,0.0,5577.0,702.7964490423599,377.89394340121663,0.0,0.0
1.0,0.0,0.0,0.0,0.0,13902.0,0.0,6.0,24.07696376619942,0.0,0.0,0.0,0.0,5577.0,702.7964490423599,377.89394340121663,1.0,1.0
0.0,0.0,2.0,0.0,85.74074074074075,18572.0,766.0,3.0,33.37777777777778,0.0,0.0,1.0,2315.0,13995.0,3425.2754548356206,2327.0472222222224,1.0,1.0
0.0,0.0,3.0,0.0,283.5806451612903,18572.0,5206.0,2.0,34.472776769509984,437.0,4488.0,1.0,8791.0,22408.0,3425.2754548356206,4009.0916515426497,1.0,1.0
1.0,1.0,1.0,0.0,0.0,18572.0,0.0,6.0,24.07696376619942,0.0,0.0,0.0,0.0,5577.0,702.7964490423599,377.89394340121663,1.0,1.0
0.0,0.0,2.0,0.0,107.41666666666667,18572.0,2578.0,3.0,33.37777777777778,690.0,292.0,2.0,2578.0,13995.0,1054.5402384500744,2327.0472222222224,0.0,0.0
0.0,3.0,2.0,0.0,31.37037037037037,13902.0,847.0,6.0,24.07696376619942,807.0,0.0,0.0,847.0,5577.0,702.7964490423599,377.89394340121663,1.0,1.0
0.0,4.0,3.0,1015.0,198.25,18572.0,1733.0,5.0,28.379682679594534,1719.0,0.0,2.0,7137.0,13036.0,1054.5402384500744,1022.0041868664609,0.0,0.0
0.0,5.0,2.0,2267.0,124.25,22408.0,715.0,5.0,28.379682679594534,218.0,497.0,2.0,2982.0,13036.0,1054.5402384500744,1022.0041868664609,1.0,1.0
0.0,1.0,4.0,61.0,22.302325581395348,18572.0,897.0,5.0,28.379682679594534,0.0,897.0,0.0,959.0,13036.0,702.7964490423599,1022.0041868664609,1.0,1.0
1.0,4.0,3.0,0.0,0.0,13902.0,0.0,6.0,24.07696376619942,0.0,0.0,0.0,0.0,5577.0,702.7964490423599,377.89394340121663,0.0,0.0
1.0,4.0,2.0,0.0,0.0,13902.0,0.0,6.0,24.07696376619942,0.0,0.0,0.0,0.0,5577.0,702.7964490423599,377.89394340121663,0.0,0.0
0.0,4.0,3.0,0.0,91.0,18572.0,3094.0,5.0,28.379682679594534,47.0,0.0,0.0,3094.0,13036.0,702.7964490423599,1022.0041868664609,0.0,0.0
1.0,3.0,5.0,0.0,0.0,18572.0,0.0,6.0,24.07696376619942,0.0,0.0,0.0,0.0,5577.0,702.7964490423599,377.89394340121663,1.0,1.0
0.0,1.0,5.0,922.0,23.660714285714285,18572.0,403.0,5.0,28.379682679594534,403.0,0.0,2.0,1325.0,13036.0,1054.5402384500744,1022.0041868664609,0.0,0.0
0.0,1.0,6.0,17.0,14.758064516129032,18572.0,898.0,6.0,24.07696376619942,2.0,868.0,0.0,915.0,5577.0,702.7964490423599,377.89394340121663,1.0,1.0
0.0,0.0,1.0,0.0,189.75,22408.0,3466.0,2.0,34.472776769509984,0.0,3154.0,1.0,3795.0,22408.0,3425.2754548356206,4009.0916515426497,0.0,0.0
0.0,1.0,0.0,0.0,0.0,13902.0,0.0,6.0,24.07696376619942,0.0,0.0,0.0,0.0,5577.0,702.7964490423599,377.89394340121663,0.0,0.0
0.0,3.0,0.0,0.0,0.0,18572.0,0.0,6.0,24.07696376619942,0.0,0.0,0.0,0.0,5577.0,702.7964490423599,377.89394340121663,1.0,1.0
0.0,1.0,4.0,0.0,47.770833333333336,18572.0,1979.0,4.0,30.218442932728646,0.0,889.0,1.0,2293.0,15586.0,3425.2754548356206,1347.9055177626606,0.0,0.0
1.0,0.0,3.0,0.0,0.0,18572.0,0.0,4.0,30.218442932728646,0.0,0.0,0.0,0.0,15586.0,702.7964490423599,1347.9055177626606,0.0,0.0
0.0,2.0,4.0,0.0,21.488372093023255,22408.0,642.0,6.0,24.07696376619942,642.0,0.0,0.0,924.0,5577.0,702.7964490423599,377.89394340121663,0.0,0.0
0.0,1.0,2.0,0.0,40.18181818181818,18572.0,884.0,6.0,24.07696376619942,3.0,881.0,0.0,884.0,5577.0,702.7964490423599,377.89394340121663,1.0,1.0
1.0,0.0,3.0,0.0,0.0,18572.0,0.0,2.0,34.472776769509984,0.0,0.0,1.0,0.0,22408.0,3425.2754548356206,4009.0916515426497,1.0,1.0
1.0,3.0,3.0,0.0,0.0,18572.0,0.0,5.0,28.379682679594534,0.0,0.0,2.0,0.0,13036.0,1054.5402384500744,1022.0041868664609,0.0,0.0
0.0,4.0,1.0,267.0,54.8125,18572.0,0.0,5.0,28.379682679594534,0.0,0.0,0.0,877.0,13036.0,702.7964490423599,1022.0041868664609,0.0,0.0
1.0,0.0,2.0,0.0,0.0,18572.0,0.0,2.0,34.472776769509984,0.0,0.0,1.0,0.0,22408.0,3425.2754548356206,4009.0916515426497,0.0,0.0
0.0,4.0,2.0,1119.0,107.54545454545455,18572.0,1247.0,5.0,28.379682679594534,1244.0,0.0,2.0,2366.0,13036.0,1054.5402384500744,1022.0041868664609,0.0,0.0
0.0,0.0,3.0,1.0,47.36842105263158,18572.0,1799.0,3.0,33.37777777777778,1280.0,111.0,2.0,1800.0,13995.0,1054.5402384500744,2327.0472222222224,0.0,0.0
0.0,0.0,5.0,0.0,185.1578947368421,18572.0,10544.0,0.0,35.240112994350284,0.0,9319.0,1.0,10554.0,11001.0,3425.2754548356206,3367.04802259887,0.0,0.0
1.0,5.0,1.0,0.0,0.0,18572.0,0.0,5.0,28.379682679594534,0.0,0.0,2.0,0.0,13036.0,1054.5402384500744,1022.0041868664609,0.0,0.0
0.0,0.0,4.0,21.0,75.54761904761905,18572.0,2754.0,3.0,33.37777777777778,2754.0,0.0,2.0,3173.0,13995.0,1054.5402384500744,2327.0472222222224,0.0,0.0
0.0,0.0,2.0,0.0,12.583333333333334,18572.0,39.0,4.0,30.218442932728646,39.0,0.0,0.0,302.0,15586.0,702.7964490423599,1347.9055177626606,1.0,1.0
1.0,0.0,2.0,0.0,0.0,18572.0,0.0,6.0,24.07696376619942,0.0,0.0,0.0,0.0,5577.0,702.7964490423599,377.89394340121663,0.0,0.0
1.0,0.0,1.0,0.0,0.0,13902.0,0.0,6.0,24.07696376619942,0.0,0.0,0.0,0.0,5577.0,702.7964490423599,377.89394340121663,1.0,1.0
0.0,0.0,5.0,82.0,21.107142857142858,18572.0,1100.0,3.0,33.37777777777778,938.0,0.0,2.0,1182.0,13995.0,1054.5402384500744,2327.0472222222224,1.0,1.0
0.0,0.0,2.0,137.0,34.666666666666664,18572.0,902.0,5.0,28.379682679594534,902.0,0.0,2.0,1040.0,13036.0,1054.5402384500744,1022.0041868664609,0.0,0.0
0.0,1.0,1.0,14.0,101.0,22408.0,1501.0,5.0,28.379682679594534,0.0,692.0,0.0,1515.0,13036.0,702.7964490423599,1022.0041868664609,0.0,0.0
0.0,0.0,4.0,341.0,51.82608695652174,18572.0,1093.0,3.0,33.37777777777778,1093.0,0.0,2.0,2384.0,13995.0,1054.5402384500744,2327.0472222222224,0.0,0.0
1.0,1.0,2.0,0.0,0.0,18572.0,0.0,6.0,24.07696376619942,0.0,0.0,0.0,0.0,5577.0,702.7964490423599,377.89394340121663,1.0,1.0
0.0,0.0,2.0,1000.0,37.714285714285715,18572.0,56.0,3.0,33.37777777777778,20.0,36.0,2.0,1056.0,13995.0,1054.5402384500744,2327.0472222222224,1.0,1.0
0.0,0.0,3.0,0.0,252.74358974358975,18572.0,3883.0,1.0,33.30937773882559,4.0,3682.0,1.0,9857.0,19844.0,3425.2754548356206,2969.692375109553,1.0,1.0
0.0,3.0,3.0,0.0,167.42424242424244,18572.0,4611.0,6.0,24.07696376619942,4518.0,93.0,0.0,5525.0,5577.0,702.7964490423599,377.89394340121663,1.0,1.0
1.0,2.0,3.0,0.0,0.0,18572.0,0.0,5.0,28.379682679594534,0.0,0.0,2.0,0.0,13036.0,1054.5402384500744,1022.0041868664609,1.0,1.0
0.0,3.0,5.0,867.0,24.0,22408.0,453.0,5.0,28.379682679594534,433.0,19.0,2.0,1320.0,13036.0,1054.5402384500744,1022.0041868664609,0.0,0.0
0.0,0.0,4.0,0.0,62.42,18572.0,1364.0,1.0,33.30937773882559,0.0,797.0,1.0,3121.0,19844.0,3425.2754548356206,2969.692375109553,1.0,1.0
1.0,1.0,4.0,0.0,0.0,13902.0,0.0,6.0,24.07696376619942,0.0,0.0,0.0,0.0,5577.0,702.7964490423599,377.89394340121663,0.0,0.0
0.0,3.0,0.0,0.0,0.0,22408.0,0.0,5.0,28.379682679594534,0.0,0.0,2.0,0.0,13036.0,1054.5402384500744,1022.0041868664609,0.0,0.0
0.0,5.0,1.0,662.0,36.421052631578945,18572.0,30.0,5.0,28.379682679594534,0.0,30.0,0.0,692.0,13036.0,702.7964490423599,1022.0041868664609,1.0,1.0
0.0,0.0,1.0,291.0,39.35,18572.0,483.0,4.0,30.218442932728646,0.0,481.0,0.0,787.0,15586.0,702.7964490423599,1347.9055177626606,0.0,0.0
0.0,1.0,3.0,0.0,143.43589743589743,22408.0,5393.0,4.0,30.218442932728646,0.0,1308.0,1.0,5594.0,15586.0,3425.2754548356206,1347.9055177626606,0.0,0.0
0.0,3.0,0.0,0.0,0.0,18572.0,0.0,6.0,24.07696376619942,0.0,0.0,0.0,0.0,5577.0,702.7964490423599,377.89394340121663,0.0,0.0
0.0,0.0,3.0,0.0,0.0,18572.0,0.0,1.0,33.30937773882559,0.0,0.0,1.0,0.0,19844.0,3425.2754548356206,2969.692375109553,0.0,0.0
0.0,1.0,2.0,644.0,28.6,18572.0,214.0,4.0,30.218442932728646,37.0,0.0,0.0,858.0,15586.0,702.7964490423599,1347.9055177626606,1.0,1.0
1.0,0.0,0.0,0.0,0.0,18572.0,0.0,5.0,28.379682679594534,0.0,0.0,2.0,0.0,13036.0,1054.5402384500744,1022.0041868664609,1.0,1.0
0.0,4.0,0.0,0.0,0.0,22408.0,0.0,6.0,24.07696376619942,0.0,0.0,0.0,0.0,5577.0,702.7964490423599,377.89394340121663,0.0,0.0
0.0,0.0,4.0,0.0,67.18181818181819,22408.0,2470.0,1.0,33.30937773882559,0.0,0.0,1.0,2956.0,19844.0,3425.2754548356206,2969.692375109553,1.0,1.0
1.0,0.0,2.0,0.0,0.0,22408.0,0.0,2.0,34.472776769509984,0.0,0.0,1.0,0.0,22408.0,3425.2754548356206,4009.0916515426497,0.0,0.0
0.0,1.0,3.0,13.0,16.0,22408.0,547.0,5.0,28.379682679594534,492.0,55.0,0.0,560.0,13036.0,702.7964490423599,1022.0041868664609,1.0,1.0
1.0,3.0,0.0,0.0,0.0,22408.0,0.0,5.0,28.379682679594534,0.0,0.0,2.0,0.0,13036.0,1054.5402384500744,1022.0041868664609,0.0,0.0
1.0,3.0,1.0,0.0,0.0,13902.0,0.0,6.0,24.07696376619942,0.0,0.0,0.0,0.0,5577.0,702.7964490423599,377.89394340121663,0.0,0.0
0.0,4.0,5.0,620.0,10.508474576271187,22408.0,0.0,6.0,24.07696376619942,0.0,0.0,0.0,620.0,5577.0,702.7964490423599,377.89394340121663,1.0,1.0
0.0,4.0,3.0,2401.0,64.95,18572.0,197.0,5.0,28.379682679594534,197.0,0.0,2.0,2598.0,13036.0,1054.5402384500744,1022.0041868664609,1.0,1.0
0.0,0.0,1.0,0.0,63.13333333333333,18572.0,863.0,5.0,28.379682679594534,756.0,8.0,0.0,947.0,13036.0,702.7964490423599,1022.0041868664609,1.0,1.0
1.0,0.0,3.0,0.0,0.0,18572.0,0.0,4.0,30.218442932728646,0.0,0.0,1.0,0.0,15586.0,3425.2754548356206,1347.9055177626606,0.0,0.0
0.0,3.0,5.0,0.0,14.588235294117647,18572.0,559.0,6.0,24.07696376619942,0.0,1.0,0.0,744.0,5577.0,702.7964490423599,377.89394340121663,0.0,0.0
1.0,2.0,3.0,0.0,0.0,18572.0,0.0,5.0,28.379682679594534,0.0,0.0,2.0,0.0,13036.0,1054.5402384500744,1022.0041868664609,0.0,0.0
0.0,1.0,2.0,465.0,86.54166666666667,18572.0,1610.0,4.0,30.218442932728646,1610.0,0.0,2.0,2077.0,15586.0,1054.5402384500744,1347.9055177626606,0.0,0.0
0.0,0.0,2.0,19.0,26.125,22408.0,230.0,5.0,28.379682679594534,217.0,1.0,0.0,627.0,13036.0,702.7964490423599,1022.0041868664609,0.0,0.0
0.0,3.0,2.0,713.0,58.59090909090909,18572.0,576.0,5.0,28.379682679594534,74.0,0.0,2.0,1289.0,13036.0,1054.5402384500744,1022.0041868664609,1.0,1.0
1.0,5.0,0.0,0.0,0.0,18572.0,0.0,5.0,28.379682679594534,0.0,0.0,2.0,0.0,13036.0,1054.5402384500744,1022.0041868664609,1.0,1.0
1.0,0.0,1.0,0.0,0.0,18572.0,0.0,5.0,28.379682679594534,0.0,0.0,2.0,0.0,13036.0,1054.5402384500744,1022.0041868664609,1.0,1.0
0.0,0.0,2.0,0.0,69.95652173913044,18572.0,1609.0,4.0,30.218442932728646,0.0,0.0,0.0,1609.0,15586.0,702.7964490423599,1347.9055177626606,0.0,0.0
1.0,3.0,3.0,0.0,0.0,13902.0,0.0,6.0,24.07696376619942,0.0,0.0,0.0,0.0,5577.0,702.7964490423599,377.89394340121663,1.0,1.0
0.0,4.0,2.0,520.0,26.384615384615383,13902.0,166.0,5.0,28.379682679594534,166.0,0.0,0.0,686.0,13036.0,702.7964490423599,1022.0041868664609,1.0,1.0
0.0,5.0,2.0,54.0,31.954545454545453,18572.0,503.0,5.0,28.379682679594534,163.0,245.0,0.0,703.0,13036.0,702.7964490423599,1022.0041868664609,0.0,0.0
0.0,1.0,1.0,508.0,42.25,22408.0,1.0,6.0,24.07696376619942,0.0,1.0,0.0,845.0,5577.0,702.7964490423599,377.89394340121663,1.0,1.0
0.0,5.0,1.0,1967.0,143.77777777777777,18572.0,105.0,5.0,28.379682679594534,99.0,0.0,0.0,2588.0,13036.0,702.7964490423599,1022.0041868664609,1.0,1.0
0.0,1.0,2.0,9.0,26.4,18572.0,767.0,4.0,30.218442932728646,767.0,0.0,0.0,792.0,15586.0,702.7964490423599,1347.9055177626606,0.0,0.0
0.0,0.0,3.0,2280.0,97.3529411764706,22408.0,29.0,2.0,34.472776769509984,0.0,0.0,1.0,3310.0,22408.0,3425.2754548356206,4009.0916515426497,0.0,0.0
0.0,1.0,5.0,10.0,15.745098039215685,18572.0,772.0,5.0,28.379682679594534,742.0,26.0,0.0,803.0,13036.0,702.7964490423599,1022.0041868664609,1.0,1.0
1.0,1.0,1.0,0.0,0.0,13902.0,0.0,6.0,24.07696376619942,0.0,0.0,0.0,0.0,5577.0,702.7964490423599,377.89394340121663,0.0,0.0
0.0,0.0,4.0,0.0,131.0222222222222,22408.0,5308.0,1.0,33.30937773882559,36.0,1675.0,1.0,5896.0,19844.0,3425.2754548356206,2969.692375109553,1.0,1.0
0.0,3.0,1.0,536.0,45.45,18572.0,294.0,6.0,24.07696376619942,294.0,0.0,0.0,909.0,5577.0,702.7964490423599,377.89394340121663,0.0,0.0
0.0,0.0,4.0,0.0,24.6046511627907,18572.0,1058.0,3.0,33.37777777777778,1058.0,0.0,2.0,1058.0,13995.0,1054.5402384500744,2327.0472222222224,0.0,0.0
1.0,1.0,4.0,0.0,0.0,18572.0,0.0,1.0,33.30937773882559,0.0,0.0,1.0,0.0,19844.0,3425.2754548356206,2969.692375109553,1.0,1.0
0.0,1.0,2.0,0.0,47.541666666666664,22408.0,1141.0,5.0,28.379682679594534,253.0,888.0,2.0,1141.0,13036.0,1054.5402384500744,1022.0041868664609,0.0,0.0
0.0,0.0,2.0,4.0,30.428571428571427,18572.0,848.0,4.0,30.218442932728646,847.0,0.0,2.0,852.0,15586.0,1054.5402384500744,1347.9055177626606,0.0,0.0
0.0,1.0,3.0,2559.0,68.39473684210526,18572.0,40.0,5.0,28.379682679594534,20.0,20.0,2.0,2599.0,13036.0,1054.5402384500744,1022.0041868664609,0.0,0.0
0.0,0.0,3.0,150.0,85.75675675675676,18572.0,3002.0,3.0,33.37777777777778,3002.0,0.0,2.0,3173.0,13995.0,1054.5402384500744,2327.0472222222224,1.0,1.0
0.0,2.0,1.0,142.0,103.14285714285714,18572.0,1302.0,5.0,28.379682679594534,1007.0,295.0,2.0,1444.0,13036.0,1054.5402384500744,1022.0041868664609,0.0,0.0
0.0,5.0,3.0,0.0,16.125,18572.0,645.0,5.0,28.379682679594534,472.0,173.0,0.0,645.0,13036.0,702.7964490423599,1022.0041868664609,0.0,0.0
0.0,2.0,2.0,0.0,55.26086956521739,18572.0,1267.0,5.0,28.379682679594534,0.0,0.0,0.0,1271.0,13036.0,702.7964490423599,1022.0041868664609,0.0,0.0
0.0,0.0,1.0,9.0,165.95,18572.0,3310.0,3.0,33.37777777777778,3097.0,0.0,2.0,3319.0,13995.0,1054.5402384500744,2327.0472222222224,1.0,1.0
0.0,2.0,4.0,128.0,23.851063829787233,18572.0,993.0,5.0,28.379682679594534,949.0,3.0,2.0,1121.0,13036.0,1054.5402384500744,1022.0041868664609,0.0,0.0
1.0,4.0,1.0,0.0,0.0,18572.0,0.0,5.0,28.379682679594534,0.0,0.0,2.0,0.0,13036.0,1054.5402384500744,1022.0041868664609,1.0,1.0
0.0,0.0,3.0,0.0,443.13513513513516,18572.0,16394.0,1.0,33.30937773882559,43.0,14.0,1.0,16396.0,19844.0,3425.2754548356206,2969.692375109553,0.0,0.0
0.0,0.0,1.0,5.0,46.1,18572.0,917.0,5.0,28.379682679594534,190.0,1.0,0.0,922.0,13036.0,702.7964490423599,1022.0041868664609,0.0,0.0
0.0,4.0,1.0,0.0,0.0,18572.0,0.0,6.0,24.07696376619942,0.0,0.0,0.0,0.0,5577.0,702.7964490423599,377.89394340121663,1.0,1.0
0.0,0.0,2.0,0.0,113.0,22408.0,2083.0,0.0,35.240112994350284,0.0,1866.0,1.0,2373.0,11001.0,3425.2754548356206,3367.04802259887,1.0,1.0
0.0,0.0,1.0,683.0,73.6,18572.0,420.0,5.0,28.379682679594534,1.0,419.0,0.0,1104.0,13036.0,702.7964490423599,1022.0041868664609,1.0,1.0
0.0,0.0,4.0,4333.0,143.26190476190476,22408.0,1364.0,1.0,33.30937773882559,0.0,1313.0,1.0,6017.0,19844.0,3425.2754548356206,2969.692375109553,0.0,0.0
1.0,0.0,2.0,0.0,0.0,18572.0,0.0,2.0,34.472776769509984,0.0,0.0,1.0,0.0,22408.0,3425.2754548356206,4009.0916515426497,1.0,1.0
